year,geo,sex,age,value,geo_label,sex_label,age_label
2003,FR,F,Y15-24,22.7,France,Females,From 15 to 24 years
2003,FR,M,Y15-24,17.9,France,Males,From 15 to 24 years
2003,FR,T,Y15-24,20.1,France,Total,From 15 to 24 years
2003,FR,F,Y15-29,14.8,France,Females,From 15 to 29 years
2003,FR,M,Y15-29,14.2,France,Males,From 15 to 29 years
2003,FR,T,Y15-29,14.5,France,Total,From 15 to 29 years
2003,FR,F,Y15-74,9.3,France,Females,From 15 to 74 years
2003,FR,M,Y15-74,7.8,France,Males,From 15 to 74 years
2003,FR,T,Y15-74,8.5,France,Total,From 15 to 74 years
2003,FR,F,Y20-64,8.9,France,Females,From 20 to 64 years
2003,FR,M,Y20-64,7.4,France,Males,From 20 to 64 years
2003,FR,T,Y20-64,8.1,France,Total,From 20 to 64 years
2003,FR,F,Y25-54,8.2,France,Females,From 25 to 54 years
2003,FR,M,Y25-54,6.8,France,Males,From 25 to 54 years
2003,FR,T,Y25-54,7.5,France,Total,From 25 to 54 years
2003,FR,F,Y25-74,7.8,France,Females,From 25 to 74 years
2003,FR,M,Y25-74,6.6,France,Males,From 25 to 74 years
2003,FR,T,Y25-74,7.1,France,Total,From 25 to 74 years
2003,FR,F,Y55-74,4.4,France,Females,From 55 to 74 years
2003,FR,M,Y55-74,4.4,France,Males,From 55 to 74 years
2003,FR,T,Y55-74,4.4,France,Total,From 55 to 74 years
2004,FR,F,Y15-24,24.7,France,Females,From 15 to 24 years
2004,FR,M,Y15-24,19.3,France,Males,From 15 to 24 years
2004,FR,T,Y15-24,21.7,France,Total,From 15 to 24 years
2004,FR,F,Y15-29,16.0,France,Females,From 15 to 29 years
2004,FR,M,Y15-29,15.4,France,Males,From 15 to 29 years
2004,FR,T,Y15-29,15.7,France,Total,From 15 to 29 years
2004,FR,F,Y15-74,9.7,France,Females,From 15 to 74 years
2004,FR,M,Y15-74,8.2,France,Males,From 15 to 74 years
2004,FR,T,Y15-74,8.9,France,Total,From 15 to 74 years
2004,FR,F,Y20-64,9.1,France,Females,From 20 to 64 years
2004,FR,M,Y20-64,7.7,France,Males,From 20 to 64 years
2004,FR,T,Y20-64,8.4,France,Total,From 20 to 64 years
2004,FR,F,Y25-54,8.3,France,Females,From 25 to 54 years
2004,FR,M,Y25-54,7.0,France,Males,From 25 to 54 years
2004,FR,T,Y25-54,7.7,France,Total,From 25 to 54 years
2004,FR,F,Y25-74,8.0,France,Females,From 25 to 74 years
2004,FR,M,Y25-74,6.8,France,Males,From 25 to 74 years
2004,FR,T,Y25-74,7.3,France,Total,From 25 to 74 years
2004,FR,F,Y55-74,5.1,France,Females,From 55 to 74 years
2004,FR,M,Y55-74,4.7,France,Males,From 55 to 74 years
2004,FR,T,Y55-74,4.9,France,Total,From 55 to 74 years
2005,FR,F,Y15-24,25.7,France,Females,From 15 to 24 years
2005,FR,M,Y15-24,19.5,France,Males,From 15 to 24 years
2005,FR,T,Y15-24,22.3,France,Total,From 15 to 24 years
2005,FR,F,Y15-29,16.1,France,Females,From 15 to 29 years
2005,FR,M,Y15-29,15.6,France,Males,From 15 to 29 years
2005,FR,T,Y15-29,15.8,France,Total,From 15 to 29 years
2005,FR,F,Y15-74,9.6,France,Females,From 15 to 74 years
2005,FR,M,Y15-74,8.2,France,Males,From 15 to 74 years
2005,FR,T,Y15-74,8.9,France,Total,From 15 to 74 years
2005,FR,F,Y20-64,9.1,France,Females,From 20 to 64 years
2005,FR,M,Y20-64,7.8,France,Males,From 20 to 64 years
2005,FR,T,Y20-64,8.4,France,Total,From 20 to 64 years
2005,FR,F,Y25-54,8.3,France,Females,From 25 to 54 years
2005,FR,M,Y25-54,7.1,France,Males,From 25 to 54 years
2005,FR,T,Y25-54,7.7,France,Total,From 25 to 54 years
2005,FR,F,Y25-74,7.8,France,Females,From 25 to 74 years
2005,FR,M,Y25-74,6.8,France,Males,From 25 to 74 years
2005,FR,T,Y25-74,7.3,France,Total,From 25 to 74 years
2005,FR,F,Y55-74,4.3,France,Females,From 55 to 74 years
2005,FR,M,Y55-74,4.7,France,Males,From 55 to 74 years
2005,FR,T,Y55-74,4.5,France,Total,From 55 to 74 years
2005,SE,F,Y15-24,22.0,Sweden,Females,From 15 to 24 years
2005,SE,M,Y15-24,22.3,Sweden,Males,From 15 to 24 years
2005,SE,T,Y15-24,22.2,Sweden,Total,From 15 to 24 years
2005,SE,F,Y15-74,7.9,Sweden,Females,From 15 to 74 years
2005,SE,M,Y15-74,7.9,Sweden,Males,From 15 to 74 years
2005,SE,T,Y15-74,7.9,Sweden,Total,From 15 to 74 years
2005,SE,F,Y20-64,6.8,Sweden,Females,From 20 to 64 years
2005,SE,M,Y20-64,7.2,Sweden,Males,From 20 to 64 years
2005,SE,T,Y20-64,7.0,Sweden,Total,From 20 to 64 years
2005,SE,F,Y25-54,6.6,Sweden,Females,From 25 to 54 years
2005,SE,M,Y25-54,6.4,Sweden,Males,From 25 to 54 years
2005,SE,T,Y25-54,6.5,Sweden,Total,From 25 to 54 years
2005,SE,F,Y25-74,5.9,Sweden,Females,From 25 to 74 years
2005,SE,M,Y25-74,6.1,Sweden,Males,From 25 to 74 years
2005,SE,T,Y25-74,6.0,Sweden,Total,From 25 to 74 years
2005,SE,F,Y55-74,3.4,Sweden,Females,From 55 to 74 years
2005,SE,M,Y55-74,5.0,Sweden,Males,From 55 to 74 years
2005,SE,T,Y55-74,4.3,Sweden,Total,From 55 to 74 years
2006,FR,F,Y15-24,27.2,France,Females,From 15 to 24 years
2006,FR,M,Y15-24,20.4,France,Males,From 15 to 24 years
2006,FR,T,Y15-24,23.5,France,Total,From 15 to 24 years
2006,FR,F,Y15-29,16.4,France,Females,From 15 to 29 years
2006,FR,M,Y15-29,15.7,France,Males,From 15 to 29 years
2006,FR,T,Y15-29,16.0,France,Total,From 15 to 29 years
2006,FR,F,Y15-74,9.5,France,Females,From 15 to 74 years
2006,FR,M,Y15-74,8.3,France,Males,From 15 to 74 years
2006,FR,T,Y15-74,8.9,France,Total,From 15 to 74 years
2006,FR,F,Y20-64,8.8,France,Females,From 20 to 64 years
2006,FR,M,Y20-64,7.7,France,Males,From 20 to 64 years
2006,FR,T,Y20-64,8.3,France,Total,From 20 to 64 years
2006,FR,F,Y25-54,7.9,France,Females,From 25 to 54 years
2006,FR,M,Y25-54,6.9,France,Males,From 25 to 54 years
2006,FR,T,Y25-54,7.4,France,Total,From 25 to 54 years
2006,FR,F,Y25-74,7.5,France,Females,From 25 to 74 years
2006,FR,M,Y25-74,6.7,France,Males,From 25 to 74 years
2006,FR,T,Y25-74,7.1,France,Total,From 25 to 74 years
2006,FR,F,Y55-74,4.7,France,Females,From 55 to 74 years
2006,FR,M,Y55-74,5.2,France,Males,From 55 to 74 years
2006,FR,T,Y55-74,5.0,France,Total,From 55 to 74 years
2006,SE,F,Y15-24,21.5,Sweden,Females,From 15 to 24 years
2006,SE,M,Y15-24,20.2,Sweden,Males,From 15 to 24 years
2006,SE,T,Y15-24,20.9,Sweden,Total,From 15 to 24 years
2006,SE,F,Y15-74,7.4,Sweden,Females,From 15 to 74 years
2006,SE,M,Y15-74,7.0,Sweden,Males,From 15 to 74 years
2006,SE,T,Y15-74,7.2,Sweden,Total,From 15 to 74 years
2006,SE,F,Y20-64,6.2,Sweden,Females,From 20 to 64 years
2006,SE,M,Y20-64,6.2,Sweden,Males,From 20 to 64 years
2006,SE,T,Y20-64,6.2,Sweden,Total,From 20 to 64 years
2006,SE,F,Y25-54,5.8,Sweden,Females,From 25 to 54 years
2006,SE,M,Y25-54,5.4,Sweden,Males,From 25 to 54 years
2006,SE,T,Y25-54,5.6,Sweden,Total,From 25 to 54 years
2006,SE,F,Y25-74,5.3,Sweden,Females,From 25 to 74 years
2006,SE,M,Y25-74,5.2,Sweden,Males,From 25 to 74 years
2006,SE,T,Y25-74,5.3,Sweden,Total,From 25 to 74 years
2006,SE,F,Y55-74,3.8,Sweden,Females,From 55 to 74 years
2006,SE,M,Y55-74,4.6,Sweden,Males,From 55 to 74 years
2006,SE,T,Y55-74,4.3,Sweden,Total,From 55 to 74 years
2007,FR,F,Y15-24,23.8,France,Females,From 15 to 24 years
2007,FR,M,Y15-24,18.4,France,Males,From 15 to 24 years
2007,FR,T,Y15-24,20.8,France,Total,From 15 to 24 years
2007,FR,F,Y15-29,15.1,France,Females,From 15 to 29 years
2007,FR,M,Y15-29,14.5,France,Males,From 15 to 29 years
2007,FR,T,Y15-29,14.8,France,Total,From 15 to 29 years
2007,FR,F,Y15-74,8.4,France,Females,From 15 to 74 years
2007,FR,M,Y15-74,7.6,France,Males,From 15 to 74 years
2007,FR,T,Y15-74,8.0,France,Total,From 15 to 74 years
2007,FR,F,Y20-64,7.8,France,Females,From 20 to 64 years
2007,FR,M,Y20-64,7.2,France,Males,From 20 to 64 years
2007,FR,T,Y20-64,7.5,France,Total,From 20 to 64 years
2007,FR,F,Y25-54,7.1,France,Females,From 25 to 54 years
2007,FR,M,Y25-54,6.5,France,Males,From 25 to 54 years
2007,FR,T,Y25-54,6.8,France,Total,From 25 to 54 years
2007,FR,F,Y25-74,6.7,France,Females,From 25 to 74 years
2007,FR,M,Y25-74,6.3,France,Males,From 25 to 74 years
2007,FR,T,Y25-74,6.5,France,Total,From 25 to 74 years
2007,FR,F,Y55-74,4.1,France,Females,From 55 to 74 years
2007,FR,M,Y55-74,4.7,France,Males,From 55 to 74 years
2007,FR,T,Y55-74,4.4,France,Total,From 55 to 74 years
2007,SE,F,Y15-24,19.3,Sweden,Females,From 15 to 24 years
2007,SE,M,Y15-24,17.9,Sweden,Males,From 15 to 24 years
2007,SE,T,Y15-24,18.6,Sweden,Total,From 15 to 24 years
2007,SE,F,Y15-74,6.6,Sweden,Females,From 15 to 74 years
2007,SE,M,Y15-74,5.9,Sweden,Males,From 15 to 74 years
2007,SE,T,Y15-74,6.3,Sweden,Total,From 15 to 74 years
2007,SE,F,Y20-64,5.5,Sweden,Females,From 20 to 64 years
2007,SE,M,Y20-64,5.1,Sweden,Males,From 20 to 64 years
2007,SE,T,Y20-64,5.3,Sweden,Total,From 20 to 64 years
2007,SE,F,Y25-54,5.0,Sweden,Females,From 25 to 54 years
2007,SE,M,Y25-54,4.3,Sweden,Males,From 25 to 54 years
2007,SE,T,Y25-54,4.7,Sweden,Total,From 25 to 54 years
2007,SE,F,Y25-74,4.7,Sweden,Females,From 25 to 74 years
2007,SE,M,Y25-74,4.3,Sweden,Males,From 25 to 74 years
2007,SE,T,Y25-74,4.5,Sweden,Total,From 25 to 74 years
2007,SE,F,Y55-74,3.5,Sweden,Females,From 55 to 74 years
2007,SE,M,Y55-74,4.1,Sweden,Males,From 55 to 74 years
2007,SE,T,Y55-74,3.8,Sweden,Total,From 55 to 74 years
2008,FR,F,Y15-24,22.3,France,Females,From 15 to 24 years
2008,FR,M,Y15-24,18.5,France,Males,From 15 to 24 years
2008,FR,T,Y15-24,20.2,France,Total,From 15 to 24 years
2008,FR,F,Y15-29,13.9,France,Females,From 15 to 29 years
2008,FR,M,Y15-29,13.9,France,Males,From 15 to 29 years
2008,FR,T,Y15-29,13.9,France,Total,From 15 to 29 years
2008,FR,F,Y15-74,7.8,France,Females,From 15 to 74 years
2008,FR,M,Y15-74,7.1,France,Males,From 15 to 74 years
2008,FR,T,Y15-74,7.4,France,Total,From 15 to 74 years
2008,FR,F,Y20-64,7.3,France,Females,From 20 to 64 years
2008,FR,M,Y20-64,6.7,France,Males,From 20 to 64 years
2008,FR,T,Y20-64,7.0,France,Total,From 20 to 64 years
2008,FR,F,Y25-54,6.6,France,Females,From 25 to 54 years
2008,FR,M,Y25-54,5.9,France,Males,From 25 to 54 years
2008,FR,T,Y25-54,6.2,France,Total,From 25 to 54 years
2008,FR,F,Y25-74,6.2,France,Females,From 25 to 74 years
2008,FR,M,Y25-74,5.7,France,Males,From 25 to 74 years
2008,FR,T,Y25-74,5.9,France,Total,From 25 to 74 years
2008,FR,F,Y55-74,3.7,France,Females,From 55 to 74 years
2008,FR,M,Y55-74,4.5,France,Males,From 55 to 74 years
2008,FR,T,Y55-74,4.1,France,Total,From 55 to 74 years
2008,SE,F,Y15-24,20.3,Sweden,Females,From 15 to 24 years
2008,SE,M,Y15-24,18.8,Sweden,Males,From 15 to 24 years
2008,SE,T,Y15-24,19.6,Sweden,Total,From 15 to 24 years
2008,SE,F,Y15-74,6.7,Sweden,Females,From 15 to 74 years
2008,SE,M,Y15-74,6.0,Sweden,Males,From 15 to 74 years
2008,SE,T,Y15-74,6.3,Sweden,Total,From 15 to 74 years
2008,SE,F,Y20-64,5.4,Sweden,Females,From 20 to 64 years
2008,SE,M,Y20-64,5.0,Sweden,Males,From 20 to 64 years
2008,SE,T,Y20-64,5.2,Sweden,Total,From 20 to 64 years
2008,SE,F,Y25-54,4.9,Sweden,Females,From 25 to 54 years
2008,SE,M,Y25-54,4.2,Sweden,Males,From 25 to 54 years
2008,SE,T,Y25-54,4.5,Sweden,Total,From 25 to 54 years
2008,SE,F,Y25-74,4.6,Sweden,Females,From 25 to 74 years
2008,SE,M,Y25-74,4.1,Sweden,Males,From 25 to 74 years
2008,SE,T,Y25-74,4.3,Sweden,Total,From 25 to 74 years
2008,SE,F,Y55-74,3.4,Sweden,Females,From 55 to 74 years
2008,SE,M,Y55-74,3.8,Sweden,Males,From 55 to 74 years
2008,SE,T,Y55-74,3.6,Sweden,Total,From 55 to 74 years
2009,DE,F,Y15-24,10.5,Germany,Females,From 15 to 24 years
2009,DE,M,Y15-24,13.2,Germany,Males,From 15 to 24 years
2009,DE,T,Y15-24,11.9,Germany,Total,From 15 to 24 years
2009,DE,F,Y15-29,8.4,Germany,Females,From 15 to 29 years
2009,DE,M,Y15-29,11.1,Germany,Males,From 15 to 29 years
2009,DE,T,Y15-29,9.8,Germany,Total,From 15 to 29 years
2009,DE,F,Y15-74,6.9,Germany,Females,From 15 to 74 years
2009,DE,M,Y15-74,7.7,Germany,Males,From 15 to 74 years
2009,DE,T,Y15-74,7.3,Germany,Total,From 15 to 74 years
2009,DE,F,Y20-64,6.8,Germany,Females,From 20 to 64 years
2009,DE,M,Y20-64,7.7,Germany,Males,From 20 to 64 years
2009,DE,T,Y20-64,7.3,Germany,Total,From 20 to 64 years
2009,DE,F,Y25-54,6.3,Germany,Females,From 25 to 54 years
2009,DE,M,Y25-54,7.1,Germany,Males,From 25 to 54 years
2009,DE,T,Y25-54,6.7,Germany,Total,From 25 to 54 years
2009,DE,F,Y25-74,6.4,Germany,Females,From 25 to 74 years
2009,DE,M,Y25-74,7.0,Germany,Males,From 25 to 74 years
2009,DE,T,Y25-74,6.7,Germany,Total,From 25 to 74 years
2009,DE,F,Y55-74,6.9,Germany,Females,From 55 to 74 years
2009,DE,M,Y55-74,6.7,Germany,Males,From 55 to 74 years
2009,DE,T,Y55-74,6.8,Germany,Total,From 55 to 74 years
2009,EA20,F,Y15-24,20.6,Euro area – 20 countries (2023-2025),Females,From 15 to 24 years
2009,EA20,M,Y15-24,21.8,Euro area – 20 countries (2023-2025),Males,From 15 to 24 years
2009,EA20,T,Y15-24,21.3,Euro area – 20 countries (2023-2025),Total,From 15 to 24 years
2009,EA20,F,Y15-29,15.9,Euro area – 20 countries (2023-2025),Females,From 15 to 29 years
2009,EA20,M,Y15-29,17.3,Euro area – 20 countries (2023-2025),Males,From 15 to 29 years
2009,EA20,T,Y15-29,16.6,Euro area – 20 countries (2023-2025),Total,From 15 to 29 years
2009,EA20,F,Y15-74,9.8,Euro area – 20 countries (2023-2025),Females,From 15 to 74 years
2009,EA20,M,Y15-74,9.5,Euro area – 20 countries (2023-2025),Males,From 15 to 74 years
2009,EA20,T,Y15-74,9.7,Euro area – 20 countries (2023-2025),Total,From 15 to 74 years
2009,EA20,F,Y20-64,9.5,Euro area – 20 countries (2023-2025),Females,From 20 to 64 years
2009,EA20,M,Y20-64,9.2,Euro area – 20 countries (2023-2025),Males,From 20 to 64 years
2009,EA20,T,Y20-64,9.3,Euro area – 20 countries (2023-2025),Total,From 20 to 64 years
2009,EA20,F,Y25-54,8.9,Euro area – 20 countries (2023-2025),Females,From 25 to 54 years
2009,EA20,M,Y25-54,8.4,Euro area – 20 countries (2023-2025),Males,From 25 to 54 years
2009,EA20,T,Y25-54,8.6,Euro area – 20 countries (2023-2025),Total,From 25 to 54 years
2009,EA20,F,Y25-74,8.6,Euro area – 20 countries (2023-2025),Females,From 25 to 74 years
2009,EA20,M,Y25-74,8.1,Euro area – 20 countries (2023-2025),Males,From 25 to 74 years
2009,EA20,T,Y25-74,8.3,Euro area – 20 countries (2023-2025),Total,From 25 to 74 years
2009,EA20,F,Y55-74,6.4,Euro area – 20 countries (2023-2025),Females,From 55 to 74 years
2009,EA20,M,Y55-74,6.3,Euro area – 20 countries (2023-2025),Males,From 55 to 74 years
2009,EA20,T,Y55-74,6.4,Euro area – 20 countries (2023-2025),Total,From 55 to 74 years
2009,EL,F,Y15-24,33.6,Greece,Females,From 15 to 24 years
2009,EL,M,Y15-24,20.1,Greece,Males,From 15 to 24 years
2009,EL,T,Y15-24,26.1,Greece,Total,From 15 to 24 years
2009,EL,F,Y15-29,24.3,Greece,Females,From 15 to 29 years
2009,EL,M,Y15-29,14.9,Greece,Males,From 15 to 29 years
2009,EL,T,Y15-29,19.1,Greece,Total,From 15 to 29 years
2009,EL,F,Y15-74,13.5,Greece,Females,From 15 to 74 years
2009,EL,M,Y15-74,7.1,Greece,Males,From 15 to 74 years
2009,EL,T,Y15-74,9.8,Greece,Total,From 15 to 74 years
2009,EL,F,Y20-64,13.4,Greece,Females,From 20 to 64 years
2009,EL,M,Y20-64,7.0,Greece,Males,From 20 to 64 years
2009,EL,T,Y20-64,9.7,Greece,Total,From 20 to 64 years
2009,EL,F,Y25-54,12.6,Greece,Females,From 25 to 54 years
2009,EL,M,Y25-54,6.6,Greece,Males,From 25 to 54 years
2009,EL,T,Y25-54,9.2,Greece,Total,From 25 to 54 years
2009,EL,F,Y25-74,11.8,Greece,Females,From 25 to 74 years
2009,EL,M,Y25-74,6.0,Greece,Males,From 25 to 74 years
2009,EL,T,Y25-74,8.4,Greece,Total,From 25 to 74 years
2009,EL,F,Y55-74,5.1,Greece,Females,From 55 to 74 years
2009,EL,M,Y55-74,3.7,Greece,Males,From 55 to 74 years
2009,EL,T,Y55-74,4.2,Greece,Total,From 55 to 74 years
2009,ES,F,Y15-24,36.1,Spain,Females,From 15 to 24 years
2009,ES,M,Y15-24,39.1,Spain,Males,From 15 to 24 years
2009,ES,T,Y15-24,37.7,Spain,Total,From 15 to 24 years
2009,ES,F,Y15-29,26.6,Spain,Females,From 15 to 29 years
2009,ES,M,Y15-29,30.2,Spain,Males,From 15 to 29 years
2009,ES,T,Y15-29,28.5,Spain,Total,From 15 to 29 years
2009,ES,F,Y15-74,18.1,Spain,Females,From 15 to 74 years
2009,ES,M,Y15-74,17.7,Spain,Males,From 15 to 74 years
2009,ES,T,Y15-74,17.9,Spain,Total,From 15 to 74 years
2009,ES,F,Y20-64,17.5,Spain,Females,From 20 to 64 years
2009,ES,M,Y20-64,16.9,Spain,Males,From 20 to 64 years
2009,ES,T,Y20-64,17.2,Spain,Total,From 20 to 64 years
2009,ES,F,Y25-54,16.6,Spain,Females,From 25 to 54 years
2009,ES,M,Y25-54,16.1,Spain,Males,From 25 to 54 years
2009,ES,T,Y25-54,16.3,Spain,Total,From 25 to 54 years
2009,ES,F,Y25-74,16.2,Spain,Females,From 25 to 74 years
2009,ES,M,Y25-74,15.4,Spain,Males,From 25 to 74 years
2009,ES,T,Y25-74,15.7,Spain,Total,From 25 to 74 years
2009,ES,F,Y55-74,12.7,Spain,Females,From 55 to 74 years
2009,ES,M,Y55-74,10.9,Spain,Males,From 55 to 74 years
2009,ES,T,Y55-74,11.6,Spain,Total,From 55 to 74 years
2009,EU27,F,Y15-24,20.6,European Union - 27 countries (from 2020),Females,From 15 to 24 years
2009,EU27,M,Y15-24,21.8,European Union - 27 countries (from 2020),Males,From 15 to 24 years
2009,EU27,T,Y15-24,21.2,European Union - 27 countries (from 2020),Total,From 15 to 24 years
2009,EU27,F,Y15-29,15.6,European Union - 27 countries (from 2020),Females,From 15 to 29 years
2009,EU27,M,Y15-29,16.8,European Union - 27 countries (from 2020),Males,From 15 to 29 years
2009,EU27,T,Y15-29,16.3,European Union - 27 countries (from 2020),Total,From 15 to 29 years
2009,EU27,F,Y15-74,9.5,European Union - 27 countries (from 2020),Females,From 15 to 74 years
2009,EU27,M,Y15-74,9.2,European Union - 27 countries (from 2020),Males,From 15 to 74 years
2009,EU27,T,Y15-74,9.3,European Union - 27 countries (from 2020),Total,From 15 to 74 years
2009,EU27,F,Y20-64,9.1,European Union - 27 countries (from 2020),Females,From 20 to 64 years
2009,EU27,M,Y20-64,8.9,European Union - 27 countries (from 2020),Males,From 20 to 64 years
2009,EU27,T,Y20-64,9.0,European Union - 27 countries (from 2020),Total,From 20 to 64 years
2009,EU27,F,Y25-54,8.5,European Union - 27 countries (from 2020),Females,From 25 to 54 years
2009,EU27,M,Y25-54,8.1,European Union - 27 countries (from 2020),Males,From 25 to 54 years
2009,EU27,T,Y25-54,8.3,European Union - 27 countries (from 2020),Total,From 25 to 54 years
2009,EU27,F,Y25-74,8.2,European Union - 27 countries (from 2020),Females,From 25 to 74 years
2009,EU27,M,Y25-74,7.8,European Union - 27 countries (from 2020),Males,From 25 to 74 years
2009,EU27,T,Y25-74,8.0,European Union - 27 countries (from 2020),Total,From 25 to 74 years
2009,EU27,F,Y55-74,6.1,European Union - 27 countries (from 2020),Females,From 55 to 74 years
2009,EU27,M,Y55-74,6.2,European Union - 27 countries (from 2020),Males,From 55 to 74 years
2009,EU27,T,Y55-74,6.2,European Union - 27 countries (from 2020),Total,From 55 to 74 years
2009,FR,F,Y15-24,26.5,France,Females,From 15 to 24 years
2009,FR,M,Y15-24,23.8,France,Males,From 15 to 24 years
2009,FR,T,Y15-24,25.0,France,Total,From 15 to 24 years
2009,FR,F,Y15-29,16.8,France,Females,From 15 to 29 years
2009,FR,M,Y15-29,18.0,France,Males,From 15 to 29 years
2009,FR,T,Y15-29,17.4,France,Total,From 15 to 29 years
2009,FR,F,Y15-74,9.2,France,Females,From 15 to 74 years
2009,FR,M,Y15-74,9.0,France,Males,From 15 to 74 years
2009,FR,T,Y15-74,9.1,France,Total,From 15 to 74 years
2009,FR,F,Y20-64,8.5,France,Females,From 20 to 64 years
2009,FR,M,Y20-64,8.5,France,Males,From 20 to 64 years
2009,FR,T,Y20-64,8.5,France,Total,From 20 to 64 years
2009,FR,F,Y25-54,7.7,France,Females,From 25 to 54 years
2009,FR,M,Y25-54,7.4,France,Males,From 25 to 54 years
2009,FR,T,Y25-54,7.5,France,Total,From 25 to 54 years
2009,FR,F,Y25-74,7.3,France,Females,From 25 to 74 years
2009,FR,M,Y25-74,7.2,France,Males,From 25 to 74 years
2009,FR,T,Y25-74,7.2,France,Total,From 25 to 74 years
2009,FR,F,Y55-74,5.1,France,Females,From 55 to 74 years
2009,FR,M,Y55-74,5.8,France,Males,From 55 to 74 years
2009,FR,T,Y55-74,5.4,France,Total,From 55 to 74 years
2009,IT,F,Y15-24,28.6,Italy,Females,From 15 to 24 years
2009,IT,M,Y15-24,23.3,Italy,Males,From 15 to 24 years
2009,IT,T,Y15-24,25.4,Italy,Total,From 15 to 24 years
2009,IT,F,Y15-29,20.5,Italy,Females,From 15 to 29 years
2009,IT,M,Y15-29,17.1,Italy,Males,From 15 to 29 years
2009,IT,T,Y15-29,18.5,Italy,Total,From 15 to 29 years
2009,IT,F,Y15-74,9.3,Italy,Females,From 15 to 74 years
2009,IT,M,Y15-74,6.9,Italy,Males,From 15 to 74 years
2009,IT,T,Y15-74,7.9,Italy,Total,From 15 to 74 years
2009,IT,F,Y20-64,9.0,Italy,Females,From 20 to 64 years
2009,IT,M,Y20-64,6.6,Italy,Males,From 20 to 64 years
2009,IT,T,Y20-64,7.6,Italy,Total,From 20 to 64 years
2009,IT,F,Y25-54,8.5,Italy,Females,From 25 to 54 years
2009,IT,M,Y25-54,6.0,Italy,Males,From 25 to 54 years
2009,IT,T,Y25-54,7.0,Italy,Total,From 25 to 54 years
2009,IT,F,Y25-74,7.9,Italy,Females,From 25 to 74 years
2009,IT,M,Y25-74,5.6,Italy,Males,From 25 to 74 years
2009,IT,T,Y25-74,6.5,Italy,Total,From 25 to 74 years
2009,IT,F,Y55-74,2.8,Italy,Females,From 55 to 74 years
2009,IT,M,Y55-74,3.4,Italy,Males,From 55 to 74 years
2009,IT,T,Y55-74,3.2,Italy,Total,From 55 to 74 years
2009,NL,F,Y15-24,9.7,Netherlands,Females,From 15 to 24 years
2009,NL,M,Y15-24,13.5,Netherlands,Males,From 15 to 24 years
2009,NL,T,Y15-24,11.6,Netherlands,Total,From 15 to 24 years
2009,NL,F,Y15-29,9.1,Netherlands,Females,From 15 to 29 years
2009,NL,M,Y15-29,9.9,Netherlands,Males,From 15 to 29 years
2009,NL,T,Y15-29,9.5,Netherlands,Total,From 15 to 29 years
2009,NL,F,Y15-74,6.1,Netherlands,Females,From 15 to 74 years
2009,NL,M,Y15-74,4.8,Netherlands,Males,From 15 to 74 years
2009,NL,T,Y15-74,5.4,Netherlands,Total,From 15 to 74 years
2009,NL,F,Y20-64,5.4,Netherlands,Females,From 20 to 64 years
2009,NL,M,Y20-64,4.1,Netherlands,Males,From 20 to 64 years
2009,NL,T,Y20-64,4.7,Netherlands,Total,From 20 to 64 years
2009,NL,F,Y25-54,5.2,Netherlands,Females,From 25 to 54 years
2009,NL,M,Y25-54,2.9,Netherlands,Males,From 25 to 54 years
2009,NL,T,Y25-54,4.0,Netherlands,Total,From 25 to 54 years
2009,NL,F,Y25-74,5.3,Netherlands,Females,From 25 to 74 years
2009,NL,M,Y25-74,3.1,Netherlands,Males,From 25 to 74 years
2009,NL,T,Y25-74,4.1,Netherlands,Total,From 25 to 74 years
2009,NL,F,Y55-74,6.0,Netherlands,Females,From 55 to 74 years
2009,NL,M,Y55-74,4.1,Netherlands,Males,From 55 to 74 years
2009,NL,T,Y55-74,4.8,Netherlands,Total,From 55 to 74 years
2009,PL,F,Y15-24,21.3,Poland,Females,From 15 to 24 years
2009,PL,M,Y15-24,20.7,Poland,Males,From 15 to 24 years
2009,PL,T,Y15-24,21.0,Poland,Total,From 15 to 24 years
2009,PL,F,Y15-29,15.4,Poland,Females,From 15 to 29 years
2009,PL,M,Y15-29,14.1,Poland,Males,From 15 to 29 years
2009,PL,T,Y15-29,14.7,Poland,Total,From 15 to 29 years
2009,PL,F,Y15-74,9.0,Poland,Females,From 15 to 74 years
2009,PL,M,Y15-74,8.1,Poland,Males,From 15 to 74 years
2009,PL,T,Y15-74,8.5,Poland,Total,From 15 to 74 years
2009,PL,F,Y20-64,8.8,Poland,Females,From 20 to 64 years
2009,PL,M,Y20-64,7.9,Poland,Males,From 20 to 64 years
2009,PL,T,Y20-64,8.3,Poland,Total,From 20 to 64 years
2009,PL,F,Y25-54,7.8,Poland,Females,From 25 to 54 years
2009,PL,M,Y25-54,6.5,Poland,Males,From 25 to 54 years
2009,PL,T,Y25-54,7.1,Poland,Total,From 25 to 54 years
2009,PL,F,Y25-74,7.6,Poland,Females,From 25 to 74 years
2009,PL,M,Y25-74,6.6,Poland,Males,From 25 to 74 years
2009,PL,T,Y25-74,7.0,Poland,Total,From 25 to 74 years
2009,PL,F,Y55-74,5.9,Poland,Females,From 55 to 74 years
2009,PL,M,Y55-74,6.7,Poland,Males,From 55 to 74 years
2009,PL,T,Y55-74,6.4,Poland,Total,From 55 to 74 years
2009,SE,F,Y15-24,23.3,Sweden,Females,From 15 to 24 years
2009,SE,M,Y15-24,25.4,Sweden,Males,From 15 to 24 years
2009,SE,T,Y15-24,24.4,Sweden,Total,From 15 to 24 years
2009,SE,F,Y15-29,17.8,Sweden,Females,From 15 to 29 years
2009,SE,M,Y15-29,19.2,Sweden,Males,From 15 to 29 years
2009,SE,T,Y15-29,18.5,Sweden,Total,From 15 to 29 years
2009,SE,F,Y15-74,8.2,Sweden,Females,From 15 to 74 years
2009,SE,M,Y15-74,8.7,Sweden,Males,From 15 to 74 years
2009,SE,T,Y15-74,8.5,Sweden,Total,From 15 to 74 years
2009,SE,F,Y20-64,7.0,Sweden,Females,From 20 to 64 years
2009,SE,M,Y20-64,7.8,Sweden,Males,From 20 to 64 years
2009,SE,T,Y20-64,7.4,Sweden,Total,From 20 to 64 years
2009,SE,F,Y25-54,6.3,Sweden,Females,From 25 to 54 years
2009,SE,M,Y25-54,6.6,Sweden,Males,From 25 to 54 years
2009,SE,T,Y25-54,6.4,Sweden,Total,From 25 to 54 years
2009,SE,F,Y25-74,5.9,Sweden,Females,From 25 to 74 years
2009,SE,M,Y25-74,6.3,Sweden,Males,From 25 to 74 years
2009,SE,T,Y25-74,6.1,Sweden,Total,From 25 to 74 years
2009,SE,F,Y55-74,4.5,Sweden,Females,From 55 to 74 years
2009,SE,M,Y55-74,5.4,Sweden,Males,From 55 to 74 years
2009,SE,T,Y55-74,5.0,Sweden,Total,From 55 to 74 years
2010,DE,F,Y15-24,9.4,Germany,Females,From 15 to 24 years
2010,DE,M,Y15-24,11.4,Germany,Males,From 15 to 24 years
2010,DE,T,Y15-24,10.5,Germany,Total,From 15 to 24 years
2010,DE,F,Y15-29,7.5,Germany,Females,From 15 to 29 years
2010,DE,M,Y15-29,9.7,Germany,Males,From 15 to 29 years
2010,DE,T,Y15-29,8.7,Germany,Total,From 15 to 29 years
2010,DE,F,Y15-74,6.1,Germany,Females,From 15 to 74 years
2010,DE,M,Y15-74,7.0,Germany,Males,From 15 to 74 years
2010,DE,T,Y15-74,6.6,Germany,Total,From 15 to 74 years
2010,DE,F,Y20-64,6.1,Germany,Females,From 20 to 64 years
2010,DE,M,Y20-64,7.0,Germany,Males,From 20 to 64 years
2010,DE,T,Y20-64,6.5,Germany,Total,From 20 to 64 years
2010,DE,F,Y25-54,5.6,Germany,Females,From 25 to 54 years
2010,DE,M,Y25-54,6.4,Germany,Males,From 25 to 54 years
2010,DE,T,Y25-54,6.0,Germany,Total,From 25 to 54 years
2010,DE,F,Y25-74,5.7,Germany,Females,From 25 to 74 years
2010,DE,M,Y25-74,6.4,Germany,Males,From 25 to 74 years
2010,DE,T,Y25-74,6.1,Germany,Total,From 25 to 74 years
2010,DE,F,Y55-74,6.2,Germany,Females,From 55 to 74 years
2010,DE,M,Y55-74,6.7,Germany,Males,From 55 to 74 years
2010,DE,T,Y55-74,6.5,Germany,Total,From 55 to 74 years
2010,EA20,F,Y15-24,21.8,Euro area – 20 countries (2023-2025),Females,From 15 to 24 years
2010,EA20,M,Y15-24,22.4,Euro area – 20 countries (2023-2025),Males,From 15 to 24 years
2010,EA20,T,Y15-24,22.1,Euro area – 20 countries (2023-2025),Total,From 15 to 24 years
2010,EA20,F,Y15-29,17.0,Euro area – 20 countries (2023-2025),Females,From 15 to 29 years
2010,EA20,M,Y15-29,18.2,Euro area – 20 countries (2023-2025),Males,From 15 to 29 years
2010,EA20,T,Y15-29,17.6,Euro area – 20 countries (2023-2025),Total,From 15 to 29 years
2010,EA20,F,Y15-74,10.4,Euro area – 20 countries (2023-2025),Females,From 15 to 74 years
2010,EA20,M,Y15-74,10.1,Euro area – 20 countries (2023-2025),Males,From 15 to 74 years
2010,EA20,T,Y15-74,10.3,Euro area – 20 countries (2023-2025),Total,From 15 to 74 years
2010,EA20,F,Y20-64,10.1,Euro area – 20 countries (2023-2025),Females,From 20 to 64 years
2010,EA20,M,Y20-64,9.8,Euro area – 20 countries (2023-2025),Males,From 20 to 64 years
2010,EA20,T,Y20-64,10.0,Euro area – 20 countries (2023-2025),Total,From 20 to 64 years
2010,EA20,F,Y25-54,9.6,Euro area – 20 countries (2023-2025),Females,From 25 to 54 years
2010,EA20,M,Y25-54,9.1,Euro area – 20 countries (2023-2025),Males,From 25 to 54 years
2010,EA20,T,Y25-54,9.3,Euro area – 20 countries (2023-2025),Total,From 25 to 54 years
2010,EA20,F,Y25-74,9.2,Euro area – 20 countries (2023-2025),Females,From 25 to 74 years
2010,EA20,M,Y25-74,8.8,Euro area – 20 countries (2023-2025),Males,From 25 to 74 years
2010,EA20,T,Y25-74,8.9,Euro area – 20 countries (2023-2025),Total,From 25 to 74 years
2010,EA20,F,Y55-74,6.5,Euro area – 20 countries (2023-2025),Females,From 55 to 74 years
2010,EA20,M,Y55-74,7.1,Euro area – 20 countries (2023-2025),Males,From 55 to 74 years
2010,EA20,T,Y55-74,6.9,Euro area – 20 countries (2023-2025),Total,From 55 to 74 years
2010,EL,F,Y15-24,41.1,Greece,Females,From 15 to 24 years
2010,EL,M,Y15-24,27.6,Greece,Males,From 15 to 24 years
2010,EL,T,Y15-24,33.6,Greece,Total,From 15 to 24 years
2010,EL,F,Y15-29,30.0,Greece,Females,From 15 to 29 years
2010,EL,M,Y15-29,20.3,Greece,Males,From 15 to 29 years
2010,EL,T,Y15-29,24.7,Greece,Total,From 15 to 29 years
2010,EL,F,Y15-74,16.7,Greece,Females,From 15 to 74 years
2010,EL,M,Y15-74,10.2,Greece,Males,From 15 to 74 years
2010,EL,T,Y15-74,12.9,Greece,Total,From 15 to 74 years
2010,EL,F,Y20-64,16.6,Greece,Females,From 20 to 64 years
2010,EL,M,Y20-64,10.1,Greece,Males,From 20 to 64 years
2010,EL,T,Y20-64,12.9,Greece,Total,From 20 to 64 years
2010,EL,F,Y25-54,15.8,Greece,Females,From 25 to 54 years
2010,EL,M,Y25-54,9.6,Greece,Males,From 25 to 54 years
2010,EL,T,Y25-54,12.3,Greece,Total,From 25 to 54 years
2010,EL,F,Y25-74,14.7,Greece,Females,From 25 to 74 years
2010,EL,M,Y25-74,8.9,Greece,Males,From 25 to 74 years
2010,EL,T,Y25-74,11.3,Greece,Total,From 25 to 74 years
2010,EL,F,Y55-74,6.1,Greece,Females,From 55 to 74 years
2010,EL,M,Y55-74,5.6,Greece,Males,From 55 to 74 years
2010,EL,T,Y55-74,5.8,Greece,Total,From 55 to 74 years
2010,ES,F,Y15-24,39.6,Spain,Females,From 15 to 24 years
2010,ES,M,Y15-24,43.1,Spain,Males,From 15 to 24 years
2010,ES,T,Y15-24,41.5,Spain,Total,From 15 to 24 years
2010,ES,F,Y15-29,30.0,Spain,Females,From 15 to 29 years
2010,ES,M,Y15-29,33.3,Spain,Males,From 15 to 29 years
2010,ES,T,Y15-29,31.7,Spain,Total,From 15 to 29 years
2010,ES,F,Y15-74,20.2,Spain,Females,From 15 to 74 years
2010,ES,M,Y15-74,19.6,Spain,Males,From 15 to 74 years
2010,ES,T,Y15-74,19.9,Spain,Total,From 15 to 74 years
2010,ES,F,Y20-64,19.7,Spain,Females,From 20 to 64 years
2010,ES,M,Y20-64,18.9,Spain,Males,From 20 to 64 years
2010,ES,T,Y20-64,19.3,Spain,Total,From 20 to 64 years
2010,ES,F,Y25-54,18.9,Spain,Females,From 25 to 54 years
2010,ES,M,Y25-54,17.9,Spain,Males,From 25 to 54 years
2010,ES,T,Y25-54,18.4,Spain,Total,From 25 to 54 years
2010,ES,F,Y25-74,18.3,Spain,Females,From 25 to 74 years
2010,ES,M,Y25-74,17.4,Spain,Males,From 25 to 74 years
2010,ES,T,Y25-74,17.8,Spain,Total,From 25 to 74 years
2010,ES,F,Y55-74,13.2,Spain,Females,From 55 to 74 years
2010,ES,M,Y55-74,13.9,Spain,Males,From 55 to 74 years
2010,ES,T,Y55-74,13.6,Spain,Total,From 55 to 74 years
2010,EU27,F,Y15-24,22.1,European Union - 27 countries (from 2020),Females,From 15 to 24 years
2010,EU27,M,Y15-24,22.7,European Union - 27 countries (from 2020),Males,From 15 to 24 years
2010,EU27,T,Y15-24,22.4,European Union - 27 countries (from 2020),Total,From 15 to 24 years
2010,EU27,F,Y15-29,17.0,European Union - 27 countries (from 2020),Females,From 15 to 29 years
2010,EU27,M,Y15-29,18.0,European Union - 27 countries (from 2020),Males,From 15 to 29 years
2010,EU27,T,Y15-29,17.5,European Union - 27 countries (from 2020),Total,From 15 to 29 years
2010,EU27,F,Y15-74,10.2,European Union - 27 countries (from 2020),Females,From 15 to 74 years
2010,EU27,M,Y15-74,10.0,European Union - 27 countries (from 2020),Males,From 15 to 74 years
2010,EU27,T,Y15-74,10.1,European Union - 27 countries (from 2020),Total,From 15 to 74 years
2010,EU27,F,Y20-64,9.9,European Union - 27 countries (from 2020),Females,From 20 to 64 years
2010,EU27,M,Y20-64,9.7,European Union - 27 countries (from 2020),Males,From 20 to 64 years
2010,EU27,T,Y20-64,9.8,European Union - 27 countries (from 2020),Total,From 20 to 64 years
2010,EU27,F,Y25-54,9.3,European Union - 27 countries (from 2020),Females,From 25 to 54 years
2010,EU27,M,Y25-54,8.8,European Union - 27 countries (from 2020),Males,From 25 to 54 years
2010,EU27,T,Y25-54,9.0,European Union - 27 countries (from 2020),Total,From 25 to 54 years
2010,EU27,F,Y25-74,8.9,European Union - 27 countries (from 2020),Females,From 25 to 74 years
2010,EU27,M,Y25-74,8.6,European Union - 27 countries (from 2020),Males,From 25 to 74 years
2010,EU27,T,Y25-74,8.7,European Union - 27 countries (from 2020),Total,From 25 to 74 years
2010,EU27,F,Y55-74,6.4,European Union - 27 countries (from 2020),Females,From 55 to 74 years
2010,EU27,M,Y55-74,7.1,European Union - 27 countries (from 2020),Males,From 55 to 74 years
2010,EU27,T,Y55-74,6.8,European Union - 27 countries (from 2020),Total,From 55 to 74 years
2010,FR,F,Y15-24,27.8,France,Females,From 15 to 24 years
2010,FR,M,Y15-24,22.2,France,Males,From 15 to 24 years
2010,FR,T,Y15-24,24.7,France,Total,From 15 to 24 years
2010,FR,F,Y15-29,17.3,France,Females,From 15 to 29 years
2010,FR,M,Y15-29,17.6,France,Males,From 15 to 29 years
2010,FR,T,Y15-29,17.5,France,Total,From 15 to 29 years
2010,FR,F,Y15-74,9.5,France,Females,From 15 to 74 years
2010,FR,M,Y15-74,9.1,France,Males,From 15 to 74 years
2010,FR,T,Y15-74,9.3,France,Total,From 15 to 74 years
2010,FR,F,Y20-64,8.9,France,Females,From 20 to 64 years
2010,FR,M,Y20-64,8.6,France,Males,From 20 to 64 years
2010,FR,T,Y20-64,8.7,France,Total,From 20 to 64 years
2010,FR,F,Y25-54,7.9,France,Females,From 25 to 54 years
2010,FR,M,Y25-54,7.7,France,Males,From 25 to 54 years
2010,FR,T,Y25-54,7.8,France,Total,From 25 to 54 years
2010,FR,F,Y25-74,7.5,France,Females,From 25 to 74 years
2010,FR,M,Y25-74,7.5,France,Males,From 25 to 74 years
2010,FR,T,Y25-74,7.5,France,Total,From 25 to 74 years
2010,FR,F,Y55-74,5.5,France,Females,From 55 to 74 years
2010,FR,M,Y55-74,6.0,France,Males,From 55 to 74 years
2010,FR,T,Y55-74,5.8,France,Total,From 55 to 74 years
2010,IT,F,Y15-24,29.4,Italy,Females,From 15 to 24 years
2010,IT,M,Y15-24,27.0,Italy,Males,From 15 to 24 years
2010,IT,T,Y15-24,28.0,Italy,Total,From 15 to 24 years
2010,IT,F,Y15-29,21.9,Italy,Females,From 15 to 29 years
2010,IT,M,Y15-29,19.6,Italy,Males,From 15 to 29 years
2010,IT,T,Y15-29,20.6,Italy,Total,From 15 to 29 years
2010,IT,F,Y15-74,9.7,Italy,Females,From 15 to 74 years
2010,IT,M,Y15-74,7.7,Italy,Males,From 15 to 74 years
2010,IT,T,Y15-74,8.5,Italy,Total,From 15 to 74 years
2010,IT,F,Y20-64,9.4,Italy,Females,From 20 to 64 years
2010,IT,M,Y20-64,7.4,Italy,Males,From 20 to 64 years
2010,IT,T,Y20-64,8.2,Italy,Total,From 20 to 64 years
2010,IT,F,Y25-54,9.0,Italy,Females,From 25 to 54 years
2010,IT,M,Y25-54,6.7,Italy,Males,From 25 to 54 years
2010,IT,T,Y25-54,7.6,Italy,Total,From 25 to 54 years
2010,IT,F,Y25-74,8.3,Italy,Females,From 25 to 74 years
2010,IT,M,Y25-74,6.3,Italy,Males,From 25 to 74 years
2010,IT,T,Y25-74,7.1,Italy,Total,From 25 to 74 years
2010,IT,F,Y55-74,2.9,Italy,Females,From 55 to 74 years
2010,IT,M,Y55-74,3.7,Italy,Males,From 55 to 74 years
2010,IT,T,Y55-74,3.4,Italy,Total,From 55 to 74 years
2010,NL,F,Y15-24,10.7,Netherlands,Females,From 15 to 24 years
2010,NL,M,Y15-24,14.1,Netherlands,Males,From 15 to 24 years
2010,NL,T,Y15-24,12.4,Netherlands,Total,From 15 to 24 years
2010,NL,F,Y15-29,9.9,Netherlands,Females,From 15 to 29 years
2010,NL,M,Y15-29,10.6,Netherlands,Males,From 15 to 29 years
2010,NL,T,Y15-29,10.2,Netherlands,Total,From 15 to 29 years
2010,NL,F,Y15-74,6.7,Netherlands,Females,From 15 to 74 years
2010,NL,M,Y15-74,5.5,Netherlands,Males,From 15 to 74 years
2010,NL,T,Y15-74,6.1,Netherlands,Total,From 15 to 74 years
2010,NL,F,Y20-64,6.0,Netherlands,Females,From 20 to 64 years
2010,NL,M,Y20-64,4.7,Netherlands,Males,From 20 to 64 years
2010,NL,T,Y20-64,5.3,Netherlands,Total,From 20 to 64 years
2010,NL,F,Y25-54,5.8,Netherlands,Females,From 25 to 54 years
2010,NL,M,Y25-54,3.6,Netherlands,Males,From 25 to 54 years
2010,NL,T,Y25-54,4.6,Netherlands,Total,From 25 to 54 years
2010,NL,F,Y25-74,5.8,Netherlands,Females,From 25 to 74 years
2010,NL,M,Y25-74,3.8,Netherlands,Males,From 25 to 74 years
2010,NL,T,Y25-74,4.7,Netherlands,Total,From 25 to 74 years
2010,NL,F,Y55-74,6.2,Netherlands,Females,From 55 to 74 years
2010,NL,M,Y55-74,4.8,Netherlands,Males,From 55 to 74 years
2010,NL,T,Y55-74,5.3,Netherlands,Total,From 55 to 74 years
2010,PL,F,Y15-24,25.4,Poland,Females,From 15 to 24 years
2010,PL,M,Y15-24,22.9,Poland,Males,From 15 to 24 years
2010,PL,T,Y15-24,24.0,Poland,Total,From 15 to 24 years
2010,PL,F,Y15-29,18.1,Poland,Females,From 15 to 29 years
2010,PL,M,Y15-29,16.7,Poland,Males,From 15 to 29 years
2010,PL,T,Y15-29,17.3,Poland,Total,From 15 to 29 years
2010,PL,F,Y15-74,10.3,Poland,Females,From 15 to 74 years
2010,PL,M,Y15-74,9.7,Poland,Males,From 15 to 74 years
2010,PL,T,Y15-74,10.0,Poland,Total,From 15 to 74 years
2010,PL,F,Y20-64,10.1,Poland,Females,From 20 to 64 years
2010,PL,M,Y20-64,9.5,Poland,Males,From 20 to 64 years
2010,PL,T,Y20-64,9.8,Poland,Total,From 20 to 64 years
2010,PL,F,Y25-54,8.9,Poland,Females,From 25 to 54 years
2010,PL,M,Y25-54,8.2,Poland,Males,From 25 to 54 years
2010,PL,T,Y25-54,8.5,Poland,Total,From 25 to 54 years
2010,PL,F,Y25-74,8.7,Poland,Females,From 25 to 74 years
2010,PL,M,Y25-74,8.1,Poland,Males,From 25 to 74 years
2010,PL,T,Y25-74,8.4,Poland,Total,From 25 to 74 years
2010,PL,F,Y55-74,6.9,Poland,Females,From 55 to 74 years
2010,PL,M,Y55-74,7.5,Poland,Males,From 55 to 74 years
2010,PL,T,Y55-74,7.3,Poland,Total,From 55 to 74 years
2010,SE,F,Y15-24,23.1,Sweden,Females,From 15 to 24 years
2010,SE,M,Y15-24,25.0,Sweden,Males,From 15 to 24 years
2010,SE,T,Y15-24,24.1,Sweden,Total,From 15 to 24 years
2010,SE,F,Y15-29,18.2,Sweden,Females,From 15 to 29 years
2010,SE,M,Y15-29,18.9,Sweden,Males,From 15 to 29 years
2010,SE,T,Y15-29,18.6,Sweden,Total,From 15 to 29 years
2010,SE,F,Y15-74,8.7,Sweden,Females,From 15 to 74 years
2010,SE,M,Y15-74,8.7,Sweden,Males,From 15 to 74 years
2010,SE,T,Y15-74,8.7,Sweden,Total,From 15 to 74 years
2010,SE,F,Y20-64,7.6,Sweden,Females,From 20 to 64 years
2010,SE,M,Y20-64,7.9,Sweden,Males,From 20 to 64 years
2010,SE,T,Y20-64,7.7,Sweden,Total,From 20 to 64 years
2010,SE,F,Y25-54,6.9,Sweden,Females,From 25 to 54 years
2010,SE,M,Y25-54,6.5,Sweden,Males,From 25 to 54 years
2010,SE,T,Y25-54,6.7,Sweden,Total,From 25 to 54 years
2010,SE,F,Y25-74,6.4,Sweden,Females,From 25 to 74 years
2010,SE,M,Y25-74,6.4,Sweden,Males,From 25 to 74 years
2010,SE,T,Y25-74,6.4,Sweden,Total,From 25 to 74 years
2010,SE,F,Y55-74,4.7,Sweden,Females,From 55 to 74 years
2010,SE,M,Y55-74,6.0,Sweden,Males,From 55 to 74 years
2010,SE,T,Y55-74,5.4,Sweden,Total,From 55 to 74 years
2011,DE,F,Y15-24,8.4,Germany,Females,From 15 to 24 years
2011,DE,M,Y15-24,9.7,Germany,Males,From 15 to 24 years
2011,DE,T,Y15-24,9.1,Germany,Total,From 15 to 24 years
2011,DE,F,Y15-29,6.6,Germany,Females,From 15 to 29 years
2011,DE,M,Y15-29,8.1,Germany,Males,From 15 to 29 years
2011,DE,T,Y15-29,7.4,Germany,Total,From 15 to 29 years
2011,DE,F,Y15-74,5.3,Germany,Females,From 15 to 74 years
2011,DE,M,Y15-74,5.7,Germany,Males,From 15 to 74 years
2011,DE,T,Y15-74,5.5,Germany,Total,From 15 to 74 years
2011,DE,F,Y20-64,5.2,Germany,Females,From 20 to 64 years
2011,DE,M,Y20-64,5.7,Germany,Males,From 20 to 64 years
2011,DE,T,Y20-64,5.4,Germany,Total,From 20 to 64 years
2011,DE,F,Y25-54,4.8,Germany,Females,From 25 to 54 years
2011,DE,M,Y25-54,5.2,Germany,Males,From 25 to 54 years
2011,DE,T,Y25-54,5.0,Germany,Total,From 25 to 54 years
2011,DE,F,Y25-74,4.9,Germany,Females,From 25 to 74 years
2011,DE,M,Y25-74,5.2,Germany,Males,From 25 to 74 years
2011,DE,T,Y25-74,5.1,Germany,Total,From 25 to 74 years
2011,DE,F,Y55-74,5.5,Germany,Females,From 55 to 74 years
2011,DE,M,Y55-74,5.5,Germany,Males,From 55 to 74 years
2011,DE,T,Y55-74,5.5,Germany,Total,From 55 to 74 years
2011,EA20,F,Y15-24,22.0,Euro area – 20 countries (2023-2025),Females,From 15 to 24 years
2011,EA20,M,Y15-24,22.1,Euro area – 20 countries (2023-2025),Males,From 15 to 24 years
2011,EA20,T,Y15-24,22.1,Euro area – 20 countries (2023-2025),Total,From 15 to 24 years
2011,EA20,F,Y15-29,17.5,Euro area – 20 countries (2023-2025),Females,From 15 to 29 years
2011,EA20,M,Y15-29,18.0,Euro area – 20 countries (2023-2025),Males,From 15 to 29 years
2011,EA20,T,Y15-29,17.8,Euro area – 20 countries (2023-2025),Total,From 15 to 29 years
2011,EA20,F,Y15-74,10.5,Euro area – 20 countries (2023-2025),Females,From 15 to 74 years
2011,EA20,M,Y15-74,10.1,Euro area – 20 countries (2023-2025),Males,From 15 to 74 years
2011,EA20,T,Y15-74,10.3,Euro area – 20 countries (2023-2025),Total,From 15 to 74 years
2011,EA20,F,Y20-64,10.2,Euro area – 20 countries (2023-2025),Females,From 20 to 64 years
2011,EA20,M,Y20-64,9.8,Euro area – 20 countries (2023-2025),Males,From 20 to 64 years
2011,EA20,T,Y20-64,10.0,Euro area – 20 countries (2023-2025),Total,From 20 to 64 years
2011,EA20,F,Y25-54,9.8,Euro area – 20 countries (2023-2025),Females,From 25 to 54 years
2011,EA20,M,Y25-54,9.1,Euro area – 20 countries (2023-2025),Males,From 25 to 54 years
2011,EA20,T,Y25-54,9.4,Euro area – 20 countries (2023-2025),Total,From 25 to 54 years
2011,EA20,F,Y25-74,9.3,Euro area – 20 countries (2023-2025),Females,From 25 to 74 years
2011,EA20,M,Y25-74,8.8,Euro area – 20 countries (2023-2025),Males,From 25 to 74 years
2011,EA20,T,Y25-74,9.0,Euro area – 20 countries (2023-2025),Total,From 25 to 74 years
2011,EA20,F,Y55-74,6.5,Euro area – 20 countries (2023-2025),Females,From 55 to 74 years
2011,EA20,M,Y55-74,7.0,Euro area – 20 countries (2023-2025),Males,From 55 to 74 years
2011,EA20,T,Y55-74,6.8,Euro area – 20 countries (2023-2025),Total,From 55 to 74 years
2011,EL,F,Y15-24,52.1,Greece,Females,From 15 to 24 years
2011,EL,M,Y15-24,39.4,Greece,Males,From 15 to 24 years
2011,EL,T,Y15-24,45.2,Greece,Total,From 15 to 24 years
2011,EL,F,Y15-29,40.2,Greece,Females,From 15 to 29 years
2011,EL,M,Y15-29,30.8,Greece,Males,From 15 to 29 years
2011,EL,T,Y15-29,35.1,Greece,Total,From 15 to 29 years
2011,EL,F,Y15-74,21.8,Greece,Females,From 15 to 74 years
2011,EL,M,Y15-74,15.3,Greece,Males,From 15 to 74 years
2011,EL,T,Y15-74,18.1,Greece,Total,From 15 to 74 years
2011,EL,F,Y20-64,21.6,Greece,Females,From 20 to 64 years
2011,EL,M,Y20-64,15.2,Greece,Males,From 20 to 64 years
2011,EL,T,Y20-64,18.0,Greece,Total,From 20 to 64 years
2011,EL,F,Y25-54,20.9,Greece,Females,From 25 to 54 years
2011,EL,M,Y25-54,14.7,Greece,Males,From 25 to 54 years
2011,EL,T,Y25-54,17.4,Greece,Total,From 25 to 54 years
2011,EL,F,Y25-74,19.4,Greece,Females,From 25 to 74 years
2011,EL,M,Y25-74,13.6,Greece,Males,From 25 to 74 years
2011,EL,T,Y25-74,16.1,Greece,Total,From 25 to 74 years
2011,EL,F,Y55-74,7.9,Greece,Females,From 55 to 74 years
2011,EL,M,Y55-74,8.0,Greece,Males,From 55 to 74 years
2011,EL,T,Y55-74,7.9,Greece,Total,From 55 to 74 years
2011,ES,F,Y15-24,44.0,Spain,Females,From 15 to 24 years
2011,ES,M,Y15-24,48.2,Spain,Males,From 15 to 24 years
2011,ES,T,Y15-24,46.2,Spain,Total,From 15 to 24 years
2011,ES,F,Y15-29,33.0,Spain,Females,From 15 to 29 years
2011,ES,M,Y15-29,36.0,Spain,Males,From 15 to 29 years
2011,ES,T,Y15-29,34.6,Spain,Total,From 15 to 29 years
2011,ES,F,Y15-74,21.8,Spain,Females,From 15 to 74 years
2011,ES,M,Y15-74,21.1,Spain,Males,From 15 to 74 years
2011,ES,T,Y15-74,21.4,Spain,Total,From 15 to 74 years
2011,ES,F,Y20-64,21.3,Spain,Females,From 20 to 64 years
2011,ES,M,Y20-64,20.5,Spain,Males,From 20 to 64 years
2011,ES,T,Y20-64,20.9,Spain,Total,From 20 to 64 years
2011,ES,F,Y25-54,20.5,Spain,Females,From 25 to 54 years
2011,ES,M,Y25-54,19.4,Spain,Males,From 25 to 54 years
2011,ES,T,Y25-54,19.9,Spain,Total,From 25 to 54 years
2011,ES,F,Y25-74,19.7,Spain,Females,From 25 to 74 years
2011,ES,M,Y25-74,18.7,Spain,Males,From 25 to 74 years
2011,ES,T,Y25-74,19.2,Spain,Total,From 25 to 74 years
2011,ES,F,Y55-74,14.1,Spain,Females,From 55 to 74 years
2011,ES,M,Y55-74,14.7,Spain,Males,From 55 to 74 years
2011,ES,T,Y55-74,14.5,Spain,Total,From 55 to 74 years
2011,EU27,F,Y15-24,22.6,European Union - 27 countries (from 2020),Females,From 15 to 24 years
2011,EU27,M,Y15-24,22.5,European Union - 27 countries (from 2020),Males,From 15 to 24 years
2011,EU27,T,Y15-24,22.5,European Union - 27 countries (from 2020),Total,From 15 to 24 years
2011,EU27,F,Y15-29,17.6,European Union - 27 countries (from 2020),Females,From 15 to 29 years
2011,EU27,M,Y15-29,17.7,European Union - 27 countries (from 2020),Males,From 15 to 29 years
2011,EU27,T,Y15-29,17.6,European Union - 27 countries (from 2020),Total,From 15 to 29 years
2011,EU27,F,Y15-74,10.3,European Union - 27 countries (from 2020),Females,From 15 to 74 years
2011,EU27,M,Y15-74,9.9,European Union - 27 countries (from 2020),Males,From 15 to 74 years
2011,EU27,T,Y15-74,10.1,European Union - 27 countries (from 2020),Total,From 15 to 74 years
2011,EU27,F,Y20-64,10.0,European Union - 27 countries (from 2020),Females,From 20 to 64 years
2011,EU27,M,Y20-64,9.6,European Union - 27 countries (from 2020),Males,From 20 to 64 years
2011,EU27,T,Y20-64,9.8,European Union - 27 countries (from 2020),Total,From 20 to 64 years
2011,EU27,F,Y25-54,9.5,European Union - 27 countries (from 2020),Females,From 25 to 54 years
2011,EU27,M,Y25-54,8.8,European Union - 27 countries (from 2020),Males,From 25 to 54 years
2011,EU27,T,Y25-54,9.1,European Union - 27 countries (from 2020),Total,From 25 to 54 years
2011,EU27,F,Y25-74,9.0,European Union - 27 countries (from 2020),Females,From 25 to 74 years
2011,EU27,M,Y25-74,8.5,European Union - 27 countries (from 2020),Males,From 25 to 74 years
2011,EU27,T,Y25-74,8.7,European Union - 27 countries (from 2020),Total,From 25 to 74 years
2011,EU27,F,Y55-74,6.3,European Union - 27 countries (from 2020),Females,From 55 to 74 years
2011,EU27,M,Y55-74,7.0,European Union - 27 countries (from 2020),Males,From 55 to 74 years
2011,EU27,T,Y55-74,6.7,European Union - 27 countries (from 2020),Total,From 55 to 74 years
2011,FR,F,Y15-24,27.3,France,Females,From 15 to 24 years
2011,FR,M,Y15-24,21.4,France,Males,From 15 to 24 years
2011,FR,T,Y15-24,24.1,France,Total,From 15 to 24 years
2011,FR,F,Y15-29,17.8,France,Females,From 15 to 29 years
2011,FR,M,Y15-29,17.1,France,Males,From 15 to 29 years
2011,FR,T,Y15-29,17.4,France,Total,From 15 to 29 years
2011,FR,F,Y15-74,9.5,France,Females,From 15 to 74 years
2011,FR,M,Y15-74,8.9,France,Males,From 15 to 74 years
2011,FR,T,Y15-74,9.2,France,Total,From 15 to 74 years
2011,FR,F,Y20-64,9.0,France,Females,From 20 to 64 years
2011,FR,M,Y20-64,8.5,France,Males,From 20 to 64 years
2011,FR,T,Y20-64,8.7,France,Total,From 20 to 64 years
2011,FR,F,Y25-54,8.0,France,Females,From 25 to 54 years
2011,FR,M,Y25-54,7.7,France,Males,From 25 to 54 years
2011,FR,T,Y25-54,7.9,France,Total,From 25 to 54 years
2011,FR,F,Y25-74,7.6,France,Females,From 25 to 74 years
2011,FR,M,Y25-74,7.5,France,Males,From 25 to 74 years
2011,FR,T,Y25-74,7.6,France,Total,From 25 to 74 years
2011,FR,F,Y55-74,5.5,France,Females,From 55 to 74 years
2011,FR,M,Y55-74,5.8,France,Males,From 55 to 74 years
2011,FR,T,Y55-74,5.7,France,Total,From 55 to 74 years
2011,IT,F,Y15-24,32.2,Italy,Females,From 15 to 24 years
2011,IT,M,Y15-24,27.1,Italy,Males,From 15 to 24 years
2011,IT,T,Y15-24,29.2,Italy,Total,From 15 to 24 years
2011,IT,F,Y15-29,22.9,Italy,Females,From 15 to 29 years
2011,IT,M,Y15-29,19.3,Italy,Males,From 15 to 29 years
2011,IT,T,Y15-29,20.9,Italy,Total,From 15 to 29 years
2011,IT,F,Y15-74,9.7,Italy,Females,From 15 to 74 years
2011,IT,M,Y15-74,7.7,Italy,Males,From 15 to 74 years
2011,IT,T,Y15-74,8.5,Italy,Total,From 15 to 74 years
2011,IT,F,Y20-64,9.3,Italy,Females,From 20 to 64 years
2011,IT,M,Y20-64,7.5,Italy,Males,From 20 to 64 years
2011,IT,T,Y20-64,8.3,Italy,Total,From 20 to 64 years
2011,IT,F,Y25-54,8.9,Italy,Females,From 25 to 54 years
2011,IT,M,Y25-54,6.7,Italy,Males,From 25 to 54 years
2011,IT,T,Y25-54,7.6,Italy,Total,From 25 to 54 years
2011,IT,F,Y25-74,8.1,Italy,Females,From 25 to 74 years
2011,IT,M,Y25-74,6.3,Italy,Males,From 25 to 74 years
2011,IT,T,Y25-74,7.1,Italy,Total,From 25 to 74 years
2011,IT,F,Y55-74,2.6,Italy,Females,From 55 to 74 years
2011,IT,M,Y55-74,4.2,Italy,Males,From 55 to 74 years
2011,IT,T,Y55-74,3.7,Italy,Total,From 55 to 74 years
2011,NL,F,Y15-24,10.2,Netherlands,Females,From 15 to 24 years
2011,NL,M,Y15-24,12.8,Netherlands,Males,From 15 to 24 years
2011,NL,T,Y15-24,11.4,Netherlands,Total,From 15 to 24 years
2011,NL,F,Y15-29,9.2,Netherlands,Females,From 15 to 29 years
2011,NL,M,Y15-29,9.8,Netherlands,Males,From 15 to 29 years
2011,NL,T,Y15-29,9.5,Netherlands,Total,From 15 to 29 years
2011,NL,F,Y15-74,6.6,Netherlands,Females,From 15 to 74 years
2011,NL,M,Y15-74,5.6,Netherlands,Males,From 15 to 74 years
2011,NL,T,Y15-74,6.0,Netherlands,Total,From 15 to 74 years
2011,NL,F,Y20-64,5.8,Netherlands,Females,From 20 to 64 years
2011,NL,M,Y20-64,4.8,Netherlands,Males,From 20 to 64 years
2011,NL,T,Y20-64,5.3,Netherlands,Total,From 20 to 64 years
2011,NL,F,Y25-54,5.6,Netherlands,Females,From 25 to 54 years
2011,NL,M,Y25-54,3.9,Netherlands,Males,From 25 to 54 years
2011,NL,T,Y25-54,4.7,Netherlands,Total,From 25 to 54 years
2011,NL,F,Y25-74,5.7,Netherlands,Females,From 25 to 74 years
2011,NL,M,Y25-74,4.2,Netherlands,Males,From 25 to 74 years
2011,NL,T,Y25-74,4.9,Netherlands,Total,From 25 to 74 years
2011,NL,F,Y55-74,6.5,Netherlands,Females,From 55 to 74 years
2011,NL,M,Y55-74,5.2,Netherlands,Males,From 55 to 74 years
2011,NL,T,Y55-74,5.7,Netherlands,Total,From 55 to 74 years
2011,PL,F,Y15-24,28.6,Poland,Females,From 15 to 24 years
2011,PL,M,Y15-24,24.2,Poland,Males,From 15 to 24 years
2011,PL,T,Y15-24,26.0,Poland,Total,From 15 to 24 years
2011,PL,F,Y15-29,19.8,Poland,Females,From 15 to 29 years
2011,PL,M,Y15-29,16.5,Poland,Males,From 15 to 29 years
2011,PL,T,Y15-29,17.9,Poland,Total,From 15 to 29 years
2011,PL,F,Y15-74,10.7,Poland,Females,From 15 to 74 years
2011,PL,M,Y15-74,9.4,Poland,Males,From 15 to 74 years
2011,PL,T,Y15-74,10.0,Poland,Total,From 15 to 74 years
2011,PL,F,Y20-64,10.5,Poland,Females,From 20 to 64 years
2011,PL,M,Y20-64,9.2,Poland,Males,From 20 to 64 years
2011,PL,T,Y20-64,9.8,Poland,Total,From 20 to 64 years
2011,PL,F,Y25-54,9.3,Poland,Females,From 25 to 54 years
2011,PL,M,Y25-54,7.7,Poland,Males,From 25 to 54 years
2011,PL,T,Y25-54,8.4,Poland,Total,From 25 to 54 years
2011,PL,F,Y25-74,8.9,Poland,Females,From 25 to 74 years
2011,PL,M,Y25-74,7.7,Poland,Males,From 25 to 74 years
2011,PL,T,Y25-74,8.2,Poland,Total,From 25 to 74 years
2011,PL,F,Y55-74,6.3,Poland,Females,From 55 to 74 years
2011,PL,M,Y55-74,7.4,Poland,Males,From 55 to 74 years
2011,PL,T,Y55-74,7.0,Poland,Total,From 55 to 74 years
2011,SE,F,Y15-24,21.7,Sweden,Females,From 15 to 24 years
2011,SE,M,Y15-24,22.4,Sweden,Males,From 15 to 24 years
2011,SE,T,Y15-24,22.1,Sweden,Total,From 15 to 24 years
2011,SE,F,Y15-29,16.8,Sweden,Females,From 15 to 29 years
2011,SE,M,Y15-29,17.0,Sweden,Males,From 15 to 29 years
2011,SE,T,Y15-29,16.9,Sweden,Total,From 15 to 29 years
2011,SE,F,Y15-74,7.9,Sweden,Females,From 15 to 74 years
2011,SE,M,Y15-74,7.9,Sweden,Males,From 15 to 74 years
2011,SE,T,Y15-74,7.9,Sweden,Total,From 15 to 74 years
2011,SE,F,Y20-64,6.8,Sweden,Females,From 20 to 64 years
2011,SE,M,Y20-64,7.1,Sweden,Males,From 20 to 64 years
2011,SE,T,Y20-64,7.0,Sweden,Total,From 20 to 64 years
2011,SE,F,Y25-54,6.1,Sweden,Females,From 25 to 54 years
2011,SE,M,Y25-54,5.9,Sweden,Males,From 25 to 54 years
2011,SE,T,Y25-54,6.0,Sweden,Total,From 25 to 54 years
2011,SE,F,Y25-74,5.7,Sweden,Females,From 25 to 74 years
2011,SE,M,Y25-74,5.7,Sweden,Males,From 25 to 74 years
2011,SE,T,Y25-74,5.7,Sweden,Total,From 25 to 74 years
2011,SE,F,Y55-74,4.4,Sweden,Females,From 55 to 74 years
2011,SE,M,Y55-74,5.3,Sweden,Males,From 55 to 74 years
2011,SE,T,Y55-74,4.9,Sweden,Total,From 55 to 74 years
2012,DE,F,Y15-24,7.8,Germany,Females,From 15 to 24 years
2012,DE,M,Y15-24,9.2,Germany,Males,From 15 to 24 years
2012,DE,T,Y15-24,8.6,Germany,Total,From 15 to 24 years
2012,DE,F,Y15-29,7.1,Germany,Females,From 15 to 29 years
2012,DE,M,Y15-29,8.4,Germany,Males,From 15 to 29 years
2012,DE,T,Y15-29,7.8,Germany,Total,From 15 to 29 years
2012,DE,F,Y15-74,4.9,Germany,Females,From 15 to 74 years
2012,DE,M,Y15-74,5.3,Germany,Males,From 15 to 74 years
2012,DE,T,Y15-74,5.1,Germany,Total,From 15 to 74 years
2012,DE,F,Y20-64,4.8,Germany,Females,From 20 to 64 years
2012,DE,M,Y20-64,5.2,Germany,Males,From 20 to 64 years
2012,DE,T,Y20-64,5.0,Germany,Total,From 20 to 64 years
2012,DE,F,Y25-54,4.5,Germany,Females,From 25 to 54 years
2012,DE,M,Y25-54,4.7,Germany,Males,From 25 to 54 years
2012,DE,T,Y25-54,4.6,Germany,Total,From 25 to 54 years
2012,DE,F,Y25-74,4.5,Germany,Females,From 25 to 74 years
2012,DE,M,Y25-74,4.8,Germany,Males,From 25 to 74 years
2012,DE,T,Y25-74,4.7,Germany,Total,From 25 to 74 years
2012,DE,F,Y55-74,4.8,Germany,Females,From 55 to 74 years
2012,DE,M,Y55-74,5.1,Germany,Males,From 55 to 74 years
2012,DE,T,Y55-74,5.0,Germany,Total,From 55 to 74 years
2012,EA20,F,Y15-24,24.1,Euro area – 20 countries (2023-2025),Females,From 15 to 24 years
2012,EA20,M,Y15-24,24.4,Euro area – 20 countries (2023-2025),Males,From 15 to 24 years
2012,EA20,T,Y15-24,24.3,Euro area – 20 countries (2023-2025),Total,From 15 to 24 years
2012,EA20,F,Y15-29,19.5,Euro area – 20 countries (2023-2025),Females,From 15 to 29 years
2012,EA20,M,Y15-29,20.2,Euro area – 20 countries (2023-2025),Males,From 15 to 29 years
2012,EA20,T,Y15-29,19.9,Euro area – 20 countries (2023-2025),Total,From 15 to 29 years
2012,EA20,F,Y15-74,11.7,Euro area – 20 countries (2023-2025),Females,From 15 to 74 years
2012,EA20,M,Y15-74,11.4,Euro area – 20 countries (2023-2025),Males,From 15 to 74 years
2012,EA20,T,Y15-74,11.5,Euro area – 20 countries (2023-2025),Total,From 15 to 74 years
2012,EA20,F,Y20-64,11.4,Euro area – 20 countries (2023-2025),Females,From 20 to 64 years
2012,EA20,M,Y20-64,11.1,Euro area – 20 countries (2023-2025),Males,From 20 to 64 years
2012,EA20,T,Y20-64,11.3,Euro area – 20 countries (2023-2025),Total,From 20 to 64 years
2012,EA20,F,Y25-54,10.9,Euro area – 20 countries (2023-2025),Females,From 25 to 54 years
2012,EA20,M,Y25-54,10.5,Euro area – 20 countries (2023-2025),Males,From 25 to 54 years
2012,EA20,T,Y25-54,10.7,Euro area – 20 countries (2023-2025),Total,From 25 to 54 years
2012,EA20,F,Y25-74,10.3,Euro area – 20 countries (2023-2025),Females,From 25 to 74 years
2012,EA20,M,Y25-74,10.0,Euro area – 20 countries (2023-2025),Males,From 25 to 74 years
2012,EA20,T,Y25-74,10.2,Euro area – 20 countries (2023-2025),Total,From 25 to 74 years
2012,EA20,F,Y55-74,7.1,Euro area – 20 countries (2023-2025),Females,From 55 to 74 years
2012,EA20,M,Y55-74,7.8,Euro area – 20 countries (2023-2025),Males,From 55 to 74 years
2012,EA20,T,Y55-74,7.5,Euro area – 20 countries (2023-2025),Total,From 55 to 74 years
2012,EL,F,Y15-24,63.4,Greece,Females,From 15 to 24 years
2012,EL,M,Y15-24,49.4,Greece,Males,From 15 to 24 years
2012,EL,T,Y15-24,55.9,Greece,Total,From 15 to 24 years
2012,EL,F,Y15-29,48.5,Greece,Females,From 15 to 29 years
2012,EL,M,Y15-29,40.5,Greece,Males,From 15 to 29 years
2012,EL,T,Y15-29,44.2,Greece,Total,From 15 to 29 years
2012,EL,F,Y15-74,28.6,Greece,Females,From 15 to 74 years
2012,EL,M,Y15-74,21.9,Greece,Males,From 15 to 74 years
2012,EL,T,Y15-74,24.8,Greece,Total,From 15 to 74 years
2012,EL,F,Y20-64,28.3,Greece,Females,From 20 to 64 years
2012,EL,M,Y20-64,21.8,Greece,Males,From 20 to 64 years
2012,EL,T,Y20-64,24.6,Greece,Total,From 20 to 64 years
2012,EL,F,Y25-54,27.5,Greece,Females,From 25 to 54 years
2012,EL,M,Y25-54,21.3,Greece,Males,From 25 to 54 years
2012,EL,T,Y25-54,24.0,Greece,Total,From 25 to 54 years
2012,EL,F,Y25-74,25.9,Greece,Females,From 25 to 74 years
2012,EL,M,Y25-74,20.0,Greece,Males,From 25 to 74 years
2012,EL,T,Y25-74,22.5,Greece,Total,From 25 to 74 years
2012,EL,F,Y55-74,12.8,Greece,Females,From 55 to 74 years
2012,EL,M,Y55-74,13.0,Greece,Males,From 55 to 74 years
2012,EL,T,Y55-74,12.9,Greece,Total,From 55 to 74 years
2012,ES,F,Y15-24,51.4,Spain,Females,From 15 to 24 years
2012,ES,M,Y15-24,54.1,Spain,Males,From 15 to 24 years
2012,ES,T,Y15-24,52.9,Spain,Total,From 15 to 24 years
2012,ES,F,Y15-29,38.3,Spain,Females,From 15 to 29 years
2012,ES,M,Y15-29,42.1,Spain,Males,From 15 to 29 years
2012,ES,T,Y15-29,40.3,Spain,Total,From 15 to 29 years
2012,ES,F,Y15-74,25.1,Spain,Females,From 15 to 74 years
2012,ES,M,Y15-74,24.6,Spain,Males,From 15 to 74 years
2012,ES,T,Y15-74,24.8,Spain,Total,From 15 to 74 years
2012,ES,F,Y20-64,24.6,Spain,Females,From 20 to 64 years
2012,ES,M,Y20-64,24.1,Spain,Males,From 20 to 64 years
2012,ES,T,Y20-64,24.3,Spain,Total,From 20 to 64 years
2012,ES,F,Y25-54,23.6,Spain,Females,From 25 to 54 years
2012,ES,M,Y25-54,23.0,Spain,Males,From 25 to 54 years
2012,ES,T,Y25-54,23.3,Spain,Total,From 25 to 54 years
2012,ES,F,Y25-74,22.8,Spain,Females,From 25 to 74 years
2012,ES,M,Y25-74,22.2,Spain,Males,From 25 to 74 years
2012,ES,T,Y25-74,22.5,Spain,Total,From 25 to 74 years
2012,ES,F,Y55-74,17.2,Spain,Females,From 55 to 74 years
2012,ES,M,Y55-74,17.4,Spain,Males,From 55 to 74 years
2012,ES,T,Y55-74,17.3,Spain,Total,From 55 to 74 years
2012,EU27,F,Y15-24,24.4,European Union - 27 countries (from 2020),Females,From 15 to 24 years
2012,EU27,M,Y15-24,24.5,European Union - 27 countries (from 2020),Males,From 15 to 24 years
2012,EU27,T,Y15-24,24.4,European Union - 27 countries (from 2020),Total,From 15 to 24 years
2012,EU27,F,Y15-29,19.3,European Union - 27 countries (from 2020),Females,From 15 to 29 years
2012,EU27,M,Y15-29,19.6,European Union - 27 countries (from 2020),Males,From 15 to 29 years
2012,EU27,T,Y15-29,19.5,European Union - 27 countries (from 2020),Total,From 15 to 29 years
2012,EU27,F,Y15-74,11.2,European Union - 27 countries (from 2020),Females,From 15 to 74 years
2012,EU27,M,Y15-74,11.0,European Union - 27 countries (from 2020),Males,From 15 to 74 years
2012,EU27,T,Y15-74,11.1,European Union - 27 countries (from 2020),Total,From 15 to 74 years
2012,EU27,F,Y20-64,10.9,European Union - 27 countries (from 2020),Females,From 20 to 64 years
2012,EU27,M,Y20-64,10.7,European Union - 27 countries (from 2020),Males,From 20 to 64 years
2012,EU27,T,Y20-64,10.8,European Union - 27 countries (from 2020),Total,From 20 to 64 years
2012,EU27,F,Y25-54,10.4,European Union - 27 countries (from 2020),Females,From 25 to 54 years
2012,EU27,M,Y25-54,9.9,European Union - 27 countries (from 2020),Males,From 25 to 54 years
2012,EU27,T,Y25-54,10.1,European Union - 27 countries (from 2020),Total,From 25 to 54 years
2012,EU27,F,Y25-74,9.9,European Union - 27 countries (from 2020),Females,From 25 to 74 years
2012,EU27,M,Y25-74,9.5,European Union - 27 countries (from 2020),Males,From 25 to 74 years
2012,EU27,T,Y25-74,9.7,European Union - 27 countries (from 2020),Total,From 25 to 74 years
2012,EU27,F,Y55-74,6.9,European Union - 27 countries (from 2020),Females,From 55 to 74 years
2012,EU27,M,Y55-74,7.6,European Union - 27 countries (from 2020),Males,From 55 to 74 years
2012,EU27,T,Y55-74,7.3,European Union - 27 countries (from 2020),Total,From 55 to 74 years
2012,FR,F,Y15-24,27.9,France,Females,From 15 to 24 years
2012,FR,M,Y15-24,24.1,France,Males,From 15 to 24 years
2012,FR,T,Y15-24,25.8,France,Total,From 15 to 24 years
2012,FR,F,Y15-29,17.8,France,Females,From 15 to 29 years
2012,FR,M,Y15-29,18.7,France,Males,From 15 to 29 years
2012,FR,T,Y15-29,18.3,France,Total,From 15 to 29 years
2012,FR,F,Y15-74,9.7,France,Females,From 15 to 74 years
2012,FR,M,Y15-74,9.8,France,Males,From 15 to 74 years
2012,FR,T,Y15-74,9.8,France,Total,From 15 to 74 years
2012,FR,F,Y20-64,9.2,France,Females,From 20 to 64 years
2012,FR,M,Y20-64,9.3,France,Males,From 20 to 64 years
2012,FR,T,Y20-64,9.3,France,Total,From 20 to 64 years
2012,FR,F,Y25-54,8.3,France,Females,From 25 to 54 years
2012,FR,M,Y25-54,8.5,France,Males,From 25 to 54 years
2012,FR,T,Y25-54,8.4,France,Total,From 25 to 54 years
2012,FR,F,Y25-74,7.9,France,Females,From 25 to 74 years
2012,FR,M,Y25-74,8.2,France,Males,From 25 to 74 years
2012,FR,T,Y25-74,8.1,France,Total,From 25 to 74 years
2012,FR,F,Y55-74,5.8,France,Females,From 55 to 74 years
2012,FR,M,Y55-74,6.4,France,Males,From 55 to 74 years
2012,FR,T,Y55-74,6.1,France,Total,From 55 to 74 years
2012,IT,F,Y15-24,37.6,Italy,Females,From 15 to 24 years
2012,IT,M,Y15-24,33.8,Italy,Males,From 15 to 24 years
2012,IT,T,Y15-24,35.3,Italy,Total,From 15 to 24 years
2012,IT,F,Y15-29,27.2,Italy,Females,From 15 to 29 years
2012,IT,M,Y15-29,24.8,Italy,Males,From 15 to 29 years
2012,IT,T,Y15-29,25.8,Italy,Total,From 15 to 29 years
2012,IT,F,Y15-74,12.0,Italy,Females,From 15 to 74 years
2012,IT,M,Y15-74,10.1,Italy,Males,From 15 to 74 years
2012,IT,T,Y15-74,10.9,Italy,Total,From 15 to 74 years
2012,IT,F,Y20-64,11.6,Italy,Females,From 20 to 64 years
2012,IT,M,Y20-64,9.8,Italy,Males,From 20 to 64 years
2012,IT,T,Y20-64,10.6,Italy,Total,From 20 to 64 years
2012,IT,F,Y25-54,11.1,Italy,Females,From 25 to 54 years
2012,IT,M,Y25-54,8.8,Italy,Males,From 25 to 54 years
2012,IT,T,Y25-54,9.8,Italy,Total,From 25 to 54 years
2012,IT,F,Y25-74,10.2,Italy,Females,From 25 to 74 years
2012,IT,M,Y25-74,8.3,Italy,Males,From 25 to 74 years
2012,IT,T,Y25-74,9.1,Italy,Total,From 25 to 74 years
2012,IT,F,Y55-74,4.2,Italy,Females,From 55 to 74 years
2012,IT,M,Y55-74,5.5,Italy,Males,From 55 to 74 years
2012,IT,T,Y55-74,5.0,Italy,Total,From 55 to 74 years
2012,NL,F,Y15-24,12.0,Netherlands,Females,From 15 to 24 years
2012,NL,M,Y15-24,13.9,Netherlands,Males,From 15 to 24 years
2012,NL,T,Y15-24,12.9,Netherlands,Total,From 15 to 24 years
2012,NL,F,Y15-29,11.0,Netherlands,Females,From 15 to 29 years
2012,NL,M,Y15-29,10.8,Netherlands,Males,From 15 to 29 years
2012,NL,T,Y15-29,10.9,Netherlands,Total,From 15 to 29 years
2012,NL,F,Y15-74,7.4,Netherlands,Females,From 15 to 74 years
2012,NL,M,Y15-74,6.4,Netherlands,Males,From 15 to 74 years
2012,NL,T,Y15-74,6.8,Netherlands,Total,From 15 to 74 years
2012,NL,F,Y20-64,6.5,Netherlands,Females,From 20 to 64 years
2012,NL,M,Y20-64,5.6,Netherlands,Males,From 20 to 64 years
2012,NL,T,Y20-64,6.0,Netherlands,Total,From 20 to 64 years
2012,NL,F,Y25-54,6.2,Netherlands,Females,From 25 to 54 years
2012,NL,M,Y25-54,4.7,Netherlands,Males,From 25 to 54 years
2012,NL,T,Y25-54,5.4,Netherlands,Total,From 25 to 54 years
2012,NL,F,Y25-74,6.3,Netherlands,Females,From 25 to 74 years
2012,NL,M,Y25-74,5.0,Netherlands,Males,From 25 to 74 years
2012,NL,T,Y25-74,5.6,Netherlands,Total,From 25 to 74 years
2012,NL,F,Y55-74,6.7,Netherlands,Females,From 55 to 74 years
2012,NL,M,Y55-74,5.9,Netherlands,Males,From 55 to 74 years
2012,NL,T,Y55-74,6.2,Netherlands,Total,From 55 to 74 years
2012,PL,F,Y15-24,30.0,Poland,Females,From 15 to 24 years
2012,PL,M,Y15-24,24.5,Poland,Males,From 15 to 24 years
2012,PL,T,Y15-24,26.8,Poland,Total,From 15 to 24 years
2012,PL,F,Y15-29,21.2,Poland,Females,From 15 to 29 years
2012,PL,M,Y15-29,16.9,Poland,Males,From 15 to 29 years
2012,PL,T,Y15-29,18.8,Poland,Total,From 15 to 29 years
2012,PL,F,Y15-74,11.2,Poland,Females,From 15 to 74 years
2012,PL,M,Y15-74,9.7,Poland,Males,From 15 to 74 years
2012,PL,T,Y15-74,10.4,Poland,Total,From 15 to 74 years
2012,PL,F,Y20-64,11.0,Poland,Females,From 20 to 64 years
2012,PL,M,Y20-64,9.6,Poland,Males,From 20 to 64 years
2012,PL,T,Y20-64,10.2,Poland,Total,From 20 to 64 years
2012,PL,F,Y25-54,9.8,Poland,Females,From 25 to 54 years
2012,PL,M,Y25-54,8.2,Poland,Males,From 25 to 54 years
2012,PL,T,Y25-54,8.9,Poland,Total,From 25 to 54 years
2012,PL,F,Y25-74,9.4,Poland,Females,From 25 to 74 years
2012,PL,M,Y25-74,8.1,Poland,Males,From 25 to 74 years
2012,PL,T,Y25-74,8.7,Poland,Total,From 25 to 74 years
2012,PL,F,Y55-74,6.7,Poland,Females,From 55 to 74 years
2012,PL,M,Y55-74,8.0,Poland,Males,From 55 to 74 years
2012,PL,T,Y55-74,7.5,Poland,Total,From 55 to 74 years
2012,SE,F,Y15-24,21.7,Sweden,Females,From 15 to 24 years
2012,SE,M,Y15-24,24.1,Sweden,Males,From 15 to 24 years
2012,SE,T,Y15-24,22.9,Sweden,Total,From 15 to 24 years
2012,SE,F,Y15-29,16.8,Sweden,Females,From 15 to 29 years
2012,SE,M,Y15-29,18.3,Sweden,Males,From 15 to 29 years
2012,SE,T,Y15-29,17.6,Sweden,Total,From 15 to 29 years
2012,SE,F,Y15-74,7.9,Sweden,Females,From 15 to 74 years
2012,SE,M,Y15-74,8.3,Sweden,Males,From 15 to 74 years
2012,SE,T,Y15-74,8.1,Sweden,Total,From 15 to 74 years
2012,SE,F,Y20-64,6.8,Sweden,Females,From 20 to 64 years
2012,SE,M,Y20-64,7.6,Sweden,Males,From 20 to 64 years
2012,SE,T,Y20-64,7.2,Sweden,Total,From 20 to 64 years
2012,SE,F,Y25-54,6.0,Sweden,Females,From 25 to 54 years
2012,SE,M,Y25-54,6.3,Sweden,Males,From 25 to 54 years
2012,SE,T,Y25-54,6.2,Sweden,Total,From 25 to 54 years
2012,SE,F,Y25-74,5.7,Sweden,Females,From 25 to 74 years
2012,SE,M,Y25-74,6.0,Sweden,Males,From 25 to 74 years
2012,SE,T,Y25-74,5.9,Sweden,Total,From 25 to 74 years
2012,SE,F,Y55-74,4.6,Sweden,Females,From 55 to 74 years
2012,SE,M,Y55-74,5.1,Sweden,Males,From 55 to 74 years
2012,SE,T,Y55-74,4.9,Sweden,Total,From 55 to 74 years
2013,DE,F,Y15-24,7.6,Germany,Females,From 15 to 24 years
2013,DE,M,Y15-24,9.0,Germany,Males,From 15 to 24 years
2013,DE,T,Y15-24,8.3,Germany,Total,From 15 to 24 years
2013,DE,F,Y15-29,7.0,Germany,Females,From 15 to 29 years
2013,DE,M,Y15-29,8.4,Germany,Males,From 15 to 29 years
2013,DE,T,Y15-29,7.8,Germany,Total,From 15 to 29 years
2013,DE,F,Y15-74,4.6,Germany,Females,From 15 to 74 years
2013,DE,M,Y15-74,5.2,Germany,Males,From 15 to 74 years
2013,DE,T,Y15-74,4.9,Germany,Total,From 15 to 74 years
2013,DE,F,Y20-64,4.6,Germany,Females,From 20 to 64 years
2013,DE,M,Y20-64,5.2,Germany,Males,From 20 to 64 years
2013,DE,T,Y20-64,4.9,Germany,Total,From 20 to 64 years
2013,DE,F,Y25-54,4.2,Germany,Females,From 25 to 54 years
2013,DE,M,Y25-54,4.7,Germany,Males,From 25 to 54 years
2013,DE,T,Y25-54,4.5,Germany,Total,From 25 to 54 years
2013,DE,F,Y25-74,4.3,Germany,Females,From 25 to 74 years
2013,DE,M,Y25-74,4.8,Germany,Males,From 25 to 74 years
2013,DE,T,Y25-74,4.5,Germany,Total,From 25 to 74 years
2013,DE,F,Y55-74,4.5,Germany,Females,From 55 to 74 years
2013,DE,M,Y55-74,5.1,Germany,Males,From 55 to 74 years
2013,DE,T,Y55-74,4.8,Germany,Total,From 55 to 74 years
2013,EA20,F,Y15-24,25.1,Euro area – 20 countries (2023-2025),Females,From 15 to 24 years
2013,EA20,M,Y15-24,25.3,Euro area – 20 countries (2023-2025),Males,From 15 to 24 years
2013,EA20,T,Y15-24,25.2,Euro area – 20 countries (2023-2025),Total,From 15 to 24 years
2013,EA20,F,Y15-29,20.5,Euro area – 20 countries (2023-2025),Females,From 15 to 29 years
2013,EA20,M,Y15-29,21.2,Euro area – 20 countries (2023-2025),Males,From 15 to 29 years
2013,EA20,T,Y15-29,20.9,Euro area – 20 countries (2023-2025),Total,From 15 to 29 years
2013,EA20,F,Y15-74,12.3,Euro area – 20 countries (2023-2025),Females,From 15 to 74 years
2013,EA20,M,Y15-74,12.1,Euro area – 20 countries (2023-2025),Males,From 15 to 74 years
2013,EA20,T,Y15-74,12.2,Euro area – 20 countries (2023-2025),Total,From 15 to 74 years
2013,EA20,F,Y20-64,12.0,Euro area – 20 countries (2023-2025),Females,From 20 to 64 years
2013,EA20,M,Y20-64,11.9,Euro area – 20 countries (2023-2025),Males,From 20 to 64 years
2013,EA20,T,Y20-64,11.9,Euro area – 20 countries (2023-2025),Total,From 20 to 64 years
2013,EA20,F,Y25-54,11.6,Euro area – 20 countries (2023-2025),Females,From 25 to 54 years
2013,EA20,M,Y25-54,11.2,Euro area – 20 countries (2023-2025),Males,From 25 to 54 years
2013,EA20,T,Y25-54,11.4,Euro area – 20 countries (2023-2025),Total,From 25 to 54 years
2013,EA20,F,Y25-74,10.9,Euro area – 20 countries (2023-2025),Females,From 25 to 74 years
2013,EA20,M,Y25-74,10.7,Euro area – 20 countries (2023-2025),Males,From 25 to 74 years
2013,EA20,T,Y25-74,10.8,Euro area – 20 countries (2023-2025),Total,From 25 to 74 years
2013,EA20,F,Y55-74,7.4,Euro area – 20 countries (2023-2025),Females,From 55 to 74 years
2013,EA20,M,Y55-74,8.5,Euro area – 20 countries (2023-2025),Males,From 55 to 74 years
2013,EA20,T,Y55-74,8.0,Euro area – 20 countries (2023-2025),Total,From 55 to 74 years
2013,EL,F,Y15-24,64.6,Greece,Females,From 15 to 24 years
2013,EL,M,Y15-24,54.9,Greece,Males,From 15 to 24 years
2013,EL,T,Y15-24,59.2,Greece,Total,From 15 to 24 years
2013,EL,F,Y15-29,52.8,Greece,Females,From 15 to 29 years
2013,EL,M,Y15-29,45.9,Greece,Males,From 15 to 29 years
2013,EL,T,Y15-29,49.1,Greece,Total,From 15 to 29 years
2013,EL,F,Y15-74,31.7,Greece,Females,From 15 to 74 years
2013,EL,M,Y15-74,24.8,Greece,Males,From 15 to 74 years
2013,EL,T,Y15-74,27.8,Greece,Total,From 15 to 74 years
2013,EL,F,Y20-64,31.5,Greece,Females,From 20 to 64 years
2013,EL,M,Y20-64,24.6,Greece,Males,From 20 to 64 years
2013,EL,T,Y20-64,27.6,Greece,Total,From 20 to 64 years
2013,EL,F,Y25-54,31.2,Greece,Females,From 25 to 54 years
2013,EL,M,Y25-54,24.0,Greece,Males,From 25 to 54 years
2013,EL,T,Y25-54,27.2,Greece,Total,From 25 to 54 years
2013,EL,F,Y25-74,29.3,Greece,Females,From 25 to 74 years
2013,EL,M,Y25-74,22.7,Greece,Males,From 25 to 74 years
2013,EL,T,Y25-74,25.6,Greece,Total,From 25 to 74 years
2013,EL,F,Y55-74,15.4,Greece,Females,From 55 to 74 years
2013,EL,M,Y55-74,16.2,Greece,Males,From 55 to 74 years
2013,EL,T,Y55-74,15.9,Greece,Total,From 55 to 74 years
2013,ES,F,Y15-24,54.6,Spain,Females,From 15 to 24 years
2013,ES,M,Y15-24,56.2,Spain,Males,From 15 to 24 years
2013,ES,T,Y15-24,55.5,Spain,Total,From 15 to 24 years
2013,ES,F,Y15-29,41.1,Spain,Females,From 15 to 29 years
2013,ES,M,Y15-29,43.7,Spain,Males,From 15 to 29 years
2013,ES,T,Y15-29,42.4,Spain,Total,From 15 to 29 years
2013,ES,F,Y15-74,26.7,Spain,Females,From 15 to 74 years
2013,ES,M,Y15-74,25.6,Spain,Males,From 15 to 74 years
2013,ES,T,Y15-74,26.1,Spain,Total,From 15 to 74 years
2013,ES,F,Y20-64,26.2,Spain,Females,From 20 to 64 years
2013,ES,M,Y20-64,25.1,Spain,Males,From 20 to 64 years
2013,ES,T,Y20-64,25.6,Spain,Total,From 20 to 64 years
2013,ES,F,Y25-54,25.2,Spain,Females,From 25 to 54 years
2013,ES,M,Y25-54,23.8,Spain,Males,From 25 to 54 years
2013,ES,T,Y25-54,24.5,Spain,Total,From 25 to 54 years
2013,ES,F,Y25-74,24.4,Spain,Females,From 25 to 74 years
2013,ES,M,Y25-74,23.2,Spain,Males,From 25 to 74 years
2013,ES,T,Y25-74,23.8,Spain,Total,From 25 to 74 years
2013,ES,F,Y55-74,19.1,Spain,Females,From 55 to 74 years
2013,ES,M,Y55-74,19.7,Spain,Males,From 55 to 74 years
2013,ES,T,Y55-74,19.4,Spain,Total,From 55 to 74 years
2013,EU27,F,Y15-24,25.2,European Union - 27 countries (from 2020),Females,From 15 to 24 years
2013,EU27,M,Y15-24,25.2,European Union - 27 countries (from 2020),Males,From 15 to 24 years
2013,EU27,T,Y15-24,25.2,European Union - 27 countries (from 2020),Total,From 15 to 24 years
2013,EU27,F,Y15-29,20.1,European Union - 27 countries (from 2020),Females,From 15 to 29 years
2013,EU27,M,Y15-29,20.4,European Union - 27 countries (from 2020),Males,From 15 to 29 years
2013,EU27,T,Y15-29,20.2,European Union - 27 countries (from 2020),Total,From 15 to 29 years
2013,EU27,F,Y15-74,11.7,European Union - 27 countries (from 2020),Females,From 15 to 74 years
2013,EU27,M,Y15-74,11.5,European Union - 27 countries (from 2020),Males,From 15 to 74 years
2013,EU27,T,Y15-74,11.6,European Union - 27 countries (from 2020),Total,From 15 to 74 years
2013,EU27,F,Y20-64,11.5,European Union - 27 countries (from 2020),Females,From 20 to 64 years
2013,EU27,M,Y20-64,11.3,European Union - 27 countries (from 2020),Males,From 20 to 64 years
2013,EU27,T,Y20-64,11.4,European Union - 27 countries (from 2020),Total,From 20 to 64 years
2013,EU27,F,Y25-54,11.0,European Union - 27 countries (from 2020),Females,From 25 to 54 years
2013,EU27,M,Y25-54,10.5,European Union - 27 countries (from 2020),Males,From 25 to 54 years
2013,EU27,T,Y25-54,10.7,European Union - 27 countries (from 2020),Total,From 25 to 54 years
2013,EU27,F,Y25-74,10.4,European Union - 27 countries (from 2020),Females,From 25 to 74 years
2013,EU27,M,Y25-74,10.1,European Union - 27 countries (from 2020),Males,From 25 to 74 years
2013,EU27,T,Y25-74,10.2,European Union - 27 countries (from 2020),Total,From 25 to 74 years
2013,EU27,F,Y55-74,7.2,European Union - 27 countries (from 2020),Females,From 55 to 74 years
2013,EU27,M,Y55-74,8.2,European Union - 27 countries (from 2020),Males,From 55 to 74 years
2013,EU27,T,Y55-74,7.8,European Union - 27 countries (from 2020),Total,From 55 to 74 years
2013,FR,F,Y15-24,29.5,France,Females,From 15 to 24 years
2013,FR,M,Y15-24,23.8,France,Males,From 15 to 24 years
2013,FR,T,Y15-24,26.4,France,Total,From 15 to 24 years
2013,FR,F,Y15-29,19.0,France,Females,From 15 to 29 years
2013,FR,M,Y15-29,19.2,France,Males,From 15 to 29 years
2013,FR,T,Y15-29,19.1,France,Total,From 15 to 29 years
2013,FR,F,Y15-74,10.2,France,Females,From 15 to 74 years
2013,FR,M,Y15-74,10.4,France,Males,From 15 to 74 years
2013,FR,T,Y15-74,10.3,France,Total,From 15 to 74 years
2013,FR,F,Y20-64,9.6,France,Females,From 20 to 64 years
2013,FR,M,Y20-64,10.0,France,Males,From 20 to 64 years
2013,FR,T,Y20-64,9.8,France,Total,From 20 to 64 years
2013,FR,F,Y25-54,8.7,France,Females,From 25 to 54 years
2013,FR,M,Y25-54,9.2,France,Males,From 25 to 54 years
2013,FR,T,Y25-54,8.9,France,Total,From 25 to 54 years
2013,FR,F,Y25-74,8.3,France,Females,From 25 to 74 years
2013,FR,M,Y25-74,8.9,France,Males,From 25 to 74 years
2013,FR,T,Y25-74,8.6,France,Total,From 25 to 74 years
2013,FR,F,Y55-74,6.4,France,Females,From 55 to 74 years
2013,FR,M,Y55-74,7.5,France,Males,From 55 to 74 years
2013,FR,T,Y55-74,6.9,France,Total,From 55 to 74 years
2013,IT,F,Y15-24,41.4,Italy,Females,From 15 to 24 years
2013,IT,M,Y15-24,39.0,Italy,Males,From 15 to 24 years
2013,IT,T,Y15-24,40.0,Italy,Total,From 15 to 24 years
2013,IT,F,Y15-29,31.6,Italy,Females,From 15 to 29 years
2013,IT,M,Y15-29,29.0,Italy,Males,From 15 to 29 years
2013,IT,T,Y15-29,30.1,Italy,Total,From 15 to 29 years
2013,IT,F,Y15-74,13.2,Italy,Females,From 15 to 74 years
2013,IT,M,Y15-74,11.7,Italy,Males,From 15 to 74 years
2013,IT,T,Y15-74,12.4,Italy,Total,From 15 to 74 years
2013,IT,F,Y20-64,12.9,Italy,Females,From 20 to 64 years
2013,IT,M,Y20-64,11.5,Italy,Males,From 20 to 64 years
2013,IT,T,Y20-64,12.1,Italy,Total,From 20 to 64 years
2013,IT,F,Y25-54,12.5,Italy,Females,From 25 to 54 years
2013,IT,M,Y25-54,10.5,Italy,Males,From 25 to 54 years
2013,IT,T,Y25-54,11.4,Italy,Total,From 25 to 54 years
2013,IT,F,Y25-74,11.3,Italy,Females,From 25 to 74 years
2013,IT,M,Y25-74,9.8,Italy,Males,From 25 to 74 years
2013,IT,T,Y25-74,10.5,Italy,Total,From 25 to 74 years
2013,IT,F,Y55-74,4.1,Italy,Females,From 55 to 74 years
2013,IT,M,Y55-74,6.3,Italy,Males,From 55 to 74 years
2013,IT,T,Y55-74,5.4,Italy,Total,From 55 to 74 years
2013,NL,F,Y15-24,13.0,Netherlands,Females,From 15 to 24 years
2013,NL,M,Y15-24,15.4,Netherlands,Males,From 15 to 24 years
2013,NL,T,Y15-24,14.2,Netherlands,Total,From 15 to 24 years
2013,NL,F,Y15-29,12.0,Netherlands,Females,From 15 to 29 years
2013,NL,M,Y15-29,12.6,Netherlands,Males,From 15 to 29 years
2013,NL,T,Y15-29,12.3,Netherlands,Total,From 15 to 29 years
2013,NL,F,Y15-74,8.4,Netherlands,Females,From 15 to 74 years
2013,NL,M,Y15-74,8.1,Netherlands,Males,From 15 to 74 years
2013,NL,T,Y15-74,8.2,Netherlands,Total,From 15 to 74 years
2013,NL,F,Y20-64,7.6,Netherlands,Females,From 20 to 64 years
2013,NL,M,Y20-64,7.4,Netherlands,Males,From 20 to 64 years
2013,NL,T,Y20-64,7.5,Netherlands,Total,From 20 to 64 years
2013,NL,F,Y25-54,7.3,Netherlands,Females,From 25 to 54 years
2013,NL,M,Y25-54,6.4,Netherlands,Males,From 25 to 54 years
2013,NL,T,Y25-54,6.8,Netherlands,Total,From 25 to 54 years
2013,NL,F,Y25-74,7.3,Netherlands,Females,From 25 to 74 years
2013,NL,M,Y25-74,6.7,Netherlands,Males,From 25 to 74 years
2013,NL,T,Y25-74,7.0,Netherlands,Total,From 25 to 74 years
2013,NL,F,Y55-74,7.6,Netherlands,Females,From 55 to 74 years
2013,NL,M,Y55-74,7.6,Netherlands,Males,From 55 to 74 years
2013,NL,T,Y55-74,7.6,Netherlands,Total,From 55 to 74 years
2013,PL,F,Y15-24,30.2,Poland,Females,From 15 to 24 years
2013,PL,M,Y15-24,25.8,Poland,Males,From 15 to 24 years
2013,PL,T,Y15-24,27.6,Poland,Total,From 15 to 24 years
2013,PL,F,Y15-29,21.3,Poland,Females,From 15 to 29 years
2013,PL,M,Y15-29,17.8,Poland,Males,From 15 to 29 years
2013,PL,T,Y15-29,19.3,Poland,Total,From 15 to 29 years
2013,PL,F,Y15-74,11.4,Poland,Females,From 15 to 74 years
2013,PL,M,Y15-74,10.0,Poland,Males,From 15 to 74 years
2013,PL,T,Y15-74,10.6,Poland,Total,From 15 to 74 years
2013,PL,F,Y20-64,11.2,Poland,Females,From 20 to 64 years
2013,PL,M,Y20-64,9.9,Poland,Males,From 20 to 64 years
2013,PL,T,Y20-64,10.5,Poland,Total,From 20 to 64 years
2013,PL,F,Y25-54,10.2,Poland,Females,From 25 to 54 years
2013,PL,M,Y25-54,8.4,Poland,Males,From 25 to 54 years
2013,PL,T,Y25-54,9.2,Poland,Total,From 25 to 54 years
2013,PL,F,Y25-74,9.7,Poland,Females,From 25 to 74 years
2013,PL,M,Y25-74,8.4,Poland,Males,From 25 to 74 years
2013,PL,T,Y25-74,9.0,Poland,Total,From 25 to 74 years
2013,PL,F,Y55-74,7.0,Poland,Females,From 55 to 74 years
2013,PL,M,Y55-74,8.3,Poland,Males,From 55 to 74 years
2013,PL,T,Y55-74,7.7,Poland,Total,From 55 to 74 years
2013,SE,F,Y15-24,21.8,Sweden,Females,From 15 to 24 years
2013,SE,M,Y15-24,23.9,Sweden,Males,From 15 to 24 years
2013,SE,T,Y15-24,22.8,Sweden,Total,From 15 to 24 years
2013,SE,F,Y15-29,16.9,Sweden,Females,From 15 to 29 years
2013,SE,M,Y15-29,17.9,Sweden,Males,From 15 to 29 years
2013,SE,T,Y15-29,17.4,Sweden,Total,From 15 to 29 years
2013,SE,F,Y15-74,8.0,Sweden,Females,From 15 to 74 years
2013,SE,M,Y15-74,8.3,Sweden,Males,From 15 to 74 years
2013,SE,T,Y15-74,8.1,Sweden,Total,From 15 to 74 years
2013,SE,F,Y20-64,7.0,Sweden,Females,From 20 to 64 years
2013,SE,M,Y20-64,7.5,Sweden,Males,From 20 to 64 years
2013,SE,T,Y20-64,7.3,Sweden,Total,From 20 to 64 years
2013,SE,F,Y25-54,6.4,Sweden,Females,From 25 to 54 years
2013,SE,M,Y25-54,6.3,Sweden,Males,From 25 to 54 years
2013,SE,T,Y25-54,6.3,Sweden,Total,From 25 to 54 years
2013,SE,F,Y25-74,5.8,Sweden,Females,From 25 to 74 years
2013,SE,M,Y25-74,6.0,Sweden,Males,From 25 to 74 years
2013,SE,T,Y25-74,5.9,Sweden,Total,From 25 to 74 years
2013,SE,F,Y55-74,4.1,Sweden,Females,From 55 to 74 years
2013,SE,M,Y55-74,5.2,Sweden,Males,From 55 to 74 years
2013,SE,T,Y55-74,4.7,Sweden,Total,From 55 to 74 years
2014,DE,F,Y15-24,7.6,Germany,Females,From 15 to 24 years
2014,DE,M,Y15-24,8.8,Germany,Males,From 15 to 24 years
2014,DE,T,Y15-24,8.2,Germany,Total,From 15 to 24 years
2014,DE,F,Y15-29,6.6,Germany,Females,From 15 to 29 years
2014,DE,M,Y15-29,8.1,Germany,Males,From 15 to 29 years
2014,DE,T,Y15-29,7.4,Germany,Total,From 15 to 29 years
2014,DE,F,Y15-74,4.4,Germany,Females,From 15 to 74 years
2014,DE,M,Y15-74,5.0,Germany,Males,From 15 to 74 years
2014,DE,T,Y15-74,4.7,Germany,Total,From 15 to 74 years
2014,DE,F,Y20-64,4.3,Germany,Females,From 20 to 64 years
2014,DE,M,Y20-64,5.0,Germany,Males,From 20 to 64 years
2014,DE,T,Y20-64,4.7,Germany,Total,From 20 to 64 years
2014,DE,F,Y25-54,4.0,Germany,Females,From 25 to 54 years
2014,DE,M,Y25-54,4.6,Germany,Males,From 25 to 54 years
2014,DE,T,Y25-54,4.3,Germany,Total,From 25 to 54 years
2014,DE,F,Y25-74,4.0,Germany,Females,From 25 to 74 years
2014,DE,M,Y25-74,4.6,Germany,Males,From 25 to 74 years
2014,DE,T,Y25-74,4.3,Germany,Total,From 25 to 74 years
2014,DE,F,Y55-74,4.0,Germany,Females,From 55 to 74 years
2014,DE,M,Y55-74,4.6,Germany,Males,From 55 to 74 years
2014,DE,T,Y55-74,4.3,Germany,Total,From 55 to 74 years
2014,EA20,F,Y15-24,24.3,Euro area – 20 countries (2023-2025),Females,From 15 to 24 years
2014,EA20,M,Y15-24,24.6,Euro area – 20 countries (2023-2025),Males,From 15 to 24 years
2014,EA20,T,Y15-24,24.5,Euro area – 20 countries (2023-2025),Total,From 15 to 24 years
2014,EA20,F,Y15-29,19.7,Euro area – 20 countries (2023-2025),Females,From 15 to 29 years
2014,EA20,M,Y15-29,20.4,Euro area – 20 countries (2023-2025),Males,From 15 to 29 years
2014,EA20,T,Y15-29,20.1,Euro area – 20 countries (2023-2025),Total,From 15 to 29 years
2014,EA20,F,Y15-74,11.9,Euro area – 20 countries (2023-2025),Females,From 15 to 74 years
2014,EA20,M,Y15-74,11.6,Euro area – 20 countries (2023-2025),Males,From 15 to 74 years
2014,EA20,T,Y15-74,11.7,Euro area – 20 countries (2023-2025),Total,From 15 to 74 years
2014,EA20,F,Y20-64,11.7,Euro area – 20 countries (2023-2025),Females,From 20 to 64 years
2014,EA20,M,Y20-64,11.4,Euro area – 20 countries (2023-2025),Males,From 20 to 64 years
2014,EA20,T,Y20-64,11.5,Euro area – 20 countries (2023-2025),Total,From 20 to 64 years
2014,EA20,F,Y25-54,11.4,Euro area – 20 countries (2023-2025),Females,From 25 to 54 years
2014,EA20,M,Y25-54,10.7,Euro area – 20 countries (2023-2025),Males,From 25 to 54 years
2014,EA20,T,Y25-54,11.0,Euro area – 20 countries (2023-2025),Total,From 25 to 54 years
2014,EA20,F,Y25-74,10.7,Euro area – 20 countries (2023-2025),Females,From 25 to 74 years
2014,EA20,M,Y25-74,10.3,Euro area – 20 countries (2023-2025),Males,From 25 to 74 years
2014,EA20,T,Y25-74,10.5,Euro area – 20 countries (2023-2025),Total,From 25 to 74 years
2014,EA20,F,Y55-74,7.3,Euro area – 20 countries (2023-2025),Females,From 55 to 74 years
2014,EA20,M,Y55-74,8.4,Euro area – 20 countries (2023-2025),Males,From 55 to 74 years
2014,EA20,T,Y55-74,7.9,Euro area – 20 countries (2023-2025),Total,From 55 to 74 years
2014,EL,F,Y15-24,58.5,Greece,Females,From 15 to 24 years
2014,EL,M,Y15-24,48.1,Greece,Males,From 15 to 24 years
2014,EL,T,Y15-24,53.0,Greece,Total,From 15 to 24 years
2014,EL,F,Y15-29,48.7,Greece,Females,From 15 to 29 years
2014,EL,M,Y15-29,41.9,Greece,Males,From 15 to 29 years
2014,EL,T,Y15-29,45.1,Greece,Total,From 15 to 29 years
2014,EL,F,Y15-74,30.4,Greece,Females,From 15 to 74 years
2014,EL,M,Y15-74,23.7,Greece,Males,From 15 to 74 years
2014,EL,T,Y15-74,26.6,Greece,Total,From 15 to 74 years
2014,EL,F,Y20-64,30.3,Greece,Females,From 20 to 64 years
2014,EL,M,Y20-64,23.6,Greece,Males,From 20 to 64 years
2014,EL,T,Y20-64,26.5,Greece,Total,From 20 to 64 years
2014,EL,F,Y25-54,30.0,Greece,Females,From 25 to 54 years
2014,EL,M,Y25-54,23.0,Greece,Males,From 25 to 54 years
2014,EL,T,Y25-54,26.1,Greece,Total,From 25 to 54 years
2014,EL,F,Y25-74,28.3,Greece,Females,From 25 to 74 years
2014,EL,M,Y25-74,22.1,Greece,Males,From 25 to 74 years
2014,EL,T,Y25-74,24.8,Greece,Total,From 25 to 74 years
2014,EL,F,Y55-74,15.8,Greece,Females,From 55 to 74 years
2014,EL,M,Y55-74,17.4,Greece,Males,From 55 to 74 years
2014,EL,T,Y55-74,16.8,Greece,Total,From 55 to 74 years
2014,ES,F,Y15-24,52.9,Spain,Females,From 15 to 24 years
2014,ES,M,Y15-24,53.4,Spain,Males,From 15 to 24 years
2014,ES,T,Y15-24,53.2,Spain,Total,From 15 to 24 years
2014,ES,F,Y15-29,39.1,Spain,Females,From 15 to 29 years
2014,ES,M,Y15-29,40.2,Spain,Males,From 15 to 29 years
2014,ES,T,Y15-29,39.7,Spain,Total,From 15 to 29 years
2014,ES,F,Y15-74,25.4,Spain,Females,From 15 to 74 years
2014,ES,M,Y15-74,23.6,Spain,Males,From 15 to 74 years
2014,ES,T,Y15-74,24.5,Spain,Total,From 15 to 74 years
2014,ES,F,Y20-64,25.0,Spain,Females,From 20 to 64 years
2014,ES,M,Y20-64,23.2,Spain,Males,From 20 to 64 years
2014,ES,T,Y20-64,24.1,Spain,Total,From 20 to 64 years
2014,ES,F,Y25-54,24.1,Spain,Females,From 25 to 54 years
2014,ES,M,Y25-54,21.7,Spain,Males,From 25 to 54 years
2014,ES,T,Y25-54,22.8,Spain,Total,From 25 to 54 years
2014,ES,F,Y25-74,23.4,Spain,Females,From 25 to 74 years
2014,ES,M,Y25-74,21.4,Spain,Males,From 25 to 74 years
2014,ES,T,Y25-74,22.3,Spain,Total,From 25 to 74 years
2014,ES,F,Y55-74,18.9,Spain,Females,From 55 to 74 years
2014,ES,M,Y55-74,19.8,Spain,Males,From 55 to 74 years
2014,ES,T,Y55-74,19.4,Spain,Total,From 55 to 74 years
2014,EU27,F,Y15-24,24.0,European Union - 27 countries (from 2020),Females,From 15 to 24 years
2014,EU27,M,Y15-24,24.2,European Union - 27 countries (from 2020),Males,From 15 to 24 years
2014,EU27,T,Y15-24,24.1,European Union - 27 countries (from 2020),Total,From 15 to 24 years
2014,EU27,F,Y15-29,18.9,European Union - 27 countries (from 2020),Females,From 15 to 29 years
2014,EU27,M,Y15-29,19.3,European Union - 27 countries (from 2020),Males,From 15 to 29 years
2014,EU27,T,Y15-29,19.2,European Union - 27 countries (from 2020),Total,From 15 to 29 years
2014,EU27,F,Y15-74,11.2,European Union - 27 countries (from 2020),Females,From 15 to 74 years
2014,EU27,M,Y15-74,10.9,European Union - 27 countries (from 2020),Males,From 15 to 74 years
2014,EU27,T,Y15-74,11.0,European Union - 27 countries (from 2020),Total,From 15 to 74 years
2014,EU27,F,Y20-64,11.0,European Union - 27 countries (from 2020),Females,From 20 to 64 years
2014,EU27,M,Y20-64,10.7,European Union - 27 countries (from 2020),Males,From 20 to 64 years
2014,EU27,T,Y20-64,10.8,European Union - 27 countries (from 2020),Total,From 20 to 64 years
2014,EU27,F,Y25-54,10.6,European Union - 27 countries (from 2020),Females,From 25 to 54 years
2014,EU27,M,Y25-54,9.9,European Union - 27 countries (from 2020),Males,From 25 to 54 years
2014,EU27,T,Y25-54,10.2,European Union - 27 countries (from 2020),Total,From 25 to 54 years
2014,EU27,F,Y25-74,10.0,European Union - 27 countries (from 2020),Females,From 25 to 74 years
2014,EU27,M,Y25-74,9.5,European Union - 27 countries (from 2020),Males,From 25 to 74 years
2014,EU27,T,Y25-74,9.7,European Union - 27 countries (from 2020),Total,From 25 to 74 years
2014,EU27,F,Y55-74,7.0,European Union - 27 countries (from 2020),Females,From 55 to 74 years
2014,EU27,M,Y55-74,8.0,European Union - 27 countries (from 2020),Males,From 55 to 74 years
2014,EU27,T,Y55-74,7.5,European Union - 27 countries (from 2020),Total,From 55 to 74 years
2014,FR,F,Y15-24,27.2,France,Females,From 15 to 24 years
2014,FR,M,Y15-24,24.4,France,Males,From 15 to 24 years
2014,FR,T,Y15-24,25.7,France,Total,From 15 to 24 years
2014,FR,F,Y15-29,17.9,France,Females,From 15 to 29 years
2014,FR,M,Y15-29,19.7,France,Males,From 15 to 29 years
2014,FR,T,Y15-29,18.9,France,Total,From 15 to 29 years
2014,FR,F,Y15-74,10.0,France,Females,From 15 to 74 years
2014,FR,M,Y15-74,10.6,France,Males,From 15 to 74 years
2014,FR,T,Y15-74,10.3,France,Total,From 15 to 74 years
2014,FR,F,Y20-64,9.4,France,Females,From 20 to 64 years
2014,FR,M,Y20-64,10.1,France,Males,From 20 to 64 years
2014,FR,T,Y20-64,9.8,France,Total,From 20 to 64 years
2014,FR,F,Y25-54,8.7,France,Females,From 25 to 54 years
2014,FR,M,Y25-54,9.3,France,Males,From 25 to 54 years
2014,FR,T,Y25-54,9.0,France,Total,From 25 to 54 years
2014,FR,F,Y25-74,8.3,France,Females,From 25 to 74 years
2014,FR,M,Y25-74,9.0,France,Males,From 25 to 74 years
2014,FR,T,Y25-74,8.7,France,Total,From 25 to 74 years
2014,FR,F,Y55-74,6.6,France,Females,From 55 to 74 years
2014,FR,M,Y55-74,7.8,France,Males,From 55 to 74 years
2014,FR,T,Y55-74,7.2,France,Total,From 55 to 74 years
2014,IT,F,Y15-24,44.6,Italy,Females,From 15 to 24 years
2014,IT,M,Y15-24,41.3,Italy,Males,From 15 to 24 years
2014,IT,T,Y15-24,42.7,Italy,Total,From 15 to 24 years
2014,IT,F,Y15-29,33.4,Italy,Females,From 15 to 29 years
2014,IT,M,Y15-29,30.8,Italy,Males,From 15 to 29 years
2014,IT,T,Y15-29,31.9,Italy,Total,From 15 to 29 years
2014,IT,F,Y15-74,13.9,Italy,Females,From 15 to 74 years
2014,IT,M,Y15-74,12.1,Italy,Males,From 15 to 74 years
2014,IT,T,Y15-74,12.9,Italy,Total,From 15 to 74 years
2014,IT,F,Y20-64,13.6,Italy,Females,From 20 to 64 years
2014,IT,M,Y20-64,11.9,Italy,Males,From 20 to 64 years
2014,IT,T,Y20-64,12.6,Italy,Total,From 20 to 64 years
2014,IT,F,Y25-54,13.2,Italy,Females,From 25 to 54 years
2014,IT,M,Y25-54,11.0,Italy,Males,From 25 to 54 years
2014,IT,T,Y25-54,12.0,Italy,Total,From 25 to 54 years
2014,IT,F,Y25-74,11.8,Italy,Females,From 25 to 74 years
2014,IT,M,Y25-74,10.0,Italy,Males,From 25 to 74 years
2014,IT,T,Y25-74,10.8,Italy,Total,From 25 to 74 years
2014,IT,F,Y55-74,4.3,Italy,Females,From 55 to 74 years
2014,IT,M,Y55-74,5.7,Italy,Males,From 55 to 74 years
2014,IT,T,Y55-74,5.1,Italy,Total,From 55 to 74 years
2014,NL,F,Y15-24,13.2,Netherlands,Females,From 15 to 24 years
2014,NL,M,Y15-24,14.4,Netherlands,Males,From 15 to 24 years
2014,NL,T,Y15-24,13.8,Netherlands,Total,From 15 to 24 years
2014,NL,F,Y15-29,12.0,Netherlands,Females,From 15 to 29 years
2014,NL,M,Y15-29,11.6,Netherlands,Males,From 15 to 29 years
2014,NL,T,Y15-29,11.8,Netherlands,Total,From 15 to 29 years
2014,NL,F,Y15-74,8.8,Netherlands,Females,From 15 to 74 years
2014,NL,M,Y15-74,8.0,Netherlands,Males,From 15 to 74 years
2014,NL,T,Y15-74,8.4,Netherlands,Total,From 15 to 74 years
2014,NL,F,Y20-64,8.1,Netherlands,Females,From 20 to 64 years
2014,NL,M,Y20-64,7.3,Netherlands,Males,From 20 to 64 years
2014,NL,T,Y20-64,7.7,Netherlands,Total,From 20 to 64 years
2014,NL,F,Y25-54,7.7,Netherlands,Females,From 25 to 54 years
2014,NL,M,Y25-54,6.3,Netherlands,Males,From 25 to 54 years
2014,NL,T,Y25-54,7.0,Netherlands,Total,From 25 to 54 years
2014,NL,F,Y25-74,7.8,Netherlands,Females,From 25 to 74 years
2014,NL,M,Y25-74,6.8,Netherlands,Males,From 25 to 74 years
2014,NL,T,Y25-74,7.3,Netherlands,Total,From 25 to 74 years
2014,NL,F,Y55-74,8.4,Netherlands,Females,From 55 to 74 years
2014,NL,M,Y55-74,8.5,Netherlands,Males,From 55 to 74 years
2014,NL,T,Y55-74,8.5,Netherlands,Total,From 55 to 74 years
2014,PL,F,Y15-24,25.6,Poland,Females,From 15 to 24 years
2014,PL,M,Y15-24,23.1,Poland,Males,From 15 to 24 years
2014,PL,T,Y15-24,24.1,Poland,Total,From 15 to 24 years
2014,PL,F,Y15-29,17.8,Poland,Females,From 15 to 29 years
2014,PL,M,Y15-29,16.1,Poland,Males,From 15 to 29 years
2014,PL,T,Y15-29,16.9,Poland,Total,From 15 to 29 years
2014,PL,F,Y15-74,9.8,Poland,Females,From 15 to 74 years
2014,PL,M,Y15-74,8.7,Poland,Males,From 15 to 74 years
2014,PL,T,Y15-74,9.2,Poland,Total,From 15 to 74 years
2014,PL,F,Y20-64,9.7,Poland,Females,From 20 to 64 years
2014,PL,M,Y20-64,8.6,Poland,Males,From 20 to 64 years
2014,PL,T,Y20-64,9.1,Poland,Total,From 20 to 64 years
2014,PL,F,Y25-54,8.8,Poland,Females,From 25 to 54 years
2014,PL,M,Y25-54,7.4,Poland,Males,From 25 to 54 years
2014,PL,T,Y25-54,8.1,Poland,Total,From 25 to 54 years
2014,PL,F,Y25-74,8.5,Poland,Females,From 25 to 74 years
2014,PL,M,Y25-74,7.3,Poland,Males,From 25 to 74 years
2014,PL,T,Y25-74,7.8,Poland,Total,From 25 to 74 years
2014,PL,F,Y55-74,6.3,Poland,Females,From 55 to 74 years
2014,PL,M,Y55-74,7.0,Poland,Males,From 55 to 74 years
2014,PL,T,Y55-74,6.7,Poland,Total,From 55 to 74 years
2014,SE,F,Y15-24,20.9,Sweden,Females,From 15 to 24 years
2014,SE,M,Y15-24,23.5,Sweden,Males,From 15 to 24 years
2014,SE,T,Y15-24,22.2,Sweden,Total,From 15 to 24 years
2014,SE,F,Y15-29,15.9,Sweden,Females,From 15 to 29 years
2014,SE,M,Y15-29,17.7,Sweden,Males,From 15 to 29 years
2014,SE,T,Y15-29,16.8,Sweden,Total,From 15 to 29 years
2014,SE,F,Y15-74,7.8,Sweden,Females,From 15 to 74 years
2014,SE,M,Y15-74,8.2,Sweden,Males,From 15 to 74 years
2014,SE,T,Y15-74,8.0,Sweden,Total,From 15 to 74 years
2014,SE,F,Y20-64,6.8,Sweden,Females,From 20 to 64 years
2014,SE,M,Y20-64,7.5,Sweden,Males,From 20 to 64 years
2014,SE,T,Y20-64,7.2,Sweden,Total,From 20 to 64 years
2014,SE,F,Y25-54,6.2,Sweden,Females,From 25 to 54 years
2014,SE,M,Y25-54,6.2,Sweden,Males,From 25 to 54 years
2014,SE,T,Y25-54,6.2,Sweden,Total,From 25 to 54 years
2014,SE,F,Y25-74,5.8,Sweden,Females,From 25 to 74 years
2014,SE,M,Y25-74,6.1,Sweden,Males,From 25 to 74 years
2014,SE,T,Y25-74,5.9,Sweden,Total,From 25 to 74 years
2014,SE,F,Y55-74,4.5,Sweden,Females,From 55 to 74 years
2014,SE,M,Y55-74,5.5,Sweden,Males,From 55 to 74 years
2014,SE,T,Y55-74,5.0,Sweden,Total,From 55 to 74 years
2015,DE,F,Y15-24,6.9,Germany,Females,From 15 to 24 years
2015,DE,M,Y15-24,8.3,Germany,Males,From 15 to 24 years
2015,DE,T,Y15-24,7.7,Germany,Total,From 15 to 24 years
2015,DE,F,Y15-29,6.1,Germany,Females,From 15 to 29 years
2015,DE,M,Y15-29,7.7,Germany,Males,From 15 to 29 years
2015,DE,T,Y15-29,6.9,Germany,Total,From 15 to 29 years
2015,DE,F,Y15-74,4.0,Germany,Females,From 15 to 74 years
2015,DE,M,Y15-74,4.7,Germany,Males,From 15 to 74 years
2015,DE,T,Y15-74,4.4,Germany,Total,From 15 to 74 years
2015,DE,F,Y20-64,3.9,Germany,Females,From 20 to 64 years
2015,DE,M,Y20-64,4.7,Germany,Males,From 20 to 64 years
2015,DE,T,Y20-64,4.3,Germany,Total,From 20 to 64 years
2015,DE,F,Y25-54,3.7,Germany,Females,From 25 to 54 years
2015,DE,M,Y25-54,4.3,Germany,Males,From 25 to 54 years
2015,DE,T,Y25-54,4.0,Germany,Total,From 25 to 54 years
2015,DE,F,Y25-74,3.7,Germany,Females,From 25 to 74 years
2015,DE,M,Y25-74,4.3,Germany,Males,From 25 to 74 years
2015,DE,T,Y25-74,4.0,Germany,Total,From 25 to 74 years
2015,DE,F,Y55-74,3.5,Germany,Females,From 55 to 74 years
2015,DE,M,Y55-74,4.3,Germany,Males,From 55 to 74 years
2015,DE,T,Y55-74,4.0,Germany,Total,From 55 to 74 years
2015,EA20,F,Y15-24,22.7,Euro area – 20 countries (2023-2025),Females,From 15 to 24 years
2015,EA20,M,Y15-24,23.4,Euro area – 20 countries (2023-2025),Males,From 15 to 24 years
2015,EA20,T,Y15-24,23.1,Euro area – 20 countries (2023-2025),Total,From 15 to 24 years
2015,EA20,F,Y15-29,18.3,Euro area – 20 countries (2023-2025),Females,From 15 to 29 years
2015,EA20,M,Y15-29,19.1,Euro area – 20 countries (2023-2025),Males,From 15 to 29 years
2015,EA20,T,Y15-29,18.7,Euro area – 20 countries (2023-2025),Total,From 15 to 29 years
2015,EA20,F,Y15-74,11.2,Euro area – 20 countries (2023-2025),Females,From 15 to 74 years
2015,EA20,M,Y15-74,10.8,Euro area – 20 countries (2023-2025),Males,From 15 to 74 years
2015,EA20,T,Y15-74,11.0,Euro area – 20 countries (2023-2025),Total,From 15 to 74 years
2015,EA20,F,Y20-64,10.9,Euro area – 20 countries (2023-2025),Females,From 20 to 64 years
2015,EA20,M,Y20-64,10.6,Euro area – 20 countries (2023-2025),Males,From 20 to 64 years
2015,EA20,T,Y20-64,10.8,Euro area – 20 countries (2023-2025),Total,From 20 to 64 years
2015,EA20,F,Y25-54,10.7,Euro area – 20 countries (2023-2025),Females,From 25 to 54 years
2015,EA20,M,Y25-54,9.9,Euro area – 20 countries (2023-2025),Males,From 25 to 54 years
2015,EA20,T,Y25-54,10.3,Euro area – 20 countries (2023-2025),Total,From 25 to 54 years
2015,EA20,F,Y25-74,10.0,Euro area – 20 countries (2023-2025),Females,From 25 to 74 years
2015,EA20,M,Y25-74,9.6,Euro area – 20 countries (2023-2025),Males,From 25 to 74 years
2015,EA20,T,Y25-74,9.8,Euro area – 20 countries (2023-2025),Total,From 25 to 74 years
2015,EA20,F,Y55-74,7.0,Euro area – 20 countries (2023-2025),Females,From 55 to 74 years
2015,EA20,M,Y55-74,8.1,Euro area – 20 countries (2023-2025),Males,From 55 to 74 years
2015,EA20,T,Y55-74,7.6,Euro area – 20 countries (2023-2025),Total,From 55 to 74 years
2015,EL,F,Y15-24,54.8,Greece,Females,From 15 to 24 years
2015,EL,M,Y15-24,46.5,Greece,Males,From 15 to 24 years
2015,EL,T,Y15-24,50.3,Greece,Total,From 15 to 24 years
2015,EL,F,Y15-29,45.8,Greece,Females,From 15 to 29 years
2015,EL,M,Y15-29,37.4,Greece,Males,From 15 to 29 years
2015,EL,T,Y15-29,41.3,Greece,Total,From 15 to 29 years
2015,EL,F,Y15-74,29.0,Greece,Females,From 15 to 74 years
2015,EL,M,Y15-74,21.8,Greece,Males,From 15 to 74 years
2015,EL,T,Y15-74,25.0,Greece,Total,From 15 to 74 years
2015,EL,F,Y20-64,29.0,Greece,Females,From 20 to 64 years
2015,EL,M,Y20-64,21.8,Greece,Males,From 20 to 64 years
2015,EL,T,Y20-64,24.9,Greece,Total,From 20 to 64 years
2015,EL,F,Y25-54,28.8,Greece,Females,From 25 to 54 years
2015,EL,M,Y25-54,20.9,Greece,Males,From 25 to 54 years
2015,EL,T,Y25-54,24.5,Greece,Total,From 25 to 54 years
2015,EL,F,Y25-74,27.2,Greece,Females,From 25 to 74 years
2015,EL,M,Y25-74,20.3,Greece,Males,From 25 to 74 years
2015,EL,T,Y25-74,23.3,Greece,Total,From 25 to 74 years
2015,EL,F,Y55-74,15.5,Greece,Females,From 55 to 74 years
2015,EL,M,Y55-74,17.7,Greece,Males,From 55 to 74 years
2015,EL,T,Y55-74,16.9,Greece,Total,From 55 to 74 years
2015,ES,F,Y15-24,48.0,Spain,Females,From 15 to 24 years
2015,ES,M,Y15-24,48.6,Spain,Males,From 15 to 24 years
2015,ES,T,Y15-24,48.3,Spain,Total,From 15 to 24 years
2015,ES,F,Y15-29,36.1,Spain,Females,From 15 to 29 years
2015,ES,M,Y15-29,37.3,Spain,Males,From 15 to 29 years
2015,ES,T,Y15-29,36.7,Spain,Total,From 15 to 29 years
2015,ES,F,Y15-74,23.6,Spain,Females,From 15 to 74 years
2015,ES,M,Y15-74,20.8,Spain,Males,From 15 to 74 years
2015,ES,T,Y15-74,22.1,Spain,Total,From 15 to 74 years
2015,ES,F,Y20-64,23.2,Spain,Females,From 20 to 64 years
2015,ES,M,Y20-64,20.4,Spain,Males,From 20 to 64 years
2015,ES,T,Y20-64,21.7,Spain,Total,From 20 to 64 years
2015,ES,F,Y25-54,22.4,Spain,Females,From 25 to 54 years
2015,ES,M,Y25-54,18.9,Spain,Males,From 25 to 54 years
2015,ES,T,Y25-54,20.6,Spain,Total,From 25 to 54 years
2015,ES,F,Y25-74,21.8,Spain,Females,From 25 to 74 years
2015,ES,M,Y25-74,18.8,Spain,Males,From 25 to 74 years
2015,ES,T,Y25-74,20.2,Spain,Total,From 25 to 74 years
2015,ES,F,Y55-74,18.1,Spain,Females,From 55 to 74 years
2015,ES,M,Y55-74,17.9,Spain,Males,From 55 to 74 years
2015,ES,T,Y55-74,18.0,Spain,Total,From 55 to 74 years
2015,EU27,F,Y15-24,22.1,European Union - 27 countries (from 2020),Females,From 15 to 24 years
2015,EU27,M,Y15-24,22.6,European Union - 27 countries (from 2020),Males,From 15 to 24 years
2015,EU27,T,Y15-24,22.4,European Union - 27 countries (from 2020),Total,From 15 to 24 years
2015,EU27,F,Y15-29,17.3,European Union - 27 countries (from 2020),Females,From 15 to 29 years
2015,EU27,M,Y15-29,17.9,European Union - 27 countries (from 2020),Males,From 15 to 29 years
2015,EU27,T,Y15-29,17.6,European Union - 27 countries (from 2020),Total,From 15 to 29 years
2015,EU27,F,Y15-74,10.3,European Union - 27 countries (from 2020),Females,From 15 to 74 years
2015,EU27,M,Y15-74,10.1,European Union - 27 countries (from 2020),Males,From 15 to 74 years
2015,EU27,T,Y15-74,10.2,European Union - 27 countries (from 2020),Total,From 15 to 74 years
2015,EU27,F,Y20-64,10.1,European Union - 27 countries (from 2020),Females,From 20 to 64 years
2015,EU27,M,Y20-64,9.9,European Union - 27 countries (from 2020),Males,From 20 to 64 years
2015,EU27,T,Y20-64,10.0,European Union - 27 countries (from 2020),Total,From 20 to 64 years
2015,EU27,F,Y25-54,9.8,European Union - 27 countries (from 2020),Females,From 25 to 54 years
2015,EU27,M,Y25-54,9.1,European Union - 27 countries (from 2020),Males,From 25 to 54 years
2015,EU27,T,Y25-54,9.4,European Union - 27 countries (from 2020),Total,From 25 to 54 years
2015,EU27,F,Y25-74,9.2,European Union - 27 countries (from 2020),Females,From 25 to 74 years
2015,EU27,M,Y25-74,8.8,European Union - 27 countries (from 2020),Males,From 25 to 74 years
2015,EU27,T,Y25-74,9.0,European Union - 27 countries (from 2020),Total,From 25 to 74 years
2015,EU27,F,Y55-74,6.6,European Union - 27 countries (from 2020),Females,From 55 to 74 years
2015,EU27,M,Y55-74,7.6,European Union - 27 countries (from 2020),Males,From 55 to 74 years
2015,EU27,T,Y55-74,7.1,European Union - 27 countries (from 2020),Total,From 55 to 74 years
2015,FR,F,Y15-24,27.4,France,Females,From 15 to 24 years
2015,FR,M,Y15-24,25.1,France,Males,From 15 to 24 years
2015,FR,T,Y15-24,26.1,France,Total,From 15 to 24 years
2015,FR,F,Y15-29,18.0,France,Females,From 15 to 29 years
2015,FR,M,Y15-29,19.7,France,Males,From 15 to 29 years
2015,FR,T,Y15-29,18.9,France,Total,From 15 to 29 years
2015,FR,F,Y15-74,9.9,France,Females,From 15 to 74 years
2015,FR,M,Y15-74,10.8,France,Males,From 15 to 74 years
2015,FR,T,Y15-74,10.3,France,Total,From 15 to 74 years
2015,FR,F,Y20-64,9.4,France,Females,From 20 to 64 years
2015,FR,M,Y20-64,10.3,France,Males,From 20 to 64 years
2015,FR,T,Y20-64,9.9,France,Total,From 20 to 64 years
2015,FR,F,Y25-54,8.5,France,Females,From 25 to 54 years
2015,FR,M,Y25-54,9.5,France,Males,From 25 to 54 years
2015,FR,T,Y25-54,9.0,France,Total,From 25 to 54 years
2015,FR,F,Y25-74,8.2,France,Females,From 25 to 74 years
2015,FR,M,Y25-74,9.2,France,Males,From 25 to 74 years
2015,FR,T,Y25-74,8.7,France,Total,From 25 to 74 years
2015,FR,F,Y55-74,6.5,France,Females,From 55 to 74 years
2015,FR,M,Y55-74,7.7,France,Males,From 55 to 74 years
2015,FR,T,Y55-74,7.1,France,Total,From 55 to 74 years
2015,IT,F,Y15-24,42.6,Italy,Females,From 15 to 24 years
2015,IT,M,Y15-24,38.7,Italy,Males,From 15 to 24 years
2015,IT,T,Y15-24,40.3,Italy,Total,From 15 to 24 years
2015,IT,F,Y15-29,31.4,Italy,Females,From 15 to 29 years
2015,IT,M,Y15-29,28.9,Italy,Males,From 15 to 29 years
2015,IT,T,Y15-29,30.0,Italy,Total,From 15 to 29 years
2015,IT,F,Y15-74,12.7,Italy,Females,From 15 to 74 years
2015,IT,M,Y15-74,11.5,Italy,Males,From 15 to 74 years
2015,IT,T,Y15-74,12.0,Italy,Total,From 15 to 74 years
2015,IT,F,Y20-64,12.5,Italy,Females,From 20 to 64 years
2015,IT,M,Y20-64,11.3,Italy,Males,From 20 to 64 years
2015,IT,T,Y20-64,11.8,Italy,Total,From 20 to 64 years
2015,IT,F,Y25-54,12.2,Italy,Females,From 25 to 54 years
2015,IT,M,Y25-54,10.5,Italy,Males,From 25 to 54 years
2015,IT,T,Y25-54,11.2,Italy,Total,From 25 to 54 years
2015,IT,F,Y25-74,10.9,Italy,Females,From 25 to 74 years
2015,IT,M,Y25-74,9.6,Italy,Males,From 25 to 74 years
2015,IT,T,Y25-74,10.2,Italy,Total,From 25 to 74 years
2015,IT,F,Y55-74,4.2,Italy,Females,From 55 to 74 years
2015,IT,M,Y55-74,5.9,Italy,Males,From 55 to 74 years
2015,IT,T,Y55-74,5.2,Italy,Total,From 55 to 74 years
2015,NL,F,Y15-24,11.6,Netherlands,Females,From 15 to 24 years
2015,NL,M,Y15-24,13.5,Netherlands,Males,From 15 to 24 years
2015,NL,T,Y15-24,12.5,Netherlands,Total,From 15 to 24 years
2015,NL,F,Y15-29,10.6,Netherlands,Females,From 15 to 29 years
2015,NL,M,Y15-29,10.7,Netherlands,Males,From 15 to 29 years
2015,NL,T,Y15-29,10.6,Netherlands,Total,From 15 to 29 years
2015,NL,F,Y15-74,8.4,Netherlands,Females,From 15 to 74 years
2015,NL,M,Y15-74,7.4,Netherlands,Males,From 15 to 74 years
2015,NL,T,Y15-74,7.9,Netherlands,Total,From 15 to 74 years
2015,NL,F,Y20-64,7.6,Netherlands,Females,From 20 to 64 years
2015,NL,M,Y20-64,6.8,Netherlands,Males,From 20 to 64 years
2015,NL,T,Y20-64,7.2,Netherlands,Total,From 20 to 64 years
2015,NL,F,Y25-54,7.4,Netherlands,Females,From 25 to 54 years
2015,NL,M,Y25-54,5.5,Netherlands,Males,From 25 to 54 years
2015,NL,T,Y25-54,6.4,Netherlands,Total,From 25 to 54 years
2015,NL,F,Y25-74,7.6,Netherlands,Females,From 25 to 74 years
2015,NL,M,Y25-74,6.3,Netherlands,Males,From 25 to 74 years
2015,NL,T,Y25-74,6.9,Netherlands,Total,From 25 to 74 years
2015,NL,F,Y55-74,8.8,Netherlands,Females,From 55 to 74 years
2015,NL,M,Y55-74,8.7,Netherlands,Males,From 55 to 74 years
2015,NL,T,Y55-74,8.7,Netherlands,Total,From 55 to 74 years
2015,PL,F,Y15-24,21.0,Poland,Females,From 15 to 24 years
2015,PL,M,Y15-24,20.9,Poland,Males,From 15 to 24 years
2015,PL,T,Y15-24,21.0,Poland,Total,From 15 to 24 years
2015,PL,F,Y15-29,14.0,Poland,Females,From 15 to 29 years
2015,PL,M,Y15-29,14.8,Poland,Males,From 15 to 29 years
2015,PL,T,Y15-29,14.5,Poland,Total,From 15 to 29 years
2015,PL,F,Y15-74,7.8,Poland,Females,From 15 to 74 years
2015,PL,M,Y15-74,7.5,Poland,Males,From 15 to 74 years
2015,PL,T,Y15-74,7.7,Poland,Total,From 15 to 74 years
2015,PL,F,Y20-64,7.8,Poland,Females,From 20 to 64 years
2015,PL,M,Y20-64,7.4,Poland,Males,From 20 to 64 years
2015,PL,T,Y20-64,7.6,Poland,Total,From 20 to 64 years
2015,PL,F,Y25-54,7.2,Poland,Females,From 25 to 54 years
2015,PL,M,Y25-54,6.3,Poland,Males,From 25 to 54 years
2015,PL,T,Y25-54,6.8,Poland,Total,From 25 to 54 years
2015,PL,F,Y25-74,6.8,Poland,Females,From 25 to 74 years
2015,PL,M,Y25-74,6.2,Poland,Males,From 25 to 74 years
2015,PL,T,Y25-74,6.5,Poland,Total,From 25 to 74 years
2015,PL,F,Y55-74,4.8,Poland,Females,From 55 to 74 years
2015,PL,M,Y55-74,5.7,Poland,Males,From 55 to 74 years
2015,PL,T,Y55-74,5.4,Poland,Total,From 55 to 74 years
2015,SE,F,Y15-24,19.0,Sweden,Females,From 15 to 24 years
2015,SE,M,Y15-24,20.4,Sweden,Males,From 15 to 24 years
2015,SE,T,Y15-24,19.7,Sweden,Total,From 15 to 24 years
2015,SE,F,Y15-29,14.8,Sweden,Females,From 15 to 29 years
2015,SE,M,Y15-29,15.4,Sweden,Males,From 15 to 29 years
2015,SE,T,Y15-29,15.1,Sweden,Total,From 15 to 29 years
2015,SE,F,Y15-74,7.4,Sweden,Females,From 15 to 74 years
2015,SE,M,Y15-74,7.6,Sweden,Males,From 15 to 74 years
2015,SE,T,Y15-74,7.5,Sweden,Total,From 15 to 74 years
2015,SE,F,Y20-64,6.6,Sweden,Females,From 20 to 64 years
2015,SE,M,Y20-64,7.0,Sweden,Males,From 20 to 64 years
2015,SE,T,Y20-64,6.8,Sweden,Total,From 20 to 64 years
2015,SE,F,Y25-54,6.1,Sweden,Females,From 25 to 54 years
2015,SE,M,Y25-54,6.0,Sweden,Males,From 25 to 54 years
2015,SE,T,Y25-54,6.0,Sweden,Total,From 25 to 54 years
2015,SE,F,Y25-74,5.7,Sweden,Females,From 25 to 74 years
2015,SE,M,Y25-74,5.9,Sweden,Males,From 25 to 74 years
2015,SE,T,Y25-74,5.8,Sweden,Total,From 25 to 74 years
2015,SE,F,Y55-74,4.4,Sweden,Females,From 55 to 74 years
2015,SE,M,Y55-74,5.3,Sweden,Males,From 55 to 74 years
2015,SE,T,Y55-74,4.9,Sweden,Total,From 55 to 74 years
2016,DE,F,Y15-24,6.6,Germany,Females,From 15 to 24 years
2016,DE,M,Y15-24,8.3,Germany,Males,From 15 to 24 years
2016,DE,T,Y15-24,7.5,Germany,Total,From 15 to 24 years
2016,DE,F,Y15-29,5.7,Germany,Females,From 15 to 29 years
2016,DE,M,Y15-29,7.3,Germany,Males,From 15 to 29 years
2016,DE,T,Y15-29,6.5,Germany,Total,From 15 to 29 years
2016,DE,F,Y15-74,3.5,Germany,Females,From 15 to 74 years
2016,DE,M,Y15-74,4.2,Germany,Males,From 15 to 74 years
2016,DE,T,Y15-74,3.9,Germany,Total,From 15 to 74 years
2016,DE,F,Y20-64,3.4,Germany,Females,From 20 to 64 years
2016,DE,M,Y20-64,4.2,Germany,Males,From 20 to 64 years
2016,DE,T,Y20-64,3.8,Germany,Total,From 20 to 64 years
2016,DE,F,Y25-54,3.2,Germany,Females,From 25 to 54 years
2016,DE,M,Y25-54,3.9,Germany,Males,From 25 to 54 years
2016,DE,T,Y25-54,3.6,Germany,Total,From 25 to 54 years
2016,DE,F,Y25-74,3.2,Germany,Females,From 25 to 74 years
2016,DE,M,Y25-74,3.8,Germany,Males,From 25 to 74 years
2016,DE,T,Y25-74,3.5,Germany,Total,From 25 to 74 years
2016,DE,F,Y55-74,3.1,Germany,Females,From 55 to 74 years
2016,DE,M,Y55-74,3.4,Germany,Males,From 55 to 74 years
2016,DE,T,Y55-74,3.3,Germany,Total,From 55 to 74 years
2016,EA20,F,Y15-24,21.4,Euro area – 20 countries (2023-2025),Females,From 15 to 24 years
2016,EA20,M,Y15-24,21.7,Euro area – 20 countries (2023-2025),Males,From 15 to 24 years
2016,EA20,T,Y15-24,21.6,Euro area – 20 countries (2023-2025),Total,From 15 to 24 years
2016,EA20,F,Y15-29,17.2,Euro area – 20 countries (2023-2025),Females,From 15 to 29 years
2016,EA20,M,Y15-29,17.5,Euro area – 20 countries (2023-2025),Males,From 15 to 29 years
2016,EA20,T,Y15-29,17.4,Euro area – 20 countries (2023-2025),Total,From 15 to 29 years
2016,EA20,F,Y15-74,10.5,Euro area – 20 countries (2023-2025),Females,From 15 to 74 years
2016,EA20,M,Y15-74,9.8,Euro area – 20 countries (2023-2025),Males,From 15 to 74 years
2016,EA20,T,Y15-74,10.1,Euro area – 20 countries (2023-2025),Total,From 15 to 74 years
2016,EA20,F,Y20-64,10.3,Euro area – 20 countries (2023-2025),Females,From 20 to 64 years
2016,EA20,M,Y20-64,9.6,Euro area – 20 countries (2023-2025),Males,From 20 to 64 years
2016,EA20,T,Y20-64,9.9,Euro area – 20 countries (2023-2025),Total,From 20 to 64 years
2016,EA20,F,Y25-54,10.0,Euro area – 20 countries (2023-2025),Females,From 25 to 54 years
2016,EA20,M,Y25-54,8.9,Euro area – 20 countries (2023-2025),Males,From 25 to 54 years
2016,EA20,T,Y25-54,9.5,Euro area – 20 countries (2023-2025),Total,From 25 to 54 years
2016,EA20,F,Y25-74,9.4,Euro area – 20 countries (2023-2025),Females,From 25 to 74 years
2016,EA20,M,Y25-74,8.6,Euro area – 20 countries (2023-2025),Males,From 25 to 74 years
2016,EA20,T,Y25-74,9.0,Euro area – 20 countries (2023-2025),Total,From 25 to 74 years
2016,EA20,F,Y55-74,6.7,Euro area – 20 countries (2023-2025),Females,From 55 to 74 years
2016,EA20,M,Y55-74,7.5,Euro area – 20 countries (2023-2025),Males,From 55 to 74 years
2016,EA20,T,Y55-74,7.1,Euro area – 20 countries (2023-2025),Total,From 55 to 74 years
2016,EL,F,Y15-24,52.1,Greece,Females,From 15 to 24 years
2016,EL,M,Y15-24,44.8,Greece,Males,From 15 to 24 years
2016,EL,T,Y15-24,48.2,Greece,Total,From 15 to 24 years
2016,EL,F,Y15-29,44.4,Greece,Females,From 15 to 29 years
2016,EL,M,Y15-29,34.3,Greece,Males,From 15 to 29 years
2016,EL,T,Y15-29,38.8,Greece,Total,From 15 to 29 years
2016,EL,F,Y15-74,28.5,Greece,Females,From 15 to 74 years
2016,EL,M,Y15-74,20.2,Greece,Males,From 15 to 74 years
2016,EL,T,Y15-74,23.9,Greece,Total,From 15 to 74 years
2016,EL,F,Y20-64,28.6,Greece,Females,From 20 to 64 years
2016,EL,M,Y20-64,20.0,Greece,Males,From 20 to 64 years
2016,EL,T,Y20-64,23.8,Greece,Total,From 20 to 64 years
2016,EL,F,Y25-54,28.5,Greece,Females,From 25 to 54 years
2016,EL,M,Y25-54,18.7,Greece,Males,From 25 to 54 years
2016,EL,T,Y25-54,23.1,Greece,Total,From 25 to 54 years
2016,EL,F,Y25-74,27.1,Greece,Females,From 25 to 74 years
2016,EL,M,Y25-74,18.8,Greece,Males,From 25 to 74 years
2016,EL,T,Y25-74,22.4,Greece,Total,From 25 to 74 years
2016,EL,F,Y55-74,18.5,Greece,Females,From 55 to 74 years
2016,EL,M,Y55-74,19.2,Greece,Males,From 55 to 74 years
2016,EL,T,Y55-74,18.9,Greece,Total,From 55 to 74 years
2016,ES,F,Y15-24,44.9,Spain,Females,From 15 to 24 years
2016,ES,M,Y15-24,44.0,Spain,Males,From 15 to 24 years
2016,ES,T,Y15-24,44.4,Spain,Total,From 15 to 24 years
2016,ES,F,Y15-29,33.8,Spain,Females,From 15 to 29 years
2016,ES,M,Y15-29,32.9,Spain,Males,From 15 to 29 years
2016,ES,T,Y15-29,33.3,Spain,Total,From 15 to 29 years
2016,ES,F,Y15-74,21.4,Spain,Females,From 15 to 74 years
2016,ES,M,Y15-74,18.1,Spain,Males,From 15 to 74 years
2016,ES,T,Y15-74,19.6,Spain,Total,From 15 to 74 years
2016,ES,F,Y20-64,21.1,Spain,Females,From 20 to 64 years
2016,ES,M,Y20-64,17.8,Spain,Males,From 20 to 64 years
2016,ES,T,Y20-64,19.3,Spain,Total,From 20 to 64 years
2016,ES,F,Y25-54,20.3,Spain,Females,From 25 to 54 years
2016,ES,M,Y25-54,16.3,Spain,Males,From 25 to 54 years
2016,ES,T,Y25-54,18.2,Spain,Total,From 25 to 54 years
2016,ES,F,Y25-74,19.8,Spain,Females,From 25 to 74 years
2016,ES,M,Y25-74,16.3,Spain,Males,From 25 to 74 years
2016,ES,T,Y25-74,17.9,Spain,Total,From 25 to 74 years
2016,ES,F,Y55-74,16.8,Spain,Females,From 55 to 74 years
2016,ES,M,Y55-74,16.3,Spain,Males,From 55 to 74 years
2016,ES,T,Y55-74,16.5,Spain,Total,From 55 to 74 years
2016,EU27,F,Y15-24,20.5,European Union - 27 countries (from 2020),Females,From 15 to 24 years
2016,EU27,M,Y15-24,20.8,European Union - 27 countries (from 2020),Males,From 15 to 24 years
2016,EU27,T,Y15-24,20.7,European Union - 27 countries (from 2020),Total,From 15 to 24 years
2016,EU27,F,Y15-29,16.1,European Union - 27 countries (from 2020),Females,From 15 to 29 years
2016,EU27,M,Y15-29,16.2,European Union - 27 countries (from 2020),Males,From 15 to 29 years
2016,EU27,T,Y15-29,16.1,European Union - 27 countries (from 2020),Total,From 15 to 29 years
2016,EU27,F,Y15-74,9.5,European Union - 27 countries (from 2020),Females,From 15 to 74 years
2016,EU27,M,Y15-74,9.0,European Union - 27 countries (from 2020),Males,From 15 to 74 years
2016,EU27,T,Y15-74,9.3,European Union - 27 countries (from 2020),Total,From 15 to 74 years
2016,EU27,F,Y20-64,9.3,European Union - 27 countries (from 2020),Females,From 20 to 64 years
2016,EU27,M,Y20-64,8.9,European Union - 27 countries (from 2020),Males,From 20 to 64 years
2016,EU27,T,Y20-64,9.1,European Union - 27 countries (from 2020),Total,From 20 to 64 years
2016,EU27,F,Y25-54,9.0,European Union - 27 countries (from 2020),Females,From 25 to 54 years
2016,EU27,M,Y25-54,8.1,European Union - 27 countries (from 2020),Males,From 25 to 54 years
2016,EU27,T,Y25-54,8.6,European Union - 27 countries (from 2020),Total,From 25 to 54 years
2016,EU27,F,Y25-74,8.5,European Union - 27 countries (from 2020),Females,From 25 to 74 years
2016,EU27,M,Y25-74,7.9,European Union - 27 countries (from 2020),Males,From 25 to 74 years
2016,EU27,T,Y25-74,8.2,European Union - 27 countries (from 2020),Total,From 25 to 74 years
2016,EU27,F,Y55-74,6.1,European Union - 27 countries (from 2020),Females,From 55 to 74 years
2016,EU27,M,Y55-74,6.9,European Union - 27 countries (from 2020),Males,From 55 to 74 years
2016,EU27,T,Y55-74,6.6,European Union - 27 countries (from 2020),Total,From 55 to 74 years
2016,FR,F,Y15-24,28.0,France,Females,From 15 to 24 years
2016,FR,M,Y15-24,24.2,France,Males,From 15 to 24 years
2016,FR,T,Y15-24,26.0,France,Total,From 15 to 24 years
2016,FR,F,Y15-29,18.0,France,Females,From 15 to 29 years
2016,FR,M,Y15-29,18.8,France,Males,From 15 to 29 years
2016,FR,T,Y15-29,18.4,France,Total,From 15 to 29 years
2016,FR,F,Y15-74,9.8,France,Females,From 15 to 74 years
2016,FR,M,Y15-74,10.3,France,Males,From 15 to 74 years
2016,FR,T,Y15-74,10.1,France,Total,From 15 to 74 years
2016,FR,F,Y20-64,9.3,France,Females,From 20 to 64 years
2016,FR,M,Y20-64,9.8,France,Males,From 20 to 64 years
2016,FR,T,Y20-64,9.6,France,Total,From 20 to 64 years
2016,FR,F,Y25-54,8.5,France,Females,From 25 to 54 years
2016,FR,M,Y25-54,8.9,France,Males,From 25 to 54 years
2016,FR,T,Y25-54,8.7,France,Total,From 25 to 54 years
2016,FR,F,Y25-74,8.1,France,Females,From 25 to 74 years
2016,FR,M,Y25-74,8.7,France,Males,From 25 to 74 years
2016,FR,T,Y25-74,8.4,France,Total,From 25 to 74 years
2016,FR,F,Y55-74,6.1,France,Females,From 55 to 74 years
2016,FR,M,Y55-74,7.8,France,Males,From 55 to 74 years
2016,FR,T,Y55-74,6.9,France,Total,From 55 to 74 years
2016,IT,F,Y15-24,39.6,Italy,Females,From 15 to 24 years
2016,IT,M,Y15-24,36.3,Italy,Males,From 15 to 24 years
2016,IT,T,Y15-24,37.7,Italy,Total,From 15 to 24 years
2016,IT,F,Y15-29,30.6,Italy,Females,From 15 to 29 years
2016,IT,M,Y15-29,26.9,Italy,Males,From 15 to 29 years
2016,IT,T,Y15-29,28.5,Italy,Total,From 15 to 29 years
2016,IT,F,Y15-74,12.8,Italy,Females,From 15 to 74 years
2016,IT,M,Y15-74,11.0,Italy,Males,From 15 to 74 years
2016,IT,T,Y15-74,11.7,Italy,Total,From 15 to 74 years
2016,IT,F,Y20-64,12.6,Italy,Females,From 20 to 64 years
2016,IT,M,Y20-64,10.8,Italy,Males,From 20 to 64 years
2016,IT,T,Y20-64,11.6,Italy,Total,From 20 to 64 years
2016,IT,F,Y25-54,12.5,Italy,Females,From 25 to 54 years
2016,IT,M,Y25-54,10.1,Italy,Males,From 25 to 54 years
2016,IT,T,Y25-54,11.1,Italy,Total,From 25 to 54 years
2016,IT,F,Y25-74,11.1,Italy,Females,From 25 to 74 years
2016,IT,M,Y25-74,9.3,Italy,Males,From 25 to 74 years
2016,IT,T,Y25-74,10.1,Italy,Total,From 25 to 74 years
2016,IT,F,Y55-74,4.7,Italy,Females,From 55 to 74 years
2016,IT,M,Y55-74,5.9,Italy,Males,From 55 to 74 years
2016,IT,T,Y55-74,5.4,Italy,Total,From 55 to 74 years
2016,NL,F,Y15-24,10.8,Netherlands,Females,From 15 to 24 years
2016,NL,M,Y15-24,13.5,Netherlands,Males,From 15 to 24 years
2016,NL,T,Y15-24,12.1,Netherlands,Total,From 15 to 24 years
2016,NL,F,Y15-29,9.7,Netherlands,Females,From 15 to 29 years
2016,NL,M,Y15-29,10.3,Netherlands,Males,From 15 to 29 years
2016,NL,T,Y15-29,10.0,Netherlands,Total,From 15 to 29 years
2016,NL,F,Y15-74,7.6,Netherlands,Females,From 15 to 74 years
2016,NL,M,Y15-74,6.5,Netherlands,Males,From 15 to 74 years
2016,NL,T,Y15-74,7.0,Netherlands,Total,From 15 to 74 years
2016,NL,F,Y20-64,6.9,Netherlands,Females,From 20 to 64 years
2016,NL,M,Y20-64,5.7,Netherlands,Males,From 20 to 64 years
2016,NL,T,Y20-64,6.3,Netherlands,Total,From 20 to 64 years
2016,NL,F,Y25-54,6.5,Netherlands,Females,From 25 to 54 years
2016,NL,M,Y25-54,4.5,Netherlands,Males,From 25 to 54 years
2016,NL,T,Y25-54,5.4,Netherlands,Total,From 25 to 54 years
2016,NL,F,Y25-74,6.9,Netherlands,Females,From 25 to 74 years
2016,NL,M,Y25-74,5.2,Netherlands,Males,From 25 to 74 years
2016,NL,T,Y25-74,5.9,Netherlands,Total,From 25 to 74 years
2016,NL,F,Y55-74,8.6,Netherlands,Females,From 55 to 74 years
2016,NL,M,Y55-74,7.2,Netherlands,Males,From 55 to 74 years
2016,NL,T,Y55-74,7.8,Netherlands,Total,From 55 to 74 years
2016,PL,F,Y15-24,18.1,Poland,Females,From 15 to 24 years
2016,PL,M,Y15-24,17.7,Poland,Males,From 15 to 24 years
2016,PL,T,Y15-24,17.8,Poland,Total,From 15 to 24 years
2016,PL,F,Y15-29,12.0,Poland,Females,From 15 to 29 years
2016,PL,M,Y15-29,11.9,Poland,Males,From 15 to 29 years
2016,PL,T,Y15-29,12.0,Poland,Total,From 15 to 29 years
2016,PL,F,Y15-74,6.3,Poland,Females,From 15 to 74 years
2016,PL,M,Y15-74,6.2,Poland,Males,From 15 to 74 years
2016,PL,T,Y15-74,6.3,Poland,Total,From 15 to 74 years
2016,PL,F,Y20-64,6.2,Poland,Females,From 20 to 64 years
2016,PL,M,Y20-64,6.1,Poland,Males,From 20 to 64 years
2016,PL,T,Y20-64,6.1,Poland,Total,From 20 to 64 years
2016,PL,F,Y25-54,5.7,Poland,Females,From 25 to 54 years
2016,PL,M,Y25-54,5.2,Poland,Males,From 25 to 54 years
2016,PL,T,Y25-54,5.5,Poland,Total,From 25 to 54 years
2016,PL,F,Y25-74,5.4,Poland,Females,From 25 to 74 years
2016,PL,M,Y25-74,5.2,Poland,Males,From 25 to 74 years
2016,PL,T,Y25-74,5.3,Poland,Total,From 25 to 74 years
2016,PL,F,Y55-74,3.5,Poland,Females,From 55 to 74 years
2016,PL,M,Y55-74,4.9,Poland,Males,From 55 to 74 years
2016,PL,T,Y55-74,4.3,Poland,Total,From 55 to 74 years
2016,SE,F,Y15-24,16.8,Sweden,Females,From 15 to 24 years
2016,SE,M,Y15-24,19.7,Sweden,Males,From 15 to 24 years
2016,SE,T,Y15-24,18.2,Sweden,Total,From 15 to 24 years
2016,SE,F,Y15-29,12.8,Sweden,Females,From 15 to 29 years
2016,SE,M,Y15-29,14.6,Sweden,Males,From 15 to 29 years
2016,SE,T,Y15-29,13.7,Sweden,Total,From 15 to 29 years
2016,SE,F,Y15-74,6.7,Sweden,Females,From 15 to 74 years
2016,SE,M,Y15-74,7.4,Sweden,Males,From 15 to 74 years
2016,SE,T,Y15-74,7.1,Sweden,Total,From 15 to 74 years
2016,SE,F,Y20-64,5.9,Sweden,Females,From 20 to 64 years
2016,SE,M,Y20-64,6.8,Sweden,Males,From 20 to 64 years
2016,SE,T,Y20-64,6.4,Sweden,Total,From 20 to 64 years
2016,SE,F,Y25-54,5.6,Sweden,Females,From 25 to 54 years
2016,SE,M,Y25-54,5.8,Sweden,Males,From 25 to 54 years
2016,SE,T,Y25-54,5.7,Sweden,Total,From 25 to 54 years
2016,SE,F,Y25-74,5.3,Sweden,Females,From 25 to 74 years
2016,SE,M,Y25-74,5.7,Sweden,Males,From 25 to 74 years
2016,SE,T,Y25-74,5.5,Sweden,Total,From 25 to 74 years
2016,SE,F,Y55-74,4.1,Sweden,Females,From 55 to 74 years
2016,SE,M,Y55-74,5.4,Sweden,Males,From 55 to 74 years
2016,SE,T,Y55-74,4.8,Sweden,Total,From 55 to 74 years
2017,DE,F,Y15-24,6.2,Germany,Females,From 15 to 24 years
2017,DE,M,Y15-24,8.0,Germany,Males,From 15 to 24 years
2017,DE,T,Y15-24,7.2,Germany,Total,From 15 to 24 years
2017,DE,F,Y15-29,5.3,Germany,Females,From 15 to 29 years
2017,DE,M,Y15-29,7.0,Germany,Males,From 15 to 29 years
2017,DE,T,Y15-29,6.2,Germany,Total,From 15 to 29 years
2017,DE,F,Y15-74,3.1,Germany,Females,From 15 to 74 years
2017,DE,M,Y15-74,3.9,Germany,Males,From 15 to 74 years
2017,DE,T,Y15-74,3.5,Germany,Total,From 15 to 74 years
2017,DE,F,Y20-64,3.0,Germany,Females,From 20 to 64 years
2017,DE,M,Y20-64,3.8,Germany,Males,From 20 to 64 years
2017,DE,T,Y20-64,3.5,Germany,Total,From 20 to 64 years
2017,DE,F,Y25-54,2.8,Germany,Females,From 25 to 54 years
2017,DE,M,Y25-54,3.6,Germany,Males,From 25 to 54 years
2017,DE,T,Y25-54,3.2,Germany,Total,From 25 to 54 years
2017,DE,F,Y25-74,2.8,Germany,Females,From 25 to 74 years
2017,DE,M,Y25-74,3.4,Germany,Males,From 25 to 74 years
2017,DE,T,Y25-74,3.1,Germany,Total,From 25 to 74 years
2017,DE,F,Y55-74,2.7,Germany,Females,From 55 to 74 years
2017,DE,M,Y55-74,3.0,Germany,Males,From 55 to 74 years
2017,DE,T,Y55-74,2.9,Germany,Total,From 55 to 74 years
2017,EA20,F,Y15-24,19.1,Euro area – 20 countries (2023-2025),Females,From 15 to 24 years
2017,EA20,M,Y15-24,19.7,Euro area – 20 countries (2023-2025),Males,From 15 to 24 years
2017,EA20,T,Y15-24,19.4,Euro area – 20 countries (2023-2025),Total,From 15 to 24 years
2017,EA20,F,Y15-29,15.6,Euro area – 20 countries (2023-2025),Females,From 15 to 29 years
2017,EA20,M,Y15-29,15.8,Euro area – 20 countries (2023-2025),Males,From 15 to 29 years
2017,EA20,T,Y15-29,15.7,Euro area – 20 countries (2023-2025),Total,From 15 to 29 years
2017,EA20,F,Y15-74,9.5,Euro area – 20 countries (2023-2025),Females,From 15 to 74 years
2017,EA20,M,Y15-74,8.8,Euro area – 20 countries (2023-2025),Males,From 15 to 74 years
2017,EA20,T,Y15-74,9.1,Euro area – 20 countries (2023-2025),Total,From 15 to 74 years
2017,EA20,F,Y20-64,9.3,Euro area – 20 countries (2023-2025),Females,From 20 to 64 years
2017,EA20,M,Y20-64,8.6,Euro area – 20 countries (2023-2025),Males,From 20 to 64 years
2017,EA20,T,Y20-64,9.0,Euro area – 20 countries (2023-2025),Total,From 20 to 64 years
2017,EA20,F,Y25-54,9.2,Euro area – 20 countries (2023-2025),Females,From 25 to 54 years
2017,EA20,M,Y25-54,8.0,Euro area – 20 countries (2023-2025),Males,From 25 to 54 years
2017,EA20,T,Y25-54,8.6,Euro area – 20 countries (2023-2025),Total,From 25 to 54 years
2017,EA20,F,Y25-74,8.6,Euro area – 20 countries (2023-2025),Females,From 25 to 74 years
2017,EA20,M,Y25-74,7.7,Euro area – 20 countries (2023-2025),Males,From 25 to 74 years
2017,EA20,T,Y25-74,8.1,Euro area – 20 countries (2023-2025),Total,From 25 to 74 years
2017,EA20,F,Y55-74,6.2,Euro area – 20 countries (2023-2025),Females,From 55 to 74 years
2017,EA20,M,Y55-74,6.6,Euro area – 20 countries (2023-2025),Males,From 55 to 74 years
2017,EA20,T,Y55-74,6.4,Euro area – 20 countries (2023-2025),Total,From 55 to 74 years
2017,EL,F,Y15-24,49.0,Greece,Females,From 15 to 24 years
2017,EL,M,Y15-24,40.5,Greece,Males,From 15 to 24 years
2017,EL,T,Y15-24,44.5,Greece,Total,From 15 to 24 years
2017,EL,F,Y15-29,42.1,Greece,Females,From 15 to 29 years
2017,EL,M,Y15-29,30.8,Greece,Males,From 15 to 29 years
2017,EL,T,Y15-29,36.1,Greece,Total,From 15 to 29 years
2017,EL,F,Y15-74,26.4,Greece,Females,From 15 to 74 years
2017,EL,M,Y15-74,18.2,Greece,Males,From 15 to 74 years
2017,EL,T,Y15-74,21.8,Greece,Total,From 15 to 74 years
2017,EL,F,Y20-64,26.4,Greece,Females,From 20 to 64 years
2017,EL,M,Y20-64,18.1,Greece,Males,From 20 to 64 years
2017,EL,T,Y20-64,21.8,Greece,Total,From 20 to 64 years
2017,EL,F,Y25-54,26.0,Greece,Females,From 25 to 54 years
2017,EL,M,Y25-54,17.0,Greece,Males,From 25 to 54 years
2017,EL,T,Y25-54,21.1,Greece,Total,From 25 to 54 years
2017,EL,F,Y25-74,25.0,Greece,Females,From 25 to 74 years
2017,EL,M,Y25-74,16.9,Greece,Males,From 25 to 74 years
2017,EL,T,Y25-74,20.5,Greece,Total,From 25 to 74 years
2017,EL,F,Y55-74,19.2,Greece,Females,From 55 to 74 years
2017,EL,M,Y55-74,17.0,Greece,Males,From 55 to 74 years
2017,EL,T,Y55-74,17.8,Greece,Total,From 55 to 74 years
2017,ES,F,Y15-24,37.4,Spain,Females,From 15 to 24 years
2017,ES,M,Y15-24,39.5,Spain,Males,From 15 to 24 years
2017,ES,T,Y15-24,38.6,Spain,Total,From 15 to 24 years
2017,ES,F,Y15-29,29.4,Spain,Females,From 15 to 29 years
2017,ES,M,Y15-29,29.5,Spain,Males,From 15 to 29 years
2017,ES,T,Y15-29,29.4,Spain,Total,From 15 to 29 years
2017,ES,F,Y15-74,19.0,Spain,Females,From 15 to 74 years
2017,ES,M,Y15-74,15.7,Spain,Males,From 15 to 74 years
2017,ES,T,Y15-74,17.2,Spain,Total,From 15 to 74 years
2017,ES,F,Y20-64,18.8,Spain,Females,From 20 to 64 years
2017,ES,M,Y20-64,15.3,Spain,Males,From 20 to 64 years
2017,ES,T,Y20-64,16.9,Spain,Total,From 20 to 64 years
2017,ES,F,Y25-54,18.2,Spain,Females,From 25 to 54 years
2017,ES,M,Y25-54,13.9,Spain,Males,From 25 to 54 years
2017,ES,T,Y25-54,15.9,Spain,Total,From 25 to 54 years
2017,ES,F,Y25-74,17.7,Spain,Females,From 25 to 74 years
2017,ES,M,Y25-74,14.0,Spain,Males,From 25 to 74 years
2017,ES,T,Y25-74,15.7,Spain,Total,From 25 to 74 years
2017,ES,F,Y55-74,15.4,Spain,Females,From 55 to 74 years
2017,ES,M,Y55-74,14.3,Spain,Males,From 55 to 74 years
2017,ES,T,Y55-74,14.8,Spain,Total,From 55 to 74 years
2017,EU27,F,Y15-24,18.3,European Union - 27 countries (from 2020),Females,From 15 to 24 years
2017,EU27,M,Y15-24,18.7,European Union - 27 countries (from 2020),Males,From 15 to 24 years
2017,EU27,T,Y15-24,18.5,European Union - 27 countries (from 2020),Total,From 15 to 24 years
2017,EU27,F,Y15-29,14.4,European Union - 27 countries (from 2020),Females,From 15 to 29 years
2017,EU27,M,Y15-29,14.6,European Union - 27 countries (from 2020),Males,From 15 to 29 years
2017,EU27,T,Y15-29,14.5,European Union - 27 countries (from 2020),Total,From 15 to 29 years
2017,EU27,F,Y15-74,8.6,European Union - 27 countries (from 2020),Females,From 15 to 74 years
2017,EU27,M,Y15-74,8.0,European Union - 27 countries (from 2020),Males,From 15 to 74 years
2017,EU27,T,Y15-74,8.3,European Union - 27 countries (from 2020),Total,From 15 to 74 years
2017,EU27,F,Y20-64,8.4,European Union - 27 countries (from 2020),Females,From 20 to 64 years
2017,EU27,M,Y20-64,7.8,European Union - 27 countries (from 2020),Males,From 20 to 64 years
2017,EU27,T,Y20-64,8.1,European Union - 27 countries (from 2020),Total,From 20 to 64 years
2017,EU27,F,Y25-54,8.2,European Union - 27 countries (from 2020),Females,From 25 to 54 years
2017,EU27,M,Y25-54,7.2,European Union - 27 countries (from 2020),Males,From 25 to 54 years
2017,EU27,T,Y25-54,7.7,European Union - 27 countries (from 2020),Total,From 25 to 54 years
2017,EU27,F,Y25-74,7.7,European Union - 27 countries (from 2020),Females,From 25 to 74 years
2017,EU27,M,Y25-74,7.0,European Union - 27 countries (from 2020),Males,From 25 to 74 years
2017,EU27,T,Y25-74,7.3,European Union - 27 countries (from 2020),Total,From 25 to 74 years
2017,EU27,F,Y55-74,5.6,European Union - 27 countries (from 2020),Females,From 55 to 74 years
2017,EU27,M,Y55-74,6.1,European Union - 27 countries (from 2020),Males,From 55 to 74 years
2017,EU27,T,Y55-74,5.9,European Union - 27 countries (from 2020),Total,From 55 to 74 years
2017,FR,F,Y15-24,24.9,France,Females,From 15 to 24 years
2017,FR,M,Y15-24,22.3,France,Males,From 15 to 24 years
2017,FR,T,Y15-24,23.5,France,Total,From 15 to 24 years
2017,FR,F,Y15-29,16.3,France,Females,From 15 to 29 years
2017,FR,M,Y15-29,17.4,France,Males,From 15 to 29 years
2017,FR,T,Y15-29,16.9,France,Total,From 15 to 29 years
2017,FR,F,Y15-74,9.4,France,Females,From 15 to 74 years
2017,FR,M,Y15-74,9.5,France,Males,From 15 to 74 years
2017,FR,T,Y15-74,9.4,France,Total,From 15 to 74 years
2017,FR,F,Y20-64,8.9,France,Females,From 20 to 64 years
2017,FR,M,Y20-64,9.1,France,Males,From 20 to 64 years
2017,FR,T,Y20-64,9.0,France,Total,From 20 to 64 years
2017,FR,F,Y25-54,8.4,France,Females,From 25 to 54 years
2017,FR,M,Y25-54,8.2,France,Males,From 25 to 54 years
2017,FR,T,Y25-54,8.3,France,Total,From 25 to 54 years
2017,FR,F,Y25-74,7.9,France,Females,From 25 to 74 years
2017,FR,M,Y25-74,8.0,France,Males,From 25 to 74 years
2017,FR,T,Y25-74,7.9,France,Total,From 25 to 74 years
2017,FR,F,Y55-74,5.6,France,Females,From 55 to 74 years
2017,FR,M,Y55-74,7.2,France,Males,From 55 to 74 years
2017,FR,T,Y55-74,6.4,France,Total,From 55 to 74 years
2017,IT,F,Y15-24,37.2,Italy,Females,From 15 to 24 years
2017,IT,M,Y15-24,32.9,Italy,Males,From 15 to 24 years
2017,IT,T,Y15-24,34.6,Italy,Total,From 15 to 24 years
2017,IT,F,Y15-29,28.6,Italy,Females,From 15 to 29 years
2017,IT,M,Y15-29,25.4,Italy,Males,From 15 to 29 years
2017,IT,T,Y15-29,26.7,Italy,Total,From 15 to 29 years
2017,IT,F,Y15-74,12.4,Italy,Females,From 15 to 74 years
2017,IT,M,Y15-74,10.4,Italy,Males,From 15 to 74 years
2017,IT,T,Y15-74,11.3,Italy,Total,From 15 to 74 years
2017,IT,F,Y20-64,12.2,Italy,Females,From 20 to 64 years
2017,IT,M,Y20-64,10.3,Italy,Males,From 20 to 64 years
2017,IT,T,Y20-64,11.1,Italy,Total,From 20 to 64 years
2017,IT,F,Y25-54,12.3,Italy,Females,From 25 to 54 years
2017,IT,M,Y25-54,9.8,Italy,Males,From 25 to 54 years
2017,IT,T,Y25-54,10.9,Italy,Total,From 25 to 54 years
2017,IT,F,Y25-74,10.9,Italy,Females,From 25 to 74 years
2017,IT,M,Y25-74,8.9,Italy,Males,From 25 to 74 years
2017,IT,T,Y25-74,9.8,Italy,Total,From 25 to 74 years
2017,IT,F,Y55-74,4.9,Italy,Females,From 55 to 74 years
2017,IT,M,Y55-74,5.8,Italy,Males,From 55 to 74 years
2017,IT,T,Y55-74,5.4,Italy,Total,From 55 to 74 years
2017,NL,F,Y15-24,9.5,Netherlands,Females,From 15 to 24 years
2017,NL,M,Y15-24,11.4,Netherlands,Males,From 15 to 24 years
2017,NL,T,Y15-24,10.4,Netherlands,Total,From 15 to 24 years
2017,NL,F,Y15-29,8.7,Netherlands,Females,From 15 to 29 years
2017,NL,M,Y15-29,8.4,Netherlands,Males,From 15 to 29 years
2017,NL,T,Y15-29,8.5,Netherlands,Total,From 15 to 29 years
2017,NL,F,Y15-74,6.4,Netherlands,Females,From 15 to 74 years
2017,NL,M,Y15-74,5.4,Netherlands,Males,From 15 to 74 years
2017,NL,T,Y15-74,5.9,Netherlands,Total,From 15 to 74 years
2017,NL,F,Y20-64,5.7,Netherlands,Females,From 20 to 64 years
2017,NL,M,Y20-64,4.7,Netherlands,Males,From 20 to 64 years
2017,NL,T,Y20-64,5.2,Netherlands,Total,From 20 to 64 years
2017,NL,F,Y25-54,5.3,Netherlands,Females,From 25 to 54 years
2017,NL,M,Y25-54,3.8,Netherlands,Males,From 25 to 54 years
2017,NL,T,Y25-54,4.5,Netherlands,Total,From 25 to 54 years
2017,NL,F,Y25-74,5.7,Netherlands,Females,From 25 to 74 years
2017,NL,M,Y25-74,4.3,Netherlands,Males,From 25 to 74 years
2017,NL,T,Y25-74,4.9,Netherlands,Total,From 25 to 74 years
2017,NL,F,Y55-74,7.1,Netherlands,Females,From 55 to 74 years
2017,NL,M,Y55-74,5.8,Netherlands,Males,From 55 to 74 years
2017,NL,T,Y55-74,6.3,Netherlands,Total,From 55 to 74 years
2017,PL,F,Y15-24,15.1,Poland,Females,From 15 to 24 years
2017,PL,M,Y15-24,14.8,Poland,Males,From 15 to 24 years
2017,PL,T,Y15-24,14.9,Poland,Total,From 15 to 24 years
2017,PL,F,Y15-29,9.6,Poland,Females,From 15 to 29 years
2017,PL,M,Y15-29,9.4,Poland,Males,From 15 to 29 years
2017,PL,T,Y15-29,9.5,Poland,Total,From 15 to 29 years
2017,PL,F,Y15-74,5.0,Poland,Females,From 15 to 74 years
2017,PL,M,Y15-74,5.0,Poland,Males,From 15 to 74 years
2017,PL,T,Y15-74,5.0,Poland,Total,From 15 to 74 years
2017,PL,F,Y20-64,4.9,Poland,Females,From 20 to 64 years
2017,PL,M,Y20-64,4.9,Poland,Males,From 20 to 64 years
2017,PL,T,Y20-64,4.9,Poland,Total,From 20 to 64 years
2017,PL,F,Y25-54,4.4,Poland,Females,From 25 to 54 years
2017,PL,M,Y25-54,4.1,Poland,Males,From 25 to 54 years
2017,PL,T,Y25-54,4.3,Poland,Total,From 25 to 54 years
2017,PL,F,Y25-74,4.2,Poland,Females,From 25 to 74 years
2017,PL,M,Y25-74,4.1,Poland,Males,From 25 to 74 years
2017,PL,T,Y25-74,4.1,Poland,Total,From 25 to 74 years
2017,PL,F,Y55-74,3.0,Poland,Females,From 55 to 74 years
2017,PL,M,Y55-74,3.9,Poland,Males,From 55 to 74 years
2017,PL,T,Y55-74,3.5,Poland,Total,From 55 to 74 years
2017,SE,F,Y15-24,16.4,Sweden,Females,From 15 to 24 years
2017,SE,M,Y15-24,17.8,Sweden,Males,From 15 to 24 years
2017,SE,T,Y15-24,17.1,Sweden,Total,From 15 to 24 years
2017,SE,F,Y15-29,12.5,Sweden,Females,From 15 to 29 years
2017,SE,M,Y15-29,13.5,Sweden,Males,From 15 to 29 years
2017,SE,T,Y15-29,13.0,Sweden,Total,From 15 to 29 years
2017,SE,F,Y15-74,6.5,Sweden,Females,From 15 to 74 years
2017,SE,M,Y15-74,7.0,Sweden,Males,From 15 to 74 years
2017,SE,T,Y15-74,6.8,Sweden,Total,From 15 to 74 years
2017,SE,F,Y20-64,5.8,Sweden,Females,From 20 to 64 years
2017,SE,M,Y20-64,6.4,Sweden,Males,From 20 to 64 years
2017,SE,T,Y20-64,6.1,Sweden,Total,From 20 to 64 years
2017,SE,F,Y25-54,5.5,Sweden,Females,From 25 to 54 years
2017,SE,M,Y25-54,5.7,Sweden,Males,From 25 to 54 years
2017,SE,T,Y25-54,5.6,Sweden,Total,From 25 to 54 years
2017,SE,F,Y25-74,5.2,Sweden,Females,From 25 to 74 years
2017,SE,M,Y25-74,5.6,Sweden,Males,From 25 to 74 years
2017,SE,T,Y25-74,5.4,Sweden,Total,From 25 to 74 years
2017,SE,F,Y55-74,4.3,Sweden,Females,From 55 to 74 years
2017,SE,M,Y55-74,5.1,Sweden,Males,From 55 to 74 years
2017,SE,T,Y55-74,4.7,Sweden,Total,From 55 to 74 years
2018,DE,F,Y15-24,5.5,Germany,Females,From 15 to 24 years
2018,DE,M,Y15-24,7.5,Germany,Males,From 15 to 24 years
2018,DE,T,Y15-24,6.6,Germany,Total,From 15 to 24 years
2018,DE,F,Y15-29,4.7,Germany,Females,From 15 to 29 years
2018,DE,M,Y15-29,6.5,Germany,Males,From 15 to 29 years
2018,DE,T,Y15-29,5.7,Germany,Total,From 15 to 29 years
2018,DE,F,Y15-74,2.7,Germany,Females,From 15 to 74 years
2018,DE,M,Y15-74,3.6,Germany,Males,From 15 to 74 years
2018,DE,T,Y15-74,3.2,Germany,Total,From 15 to 74 years
2018,DE,F,Y20-64,2.7,Germany,Females,From 20 to 64 years
2018,DE,M,Y20-64,3.5,Germany,Males,From 20 to 64 years
2018,DE,T,Y20-64,3.1,Germany,Total,From 20 to 64 years
2018,DE,F,Y25-54,2.5,Germany,Females,From 25 to 54 years
2018,DE,M,Y25-54,3.3,Germany,Males,From 25 to 54 years
2018,DE,T,Y25-54,2.9,Germany,Total,From 25 to 54 years
2018,DE,F,Y25-74,2.4,Germany,Females,From 25 to 74 years
2018,DE,M,Y25-74,3.1,Germany,Males,From 25 to 74 years
2018,DE,T,Y25-74,2.8,Germany,Total,From 25 to 74 years
2018,DE,F,Y55-74,2.2,Germany,Females,From 55 to 74 years
2018,DE,M,Y55-74,2.7,Germany,Males,From 55 to 74 years
2018,DE,T,Y55-74,2.4,Germany,Total,From 55 to 74 years
2018,EA20,F,Y15-24,17.3,Euro area – 20 countries (2023-2025),Females,From 15 to 24 years
2018,EA20,M,Y15-24,17.8,Euro area – 20 countries (2023-2025),Males,From 15 to 24 years
2018,EA20,T,Y15-24,17.6,Euro area – 20 countries (2023-2025),Total,From 15 to 24 years
2018,EA20,F,Y15-29,14.1,Euro area – 20 countries (2023-2025),Females,From 15 to 29 years
2018,EA20,M,Y15-29,14.5,Euro area – 20 countries (2023-2025),Males,From 15 to 29 years
2018,EA20,T,Y15-29,14.3,Euro area – 20 countries (2023-2025),Total,From 15 to 29 years
2018,EA20,F,Y15-74,8.6,Euro area – 20 countries (2023-2025),Females,From 15 to 74 years
2018,EA20,M,Y15-74,7.9,Euro area – 20 countries (2023-2025),Males,From 15 to 74 years
2018,EA20,T,Y15-74,8.2,Euro area – 20 countries (2023-2025),Total,From 15 to 74 years
2018,EA20,F,Y20-64,8.5,Euro area – 20 countries (2023-2025),Females,From 20 to 64 years
2018,EA20,M,Y20-64,7.7,Euro area – 20 countries (2023-2025),Males,From 20 to 64 years
2018,EA20,T,Y20-64,8.1,Euro area – 20 countries (2023-2025),Total,From 20 to 64 years
2018,EA20,F,Y25-54,8.4,Euro area – 20 countries (2023-2025),Females,From 25 to 54 years
2018,EA20,M,Y25-54,7.2,Euro area – 20 countries (2023-2025),Males,From 25 to 54 years
2018,EA20,T,Y25-54,7.7,Euro area – 20 countries (2023-2025),Total,From 25 to 54 years
2018,EA20,F,Y25-74,7.8,Euro area – 20 countries (2023-2025),Females,From 25 to 74 years
2018,EA20,M,Y25-74,6.9,Euro area – 20 countries (2023-2025),Males,From 25 to 74 years
2018,EA20,T,Y25-74,7.3,Euro area – 20 countries (2023-2025),Total,From 25 to 74 years
2018,EA20,F,Y55-74,5.7,Euro area – 20 countries (2023-2025),Females,From 55 to 74 years
2018,EA20,M,Y55-74,5.9,Euro area – 20 countries (2023-2025),Males,From 55 to 74 years
2018,EA20,T,Y55-74,5.8,Euro area – 20 countries (2023-2025),Total,From 55 to 74 years
2018,EL,F,Y15-24,45.4,Greece,Females,From 15 to 24 years
2018,EL,M,Y15-24,37.7,Greece,Males,From 15 to 24 years
2018,EL,T,Y15-24,41.2,Greece,Total,From 15 to 24 years
2018,EL,F,Y15-29,38.0,Greece,Females,From 15 to 29 years
2018,EL,M,Y15-29,28.6,Greece,Males,From 15 to 29 years
2018,EL,T,Y15-29,33.0,Greece,Total,From 15 to 29 years
2018,EL,F,Y15-74,24.7,Greece,Females,From 15 to 74 years
2018,EL,M,Y15-74,15.8,Greece,Males,From 15 to 74 years
2018,EL,T,Y15-74,19.7,Greece,Total,From 15 to 74 years
2018,EL,F,Y20-64,24.8,Greece,Females,From 20 to 64 years
2018,EL,M,Y20-64,15.7,Greece,Males,From 20 to 64 years
2018,EL,T,Y20-64,19.7,Greece,Total,From 20 to 64 years
2018,EL,F,Y25-54,24.6,Greece,Females,From 25 to 54 years
2018,EL,M,Y25-54,15.0,Greece,Males,From 25 to 54 years
2018,EL,T,Y25-54,19.3,Greece,Total,From 25 to 54 years
2018,EL,F,Y25-74,23.5,Greece,Females,From 25 to 74 years
2018,EL,M,Y25-74,14.6,Greece,Males,From 25 to 74 years
2018,EL,T,Y25-74,18.5,Greece,Total,From 25 to 74 years
2018,EL,F,Y55-74,18.1,Greece,Females,From 55 to 74 years
2018,EL,M,Y55-74,13.3,Greece,Males,From 55 to 74 years
2018,EL,T,Y55-74,15.2,Greece,Total,From 55 to 74 years
2018,ES,F,Y15-24,33.3,Spain,Females,From 15 to 24 years
2018,ES,M,Y15-24,35.2,Spain,Males,From 15 to 24 years
2018,ES,T,Y15-24,34.3,Spain,Total,From 15 to 24 years
2018,ES,F,Y15-29,26.2,Spain,Females,From 15 to 29 years
2018,ES,M,Y15-29,26.2,Spain,Males,From 15 to 29 years
2018,ES,T,Y15-29,26.2,Spain,Total,From 15 to 29 years
2018,ES,F,Y15-74,17.0,Spain,Females,From 15 to 74 years
2018,ES,M,Y15-74,13.7,Spain,Males,From 15 to 74 years
2018,ES,T,Y15-74,15.3,Spain,Total,From 15 to 74 years
2018,ES,F,Y20-64,16.8,Spain,Females,From 20 to 64 years
2018,ES,M,Y20-64,13.4,Spain,Males,From 20 to 64 years
2018,ES,T,Y20-64,14.9,Spain,Total,From 20 to 64 years
2018,ES,F,Y25-54,16.2,Spain,Females,From 25 to 54 years
2018,ES,M,Y25-54,12.1,Spain,Males,From 25 to 54 years
2018,ES,T,Y25-54,14.0,Spain,Total,From 25 to 54 years
2018,ES,F,Y25-74,15.9,Spain,Females,From 25 to 74 years
2018,ES,M,Y25-74,12.2,Spain,Males,From 25 to 74 years
2018,ES,T,Y25-74,13.9,Spain,Total,From 25 to 74 years
2018,ES,F,Y55-74,14.6,Spain,Females,From 55 to 74 years
2018,ES,M,Y55-74,12.3,Spain,Males,From 55 to 74 years
2018,ES,T,Y55-74,13.3,Spain,Total,From 55 to 74 years
2018,EU27,F,Y15-24,16.5,European Union - 27 countries (from 2020),Females,From 15 to 24 years
2018,EU27,M,Y15-24,16.9,European Union - 27 countries (from 2020),Males,From 15 to 24 years
2018,EU27,T,Y15-24,16.7,European Union - 27 countries (from 2020),Total,From 15 to 24 years
2018,EU27,F,Y15-29,13.0,European Union - 27 countries (from 2020),Females,From 15 to 29 years
2018,EU27,M,Y15-29,13.2,European Union - 27 countries (from 2020),Males,From 15 to 29 years
2018,EU27,T,Y15-29,13.1,European Union - 27 countries (from 2020),Total,From 15 to 29 years
2018,EU27,F,Y15-74,7.7,European Union - 27 countries (from 2020),Females,From 15 to 74 years
2018,EU27,M,Y15-74,7.1,European Union - 27 countries (from 2020),Males,From 15 to 74 years
2018,EU27,T,Y15-74,7.4,European Union - 27 countries (from 2020),Total,From 15 to 74 years
2018,EU27,F,Y20-64,7.5,European Union - 27 countries (from 2020),Females,From 20 to 64 years
2018,EU27,M,Y20-64,6.9,European Union - 27 countries (from 2020),Males,From 20 to 64 years
2018,EU27,T,Y20-64,7.2,European Union - 27 countries (from 2020),Total,From 20 to 64 years
2018,EU27,F,Y25-54,7.3,European Union - 27 countries (from 2020),Females,From 25 to 54 years
2018,EU27,M,Y25-54,6.4,European Union - 27 countries (from 2020),Males,From 25 to 54 years
2018,EU27,T,Y25-54,6.9,European Union - 27 countries (from 2020),Total,From 25 to 54 years
2018,EU27,F,Y25-74,6.9,European Union - 27 countries (from 2020),Females,From 25 to 74 years
2018,EU27,M,Y25-74,6.2,European Union - 27 countries (from 2020),Males,From 25 to 74 years
2018,EU27,T,Y25-74,6.5,European Union - 27 countries (from 2020),Total,From 25 to 74 years
2018,EU27,F,Y55-74,5.2,European Union - 27 countries (from 2020),Females,From 55 to 74 years
2018,EU27,M,Y55-74,5.3,European Union - 27 countries (from 2020),Males,From 55 to 74 years
2018,EU27,T,Y55-74,5.2,European Union - 27 countries (from 2020),Total,From 55 to 74 years
2018,FR,F,Y15-24,23.5,France,Females,From 15 to 24 years
2018,FR,M,Y15-24,20.8,France,Males,From 15 to 24 years
2018,FR,T,Y15-24,22.0,France,Total,From 15 to 24 years
2018,FR,F,Y15-29,15.8,France,Females,From 15 to 29 years
2018,FR,M,Y15-29,16.9,France,Males,From 15 to 29 years
2018,FR,T,Y15-29,16.4,France,Total,From 15 to 29 years
2018,FR,F,Y15-74,9.0,France,Females,From 15 to 74 years
2018,FR,M,Y15-74,9.0,France,Males,From 15 to 74 years
2018,FR,T,Y15-74,9.0,France,Total,From 15 to 74 years
2018,FR,F,Y20-64,8.7,France,Females,From 20 to 64 years
2018,FR,M,Y20-64,8.7,France,Males,From 20 to 64 years
2018,FR,T,Y20-64,8.7,France,Total,From 20 to 64 years
2018,FR,F,Y25-54,8.0,France,Females,From 25 to 54 years
2018,FR,M,Y25-54,7.8,France,Males,From 25 to 54 years
2018,FR,T,Y25-54,7.9,France,Total,From 25 to 54 years
2018,FR,F,Y25-74,7.6,France,Females,From 25 to 74 years
2018,FR,M,Y25-74,7.6,France,Males,From 25 to 74 years
2018,FR,T,Y25-74,7.6,France,Total,From 25 to 74 years
2018,FR,F,Y55-74,6.1,France,Females,From 55 to 74 years
2018,FR,M,Y55-74,6.9,France,Males,From 55 to 74 years
2018,FR,T,Y55-74,6.5,France,Total,From 55 to 74 years
2018,IT,F,Y15-24,34.9,Italy,Females,From 15 to 24 years
2018,IT,M,Y15-24,30.4,Italy,Males,From 15 to 24 years
2018,IT,T,Y15-24,32.2,Italy,Total,From 15 to 24 years
2018,IT,F,Y15-29,26.6,Italy,Females,From 15 to 29 years
2018,IT,M,Y15-29,23.5,Italy,Males,From 15 to 29 years
2018,IT,T,Y15-29,24.8,Italy,Total,From 15 to 29 years
2018,IT,F,Y15-74,11.7,Italy,Females,From 15 to 74 years
2018,IT,M,Y15-74,9.7,Italy,Males,From 15 to 74 years
2018,IT,T,Y15-74,10.6,Italy,Total,From 15 to 74 years
2018,IT,F,Y20-64,11.6,Italy,Females,From 20 to 64 years
2018,IT,M,Y20-64,9.6,Italy,Males,From 20 to 64 years
2018,IT,T,Y20-64,10.4,Italy,Total,From 20 to 64 years
2018,IT,F,Y25-54,11.8,Italy,Females,From 25 to 54 years
2018,IT,M,Y25-54,9.1,Italy,Males,From 25 to 54 years
2018,IT,T,Y25-54,10.3,Italy,Total,From 25 to 54 years
2018,IT,F,Y25-74,10.4,Italy,Females,From 25 to 74 years
2018,IT,M,Y25-74,8.4,Italy,Males,From 25 to 74 years
2018,IT,T,Y25-74,9.2,Italy,Total,From 25 to 74 years
2018,IT,F,Y55-74,4.7,Italy,Females,From 55 to 74 years
2018,IT,M,Y55-74,5.8,Italy,Males,From 55 to 74 years
2018,IT,T,Y55-74,5.3,Italy,Total,From 55 to 74 years
2018,NL,F,Y15-24,7.6,Netherlands,Females,From 15 to 24 years
2018,NL,M,Y15-24,10.2,Netherlands,Males,From 15 to 24 years
2018,NL,T,Y15-24,8.9,Netherlands,Total,From 15 to 24 years
2018,NL,F,Y15-29,6.7,Netherlands,Females,From 15 to 29 years
2018,NL,M,Y15-29,7.6,Netherlands,Males,From 15 to 29 years
2018,NL,T,Y15-29,7.1,Netherlands,Total,From 15 to 29 years
2018,NL,F,Y15-74,5.1,Netherlands,Females,From 15 to 74 years
2018,NL,M,Y15-74,4.7,Netherlands,Males,From 15 to 74 years
2018,NL,T,Y15-74,4.9,Netherlands,Total,From 15 to 74 years
2018,NL,F,Y20-64,4.5,Netherlands,Females,From 20 to 64 years
2018,NL,M,Y20-64,4.1,Netherlands,Males,From 20 to 64 years
2018,NL,T,Y20-64,4.3,Netherlands,Total,From 20 to 64 years
2018,NL,F,Y25-54,4.2,Netherlands,Females,From 25 to 54 years
2018,NL,M,Y25-54,3.2,Netherlands,Males,From 25 to 54 years
2018,NL,T,Y25-54,3.6,Netherlands,Total,From 25 to 54 years
2018,NL,F,Y25-74,4.5,Netherlands,Females,From 25 to 74 years
2018,NL,M,Y25-74,3.6,Netherlands,Males,From 25 to 74 years
2018,NL,T,Y25-74,4.0,Netherlands,Total,From 25 to 74 years
2018,NL,F,Y55-74,6.1,Netherlands,Females,From 55 to 74 years
2018,NL,M,Y55-74,4.8,Netherlands,Males,From 55 to 74 years
2018,NL,T,Y55-74,5.3,Netherlands,Total,From 55 to 74 years
2018,PL,F,Y15-24,12.1,Poland,Females,From 15 to 24 years
2018,PL,M,Y15-24,11.6,Poland,Males,From 15 to 24 years
2018,PL,T,Y15-24,11.8,Poland,Total,From 15 to 24 years
2018,PL,F,Y15-29,8.1,Poland,Females,From 15 to 29 years
2018,PL,M,Y15-29,7.4,Poland,Males,From 15 to 29 years
2018,PL,T,Y15-29,7.7,Poland,Total,From 15 to 29 years
2018,PL,F,Y15-74,3.9,Poland,Females,From 15 to 74 years
2018,PL,M,Y15-74,3.9,Poland,Males,From 15 to 74 years
2018,PL,T,Y15-74,3.9,Poland,Total,From 15 to 74 years
2018,PL,F,Y20-64,3.9,Poland,Females,From 20 to 64 years
2018,PL,M,Y20-64,3.8,Poland,Males,From 20 to 64 years
2018,PL,T,Y20-64,3.9,Poland,Total,From 20 to 64 years
2018,PL,F,Y25-54,3.5,Poland,Females,From 25 to 54 years
2018,PL,M,Y25-54,3.3,Poland,Males,From 25 to 54 years
2018,PL,T,Y25-54,3.4,Poland,Total,From 25 to 54 years
2018,PL,F,Y25-74,3.2,Poland,Females,From 25 to 74 years
2018,PL,M,Y25-74,3.3,Poland,Males,From 25 to 74 years
2018,PL,T,Y25-74,3.2,Poland,Total,From 25 to 74 years
2018,PL,F,Y55-74,1.9,Poland,Females,From 55 to 74 years
2018,PL,M,Y55-74,3.2,Poland,Males,From 55 to 74 years
2018,PL,T,Y55-74,2.6,Poland,Total,From 55 to 74 years
2018,SE,F,Y15-24,15.9,Sweden,Females,From 15 to 24 years
2018,SE,M,Y15-24,17.6,Sweden,Males,From 15 to 24 years
2018,SE,T,Y15-24,16.8,Sweden,Total,From 15 to 24 years
2018,SE,F,Y15-29,12.1,Sweden,Females,From 15 to 29 years
2018,SE,M,Y15-29,12.9,Sweden,Males,From 15 to 29 years
2018,SE,T,Y15-29,12.5,Sweden,Total,From 15 to 29 years
2018,SE,F,Y15-74,6.4,Sweden,Females,From 15 to 74 years
2018,SE,M,Y15-74,6.5,Sweden,Males,From 15 to 74 years
2018,SE,T,Y15-74,6.5,Sweden,Total,From 15 to 74 years
2018,SE,F,Y20-64,5.6,Sweden,Females,From 20 to 64 years
2018,SE,M,Y20-64,5.9,Sweden,Males,From 20 to 64 years
2018,SE,T,Y20-64,5.8,Sweden,Total,From 20 to 64 years
2018,SE,F,Y25-54,5.5,Sweden,Females,From 25 to 54 years
2018,SE,M,Y25-54,5.3,Sweden,Males,From 25 to 54 years
2018,SE,T,Y25-54,5.4,Sweden,Total,From 25 to 54 years
2018,SE,F,Y25-74,5.1,Sweden,Females,From 25 to 74 years
2018,SE,M,Y25-74,5.1,Sweden,Males,From 25 to 74 years
2018,SE,T,Y25-74,5.1,Sweden,Total,From 25 to 74 years
2018,SE,F,Y55-74,3.7,Sweden,Females,From 55 to 74 years
2018,SE,M,Y55-74,4.5,Sweden,Males,From 55 to 74 years
2018,SE,T,Y55-74,4.2,Sweden,Total,From 55 to 74 years
2019,DE,F,Y15-24,5.1,Germany,Females,From 15 to 24 years
2019,DE,M,Y15-24,6.9,Germany,Males,From 15 to 24 years
2019,DE,T,Y15-24,6.1,Germany,Total,From 15 to 24 years
2019,DE,F,Y15-29,4.4,Germany,Females,From 15 to 29 years
2019,DE,M,Y15-29,5.9,Germany,Males,From 15 to 29 years
2019,DE,T,Y15-29,5.2,Germany,Total,From 15 to 29 years
2019,DE,F,Y15-74,2.6,Germany,Females,From 15 to 74 years
2019,DE,M,Y15-74,3.3,Germany,Males,From 15 to 74 years
2019,DE,T,Y15-74,2.9,Germany,Total,From 15 to 74 years
2019,DE,F,Y20-64,2.5,Germany,Females,From 20 to 64 years
2019,DE,M,Y20-64,3.2,Germany,Males,From 20 to 64 years
2019,DE,T,Y20-64,2.9,Germany,Total,From 20 to 64 years
2019,DE,F,Y25-54,2.4,Germany,Females,From 25 to 54 years
2019,DE,M,Y25-54,3.0,Germany,Males,From 25 to 54 years
2019,DE,T,Y25-54,2.7,Germany,Total,From 25 to 54 years
2019,DE,F,Y25-74,2.3,Germany,Females,From 25 to 74 years
2019,DE,M,Y25-74,2.9,Germany,Males,From 25 to 74 years
2019,DE,T,Y25-74,2.6,Germany,Total,From 25 to 74 years
2019,DE,F,Y55-74,2.1,Germany,Females,From 55 to 74 years
2019,DE,M,Y55-74,2.5,Germany,Males,From 55 to 74 years
2019,DE,T,Y55-74,2.3,Germany,Total,From 55 to 74 years
2019,EA20,F,Y15-24,16.2,Euro area – 20 countries (2023-2025),Females,From 15 to 24 years
2019,EA20,M,Y15-24,16.4,Euro area – 20 countries (2023-2025),Males,From 15 to 24 years
2019,EA20,T,Y15-24,16.3,Euro area – 20 countries (2023-2025),Total,From 15 to 24 years
2019,EA20,F,Y15-29,12.9,Euro area – 20 countries (2023-2025),Females,From 15 to 29 years
2019,EA20,M,Y15-29,13.4,Euro area – 20 countries (2023-2025),Males,From 15 to 29 years
2019,EA20,T,Y15-29,13.2,Euro area – 20 countries (2023-2025),Total,From 15 to 29 years
2019,EA20,F,Y15-74,8.0,Euro area – 20 countries (2023-2025),Females,From 15 to 74 years
2019,EA20,M,Y15-74,7.3,Euro area – 20 countries (2023-2025),Males,From 15 to 74 years
2019,EA20,T,Y15-74,7.6,Euro area – 20 countries (2023-2025),Total,From 15 to 74 years
2019,EA20,F,Y20-64,7.8,Euro area – 20 countries (2023-2025),Females,From 20 to 64 years
2019,EA20,M,Y20-64,7.1,Euro area – 20 countries (2023-2025),Males,From 20 to 64 years
2019,EA20,T,Y20-64,7.5,Euro area – 20 countries (2023-2025),Total,From 20 to 64 years
2019,EA20,F,Y25-54,7.7,Euro area – 20 countries (2023-2025),Females,From 25 to 54 years
2019,EA20,M,Y25-54,6.6,Euro area – 20 countries (2023-2025),Males,From 25 to 54 years
2019,EA20,T,Y25-54,7.1,Euro area – 20 countries (2023-2025),Total,From 25 to 54 years
2019,EA20,F,Y25-74,7.2,Euro area – 20 countries (2023-2025),Females,From 25 to 74 years
2019,EA20,M,Y25-74,6.4,Euro area – 20 countries (2023-2025),Males,From 25 to 74 years
2019,EA20,T,Y25-74,6.8,Euro area – 20 countries (2023-2025),Total,From 25 to 74 years
2019,EA20,F,Y55-74,5.4,Euro area – 20 countries (2023-2025),Females,From 55 to 74 years
2019,EA20,M,Y55-74,5.4,Euro area – 20 countries (2023-2025),Males,From 55 to 74 years
2019,EA20,T,Y55-74,5.4,Euro area – 20 countries (2023-2025),Total,From 55 to 74 years
2019,EL,F,Y15-24,41.0,Greece,Females,From 15 to 24 years
2019,EL,M,Y15-24,34.5,Greece,Males,From 15 to 24 years
2019,EL,T,Y15-24,37.5,Greece,Total,From 15 to 24 years
2019,EL,F,Y15-29,33.2,Greece,Females,From 15 to 29 years
2019,EL,M,Y15-29,26.8,Greece,Males,From 15 to 29 years
2019,EL,T,Y15-29,29.8,Greece,Total,From 15 to 29 years
2019,EL,F,Y15-74,22.4,Greece,Females,From 15 to 74 years
2019,EL,M,Y15-74,14.4,Greece,Males,From 15 to 74 years
2019,EL,T,Y15-74,17.9,Greece,Total,From 15 to 74 years
2019,EL,F,Y20-64,22.4,Greece,Females,From 20 to 64 years
2019,EL,M,Y20-64,14.3,Greece,Males,From 20 to 64 years
2019,EL,T,Y20-64,17.9,Greece,Total,From 20 to 64 years
2019,EL,F,Y25-54,22.6,Greece,Females,From 25 to 54 years
2019,EL,M,Y25-54,13.7,Greece,Males,From 25 to 54 years
2019,EL,T,Y25-54,17.7,Greece,Total,From 25 to 54 years
2019,EL,F,Y25-74,21.3,Greece,Females,From 25 to 74 years
2019,EL,M,Y25-74,13.3,Greece,Males,From 25 to 74 years
2019,EL,T,Y25-74,16.8,Greece,Total,From 25 to 74 years
2019,EL,F,Y55-74,15.5,Greece,Females,From 55 to 74 years
2019,EL,M,Y55-74,12.2,Greece,Males,From 55 to 74 years
2019,EL,T,Y55-74,13.5,Greece,Total,From 55 to 74 years
2019,ES,F,Y15-24,34.5,Spain,Females,From 15 to 24 years
2019,ES,M,Y15-24,30.9,Spain,Males,From 15 to 24 years
2019,ES,T,Y15-24,32.5,Spain,Total,From 15 to 24 years
2019,ES,F,Y15-29,25.4,Spain,Females,From 15 to 29 years
2019,ES,M,Y15-29,24.1,Spain,Males,From 15 to 29 years
2019,ES,T,Y15-29,24.7,Spain,Total,From 15 to 29 years
2019,ES,F,Y15-74,16.0,Spain,Females,From 15 to 74 years
2019,ES,M,Y15-74,12.5,Spain,Males,From 15 to 74 years
2019,ES,T,Y15-74,14.1,Spain,Total,From 15 to 74 years
2019,ES,F,Y20-64,15.7,Spain,Females,From 20 to 64 years
2019,ES,M,Y20-64,12.1,Spain,Males,From 20 to 64 years
2019,ES,T,Y20-64,13.8,Spain,Total,From 20 to 64 years
2019,ES,F,Y25-54,15.0,Spain,Females,From 25 to 54 years
2019,ES,M,Y25-54,11.0,Spain,Males,From 25 to 54 years
2019,ES,T,Y25-54,12.9,Spain,Total,From 25 to 54 years
2019,ES,F,Y25-74,14.7,Spain,Females,From 25 to 74 years
2019,ES,M,Y25-74,11.1,Spain,Males,From 25 to 74 years
2019,ES,T,Y25-74,12.8,Spain,Total,From 25 to 74 years
2019,ES,F,Y55-74,13.5,Spain,Females,From 55 to 74 years
2019,ES,M,Y55-74,11.3,Spain,Males,From 55 to 74 years
2019,ES,T,Y55-74,12.3,Spain,Total,From 55 to 74 years
2019,EU27,F,Y15-24,15.6,European Union - 27 countries (from 2020),Females,From 15 to 24 years
2019,EU27,M,Y15-24,15.7,European Union - 27 countries (from 2020),Males,From 15 to 24 years
2019,EU27,T,Y15-24,15.7,European Union - 27 countries (from 2020),Total,From 15 to 24 years
2019,EU27,F,Y15-29,12.1,European Union - 27 countries (from 2020),Females,From 15 to 29 years
2019,EU27,M,Y15-29,12.3,European Union - 27 countries (from 2020),Males,From 15 to 29 years
2019,EU27,T,Y15-29,12.2,European Union - 27 countries (from 2020),Total,From 15 to 29 years
2019,EU27,F,Y15-74,7.2,European Union - 27 countries (from 2020),Females,From 15 to 74 years
2019,EU27,M,Y15-74,6.5,European Union - 27 countries (from 2020),Males,From 15 to 74 years
2019,EU27,T,Y15-74,6.8,European Union - 27 countries (from 2020),Total,From 15 to 74 years
2019,EU27,F,Y20-64,7.0,European Union - 27 countries (from 2020),Females,From 20 to 64 years
2019,EU27,M,Y20-64,6.4,European Union - 27 countries (from 2020),Males,From 20 to 64 years
2019,EU27,T,Y20-64,6.6,European Union - 27 countries (from 2020),Total,From 20 to 64 years
2019,EU27,F,Y25-54,6.8,European Union - 27 countries (from 2020),Females,From 25 to 54 years
2019,EU27,M,Y25-54,5.9,European Union - 27 countries (from 2020),Males,From 25 to 54 years
2019,EU27,T,Y25-54,6.3,European Union - 27 countries (from 2020),Total,From 25 to 54 years
2019,EU27,F,Y25-74,6.4,European Union - 27 countries (from 2020),Females,From 25 to 74 years
2019,EU27,M,Y25-74,5.6,European Union - 27 countries (from 2020),Males,From 25 to 74 years
2019,EU27,T,Y25-74,6.0,European Union - 27 countries (from 2020),Total,From 25 to 74 years
2019,EU27,F,Y55-74,4.9,European Union - 27 countries (from 2020),Females,From 55 to 74 years
2019,EU27,M,Y55-74,4.9,European Union - 27 countries (from 2020),Males,From 55 to 74 years
2019,EU27,T,Y55-74,4.9,European Union - 27 countries (from 2020),Total,From 55 to 74 years
2019,FR,F,Y15-24,21.6,France,Females,From 15 to 24 years
2019,FR,M,Y15-24,20.0,France,Males,From 15 to 24 years
2019,FR,T,Y15-24,20.7,France,Total,From 15 to 24 years
2019,FR,F,Y15-29,14.2,France,Females,From 15 to 29 years
2019,FR,M,Y15-29,16.1,France,Males,From 15 to 29 years
2019,FR,T,Y15-29,15.2,France,Total,From 15 to 29 years
2019,FR,F,Y15-74,8.4,France,Females,From 15 to 74 years
2019,FR,M,Y15-74,8.5,France,Males,From 15 to 74 years
2019,FR,T,Y15-74,8.4,France,Total,From 15 to 74 years
2019,FR,F,Y20-64,7.9,France,Females,From 20 to 64 years
2019,FR,M,Y20-64,8.2,France,Males,From 20 to 64 years
2019,FR,T,Y20-64,8.1,France,Total,From 20 to 64 years
2019,FR,F,Y25-54,7.2,France,Females,From 25 to 54 years
2019,FR,M,Y25-54,7.4,France,Males,From 25 to 54 years
2019,FR,T,Y25-54,7.3,France,Total,From 25 to 54 years
2019,FR,F,Y25-74,7.1,France,Females,From 25 to 74 years
2019,FR,M,Y25-74,7.2,France,Males,From 25 to 74 years
2019,FR,T,Y25-74,7.1,France,Total,From 25 to 74 years
2019,FR,F,Y55-74,6.5,France,Females,From 55 to 74 years
2019,FR,M,Y55-74,6.5,France,Males,From 55 to 74 years
2019,FR,T,Y55-74,6.5,France,Total,From 55 to 74 years
2019,IT,F,Y15-24,31.1,Italy,Females,From 15 to 24 years
2019,IT,M,Y15-24,27.8,Italy,Males,From 15 to 24 years
2019,IT,T,Y15-24,29.2,Italy,Total,From 15 to 24 years
2019,IT,F,Y15-29,23.8,Italy,Females,From 15 to 29 years
2019,IT,M,Y15-29,21.3,Italy,Males,From 15 to 29 years
2019,IT,T,Y15-29,22.4,Italy,Total,From 15 to 29 years
2019,IT,F,Y15-74,11.1,Italy,Females,From 15 to 74 years
2019,IT,M,Y15-74,9.1,Italy,Males,From 15 to 74 years
2019,IT,T,Y15-74,9.9,Italy,Total,From 15 to 74 years
2019,IT,F,Y20-64,10.9,Italy,Females,From 20 to 64 years
2019,IT,M,Y20-64,9.0,Italy,Males,From 20 to 64 years
2019,IT,T,Y20-64,9.8,Italy,Total,From 20 to 64 years
2019,IT,F,Y25-54,11.3,Italy,Females,From 25 to 54 years
2019,IT,M,Y25-54,8.6,Italy,Males,From 25 to 54 years
2019,IT,T,Y25-54,9.8,Italy,Total,From 25 to 54 years
2019,IT,F,Y25-74,9.9,Italy,Females,From 25 to 74 years
2019,IT,M,Y25-74,7.9,Italy,Males,From 25 to 74 years
2019,IT,T,Y25-74,8.7,Italy,Total,From 25 to 74 years
2019,IT,F,Y55-74,4.7,Italy,Females,From 55 to 74 years
2019,IT,M,Y55-74,5.4,Italy,Males,From 55 to 74 years
2019,IT,T,Y55-74,5.1,Italy,Total,From 55 to 74 years
2019,NL,F,Y15-24,7.2,Netherlands,Females,From 15 to 24 years
2019,NL,M,Y15-24,9.7,Netherlands,Males,From 15 to 24 years
2019,NL,T,Y15-24,8.5,Netherlands,Total,From 15 to 24 years
2019,NL,F,Y15-29,6.5,Netherlands,Females,From 15 to 29 years
2019,NL,M,Y15-29,7.6,Netherlands,Males,From 15 to 29 years
2019,NL,T,Y15-29,7.1,Netherlands,Total,From 15 to 29 years
2019,NL,F,Y15-74,4.5,Netherlands,Females,From 15 to 74 years
2019,NL,M,Y15-74,4.3,Netherlands,Males,From 15 to 74 years
2019,NL,T,Y15-74,4.4,Netherlands,Total,From 15 to 74 years
2019,NL,F,Y20-64,4.0,Netherlands,Females,From 20 to 64 years
2019,NL,M,Y20-64,3.7,Netherlands,Males,From 20 to 64 years
2019,NL,T,Y20-64,3.9,Netherlands,Total,From 20 to 64 years
2019,NL,F,Y25-54,3.8,Netherlands,Females,From 25 to 54 years
2019,NL,M,Y25-54,3.0,Netherlands,Males,From 25 to 54 years
2019,NL,T,Y25-54,3.4,Netherlands,Total,From 25 to 54 years
2019,NL,F,Y25-74,3.9,Netherlands,Females,From 25 to 74 years
2019,NL,M,Y25-74,3.3,Netherlands,Males,From 25 to 74 years
2019,NL,T,Y25-74,3.6,Netherlands,Total,From 25 to 74 years
2019,NL,F,Y55-74,4.3,Netherlands,Females,From 55 to 74 years
2019,NL,M,Y55-74,4.1,Netherlands,Males,From 55 to 74 years
2019,NL,T,Y55-74,4.2,Netherlands,Total,From 55 to 74 years
2019,PL,F,Y15-24,9.8,Poland,Females,From 15 to 24 years
2019,PL,M,Y15-24,9.6,Poland,Males,From 15 to 24 years
2019,PL,T,Y15-24,9.7,Poland,Total,From 15 to 24 years
2019,PL,F,Y15-29,7.0,Poland,Females,From 15 to 29 years
2019,PL,M,Y15-29,6.1,Poland,Males,From 15 to 29 years
2019,PL,T,Y15-29,6.5,Poland,Total,From 15 to 29 years
2019,PL,F,Y15-74,3.6,Poland,Females,From 15 to 74 years
2019,PL,M,Y15-74,3.0,Poland,Males,From 15 to 74 years
2019,PL,T,Y15-74,3.3,Poland,Total,From 15 to 74 years
2019,PL,F,Y20-64,3.5,Poland,Females,From 20 to 64 years
2019,PL,M,Y20-64,3.0,Poland,Males,From 20 to 64 years
2019,PL,T,Y20-64,3.2,Poland,Total,From 20 to 64 years
2019,PL,F,Y25-54,3.3,Poland,Females,From 25 to 54 years
2019,PL,M,Y25-54,2.5,Poland,Males,From 25 to 54 years
2019,PL,T,Y25-54,2.9,Poland,Total,From 25 to 54 years
2019,PL,F,Y25-74,3.1,Poland,Females,From 25 to 74 years
2019,PL,M,Y25-74,2.5,Poland,Males,From 25 to 74 years
2019,PL,T,Y25-74,2.8,Poland,Total,From 25 to 74 years
2019,PL,F,Y55-74,1.9,Poland,Females,From 55 to 74 years
2019,PL,M,Y55-74,2.5,Poland,Males,From 55 to 74 years
2019,PL,T,Y55-74,2.2,Poland,Total,From 55 to 74 years
2019,SE,F,Y15-24,19.1,Sweden,Females,From 15 to 24 years
2019,SE,M,Y15-24,19.6,Sweden,Males,From 15 to 24 years
2019,SE,T,Y15-24,19.3,Sweden,Total,From 15 to 24 years
2019,SE,F,Y15-29,14.2,Sweden,Females,From 15 to 29 years
2019,SE,M,Y15-29,13.7,Sweden,Males,From 15 to 29 years
2019,SE,T,Y15-29,14.0,Sweden,Total,From 15 to 29 years
2019,SE,F,Y15-74,7.1,Sweden,Females,From 15 to 74 years
2019,SE,M,Y15-74,6.7,Sweden,Males,From 15 to 74 years
2019,SE,T,Y15-74,6.9,Sweden,Total,From 15 to 74 years
2019,SE,F,Y20-64,6.1,Sweden,Females,From 20 to 64 years
2019,SE,M,Y20-64,6.0,Sweden,Males,From 20 to 64 years
2019,SE,T,Y20-64,6.1,Sweden,Total,From 20 to 64 years
2019,SE,F,Y25-54,5.9,Sweden,Females,From 25 to 54 years
2019,SE,M,Y25-54,5.2,Sweden,Males,From 25 to 54 years
2019,SE,T,Y25-54,5.6,Sweden,Total,From 25 to 54 years
2019,SE,F,Y25-74,5.5,Sweden,Females,From 25 to 74 years
2019,SE,M,Y25-74,5.1,Sweden,Males,From 25 to 74 years
2019,SE,T,Y25-74,5.3,Sweden,Total,From 25 to 74 years
2019,SE,F,Y55-74,4.0,Sweden,Females,From 55 to 74 years
2019,SE,M,Y55-74,4.6,Sweden,Males,From 55 to 74 years
2019,SE,T,Y55-74,4.3,Sweden,Total,From 55 to 74 years
2020,DE,F,Y15-24,7.3,Germany,Females,From 15 to 24 years
2020,DE,M,Y15-24,8.4,Germany,Males,From 15 to 24 years
2020,DE,T,Y15-24,7.9,Germany,Total,From 15 to 24 years
2020,DE,F,Y15-29,5.9,Germany,Females,From 15 to 29 years
2020,DE,M,Y15-29,7.4,Germany,Males,From 15 to 29 years
2020,DE,T,Y15-29,6.7,Germany,Total,From 15 to 29 years
2020,DE,F,Y15-74,3.2,Germany,Females,From 15 to 74 years
2020,DE,M,Y15-74,4.0,Germany,Males,From 15 to 74 years
2020,DE,T,Y15-74,3.6,Germany,Total,From 15 to 74 years
2020,DE,F,Y20-64,3.1,Germany,Females,From 20 to 64 years
2020,DE,M,Y20-64,3.9,Germany,Males,From 20 to 64 years
2020,DE,T,Y20-64,3.5,Germany,Total,From 20 to 64 years
2020,DE,F,Y25-54,2.9,Germany,Females,From 25 to 54 years
2020,DE,M,Y25-54,3.7,Germany,Males,From 25 to 54 years
2020,DE,T,Y25-54,3.3,Germany,Total,From 25 to 54 years
2020,DE,F,Y25-74,2.8,Germany,Females,From 25 to 74 years
2020,DE,M,Y25-74,3.5,Germany,Males,From 25 to 74 years
2020,DE,T,Y25-74,3.1,Germany,Total,From 25 to 74 years
2020,DE,F,Y55-74,2.4,Germany,Females,From 55 to 74 years
2020,DE,M,Y55-74,2.8,Germany,Males,From 55 to 74 years
2020,DE,T,Y55-74,2.6,Germany,Total,From 55 to 74 years
2020,EA20,F,Y15-24,18.3,Euro area – 20 countries (2023-2025),Females,From 15 to 24 years
2020,EA20,M,Y15-24,18.1,Euro area – 20 countries (2023-2025),Males,From 15 to 24 years
2020,EA20,T,Y15-24,18.2,Euro area – 20 countries (2023-2025),Total,From 15 to 24 years
2020,EA20,F,Y15-29,14.6,Euro area – 20 countries (2023-2025),Females,From 15 to 29 years
2020,EA20,M,Y15-29,14.9,Euro area – 20 countries (2023-2025),Males,From 15 to 29 years
2020,EA20,T,Y15-29,14.8,Euro area – 20 countries (2023-2025),Total,From 15 to 29 years
2020,EA20,F,Y15-74,8.3,Euro area – 20 countries (2023-2025),Females,From 15 to 74 years
2020,EA20,M,Y15-74,7.7,Euro area – 20 countries (2023-2025),Males,From 15 to 74 years
2020,EA20,T,Y15-74,8.0,Euro area – 20 countries (2023-2025),Total,From 15 to 74 years
2020,EA20,F,Y20-64,8.2,Euro area – 20 countries (2023-2025),Females,From 20 to 64 years
2020,EA20,M,Y20-64,7.5,Euro area – 20 countries (2023-2025),Males,From 20 to 64 years
2020,EA20,T,Y20-64,7.8,Euro area – 20 countries (2023-2025),Total,From 20 to 64 years
2020,EA20,F,Y25-54,8.0,Euro area – 20 countries (2023-2025),Females,From 25 to 54 years
2020,EA20,M,Y25-54,7.0,Euro area – 20 countries (2023-2025),Males,From 25 to 54 years
2020,EA20,T,Y25-54,7.5,Euro area – 20 countries (2023-2025),Total,From 25 to 54 years
2020,EA20,F,Y25-74,7.4,Euro area – 20 countries (2023-2025),Females,From 25 to 74 years
2020,EA20,M,Y25-74,6.6,Euro area – 20 countries (2023-2025),Males,From 25 to 74 years
2020,EA20,T,Y25-74,7.0,Euro area – 20 countries (2023-2025),Total,From 25 to 74 years
2020,EA20,F,Y55-74,5.4,Euro area – 20 countries (2023-2025),Females,From 55 to 74 years
2020,EA20,M,Y55-74,5.3,Euro area – 20 countries (2023-2025),Males,From 55 to 74 years
2020,EA20,T,Y55-74,5.3,Euro area – 20 countries (2023-2025),Total,From 55 to 74 years
2020,EL,F,Y15-24,42.8,Greece,Females,From 15 to 24 years
2020,EL,M,Y15-24,34.2,Greece,Males,From 15 to 24 years
2020,EL,T,Y15-24,38.0,Greece,Total,From 15 to 24 years
2020,EL,F,Y15-29,34.6,Greece,Females,From 15 to 29 years
2020,EL,M,Y15-29,29.3,Greece,Males,From 15 to 29 years
2020,EL,T,Y15-29,31.7,Greece,Total,From 15 to 29 years
2020,EL,F,Y15-74,21.5,Greece,Females,From 15 to 74 years
2020,EL,M,Y15-74,14.6,Greece,Males,From 15 to 74 years
2020,EL,T,Y15-74,17.6,Greece,Total,From 15 to 74 years
2020,EL,F,Y20-64,21.6,Greece,Females,From 20 to 64 years
2020,EL,M,Y20-64,14.6,Greece,Males,From 20 to 64 years
2020,EL,T,Y20-64,17.7,Greece,Total,From 20 to 64 years
2020,EL,F,Y25-54,21.7,Greece,Females,From 25 to 54 years
2020,EL,M,Y25-54,14.0,Greece,Males,From 25 to 54 years
2020,EL,T,Y25-54,17.5,Greece,Total,From 25 to 54 years
2020,EL,F,Y25-74,20.4,Greece,Females,From 25 to 74 years
2020,EL,M,Y25-74,13.6,Greece,Males,From 25 to 74 years
2020,EL,T,Y25-74,16.6,Greece,Total,From 25 to 74 years
2020,EL,F,Y55-74,13.9,Greece,Females,From 55 to 74 years
2020,EL,M,Y55-74,12.1,Greece,Males,From 55 to 74 years
2020,EL,T,Y55-74,12.8,Greece,Total,From 55 to 74 years
2020,ES,F,Y15-24,39.7,Spain,Females,From 15 to 24 years
2020,ES,M,Y15-24,37.1,Spain,Males,From 15 to 24 years
2020,ES,T,Y15-24,38.3,Spain,Total,From 15 to 24 years
2020,ES,F,Y15-29,29.9,Spain,Females,From 15 to 29 years
2020,ES,M,Y15-29,28.5,Spain,Males,From 15 to 29 years
2020,ES,T,Y15-29,29.2,Spain,Total,From 15 to 29 years
2020,ES,F,Y15-74,17.4,Spain,Females,From 15 to 74 years
2020,ES,M,Y15-74,13.9,Spain,Males,From 15 to 74 years
2020,ES,T,Y15-74,15.5,Spain,Total,From 15 to 74 years
2020,ES,F,Y20-64,17.2,Spain,Females,From 20 to 64 years
2020,ES,M,Y20-64,13.6,Spain,Males,From 20 to 64 years
2020,ES,T,Y20-64,15.2,Spain,Total,From 20 to 64 years
2020,ES,F,Y25-54,16.6,Spain,Females,From 25 to 54 years
2020,ES,M,Y25-54,12.6,Spain,Males,From 25 to 54 years
2020,ES,T,Y25-54,14.5,Spain,Total,From 25 to 54 years
2020,ES,F,Y25-74,16.0,Spain,Females,From 25 to 74 years
2020,ES,M,Y25-74,12.3,Spain,Males,From 25 to 74 years
2020,ES,T,Y25-74,14.0,Spain,Total,From 25 to 74 years
2020,ES,F,Y55-74,13.4,Spain,Females,From 55 to 74 years
2020,ES,M,Y55-74,11.0,Spain,Males,From 55 to 74 years
2020,ES,T,Y55-74,12.1,Spain,Total,From 55 to 74 years
2020,EU27,F,Y15-24,17.7,European Union - 27 countries (from 2020),Females,From 15 to 24 years
2020,EU27,M,Y15-24,17.5,European Union - 27 countries (from 2020),Males,From 15 to 24 years
2020,EU27,T,Y15-24,17.6,European Union - 27 countries (from 2020),Total,From 15 to 24 years
2020,EU27,F,Y15-29,13.7,European Union - 27 countries (from 2020),Females,From 15 to 29 years
2020,EU27,M,Y15-29,13.8,European Union - 27 countries (from 2020),Males,From 15 to 29 years
2020,EU27,T,Y15-29,13.7,European Union - 27 countries (from 2020),Total,From 15 to 29 years
2020,EU27,F,Y15-74,7.5,European Union - 27 countries (from 2020),Females,From 15 to 74 years
2020,EU27,M,Y15-74,7.0,European Union - 27 countries (from 2020),Males,From 15 to 74 years
2020,EU27,T,Y15-74,7.2,European Union - 27 countries (from 2020),Total,From 15 to 74 years
2020,EU27,F,Y20-64,7.4,European Union - 27 countries (from 2020),Females,From 20 to 64 years
2020,EU27,M,Y20-64,6.8,European Union - 27 countries (from 2020),Males,From 20 to 64 years
2020,EU27,T,Y20-64,7.0,European Union - 27 countries (from 2020),Total,From 20 to 64 years
2020,EU27,F,Y25-54,7.1,European Union - 27 countries (from 2020),Females,From 25 to 54 years
2020,EU27,M,Y25-54,6.3,European Union - 27 countries (from 2020),Males,From 25 to 54 years
2020,EU27,T,Y25-54,6.7,European Union - 27 countries (from 2020),Total,From 25 to 54 years
2020,EU27,F,Y25-74,6.6,European Union - 27 countries (from 2020),Females,From 25 to 74 years
2020,EU27,M,Y25-74,6.0,European Union - 27 countries (from 2020),Males,From 25 to 74 years
2020,EU27,T,Y25-74,6.3,European Union - 27 countries (from 2020),Total,From 25 to 74 years
2020,EU27,F,Y55-74,4.9,European Union - 27 countries (from 2020),Females,From 55 to 74 years
2020,EU27,M,Y55-74,4.9,European Union - 27 countries (from 2020),Males,From 55 to 74 years
2020,EU27,T,Y55-74,4.9,European Union - 27 countries (from 2020),Total,From 55 to 74 years
2020,FR,F,Y15-24,23.5,France,Females,From 15 to 24 years
2020,FR,M,Y15-24,19.8,France,Males,From 15 to 24 years
2020,FR,T,Y15-24,21.5,France,Total,From 15 to 24 years
2020,FR,F,Y15-29,15.2,France,Females,From 15 to 29 years
2020,FR,M,Y15-29,15.9,France,Males,From 15 to 29 years
2020,FR,T,Y15-29,15.6,France,Total,From 15 to 29 years
2020,FR,F,Y15-74,8.0,France,Females,From 15 to 74 years
2020,FR,M,Y15-74,8.1,France,Males,From 15 to 74 years
2020,FR,T,Y15-74,8.0,France,Total,From 15 to 74 years
2020,FR,F,Y20-64,7.6,France,Females,From 20 to 64 years
2020,FR,M,Y20-64,7.7,France,Males,From 20 to 64 years
2020,FR,T,Y20-64,7.6,France,Total,From 20 to 64 years
2020,FR,F,Y25-54,6.7,France,Females,From 25 to 54 years
2020,FR,M,Y25-54,7.1,France,Males,From 25 to 54 years
2020,FR,T,Y25-54,6.9,France,Total,From 25 to 54 years
2020,FR,F,Y25-74,6.5,France,Females,From 25 to 74 years
2020,FR,M,Y25-74,6.8,France,Males,From 25 to 74 years
2020,FR,T,Y25-74,6.6,France,Total,From 25 to 74 years
2020,FR,F,Y55-74,5.5,France,Females,From 55 to 74 years
2020,FR,M,Y55-74,5.6,France,Males,From 55 to 74 years
2020,FR,T,Y55-74,5.6,France,Total,From 55 to 74 years
2020,IT,F,Y15-24,32.1,Italy,Females,From 15 to 24 years
2020,IT,M,Y15-24,28.4,Italy,Males,From 15 to 24 years
2020,IT,T,Y15-24,29.8,Italy,Total,From 15 to 24 years
2020,IT,F,Y15-29,24.0,Italy,Females,From 15 to 29 years
2020,IT,M,Y15-29,21.4,Italy,Males,From 15 to 29 years
2020,IT,T,Y15-29,22.5,Italy,Total,From 15 to 29 years
2020,IT,F,Y15-74,10.4,Italy,Females,From 15 to 74 years
2020,IT,M,Y15-74,8.6,Italy,Males,From 15 to 74 years
2020,IT,T,Y15-74,9.3,Italy,Total,From 15 to 74 years
2020,IT,F,Y20-64,10.3,Italy,Females,From 20 to 64 years
2020,IT,M,Y20-64,8.5,Italy,Males,From 20 to 64 years
2020,IT,T,Y20-64,9.3,Italy,Total,From 20 to 64 years
2020,IT,F,Y25-54,10.5,Italy,Females,From 25 to 54 years
2020,IT,M,Y25-54,8.1,Italy,Males,From 25 to 54 years
2020,IT,T,Y25-54,9.1,Italy,Total,From 25 to 54 years
2020,IT,F,Y25-74,9.2,Italy,Females,From 25 to 74 years
2020,IT,M,Y25-74,7.3,Italy,Males,From 25 to 74 years
2020,IT,T,Y25-74,8.1,Italy,Total,From 25 to 74 years
2020,IT,F,Y55-74,4.7,Italy,Females,From 55 to 74 years
2020,IT,M,Y55-74,4.8,Italy,Males,From 55 to 74 years
2020,IT,T,Y55-74,4.8,Italy,Total,From 55 to 74 years
2020,NL,F,Y15-24,9.7,Netherlands,Females,From 15 to 24 years
2020,NL,M,Y15-24,11.5,Netherlands,Males,From 15 to 24 years
2020,NL,T,Y15-24,10.6,Netherlands,Total,From 15 to 24 years
2020,NL,F,Y15-29,8.7,Netherlands,Females,From 15 to 29 years
2020,NL,M,Y15-29,9.0,Netherlands,Males,From 15 to 29 years
2020,NL,T,Y15-29,8.9,Netherlands,Total,From 15 to 29 years
2020,NL,F,Y15-74,5.1,Netherlands,Females,From 15 to 74 years
2020,NL,M,Y15-74,4.6,Netherlands,Males,From 15 to 74 years
2020,NL,T,Y15-74,4.9,Netherlands,Total,From 15 to 74 years
2020,NL,F,Y20-64,4.4,Netherlands,Females,From 20 to 64 years
2020,NL,M,Y20-64,4.0,Netherlands,Males,From 20 to 64 years
2020,NL,T,Y20-64,4.2,Netherlands,Total,From 20 to 64 years
2020,NL,F,Y25-54,4.1,Netherlands,Females,From 25 to 54 years
2020,NL,M,Y25-54,3.3,Netherlands,Males,From 25 to 54 years
2020,NL,T,Y25-54,3.7,Netherlands,Total,From 25 to 54 years
2020,NL,F,Y25-74,4.0,Netherlands,Females,From 25 to 74 years
2020,NL,M,Y25-74,3.3,Netherlands,Males,From 25 to 74 years
2020,NL,T,Y25-74,3.7,Netherlands,Total,From 25 to 74 years
2020,NL,F,Y55-74,3.9,Netherlands,Females,From 55 to 74 years
2020,NL,M,Y55-74,3.3,Netherlands,Males,From 55 to 74 years
2020,NL,T,Y55-74,3.5,Netherlands,Total,From 55 to 74 years
2020,PL,F,Y15-24,11.4,Poland,Females,From 15 to 24 years
2020,PL,M,Y15-24,10.4,Poland,Males,From 15 to 24 years
2020,PL,T,Y15-24,10.8,Poland,Total,From 15 to 24 years
2020,PL,F,Y15-29,7.3,Poland,Females,From 15 to 29 years
2020,PL,M,Y15-29,6.9,Poland,Males,From 15 to 29 years
2020,PL,T,Y15-29,7.1,Poland,Total,From 15 to 29 years
2020,PL,F,Y15-74,3.3,Poland,Females,From 15 to 74 years
2020,PL,M,Y15-74,3.1,Poland,Males,From 15 to 74 years
2020,PL,T,Y15-74,3.2,Poland,Total,From 15 to 74 years
2020,PL,F,Y20-64,3.3,Poland,Females,From 20 to 64 years
2020,PL,M,Y20-64,3.1,Poland,Males,From 20 to 64 years
2020,PL,T,Y20-64,3.2,Poland,Total,From 20 to 64 years
2020,PL,F,Y25-54,3.0,Poland,Females,From 25 to 54 years
2020,PL,M,Y25-54,2.6,Poland,Males,From 25 to 54 years
2020,PL,T,Y25-54,2.8,Poland,Total,From 25 to 54 years
2020,PL,F,Y25-74,2.8,Poland,Females,From 25 to 74 years
2020,PL,M,Y25-74,2.6,Poland,Males,From 25 to 74 years
2020,PL,T,Y25-74,2.7,Poland,Total,From 25 to 74 years
2020,PL,F,Y55-74,1.6,Poland,Females,From 55 to 74 years
2020,PL,M,Y55-74,2.4,Poland,Males,From 55 to 74 years
2020,PL,T,Y55-74,2.0,Poland,Total,From 55 to 74 years
2020,SE,F,Y15-24,22.6,Sweden,Females,From 15 to 24 years
2020,SE,M,Y15-24,24.5,Sweden,Males,From 15 to 24 years
2020,SE,T,Y15-24,23.6,Sweden,Total,From 15 to 24 years
2020,SE,F,Y15-29,16.4,Sweden,Females,From 15 to 29 years
2020,SE,M,Y15-29,17.6,Sweden,Males,From 15 to 29 years
2020,SE,T,Y15-29,17.0,Sweden,Total,From 15 to 29 years
2020,SE,F,Y15-74,8.5,Sweden,Females,From 15 to 74 years
2020,SE,M,Y15-74,8.5,Sweden,Males,From 15 to 74 years
2020,SE,T,Y15-74,8.5,Sweden,Total,From 15 to 74 years
2020,SE,F,Y20-64,7.6,Sweden,Females,From 20 to 64 years
2020,SE,M,Y20-64,7.8,Sweden,Males,From 20 to 64 years
2020,SE,T,Y20-64,7.7,Sweden,Total,From 20 to 64 years
2020,SE,F,Y25-54,7.5,Sweden,Females,From 25 to 54 years
2020,SE,M,Y25-54,6.8,Sweden,Males,From 25 to 54 years
2020,SE,T,Y25-54,7.1,Sweden,Total,From 25 to 54 years
2020,SE,F,Y25-74,6.8,Sweden,Females,From 25 to 74 years
2020,SE,M,Y25-74,6.5,Sweden,Males,From 25 to 74 years
2020,SE,T,Y25-74,6.7,Sweden,Total,From 25 to 74 years
2020,SE,F,Y55-74,4.8,Sweden,Females,From 55 to 74 years
2020,SE,M,Y55-74,5.7,Sweden,Males,From 55 to 74 years
2020,SE,T,Y55-74,5.3,Sweden,Total,From 55 to 74 years
2021,DE,F,Y15-24,6.5,Germany,Females,From 15 to 24 years
2021,DE,M,Y15-24,7.4,Germany,Males,From 15 to 24 years
2021,DE,T,Y15-24,7.0,Germany,Total,From 15 to 24 years
2021,DE,F,Y15-29,5.4,Germany,Females,From 15 to 29 years
2021,DE,M,Y15-29,6.5,Germany,Males,From 15 to 29 years
2021,DE,T,Y15-29,6.0,Germany,Total,From 15 to 29 years
2021,DE,F,Y15-74,3.2,Germany,Females,From 15 to 74 years
2021,DE,M,Y15-74,3.9,Germany,Males,From 15 to 74 years
2021,DE,T,Y15-74,3.6,Germany,Total,From 15 to 74 years
2021,DE,F,Y20-64,3.1,Germany,Females,From 20 to 64 years
2021,DE,M,Y20-64,3.9,Germany,Males,From 20 to 64 years
2021,DE,T,Y20-64,3.5,Germany,Total,From 20 to 64 years
2021,DE,F,Y25-54,2.9,Germany,Females,From 25 to 54 years
2021,DE,M,Y25-54,3.8,Germany,Males,From 25 to 54 years
2021,DE,T,Y25-54,3.4,Germany,Total,From 25 to 54 years
2021,DE,F,Y25-74,2.8,Germany,Females,From 25 to 74 years
2021,DE,M,Y25-74,3.6,Germany,Males,From 25 to 74 years
2021,DE,T,Y25-74,3.2,Germany,Total,From 25 to 74 years
2021,DE,F,Y55-74,2.6,Germany,Females,From 55 to 74 years
2021,DE,M,Y55-74,3.1,Germany,Males,From 55 to 74 years
2021,DE,T,Y55-74,2.9,Germany,Total,From 55 to 74 years
2021,EA20,F,Y15-24,17.0,Euro area – 20 countries (2023-2025),Females,From 15 to 24 years
2021,EA20,M,Y15-24,16.9,Euro area – 20 countries (2023-2025),Males,From 15 to 24 years
2021,EA20,T,Y15-24,17.0,Euro area – 20 countries (2023-2025),Total,From 15 to 24 years
2021,EA20,F,Y15-29,13.8,Euro area – 20 countries (2023-2025),Females,From 15 to 29 years
2021,EA20,M,Y15-29,14.0,Euro area – 20 countries (2023-2025),Males,From 15 to 29 years
2021,EA20,T,Y15-29,13.9,Euro area – 20 countries (2023-2025),Total,From 15 to 29 years
2021,EA20,F,Y15-74,8.2,Euro area – 20 countries (2023-2025),Females,From 15 to 74 years
2021,EA20,M,Y15-74,7.4,Euro area – 20 countries (2023-2025),Males,From 15 to 74 years
2021,EA20,T,Y15-74,7.8,Euro area – 20 countries (2023-2025),Total,From 15 to 74 years
2021,EA20,F,Y20-64,8.0,Euro area – 20 countries (2023-2025),Females,From 20 to 64 years
2021,EA20,M,Y20-64,7.3,Euro area – 20 countries (2023-2025),Males,From 20 to 64 years
2021,EA20,T,Y20-64,7.6,Euro area – 20 countries (2023-2025),Total,From 20 to 64 years
2021,EA20,F,Y25-54,7.8,Euro area – 20 countries (2023-2025),Females,From 25 to 54 years
2021,EA20,M,Y25-54,6.8,Euro area – 20 countries (2023-2025),Males,From 25 to 54 years
2021,EA20,T,Y25-54,7.2,Euro area – 20 countries (2023-2025),Total,From 25 to 54 years
2021,EA20,F,Y25-74,7.3,Euro area – 20 countries (2023-2025),Females,From 25 to 74 years
2021,EA20,M,Y25-74,6.5,Euro area – 20 countries (2023-2025),Males,From 25 to 74 years
2021,EA20,T,Y25-74,6.9,Euro area – 20 countries (2023-2025),Total,From 25 to 74 years
2021,EA20,F,Y55-74,5.8,Euro area – 20 countries (2023-2025),Females,From 55 to 74 years
2021,EA20,M,Y55-74,5.5,Euro area – 20 countries (2023-2025),Males,From 55 to 74 years
2021,EA20,T,Y55-74,5.7,Euro area – 20 countries (2023-2025),Total,From 55 to 74 years
2021,EL,F,Y15-24,40.9,Greece,Females,From 15 to 24 years
2021,EL,M,Y15-24,31.1,Greece,Males,From 15 to 24 years
2021,EL,T,Y15-24,35.5,Greece,Total,From 15 to 24 years
2021,EL,F,Y15-29,32.9,Greece,Females,From 15 to 29 years
2021,EL,M,Y15-29,24.8,Greece,Males,From 15 to 29 years
2021,EL,T,Y15-29,28.4,Greece,Total,From 15 to 29 years
2021,EL,F,Y15-74,18.9,Greece,Females,From 15 to 74 years
2021,EL,M,Y15-74,11.4,Greece,Males,From 15 to 74 years
2021,EL,T,Y15-74,14.7,Greece,Total,From 15 to 74 years
2021,EL,F,Y20-64,19.0,Greece,Females,From 20 to 64 years
2021,EL,M,Y20-64,11.2,Greece,Males,From 20 to 64 years
2021,EL,T,Y20-64,14.7,Greece,Total,From 20 to 64 years
2021,EL,F,Y25-54,18.8,Greece,Females,From 25 to 54 years
2021,EL,M,Y25-54,10.9,Greece,Males,From 25 to 54 years
2021,EL,T,Y25-54,14.4,Greece,Total,From 25 to 54 years
2021,EL,F,Y25-74,17.8,Greece,Females,From 25 to 74 years
2021,EL,M,Y25-74,10.4,Greece,Males,From 25 to 74 years
2021,EL,T,Y25-74,13.7,Greece,Total,From 25 to 74 years
2021,EL,F,Y55-74,13.7,Greece,Females,From 55 to 74 years
2021,EL,M,Y55-74,8.7,Greece,Males,From 55 to 74 years
2021,EL,T,Y55-74,10.8,Greece,Total,From 55 to 74 years
2021,ES,F,Y15-24,36.2,Spain,Females,From 15 to 24 years
2021,ES,M,Y15-24,34.0,Spain,Males,From 15 to 24 years
2021,ES,T,Y15-24,35.0,Spain,Total,From 15 to 24 years
2021,ES,F,Y15-29,27.6,Spain,Females,From 15 to 29 years
2021,ES,M,Y15-29,26.9,Spain,Males,From 15 to 29 years
2021,ES,T,Y15-29,27.2,Spain,Total,From 15 to 29 years
2021,ES,F,Y15-74,16.8,Spain,Females,From 15 to 74 years
2021,ES,M,Y15-74,13.2,Spain,Males,From 15 to 74 years
2021,ES,T,Y15-74,14.9,Spain,Total,From 15 to 74 years
2021,ES,F,Y20-64,16.6,Spain,Females,From 20 to 64 years
2021,ES,M,Y20-64,12.9,Spain,Males,From 20 to 64 years
2021,ES,T,Y20-64,14.6,Spain,Total,From 20 to 64 years
2021,ES,F,Y25-54,15.7,Spain,Females,From 25 to 54 years
2021,ES,M,Y25-54,11.9,Spain,Males,From 25 to 54 years
2021,ES,T,Y25-54,13.7,Spain,Total,From 25 to 54 years
2021,ES,F,Y25-74,15.5,Spain,Females,From 25 to 74 years
2021,ES,M,Y25-74,11.8,Spain,Males,From 25 to 74 years
2021,ES,T,Y25-74,13.5,Spain,Total,From 25 to 74 years
2021,ES,F,Y55-74,14.8,Spain,Females,From 55 to 74 years
2021,ES,M,Y55-74,11.3,Spain,Males,From 55 to 74 years
2021,ES,T,Y55-74,12.9,Spain,Total,From 55 to 74 years
2021,EU27,F,Y15-24,16.8,European Union - 27 countries (from 2020),Females,From 15 to 24 years
2021,EU27,M,Y15-24,16.6,European Union - 27 countries (from 2020),Males,From 15 to 24 years
2021,EU27,T,Y15-24,16.7,European Union - 27 countries (from 2020),Total,From 15 to 24 years
2021,EU27,F,Y15-29,13.1,European Union - 27 countries (from 2020),Females,From 15 to 29 years
2021,EU27,M,Y15-29,13.1,European Union - 27 countries (from 2020),Males,From 15 to 29 years
2021,EU27,T,Y15-29,13.1,European Union - 27 countries (from 2020),Total,From 15 to 29 years
2021,EU27,F,Y15-74,7.4,European Union - 27 countries (from 2020),Females,From 15 to 74 years
2021,EU27,M,Y15-74,6.8,European Union - 27 countries (from 2020),Males,From 15 to 74 years
2021,EU27,T,Y15-74,7.1,European Union - 27 countries (from 2020),Total,From 15 to 74 years
2021,EU27,F,Y20-64,7.2,European Union - 27 countries (from 2020),Females,From 20 to 64 years
2021,EU27,M,Y20-64,6.6,European Union - 27 countries (from 2020),Males,From 20 to 64 years
2021,EU27,T,Y20-64,6.9,European Union - 27 countries (from 2020),Total,From 20 to 64 years
2021,EU27,F,Y25-54,6.9,European Union - 27 countries (from 2020),Females,From 25 to 54 years
2021,EU27,M,Y25-54,6.1,European Union - 27 countries (from 2020),Males,From 25 to 54 years
2021,EU27,T,Y25-54,6.5,European Union - 27 countries (from 2020),Total,From 25 to 54 years
2021,EU27,F,Y25-74,6.5,European Union - 27 countries (from 2020),Females,From 25 to 74 years
2021,EU27,M,Y25-74,5.9,European Union - 27 countries (from 2020),Males,From 25 to 74 years
2021,EU27,T,Y25-74,6.2,European Union - 27 countries (from 2020),Total,From 25 to 74 years
2021,EU27,F,Y55-74,5.3,European Union - 27 countries (from 2020),Females,From 55 to 74 years
2021,EU27,M,Y55-74,5.1,European Union - 27 countries (from 2020),Males,From 55 to 74 years
2021,EU27,T,Y55-74,5.2,European Union - 27 countries (from 2020),Total,From 55 to 74 years
2021,FR,F,Y15-24,18.8,France,Females,From 15 to 24 years
2021,FR,M,Y15-24,19.0,France,Males,From 15 to 24 years
2021,FR,T,Y15-24,18.9,France,Total,From 15 to 24 years
2021,FR,F,Y15-29,14.3,France,Females,From 15 to 29 years
2021,FR,M,Y15-29,14.9,France,Males,From 15 to 29 years
2021,FR,T,Y15-29,14.6,France,Total,From 15 to 29 years
2021,FR,F,Y15-74,7.8,France,Females,From 15 to 74 years
2021,FR,M,Y15-74,8.0,France,Males,From 15 to 74 years
2021,FR,T,Y15-74,7.9,France,Total,From 15 to 74 years
2021,FR,F,Y20-64,7.4,France,Females,From 20 to 64 years
2021,FR,M,Y20-64,7.7,France,Males,From 20 to 64 years
2021,FR,T,Y20-64,7.5,France,Total,From 20 to 64 years
2021,FR,F,Y25-54,6.7,France,Females,From 25 to 54 years
2021,FR,M,Y25-54,6.8,France,Males,From 25 to 54 years
2021,FR,T,Y25-54,6.8,France,Total,From 25 to 54 years
2021,FR,F,Y25-74,6.6,France,Females,From 25 to 74 years
2021,FR,M,Y25-74,6.7,France,Males,From 25 to 74 years
2021,FR,T,Y25-74,6.6,France,Total,From 25 to 74 years
2021,FR,F,Y55-74,6.0,France,Females,From 55 to 74 years
2021,FR,M,Y55-74,6.3,France,Males,From 55 to 74 years
2021,FR,T,Y55-74,6.1,France,Total,From 55 to 74 years
2021,IT,F,Y15-24,32.8,Italy,Females,From 15 to 24 years
2021,IT,M,Y15-24,27.7,Italy,Males,From 15 to 24 years
2021,IT,T,Y15-24,29.7,Italy,Total,From 15 to 24 years
2021,IT,F,Y15-29,23.5,Italy,Females,From 15 to 29 years
2021,IT,M,Y15-29,21.4,Italy,Males,From 15 to 29 years
2021,IT,T,Y15-29,22.3,Italy,Total,From 15 to 29 years
2021,IT,F,Y15-74,10.6,Italy,Females,From 15 to 74 years
2021,IT,M,Y15-74,8.7,Italy,Males,From 15 to 74 years
2021,IT,T,Y15-74,9.5,Italy,Total,From 15 to 74 years
2021,IT,F,Y20-64,10.5,Italy,Females,From 20 to 64 years
2021,IT,M,Y20-64,8.5,Italy,Males,From 20 to 64 years
2021,IT,T,Y20-64,9.4,Italy,Total,From 20 to 64 years
2021,IT,F,Y25-54,10.6,Italy,Females,From 25 to 54 years
2021,IT,M,Y25-54,8.1,Italy,Males,From 25 to 54 years
2021,IT,T,Y25-54,9.2,Italy,Total,From 25 to 54 years
2021,IT,F,Y25-74,9.4,Italy,Females,From 25 to 74 years
2021,IT,M,Y25-74,7.5,Italy,Males,From 25 to 74 years
2021,IT,T,Y25-74,8.3,Italy,Total,From 25 to 74 years
2021,IT,F,Y55-74,5.1,Italy,Females,From 55 to 74 years
2021,IT,M,Y55-74,5.3,Italy,Males,From 55 to 74 years
2021,IT,T,Y55-74,5.2,Italy,Total,From 55 to 74 years
2021,NL,F,Y15-24,9.0,Netherlands,Females,From 15 to 24 years
2021,NL,M,Y15-24,9.7,Netherlands,Males,From 15 to 24 years
2021,NL,T,Y15-24,9.3,Netherlands,Total,From 15 to 24 years
2021,NL,F,Y15-29,7.2,Netherlands,Females,From 15 to 29 years
2021,NL,M,Y15-29,7.4,Netherlands,Males,From 15 to 29 years
2021,NL,T,Y15-29,7.3,Netherlands,Total,From 15 to 29 years
2021,NL,F,Y15-74,4.5,Netherlands,Females,From 15 to 74 years
2021,NL,M,Y15-74,4.0,Netherlands,Males,From 15 to 74 years
2021,NL,T,Y15-74,4.2,Netherlands,Total,From 15 to 74 years
2021,NL,F,Y20-64,3.7,Netherlands,Females,From 20 to 64 years
2021,NL,M,Y20-64,3.3,Netherlands,Males,From 20 to 64 years
2021,NL,T,Y20-64,3.5,Netherlands,Total,From 20 to 64 years
2021,NL,F,Y25-54,3.5,Netherlands,Females,From 25 to 54 years
2021,NL,M,Y25-54,2.7,Netherlands,Males,From 25 to 54 years
2021,NL,T,Y25-54,3.1,Netherlands,Total,From 25 to 54 years
2021,NL,F,Y25-74,3.5,Netherlands,Females,From 25 to 74 years
2021,NL,M,Y25-74,2.9,Netherlands,Males,From 25 to 74 years
2021,NL,T,Y25-74,3.2,Netherlands,Total,From 25 to 74 years
2021,NL,F,Y55-74,3.4,Netherlands,Females,From 55 to 74 years
2021,NL,M,Y55-74,3.3,Netherlands,Males,From 55 to 74 years
2021,NL,T,Y55-74,3.4,Netherlands,Total,From 55 to 74 years
2021,PL,F,Y15-24,12.3,Poland,Females,From 15 to 24 years
2021,PL,M,Y15-24,11.6,Poland,Males,From 15 to 24 years
2021,PL,T,Y15-24,11.9,Poland,Total,From 15 to 24 years
2021,PL,F,Y15-29,7.3,Poland,Females,From 15 to 29 years
2021,PL,M,Y15-29,7.3,Poland,Males,From 15 to 29 years
2021,PL,T,Y15-29,7.3,Poland,Total,From 15 to 29 years
2021,PL,F,Y15-74,3.4,Poland,Females,From 15 to 74 years
2021,PL,M,Y15-74,3.4,Poland,Males,From 15 to 74 years
2021,PL,T,Y15-74,3.4,Poland,Total,From 15 to 74 years
2021,PL,F,Y20-64,3.4,Poland,Females,From 20 to 64 years
2021,PL,M,Y20-64,3.4,Poland,Males,From 20 to 64 years
2021,PL,T,Y20-64,3.4,Poland,Total,From 20 to 64 years
2021,PL,F,Y25-54,3.0,Poland,Females,From 25 to 54 years
2021,PL,M,Y25-54,2.9,Poland,Males,From 25 to 54 years
2021,PL,T,Y25-54,2.9,Poland,Total,From 25 to 54 years
2021,PL,F,Y25-74,2.8,Poland,Females,From 25 to 74 years
2021,PL,M,Y25-74,2.8,Poland,Males,From 25 to 74 years
2021,PL,T,Y25-74,2.8,Poland,Total,From 25 to 74 years
2021,PL,F,Y55-74,1.9,Poland,Females,From 55 to 74 years
2021,PL,M,Y55-74,2.4,Poland,Males,From 55 to 74 years
2021,PL,T,Y55-74,2.2,Poland,Total,From 55 to 74 years
2021,SE,F,Y15-24,24.1,Sweden,Females,From 15 to 24 years
2021,SE,M,Y15-24,25.2,Sweden,Males,From 15 to 24 years
2021,SE,T,Y15-24,24.7,Sweden,Total,From 15 to 24 years
2021,SE,F,Y15-29,17.3,Sweden,Females,From 15 to 29 years
2021,SE,M,Y15-29,17.7,Sweden,Males,From 15 to 29 years
2021,SE,T,Y15-29,17.5,Sweden,Total,From 15 to 29 years
2021,SE,F,Y15-74,9.2,Sweden,Females,From 15 to 74 years
2021,SE,M,Y15-74,8.6,Sweden,Males,From 15 to 74 years
2021,SE,T,Y15-74,8.9,Sweden,Total,From 15 to 74 years
2021,SE,F,Y20-64,8.0,Sweden,Females,From 20 to 64 years
2021,SE,M,Y20-64,7.8,Sweden,Males,From 20 to 64 years
2021,SE,T,Y20-64,7.9,Sweden,Total,From 20 to 64 years
2021,SE,F,Y25-54,7.7,Sweden,Females,From 25 to 54 years
2021,SE,M,Y25-54,6.5,Sweden,Males,From 25 to 54 years
2021,SE,T,Y25-54,7.1,Sweden,Total,From 25 to 54 years
2021,SE,F,Y25-74,7.3,Sweden,Females,From 25 to 74 years
2021,SE,M,Y25-74,6.6,Sweden,Males,From 25 to 74 years
2021,SE,T,Y25-74,6.9,Sweden,Total,From 25 to 74 years
2021,SE,F,Y55-74,5.8,Sweden,Females,From 55 to 74 years
2021,SE,M,Y55-74,6.9,Sweden,Males,From 55 to 74 years
2021,SE,T,Y55-74,6.4,Sweden,Total,From 55 to 74 years
2022,DE,F,Y15-24,5.5,Germany,Females,From 15 to 24 years
2022,DE,M,Y15-24,6.4,Germany,Males,From 15 to 24 years
2022,DE,T,Y15-24,6.0,Germany,Total,From 15 to 24 years
2022,DE,F,Y15-29,4.5,Germany,Females,From 15 to 29 years
2022,DE,M,Y15-29,5.5,Germany,Males,From 15 to 29 years
2022,DE,T,Y15-29,5.0,Germany,Total,From 15 to 29 years
2022,DE,F,Y15-74,2.9,Germany,Females,From 15 to 74 years
2022,DE,M,Y15-74,3.4,Germany,Males,From 15 to 74 years
2022,DE,T,Y15-74,3.1,Germany,Total,From 15 to 74 years
2022,DE,F,Y20-64,2.8,Germany,Females,From 20 to 64 years
2022,DE,M,Y20-64,3.3,Germany,Males,From 20 to 64 years
2022,DE,T,Y20-64,3.1,Germany,Total,From 20 to 64 years
2022,DE,F,Y25-54,2.7,Germany,Females,From 25 to 54 years
2022,DE,M,Y25-54,3.2,Germany,Males,From 25 to 54 years
2022,DE,T,Y25-54,3.0,Germany,Total,From 25 to 54 years
2022,DE,F,Y25-74,2.6,Germany,Females,From 25 to 74 years
2022,DE,M,Y25-74,3.0,Germany,Males,From 25 to 74 years
2022,DE,T,Y25-74,2.8,Germany,Total,From 25 to 74 years
2022,DE,F,Y55-74,2.3,Germany,Females,From 55 to 74 years
2022,DE,M,Y55-74,2.7,Germany,Males,From 55 to 74 years
2022,DE,T,Y55-74,2.5,Germany,Total,From 55 to 74 years
2022,EA20,F,Y15-24,14.4,Euro area – 20 countries (2023-2025),Females,From 15 to 24 years
2022,EA20,M,Y15-24,14.8,Euro area – 20 countries (2023-2025),Males,From 15 to 24 years
2022,EA20,T,Y15-24,14.6,Euro area – 20 countries (2023-2025),Total,From 15 to 24 years
2022,EA20,F,Y15-29,11.8,Euro area – 20 countries (2023-2025),Females,From 15 to 29 years
2022,EA20,M,Y15-29,12.0,Euro area – 20 countries (2023-2025),Males,From 15 to 29 years
2022,EA20,T,Y15-29,11.9,Euro area – 20 countries (2023-2025),Total,From 15 to 29 years
2022,EA20,F,Y15-74,7.2,Euro area – 20 countries (2023-2025),Females,From 15 to 74 years
2022,EA20,M,Y15-74,6.4,Euro area – 20 countries (2023-2025),Males,From 15 to 74 years
2022,EA20,T,Y15-74,6.8,Euro area – 20 countries (2023-2025),Total,From 15 to 74 years
2022,EA20,F,Y20-64,7.0,Euro area – 20 countries (2023-2025),Females,From 20 to 64 years
2022,EA20,M,Y20-64,6.2,Euro area – 20 countries (2023-2025),Males,From 20 to 64 years
2022,EA20,T,Y20-64,6.6,Euro area – 20 countries (2023-2025),Total,From 20 to 64 years
2022,EA20,F,Y25-54,6.9,Euro area – 20 countries (2023-2025),Females,From 25 to 54 years
2022,EA20,M,Y25-54,5.8,Euro area – 20 countries (2023-2025),Males,From 25 to 54 years
2022,EA20,T,Y25-54,6.3,Euro area – 20 countries (2023-2025),Total,From 25 to 54 years
2022,EA20,F,Y25-74,6.5,Euro area – 20 countries (2023-2025),Females,From 25 to 74 years
2022,EA20,M,Y25-74,5.5,Euro area – 20 countries (2023-2025),Males,From 25 to 74 years
2022,EA20,T,Y25-74,6.0,Euro area – 20 countries (2023-2025),Total,From 25 to 74 years
2022,EA20,F,Y55-74,5.2,Euro area – 20 countries (2023-2025),Females,From 55 to 74 years
2022,EA20,M,Y55-74,4.8,Euro area – 20 countries (2023-2025),Males,From 55 to 74 years
2022,EA20,T,Y55-74,5.0,Euro area – 20 countries (2023-2025),Total,From 55 to 74 years
2022,EL,F,Y15-24,38.8,Greece,Females,From 15 to 24 years
2022,EL,M,Y15-24,25.1,Greece,Males,From 15 to 24 years
2022,EL,T,Y15-24,31.4,Greece,Total,From 15 to 24 years
2022,EL,F,Y15-29,29.2,Greece,Females,From 15 to 29 years
2022,EL,M,Y15-29,20.3,Greece,Males,From 15 to 29 years
2022,EL,T,Y15-29,24.3,Greece,Total,From 15 to 29 years
2022,EL,F,Y15-74,16.4,Greece,Females,From 15 to 74 years
2022,EL,M,Y15-74,9.3,Greece,Males,From 15 to 74 years
2022,EL,T,Y15-74,12.5,Greece,Total,From 15 to 74 years
2022,EL,F,Y20-64,16.4,Greece,Females,From 20 to 64 years
2022,EL,M,Y20-64,9.1,Greece,Males,From 20 to 64 years
2022,EL,T,Y20-64,12.3,Greece,Total,From 20 to 64 years
2022,EL,F,Y25-54,16.1,Greece,Females,From 25 to 54 years
2022,EL,M,Y25-54,8.8,Greece,Males,From 25 to 54 years
2022,EL,T,Y25-54,12.0,Greece,Total,From 25 to 54 years
2022,EL,F,Y25-74,15.2,Greece,Females,From 25 to 74 years
2022,EL,M,Y25-74,8.5,Greece,Males,From 25 to 74 years
2022,EL,T,Y25-74,11.4,Greece,Total,From 25 to 74 years
2022,EL,F,Y55-74,11.4,Greece,Females,From 55 to 74 years
2022,EL,M,Y55-74,7.3,Greece,Males,From 55 to 74 years
2022,EL,T,Y55-74,9.0,Greece,Total,From 55 to 74 years
2022,ES,F,Y15-24,30.9,Spain,Females,From 15 to 24 years
2022,ES,M,Y15-24,28.7,Spain,Males,From 15 to 24 years
2022,ES,T,Y15-24,29.7,Spain,Total,From 15 to 24 years
2022,ES,F,Y15-29,23.2,Spain,Females,From 15 to 29 years
2022,ES,M,Y15-29,21.6,Spain,Males,From 15 to 29 years
2022,ES,T,Y15-29,22.3,Spain,Total,From 15 to 29 years
2022,ES,F,Y15-74,14.9,Spain,Females,From 15 to 74 years
2022,ES,M,Y15-74,11.4,Spain,Males,From 15 to 74 years
2022,ES,T,Y15-74,13.0,Spain,Total,From 15 to 74 years
2022,ES,F,Y20-64,14.7,Spain,Females,From 20 to 64 years
2022,ES,M,Y20-64,11.0,Spain,Males,From 20 to 64 years
2022,ES,T,Y20-64,12.7,Spain,Total,From 20 to 64 years
2022,ES,F,Y25-54,13.9,Spain,Females,From 25 to 54 years
2022,ES,M,Y25-54,10.1,Spain,Males,From 25 to 54 years
2022,ES,T,Y25-54,11.9,Spain,Total,From 25 to 54 years
2022,ES,F,Y25-74,13.8,Spain,Females,From 25 to 74 years
2022,ES,M,Y25-74,10.1,Spain,Males,From 25 to 74 years
2022,ES,T,Y25-74,11.8,Spain,Total,From 25 to 74 years
2022,ES,F,Y55-74,13.0,Spain,Females,From 55 to 74 years
2022,ES,M,Y55-74,10.0,Spain,Males,From 55 to 74 years
2022,ES,T,Y55-74,11.4,Spain,Total,From 55 to 74 years
2022,EU27,F,Y15-24,14.5,European Union - 27 countries (from 2020),Females,From 15 to 24 years
2022,EU27,M,Y15-24,14.6,European Union - 27 countries (from 2020),Males,From 15 to 24 years
2022,EU27,T,Y15-24,14.6,European Union - 27 countries (from 2020),Total,From 15 to 24 years
2022,EU27,F,Y15-29,11.4,European Union - 27 countries (from 2020),Females,From 15 to 29 years
2022,EU27,M,Y15-29,11.3,European Union - 27 countries (from 2020),Males,From 15 to 29 years
2022,EU27,T,Y15-29,11.4,European Union - 27 countries (from 2020),Total,From 15 to 29 years
2022,EU27,F,Y15-74,6.5,European Union - 27 countries (from 2020),Females,From 15 to 74 years
2022,EU27,M,Y15-74,5.9,European Union - 27 countries (from 2020),Males,From 15 to 74 years
2022,EU27,T,Y15-74,6.2,European Union - 27 countries (from 2020),Total,From 15 to 74 years
2022,EU27,F,Y20-64,6.3,European Union - 27 countries (from 2020),Females,From 20 to 64 years
2022,EU27,M,Y20-64,5.7,European Union - 27 countries (from 2020),Males,From 20 to 64 years
2022,EU27,T,Y20-64,6.0,European Union - 27 countries (from 2020),Total,From 20 to 64 years
2022,EU27,F,Y25-54,6.1,European Union - 27 countries (from 2020),Females,From 25 to 54 years
2022,EU27,M,Y25-54,5.2,European Union - 27 countries (from 2020),Males,From 25 to 54 years
2022,EU27,T,Y25-54,5.6,European Union - 27 countries (from 2020),Total,From 25 to 54 years
2022,EU27,F,Y25-74,5.8,European Union - 27 countries (from 2020),Females,From 25 to 74 years
2022,EU27,M,Y25-74,5.0,European Union - 27 countries (from 2020),Males,From 25 to 74 years
2022,EU27,T,Y25-74,5.4,European Union - 27 countries (from 2020),Total,From 25 to 74 years
2022,EU27,F,Y55-74,4.7,European Union - 27 countries (from 2020),Females,From 55 to 74 years
2022,EU27,M,Y55-74,4.4,European Union - 27 countries (from 2020),Males,From 55 to 74 years
2022,EU27,T,Y55-74,4.6,European Union - 27 countries (from 2020),Total,From 55 to 74 years
2022,FR,F,Y15-24,16.0,France,Females,From 15 to 24 years
2022,FR,M,Y15-24,18.5,France,Males,From 15 to 24 years
2022,FR,T,Y15-24,17.3,France,Total,From 15 to 24 years
2022,FR,F,Y15-29,12.7,France,Females,From 15 to 29 years
2022,FR,M,Y15-29,14.5,France,Males,From 15 to 29 years
2022,FR,T,Y15-29,13.7,France,Total,From 15 to 29 years
2022,FR,F,Y15-74,7.1,France,Females,From 15 to 74 years
2022,FR,M,Y15-74,7.5,France,Males,From 15 to 74 years
2022,FR,T,Y15-74,7.3,France,Total,From 15 to 74 years
2022,FR,F,Y20-64,6.8,France,Females,From 20 to 64 years
2022,FR,M,Y20-64,7.1,France,Males,From 20 to 64 years
2022,FR,T,Y20-64,6.9,France,Total,From 20 to 64 years
2022,FR,F,Y25-54,6.3,France,Females,From 25 to 54 years
2022,FR,M,Y25-54,6.2,France,Males,From 25 to 54 years
2022,FR,T,Y25-54,6.2,France,Total,From 25 to 54 years
2022,FR,F,Y25-74,6.1,France,Females,From 25 to 74 years
2022,FR,M,Y25-74,6.1,France,Males,From 25 to 74 years
2022,FR,T,Y25-74,6.1,France,Total,From 25 to 74 years
2022,FR,F,Y55-74,5.5,France,Females,From 55 to 74 years
2022,FR,M,Y55-74,5.6,France,Males,From 55 to 74 years
2022,FR,T,Y55-74,5.6,France,Total,From 55 to 74 years
2022,IT,F,Y15-24,25.8,Italy,Females,From 15 to 24 years
2022,IT,M,Y15-24,22.3,Italy,Males,From 15 to 24 years
2022,IT,T,Y15-24,23.7,Italy,Total,From 15 to 24 years
2022,IT,F,Y15-29,19.6,Italy,Females,From 15 to 29 years
2022,IT,M,Y15-29,16.8,Italy,Males,From 15 to 29 years
2022,IT,T,Y15-29,18.0,Italy,Total,From 15 to 29 years
2022,IT,F,Y15-74,9.4,Italy,Females,From 15 to 74 years
2022,IT,M,Y15-74,7.1,Italy,Males,From 15 to 74 years
2022,IT,T,Y15-74,8.1,Italy,Total,From 15 to 74 years
2022,IT,F,Y20-64,9.2,Italy,Females,From 20 to 64 years
2022,IT,M,Y20-64,7.0,Italy,Males,From 20 to 64 years
2022,IT,T,Y20-64,8.0,Italy,Total,From 20 to 64 years
2022,IT,F,Y25-54,9.5,Italy,Females,From 25 to 54 years
2022,IT,M,Y25-54,6.6,Italy,Males,From 25 to 54 years
2022,IT,T,Y25-54,7.9,Italy,Total,From 25 to 54 years
2022,IT,F,Y25-74,8.4,Italy,Females,From 25 to 74 years
2022,IT,M,Y25-74,6.1,Italy,Males,From 25 to 74 years
2022,IT,T,Y25-74,7.1,Italy,Total,From 25 to 74 years
2022,IT,F,Y55-74,4.8,Italy,Females,From 55 to 74 years
2022,IT,M,Y55-74,4.5,Italy,Males,From 55 to 74 years
2022,IT,T,Y55-74,4.6,Italy,Total,From 55 to 74 years
2022,NL,F,Y15-24,8.0,Netherlands,Females,From 15 to 24 years
2022,NL,M,Y15-24,7.3,Netherlands,Males,From 15 to 24 years
2022,NL,T,Y15-24,7.6,Netherlands,Total,From 15 to 24 years
2022,NL,F,Y15-29,6.3,Netherlands,Females,From 15 to 29 years
2022,NL,M,Y15-29,6.3,Netherlands,Males,From 15 to 29 years
2022,NL,T,Y15-29,6.3,Netherlands,Total,From 15 to 29 years
2022,NL,F,Y15-74,3.8,Netherlands,Females,From 15 to 74 years
2022,NL,M,Y15-74,3.3,Netherlands,Males,From 15 to 74 years
2022,NL,T,Y15-74,3.5,Netherlands,Total,From 15 to 74 years
2022,NL,F,Y20-64,3.1,Netherlands,Females,From 20 to 64 years
2022,NL,M,Y20-64,2.7,Netherlands,Males,From 20 to 64 years
2022,NL,T,Y20-64,2.9,Netherlands,Total,From 20 to 64 years
2022,NL,F,Y25-54,2.7,Netherlands,Females,From 25 to 54 years
2022,NL,M,Y25-54,2.3,Netherlands,Males,From 25 to 54 years
2022,NL,T,Y25-54,2.5,Netherlands,Total,From 25 to 54 years
2022,NL,F,Y25-74,2.9,Netherlands,Females,From 25 to 74 years
2022,NL,M,Y25-74,2.5,Netherlands,Males,From 25 to 74 years
2022,NL,T,Y25-74,2.7,Netherlands,Total,From 25 to 74 years
2022,NL,F,Y55-74,3.5,Netherlands,Females,From 55 to 74 years
2022,NL,M,Y55-74,2.8,Netherlands,Males,From 55 to 74 years
2022,NL,T,Y55-74,3.1,Netherlands,Total,From 55 to 74 years
2022,PL,F,Y15-24,11.2,Poland,Females,From 15 to 24 years
2022,PL,M,Y15-24,10.5,Poland,Males,From 15 to 24 years
2022,PL,T,Y15-24,10.8,Poland,Total,From 15 to 24 years
2022,PL,F,Y15-29,6.9,Poland,Females,From 15 to 29 years
2022,PL,M,Y15-29,6.6,Poland,Males,From 15 to 29 years
2022,PL,T,Y15-29,6.7,Poland,Total,From 15 to 29 years
2022,PL,F,Y15-74,2.9,Poland,Females,From 15 to 74 years
2022,PL,M,Y15-74,2.8,Poland,Males,From 15 to 74 years
2022,PL,T,Y15-74,2.9,Poland,Total,From 15 to 74 years
2022,PL,F,Y20-64,2.9,Poland,Females,From 20 to 64 years
2022,PL,M,Y20-64,2.8,Poland,Males,From 20 to 64 years
2022,PL,T,Y20-64,2.8,Poland,Total,From 20 to 64 years
2022,PL,F,Y25-54,2.6,Poland,Females,From 25 to 54 years
2022,PL,M,Y25-54,2.4,Poland,Males,From 25 to 54 years
2022,PL,T,Y25-54,2.5,Poland,Total,From 25 to 54 years
2022,PL,F,Y25-74,2.4,Poland,Females,From 25 to 74 years
2022,PL,M,Y25-74,2.3,Poland,Males,From 25 to 74 years
2022,PL,T,Y25-74,2.4,Poland,Total,From 25 to 74 years
2022,PL,F,Y55-74,1.5,Poland,Females,From 55 to 74 years
2022,PL,M,Y55-74,1.8,Poland,Males,From 55 to 74 years
2022,PL,T,Y55-74,1.7,Poland,Total,From 55 to 74 years
2022,SE,F,Y15-24,23.5,Sweden,Females,From 15 to 24 years
2022,SE,M,Y15-24,20.2,Sweden,Males,From 15 to 24 years
2022,SE,T,Y15-24,21.7,Sweden,Total,From 15 to 24 years
2022,SE,F,Y15-29,16.5,Sweden,Females,From 15 to 29 years
2022,SE,M,Y15-29,14.2,Sweden,Males,From 15 to 29 years
2022,SE,T,Y15-29,15.3,Sweden,Total,From 15 to 29 years
2022,SE,F,Y15-74,7.9,Sweden,Females,From 15 to 74 years
2022,SE,M,Y15-74,7.1,Sweden,Males,From 15 to 74 years
2022,SE,T,Y15-74,7.5,Sweden,Total,From 15 to 74 years
2022,SE,F,Y20-64,6.7,Sweden,Females,From 20 to 64 years
2022,SE,M,Y20-64,6.0,Sweden,Males,From 20 to 64 years
2022,SE,T,Y20-64,6.3,Sweden,Total,From 20 to 64 years
2022,SE,F,Y25-54,6.1,Sweden,Females,From 25 to 54 years
2022,SE,M,Y25-54,5.3,Sweden,Males,From 25 to 54 years
2022,SE,T,Y25-54,5.7,Sweden,Total,From 25 to 54 years
2022,SE,F,Y25-74,5.8,Sweden,Females,From 25 to 74 years
2022,SE,M,Y25-74,5.3,Sweden,Males,From 25 to 74 years
2022,SE,T,Y25-74,5.6,Sweden,Total,From 25 to 74 years
2022,SE,F,Y55-74,4.9,Sweden,Females,From 55 to 74 years
2022,SE,M,Y55-74,5.4,Sweden,Males,From 55 to 74 years
2022,SE,T,Y55-74,5.2,Sweden,Total,From 55 to 74 years
2023,DE,F,Y15-24,5.3,Germany,Females,From 15 to 24 years
2023,DE,M,Y15-24,6.5,Germany,Males,From 15 to 24 years
2023,DE,T,Y15-24,5.9,Germany,Total,From 15 to 24 years
2023,DE,F,Y15-29,4.6,Germany,Females,From 15 to 29 years
2023,DE,M,Y15-29,5.3,Germany,Males,From 15 to 29 years
2023,DE,T,Y15-29,5.0,Germany,Total,From 15 to 29 years
2023,DE,F,Y15-74,2.8,Germany,Females,From 15 to 74 years
2023,DE,M,Y15-74,3.3,Germany,Males,From 15 to 74 years
2023,DE,T,Y15-74,3.1,Germany,Total,From 15 to 74 years
2023,DE,F,Y20-64,2.8,Germany,Females,From 20 to 64 years
2023,DE,M,Y20-64,3.2,Germany,Males,From 20 to 64 years
2023,DE,T,Y20-64,3.0,Germany,Total,From 20 to 64 years
2023,DE,F,Y25-54,2.8,Germany,Females,From 25 to 54 years
2023,DE,M,Y25-54,3.1,Germany,Males,From 25 to 54 years
2023,DE,T,Y25-54,3.0,Germany,Total,From 25 to 54 years
2023,DE,F,Y25-74,2.6,Germany,Females,From 25 to 74 years
2023,DE,M,Y25-74,2.9,Germany,Males,From 25 to 74 years
2023,DE,T,Y25-74,2.8,Germany,Total,From 25 to 74 years
2023,DE,F,Y55-74,2.0,Germany,Females,From 55 to 74 years
2023,DE,M,Y55-74,2.4,Germany,Males,From 55 to 74 years
2023,DE,T,Y55-74,2.2,Germany,Total,From 55 to 74 years
2023,EA20,F,Y15-24,14.0,Euro area – 20 countries (2023-2025),Females,From 15 to 24 years
2023,EA20,M,Y15-24,14.9,Euro area – 20 countries (2023-2025),Males,From 15 to 24 years
2023,EA20,T,Y15-24,14.5,Euro area – 20 countries (2023-2025),Total,From 15 to 24 years
2023,EA20,F,Y15-29,11.6,Euro area – 20 countries (2023-2025),Females,From 15 to 29 years
2023,EA20,M,Y15-29,11.8,Euro area – 20 countries (2023-2025),Males,From 15 to 29 years
2023,EA20,T,Y15-29,11.7,Euro area – 20 countries (2023-2025),Total,From 15 to 29 years
2023,EA20,F,Y15-74,6.9,Euro area – 20 countries (2023-2025),Females,From 15 to 74 years
2023,EA20,M,Y15-74,6.3,Euro area – 20 countries (2023-2025),Males,From 15 to 74 years
2023,EA20,T,Y15-74,6.6,Euro area – 20 countries (2023-2025),Total,From 15 to 74 years
2023,EA20,F,Y20-64,6.8,Euro area – 20 countries (2023-2025),Females,From 20 to 64 years
2023,EA20,M,Y20-64,6.1,Euro area – 20 countries (2023-2025),Males,From 20 to 64 years
2023,EA20,T,Y20-64,6.4,Euro area – 20 countries (2023-2025),Total,From 20 to 64 years
2023,EA20,F,Y25-54,6.7,Euro area – 20 countries (2023-2025),Females,From 25 to 54 years
2023,EA20,M,Y25-54,5.6,Euro area – 20 countries (2023-2025),Males,From 25 to 54 years
2023,EA20,T,Y25-54,6.1,Euro area – 20 countries (2023-2025),Total,From 25 to 54 years
2023,EA20,F,Y25-74,6.2,Euro area – 20 countries (2023-2025),Females,From 25 to 74 years
2023,EA20,M,Y25-74,5.3,Euro area – 20 countries (2023-2025),Males,From 25 to 74 years
2023,EA20,T,Y25-74,5.8,Euro area – 20 countries (2023-2025),Total,From 25 to 74 years
2023,EA20,F,Y55-74,4.9,Euro area – 20 countries (2023-2025),Females,From 55 to 74 years
2023,EA20,M,Y55-74,4.5,Euro area – 20 countries (2023-2025),Males,From 55 to 74 years
2023,EA20,T,Y55-74,4.7,Euro area – 20 countries (2023-2025),Total,From 55 to 74 years
2023,EL,F,Y15-24,29.4,Greece,Females,From 15 to 24 years
2023,EL,M,Y15-24,24.4,Greece,Males,From 15 to 24 years
2023,EL,T,Y15-24,26.7,Greece,Total,From 15 to 24 years
2023,EL,F,Y15-29,24.9,Greece,Females,From 15 to 29 years
2023,EL,M,Y15-29,19.3,Greece,Males,From 15 to 29 years
2023,EL,T,Y15-29,21.8,Greece,Total,From 15 to 29 years
2023,EL,F,Y15-74,14.3,Greece,Females,From 15 to 74 years
2023,EL,M,Y15-74,8.5,Greece,Males,From 15 to 74 years
2023,EL,T,Y15-74,11.1,Greece,Total,From 15 to 74 years
2023,EL,F,Y20-64,14.3,Greece,Females,From 20 to 64 years
2023,EL,M,Y20-64,8.3,Greece,Males,From 20 to 64 years
2023,EL,T,Y20-64,11.0,Greece,Total,From 20 to 64 years
2023,EL,F,Y25-54,14.5,Greece,Females,From 25 to 54 years
2023,EL,M,Y25-54,8.3,Greece,Males,From 25 to 54 years
2023,EL,T,Y25-54,11.0,Greece,Total,From 25 to 54 years
2023,EL,F,Y25-74,13.4,Greece,Females,From 25 to 74 years
2023,EL,M,Y25-74,7.6,Greece,Males,From 25 to 74 years
2023,EL,T,Y25-74,10.2,Greece,Total,From 25 to 74 years
2023,EL,F,Y55-74,9.4,Greece,Females,From 55 to 74 years
2023,EL,M,Y55-74,5.1,Greece,Males,From 55 to 74 years
2023,EL,T,Y55-74,6.9,Greece,Total,From 55 to 74 years
2023,ES,F,Y15-24,28.5,Spain,Females,From 15 to 24 years
2023,ES,M,Y15-24,28.8,Spain,Males,From 15 to 24 years
2023,ES,T,Y15-24,28.7,Spain,Total,From 15 to 24 years
2023,ES,F,Y15-29,21.5,Spain,Females,From 15 to 29 years
2023,ES,M,Y15-29,21.3,Spain,Males,From 15 to 29 years
2023,ES,T,Y15-29,21.4,Spain,Total,From 15 to 29 years
2023,ES,F,Y15-74,13.9,Spain,Females,From 15 to 74 years
2023,ES,M,Y15-74,10.7,Spain,Males,From 15 to 74 years
2023,ES,T,Y15-74,12.2,Spain,Total,From 15 to 74 years
2023,ES,F,Y20-64,13.6,Spain,Females,From 20 to 64 years
2023,ES,M,Y20-64,10.3,Spain,Males,From 20 to 64 years
2023,ES,T,Y20-64,11.9,Spain,Total,From 20 to 64 years
2023,ES,F,Y25-54,12.8,Spain,Females,From 25 to 54 years
2023,ES,M,Y25-54,9.2,Spain,Males,From 25 to 54 years
2023,ES,T,Y25-54,10.9,Spain,Total,From 25 to 54 years
2023,ES,F,Y25-74,12.8,Spain,Females,From 25 to 74 years
2023,ES,M,Y25-74,9.3,Spain,Males,From 25 to 74 years
2023,ES,T,Y25-74,10.9,Spain,Total,From 25 to 74 years
2023,ES,F,Y55-74,12.9,Spain,Females,From 55 to 74 years
2023,ES,M,Y55-74,9.5,Spain,Males,From 55 to 74 years
2023,ES,T,Y55-74,11.1,Spain,Total,From 55 to 74 years
2023,EU27,F,Y15-24,14.1,European Union - 27 countries (from 2020),Females,From 15 to 24 years
2023,EU27,M,Y15-24,15.0,European Union - 27 countries (from 2020),Males,From 15 to 24 years
2023,EU27,T,Y15-24,14.6,European Union - 27 countries (from 2020),Total,From 15 to 24 years
2023,EU27,F,Y15-29,11.2,European Union - 27 countries (from 2020),Females,From 15 to 29 years
2023,EU27,M,Y15-29,11.3,European Union - 27 countries (from 2020),Males,From 15 to 29 years
2023,EU27,T,Y15-29,11.2,European Union - 27 countries (from 2020),Total,From 15 to 29 years
2023,EU27,F,Y15-74,6.4,European Union - 27 countries (from 2020),Females,From 15 to 74 years
2023,EU27,M,Y15-74,5.8,European Union - 27 countries (from 2020),Males,From 15 to 74 years
2023,EU27,T,Y15-74,6.1,European Union - 27 countries (from 2020),Total,From 15 to 74 years
2023,EU27,F,Y20-64,6.2,European Union - 27 countries (from 2020),Females,From 20 to 64 years
2023,EU27,M,Y20-64,5.6,European Union - 27 countries (from 2020),Males,From 20 to 64 years
2023,EU27,T,Y20-64,5.8,European Union - 27 countries (from 2020),Total,From 20 to 64 years
2023,EU27,F,Y25-54,6.0,European Union - 27 countries (from 2020),Females,From 25 to 54 years
2023,EU27,M,Y25-54,5.1,European Union - 27 countries (from 2020),Males,From 25 to 54 years
2023,EU27,T,Y25-54,5.5,European Union - 27 countries (from 2020),Total,From 25 to 54 years
2023,EU27,F,Y25-74,5.6,European Union - 27 countries (from 2020),Females,From 25 to 74 years
2023,EU27,M,Y25-74,4.9,European Union - 27 countries (from 2020),Males,From 25 to 74 years
2023,EU27,T,Y25-74,5.2,European Union - 27 countries (from 2020),Total,From 25 to 74 years
2023,EU27,F,Y55-74,4.5,European Union - 27 countries (from 2020),Females,From 55 to 74 years
2023,EU27,M,Y55-74,4.2,European Union - 27 countries (from 2020),Males,From 55 to 74 years
2023,EU27,T,Y55-74,4.4,European Union - 27 countries (from 2020),Total,From 55 to 74 years
2023,FR,F,Y15-24,16.1,France,Females,From 15 to 24 years
2023,FR,M,Y15-24,18.2,France,Males,From 15 to 24 years
2023,FR,T,Y15-24,17.2,France,Total,From 15 to 24 years
2023,FR,F,Y15-29,13.2,France,Females,From 15 to 29 years
2023,FR,M,Y15-29,14.0,France,Males,From 15 to 29 years
2023,FR,T,Y15-29,13.6,France,Total,From 15 to 29 years
2023,FR,F,Y15-74,7.2,France,Females,From 15 to 74 years
2023,FR,M,Y15-74,7.5,France,Males,From 15 to 74 years
2023,FR,T,Y15-74,7.3,France,Total,From 15 to 74 years
2023,FR,F,Y20-64,6.8,France,Females,From 20 to 64 years
2023,FR,M,Y20-64,7.1,France,Males,From 20 to 64 years
2023,FR,T,Y20-64,7.0,France,Total,From 20 to 64 years
2023,FR,F,Y25-54,6.5,France,Females,From 25 to 54 years
2023,FR,M,Y25-54,6.3,France,Males,From 25 to 54 years
2023,FR,T,Y25-54,6.4,France,Total,From 25 to 54 years
2023,FR,F,Y25-74,6.2,France,Females,From 25 to 74 years
2023,FR,M,Y25-74,6.1,France,Males,From 25 to 74 years
2023,FR,T,Y25-74,6.1,France,Total,From 25 to 74 years
2023,FR,F,Y55-74,5.0,France,Females,From 55 to 74 years
2023,FR,M,Y55-74,5.4,France,Males,From 55 to 74 years
2023,FR,T,Y55-74,5.2,France,Total,From 55 to 74 years
2023,IT,F,Y15-24,25.2,Italy,Females,From 15 to 24 years
2023,IT,M,Y15-24,21.1,Italy,Males,From 15 to 24 years
2023,IT,T,Y15-24,22.7,Italy,Total,From 15 to 24 years
2023,IT,F,Y15-29,18.3,Italy,Females,From 15 to 29 years
2023,IT,M,Y15-29,15.6,Italy,Males,From 15 to 29 years
2023,IT,T,Y15-29,16.7,Italy,Total,From 15 to 29 years
2023,IT,F,Y15-74,8.8,Italy,Females,From 15 to 74 years
2023,IT,M,Y15-74,6.8,Italy,Males,From 15 to 74 years
2023,IT,T,Y15-74,7.7,Italy,Total,From 15 to 74 years
2023,IT,F,Y20-64,8.7,Italy,Females,From 20 to 64 years
2023,IT,M,Y20-64,6.7,Italy,Males,From 20 to 64 years
2023,IT,T,Y20-64,7.6,Italy,Total,From 20 to 64 years
2023,IT,F,Y25-54,8.8,Italy,Females,From 25 to 54 years
2023,IT,M,Y25-54,6.4,Italy,Males,From 25 to 54 years
2023,IT,T,Y25-54,7.5,Italy,Total,From 25 to 54 years
2023,IT,F,Y25-74,7.8,Italy,Females,From 25 to 74 years
2023,IT,M,Y25-74,5.8,Italy,Males,From 25 to 74 years
2023,IT,T,Y25-74,6.7,Italy,Total,From 25 to 74 years
2023,IT,F,Y55-74,4.7,Italy,Females,From 55 to 74 years
2023,IT,M,Y55-74,4.2,Italy,Males,From 55 to 74 years
2023,IT,T,Y55-74,4.4,Italy,Total,From 55 to 74 years
2023,NL,F,Y15-24,8.2,Netherlands,Females,From 15 to 24 years
2023,NL,M,Y15-24,8.3,Netherlands,Males,From 15 to 24 years
2023,NL,T,Y15-24,8.2,Netherlands,Total,From 15 to 24 years
2023,NL,F,Y15-29,6.6,Netherlands,Females,From 15 to 29 years
2023,NL,M,Y15-29,6.8,Netherlands,Males,From 15 to 29 years
2023,NL,T,Y15-29,6.7,Netherlands,Total,From 15 to 29 years
2023,NL,F,Y15-74,3.8,Netherlands,Females,From 15 to 74 years
2023,NL,M,Y15-74,3.4,Netherlands,Males,From 15 to 74 years
2023,NL,T,Y15-74,3.6,Netherlands,Total,From 15 to 74 years
2023,NL,F,Y20-64,3.1,Netherlands,Females,From 20 to 64 years
2023,NL,M,Y20-64,2.7,Netherlands,Males,From 20 to 64 years
2023,NL,T,Y20-64,2.9,Netherlands,Total,From 20 to 64 years
2023,NL,F,Y25-54,2.7,Netherlands,Females,From 25 to 54 years
2023,NL,M,Y25-54,2.4,Netherlands,Males,From 25 to 54 years
2023,NL,T,Y25-54,2.5,Netherlands,Total,From 25 to 54 years
2023,NL,F,Y25-74,2.7,Netherlands,Females,From 25 to 74 years
2023,NL,M,Y25-74,2.3,Netherlands,Males,From 25 to 74 years
2023,NL,T,Y25-74,2.5,Netherlands,Total,From 25 to 74 years
2023,NL,F,Y55-74,2.8,Netherlands,Females,From 55 to 74 years
2023,NL,M,Y55-74,2.3,Netherlands,Males,From 55 to 74 years
2023,NL,T,Y55-74,2.5,Netherlands,Total,From 55 to 74 years
2023,PL,F,Y15-24,11.1,Poland,Females,From 15 to 24 years
2023,PL,M,Y15-24,11.6,Poland,Males,From 15 to 24 years
2023,PL,T,Y15-24,11.4,Poland,Total,From 15 to 24 years
2023,PL,F,Y15-29,7.4,Poland,Females,From 15 to 29 years
2023,PL,M,Y15-29,6.2,Poland,Males,From 15 to 29 years
2023,PL,T,Y15-29,6.7,Poland,Total,From 15 to 29 years
2023,PL,F,Y15-74,2.9,Poland,Females,From 15 to 74 years
2023,PL,M,Y15-74,2.8,Poland,Males,From 15 to 74 years
2023,PL,T,Y15-74,2.8,Poland,Total,From 15 to 74 years
2023,PL,F,Y20-64,2.8,Poland,Females,From 20 to 64 years
2023,PL,M,Y20-64,2.7,Poland,Males,From 20 to 64 years
2023,PL,T,Y20-64,2.8,Poland,Total,From 20 to 64 years
2023,PL,F,Y25-54,2.5,Poland,Females,From 25 to 54 years
2023,PL,M,Y25-54,2.2,Poland,Males,From 25 to 54 years
2023,PL,T,Y25-54,2.4,Poland,Total,From 25 to 54 years
2023,PL,F,Y25-74,2.3,Poland,Females,From 25 to 74 years
2023,PL,M,Y25-74,2.2,Poland,Males,From 25 to 74 years
2023,PL,T,Y25-74,2.2,Poland,Total,From 25 to 74 years
2023,PL,F,Y55-74,1.5,Poland,Females,From 55 to 74 years
2023,PL,M,Y55-74,1.9,Poland,Males,From 55 to 74 years
2023,PL,T,Y55-74,1.7,Poland,Total,From 55 to 74 years
2023,SE,F,Y15-24,21.6,Sweden,Females,From 15 to 24 years
2023,SE,M,Y15-24,22.5,Sweden,Males,From 15 to 24 years
2023,SE,T,Y15-24,22.1,Sweden,Total,From 15 to 24 years
2023,SE,F,Y15-29,16.1,Sweden,Females,From 15 to 29 years
2023,SE,M,Y15-29,15.8,Sweden,Males,From 15 to 29 years
2023,SE,T,Y15-29,16.0,Sweden,Total,From 15 to 29 years
2023,SE,F,Y15-74,7.9,Sweden,Females,From 15 to 74 years
2023,SE,M,Y15-74,7.5,Sweden,Males,From 15 to 74 years
2023,SE,T,Y15-74,7.7,Sweden,Total,From 15 to 74 years
2023,SE,F,Y20-64,6.7,Sweden,Females,From 20 to 64 years
2023,SE,M,Y20-64,6.4,Sweden,Males,From 20 to 64 years
2023,SE,T,Y20-64,6.5,Sweden,Total,From 20 to 64 years
2023,SE,F,Y25-54,6.4,Sweden,Females,From 25 to 54 years
2023,SE,M,Y25-54,5.6,Sweden,Males,From 25 to 54 years
2023,SE,T,Y25-54,5.9,Sweden,Total,From 25 to 54 years
2023,SE,F,Y25-74,6.1,Sweden,Females,From 25 to 74 years
2023,SE,M,Y25-74,5.5,Sweden,Males,From 25 to 74 years
2023,SE,T,Y25-74,5.7,Sweden,Total,From 25 to 74 years
2023,SE,F,Y55-74,5.1,Sweden,Females,From 55 to 74 years
2023,SE,M,Y55-74,5.2,Sweden,Males,From 55 to 74 years
2023,SE,T,Y55-74,5.1,Sweden,Total,From 55 to 74 years
2024,DE,F,Y15-24,5.9,Germany,Females,From 15 to 24 years
2024,DE,M,Y15-24,7.2,Germany,Males,From 15 to 24 years
2024,DE,T,Y15-24,6.6,Germany,Total,From 15 to 24 years
2024,DE,F,Y15-29,5.1,Germany,Females,From 15 to 29 years
2024,DE,M,Y15-29,6.1,Germany,Males,From 15 to 29 years
2024,DE,T,Y15-29,5.6,Germany,Total,From 15 to 29 years
2024,DE,F,Y15-74,3.2,Germany,Females,From 15 to 74 years
2024,DE,M,Y15-74,3.7,Germany,Males,From 15 to 74 years
2024,DE,T,Y15-74,3.5,Germany,Total,From 15 to 74 years
2024,DE,F,Y20-64,3.1,Germany,Females,From 20 to 64 years
2024,DE,M,Y20-64,3.6,Germany,Males,From 20 to 64 years
2024,DE,T,Y20-64,3.4,Germany,Total,From 20 to 64 years
2024,DE,F,Y25-54,3.2,Germany,Females,From 25 to 54 years
2024,DE,M,Y25-54,3.7,Germany,Males,From 25 to 54 years
2024,DE,T,Y25-54,3.4,Germany,Total,From 25 to 54 years
2024,DE,F,Y25-74,2.9,Germany,Females,From 25 to 74 years
2024,DE,M,Y25-74,3.3,Germany,Males,From 25 to 74 years
2024,DE,T,Y25-74,3.1,Germany,Total,From 25 to 74 years
2024,DE,F,Y55-74,2.1,Germany,Females,From 55 to 74 years
2024,DE,M,Y55-74,2.4,Germany,Males,From 55 to 74 years
2024,DE,T,Y55-74,2.3,Germany,Total,From 55 to 74 years
2024,EA20,F,Y15-24,14.3,Euro area – 20 countries (2023-2025),Females,From 15 to 24 years
2024,EA20,M,Y15-24,15.0,Euro area – 20 countries (2023-2025),Males,From 15 to 24 years
2024,EA20,T,Y15-24,14.7,Euro area – 20 countries (2023-2025),Total,From 15 to 24 years
2024,EA20,F,Y15-29,11.5,Euro area – 20 countries (2023-2025),Females,From 15 to 29 years
2024,EA20,M,Y15-29,11.9,Euro area – 20 countries (2023-2025),Males,From 15 to 29 years
2024,EA20,T,Y15-29,11.7,Euro area – 20 countries (2023-2025),Total,From 15 to 29 years
2024,EA20,F,Y15-74,6.7,Euro area – 20 countries (2023-2025),Females,From 15 to 74 years
2024,EA20,M,Y15-74,6.2,Euro area – 20 countries (2023-2025),Males,From 15 to 74 years
2024,EA20,T,Y15-74,6.4,Euro area – 20 countries (2023-2025),Total,From 15 to 74 years
2024,EA20,F,Y20-64,6.5,Euro area – 20 countries (2023-2025),Females,From 20 to 64 years
2024,EA20,M,Y20-64,6.0,Euro area – 20 countries (2023-2025),Males,From 20 to 64 years
2024,EA20,T,Y20-64,6.2,Euro area – 20 countries (2023-2025),Total,From 20 to 64 years
2024,EA20,F,Y25-54,6.3,Euro area – 20 countries (2023-2025),Females,From 25 to 54 years
2024,EA20,M,Y25-54,5.6,Euro area – 20 countries (2023-2025),Males,From 25 to 54 years
2024,EA20,T,Y25-54,5.9,Euro area – 20 countries (2023-2025),Total,From 25 to 54 years
2024,EA20,F,Y25-74,5.9,Euro area – 20 countries (2023-2025),Females,From 25 to 74 years
2024,EA20,M,Y25-74,5.2,Euro area – 20 countries (2023-2025),Males,From 25 to 74 years
2024,EA20,T,Y25-74,5.6,Euro area – 20 countries (2023-2025),Total,From 25 to 74 years
2024,EA20,F,Y55-74,4.7,Euro area – 20 countries (2023-2025),Females,From 55 to 74 years
2024,EA20,M,Y55-74,4.2,Euro area – 20 countries (2023-2025),Males,From 55 to 74 years
2024,EA20,T,Y55-74,4.4,Euro area – 20 countries (2023-2025),Total,From 55 to 74 years
2024,EL,F,Y15-24,24.1,Greece,Females,From 15 to 24 years
2024,EL,M,Y15-24,21.1,Greece,Males,From 15 to 24 years
2024,EL,T,Y15-24,22.5,Greece,Total,From 15 to 24 years
2024,EL,F,Y15-29,19.5,Greece,Females,From 15 to 29 years
2024,EL,M,Y15-29,18.8,Greece,Males,From 15 to 29 years
2024,EL,T,Y15-29,19.1,Greece,Total,From 15 to 29 years
2024,EL,F,Y15-74,12.8,Greece,Females,From 15 to 74 years
2024,EL,M,Y15-74,8.0,Greece,Males,From 15 to 74 years
2024,EL,T,Y15-74,10.1,Greece,Total,From 15 to 74 years
2024,EL,F,Y20-64,12.6,Greece,Females,From 20 to 64 years
2024,EL,M,Y20-64,8.0,Greece,Males,From 20 to 64 years
2024,EL,T,Y20-64,10.0,Greece,Total,From 20 to 64 years
2024,EL,F,Y25-54,12.8,Greece,Females,From 25 to 54 years
2024,EL,M,Y25-54,7.9,Greece,Males,From 25 to 54 years
2024,EL,T,Y25-54,10.1,Greece,Total,From 25 to 54 years
2024,EL,F,Y25-74,12.1,Greece,Females,From 25 to 74 years
2024,EL,M,Y25-74,7.3,Greece,Males,From 25 to 74 years
2024,EL,T,Y25-74,9.4,Greece,Total,From 25 to 74 years
2024,EL,F,Y55-74,9.7,Greece,Females,From 55 to 74 years
2024,EL,M,Y55-74,5.1,Greece,Males,From 55 to 74 years
2024,EL,T,Y55-74,7.1,Greece,Total,From 55 to 74 years
2024,ES,F,Y15-24,27.1,Spain,Females,From 15 to 24 years
2024,ES,M,Y15-24,26.0,Spain,Males,From 15 to 24 years
2024,ES,T,Y15-24,26.5,Spain,Total,From 15 to 24 years
2024,ES,F,Y15-29,20.5,Spain,Females,From 15 to 29 years
2024,ES,M,Y15-29,20.0,Spain,Males,From 15 to 29 years
2024,ES,T,Y15-29,20.2,Spain,Total,From 15 to 29 years
2024,ES,F,Y15-74,12.7,Spain,Females,From 15 to 74 years
2024,ES,M,Y15-74,10.2,Spain,Males,From 15 to 74 years
2024,ES,T,Y15-74,11.4,Spain,Total,From 15 to 74 years
2024,ES,F,Y20-64,12.3,Spain,Females,From 20 to 64 years
2024,ES,M,Y20-64,9.8,Spain,Males,From 20 to 64 years
2024,ES,T,Y20-64,11.0,Spain,Total,From 20 to 64 years
2024,ES,F,Y25-54,11.5,Spain,Females,From 25 to 54 years
2024,ES,M,Y25-54,8.9,Spain,Males,From 25 to 54 years
2024,ES,T,Y25-54,10.1,Spain,Total,From 25 to 54 years
2024,ES,F,Y25-74,11.6,Spain,Females,From 25 to 74 years
2024,ES,M,Y25-74,8.8,Spain,Males,From 25 to 74 years
2024,ES,T,Y25-74,10.2,Spain,Total,From 25 to 74 years
2024,ES,F,Y55-74,11.9,Spain,Females,From 55 to 74 years
2024,ES,M,Y55-74,8.8,Spain,Males,From 55 to 74 years
2024,ES,T,Y55-74,10.3,Spain,Total,From 55 to 74 years
2024,EU27,F,Y15-24,14.7,European Union - 27 countries (from 2020),Females,From 15 to 24 years
2024,EU27,M,Y15-24,15.2,European Union - 27 countries (from 2020),Males,From 15 to 24 years
2024,EU27,T,Y15-24,15.0,European Union - 27 countries (from 2020),Total,From 15 to 24 years
2024,EU27,F,Y15-29,11.2,European Union - 27 countries (from 2020),Females,From 15 to 29 years
2024,EU27,M,Y15-29,11.6,European Union - 27 countries (from 2020),Males,From 15 to 29 years
2024,EU27,T,Y15-29,11.4,European Union - 27 countries (from 2020),Total,From 15 to 29 years
2024,EU27,F,Y15-74,6.2,European Union - 27 countries (from 2020),Females,From 15 to 74 years
2024,EU27,M,Y15-74,5.8,European Union - 27 countries (from 2020),Males,From 15 to 74 years
2024,EU27,T,Y15-74,6.0,European Union - 27 countries (from 2020),Total,From 15 to 74 years
2024,EU27,F,Y20-64,6.0,European Union - 27 countries (from 2020),Females,From 20 to 64 years
2024,EU27,M,Y20-64,5.5,European Union - 27 countries (from 2020),Males,From 20 to 64 years
2024,EU27,T,Y20-64,5.7,European Union - 27 countries (from 2020),Total,From 20 to 64 years
2024,EU27,F,Y25-54,5.7,European Union - 27 countries (from 2020),Females,From 25 to 54 years
2024,EU27,M,Y25-54,5.1,European Union - 27 countries (from 2020),Males,From 25 to 54 years
2024,EU27,T,Y25-54,5.4,European Union - 27 countries (from 2020),Total,From 25 to 54 years
2024,EU27,F,Y25-74,5.4,European Union - 27 countries (from 2020),Females,From 25 to 74 years
2024,EU27,M,Y25-74,4.8,European Union - 27 countries (from 2020),Males,From 25 to 74 years
2024,EU27,T,Y25-74,5.1,European Union - 27 countries (from 2020),Total,From 25 to 74 years
2024,EU27,F,Y55-74,4.3,European Union - 27 countries (from 2020),Females,From 55 to 74 years
2024,EU27,M,Y55-74,4.0,European Union - 27 countries (from 2020),Males,From 55 to 74 years
2024,EU27,T,Y55-74,4.2,European Union - 27 countries (from 2020),Total,From 55 to 74 years
2024,FR,F,Y15-24,18.4,France,Females,From 15 to 24 years
2024,FR,M,Y15-24,19.1,France,Males,From 15 to 24 years
2024,FR,T,Y15-24,18.8,France,Total,From 15 to 24 years
2024,FR,F,Y15-29,14.1,France,Females,From 15 to 29 years
2024,FR,M,Y15-29,14.8,France,Males,From 15 to 29 years
2024,FR,T,Y15-29,14.4,France,Total,From 15 to 29 years
2024,FR,F,Y15-74,7.3,France,Females,From 15 to 74 years
2024,FR,M,Y15-74,7.6,France,Males,From 15 to 74 years
2024,FR,T,Y15-74,7.4,France,Total,From 15 to 74 years
2024,FR,F,Y20-64,6.9,France,Females,From 20 to 64 years
2024,FR,M,Y20-64,7.1,France,Males,From 20 to 64 years
2024,FR,T,Y20-64,7.0,France,Total,From 20 to 64 years
2024,FR,F,Y25-54,6.4,France,Females,From 25 to 54 years
2024,FR,M,Y25-54,6.3,France,Males,From 25 to 54 years
2024,FR,T,Y25-54,6.4,France,Total,From 25 to 54 years
2024,FR,F,Y25-74,6.1,France,Females,From 25 to 74 years
2024,FR,M,Y25-74,6.1,France,Males,From 25 to 74 years
2024,FR,T,Y25-74,6.1,France,Total,From 25 to 74 years
2024,FR,F,Y55-74,4.9,France,Females,From 55 to 74 years
2024,FR,M,Y55-74,5.2,France,Males,From 55 to 74 years
2024,FR,T,Y55-74,5.1,France,Total,From 55 to 74 years
2024,IT,F,Y15-24,22.2,Italy,Females,From 15 to 24 years
2024,IT,M,Y15-24,19.2,Italy,Males,From 15 to 24 years
2024,IT,T,Y15-24,20.3,Italy,Total,From 15 to 24 years
2024,IT,F,Y15-29,15.8,Italy,Females,From 15 to 29 years
2024,IT,M,Y15-29,13.9,Italy,Males,From 15 to 29 years
2024,IT,T,Y15-29,14.7,Italy,Total,From 15 to 29 years
2024,IT,F,Y15-74,7.3,Italy,Females,From 15 to 74 years
2024,IT,M,Y15-74,5.9,Italy,Males,From 15 to 74 years
2024,IT,T,Y15-74,6.5,Italy,Total,From 15 to 74 years
2024,IT,F,Y20-64,7.3,Italy,Females,From 20 to 64 years
2024,IT,M,Y20-64,5.8,Italy,Males,From 20 to 64 years
2024,IT,T,Y20-64,6.4,Italy,Total,From 20 to 64 years
2024,IT,F,Y25-54,7.5,Italy,Females,From 25 to 54 years
2024,IT,M,Y25-54,5.6,Italy,Males,From 25 to 54 years
2024,IT,T,Y25-54,6.4,Italy,Total,From 25 to 54 years
2024,IT,F,Y25-74,6.6,Italy,Females,From 25 to 74 years
2024,IT,M,Y25-74,5.0,Italy,Males,From 25 to 74 years
2024,IT,T,Y25-74,5.7,Italy,Total,From 25 to 74 years
2024,IT,F,Y55-74,3.9,Italy,Females,From 55 to 74 years
2024,IT,M,Y55-74,3.4,Italy,Males,From 55 to 74 years
2024,IT,T,Y55-74,3.6,Italy,Total,From 55 to 74 years
2024,NL,F,Y15-24,8.5,Netherlands,Females,From 15 to 24 years
2024,NL,M,Y15-24,8.8,Netherlands,Males,From 15 to 24 years
2024,NL,T,Y15-24,8.7,Netherlands,Total,From 15 to 24 years
2024,NL,F,Y15-29,7.0,Netherlands,Females,From 15 to 29 years
2024,NL,M,Y15-29,7.0,Netherlands,Males,From 15 to 29 years
2024,NL,T,Y15-29,7.0,Netherlands,Total,From 15 to 29 years
2024,NL,F,Y15-74,3.8,Netherlands,Females,From 15 to 74 years
2024,NL,M,Y15-74,3.5,Netherlands,Males,From 15 to 74 years
2024,NL,T,Y15-74,3.7,Netherlands,Total,From 15 to 74 years
2024,NL,F,Y20-64,3.3,Netherlands,Females,From 20 to 64 years
2024,NL,M,Y20-64,2.9,Netherlands,Males,From 20 to 64 years
2024,NL,T,Y20-64,3.0,Netherlands,Total,From 20 to 64 years
2024,NL,F,Y25-54,2.9,Netherlands,Females,From 25 to 54 years
2024,NL,M,Y25-54,2.4,Netherlands,Males,From 25 to 54 years
2024,NL,T,Y25-54,2.7,Netherlands,Total,From 25 to 54 years
2024,NL,F,Y25-74,2.8,Netherlands,Females,From 25 to 74 years
2024,NL,M,Y25-74,2.4,Netherlands,Males,From 25 to 74 years
2024,NL,T,Y25-74,2.6,Netherlands,Total,From 25 to 74 years
2024,NL,F,Y55-74,2.3,Netherlands,Females,From 55 to 74 years
2024,NL,M,Y55-74,2.4,Netherlands,Males,From 55 to 74 years
2024,NL,T,Y55-74,2.4,Netherlands,Total,From 55 to 74 years
2024,PL,F,Y15-24,10.9,Poland,Females,From 15 to 24 years
2024,PL,M,Y15-24,10.7,Poland,Males,From 15 to 24 years
2024,PL,T,Y15-24,10.8,Poland,Total,From 15 to 24 years
2024,PL,F,Y15-29,7.2,Poland,Females,From 15 to 29 years
2024,PL,M,Y15-29,6.3,Poland,Males,From 15 to 29 years
2024,PL,T,Y15-29,6.7,Poland,Total,From 15 to 29 years
2024,PL,F,Y15-74,3.1,Poland,Females,From 15 to 74 years
2024,PL,M,Y15-74,2.7,Poland,Males,From 15 to 74 years
2024,PL,T,Y15-74,2.9,Poland,Total,From 15 to 74 years
2024,PL,F,Y20-64,3.0,Poland,Females,From 20 to 64 years
2024,PL,M,Y20-64,2.7,Poland,Males,From 20 to 64 years
2024,PL,T,Y20-64,2.8,Poland,Total,From 20 to 64 years
2024,PL,F,Y25-54,2.8,Poland,Females,From 25 to 54 years
2024,PL,M,Y25-54,2.1,Poland,Males,From 25 to 54 years
2024,PL,T,Y25-54,2.4,Poland,Total,From 25 to 54 years
2024,PL,F,Y25-74,2.6,Poland,Females,From 25 to 74 years
2024,PL,M,Y25-74,2.1,Poland,Males,From 25 to 74 years
2024,PL,T,Y25-74,2.3,Poland,Total,From 25 to 74 years
2024,PL,F,Y55-74,1.5,Poland,Females,From 55 to 74 years
2024,PL,M,Y55-74,2.2,Poland,Males,From 55 to 74 years
2024,PL,T,Y55-74,1.9,Poland,Total,From 55 to 74 years
2024,SE,F,Y15-24,23.6,Sweden,Females,From 15 to 24 years
2024,SE,M,Y15-24,24.9,Sweden,Males,From 15 to 24 years
2024,SE,T,Y15-24,24.3,Sweden,Total,From 15 to 24 years
2024,SE,F,Y15-29,17.0,Sweden,Females,From 15 to 29 years
2024,SE,M,Y15-29,17.5,Sweden,Males,From 15 to 29 years
2024,SE,T,Y15-29,17.3,Sweden,Total,From 15 to 29 years
2024,SE,F,Y15-74,8.5,Sweden,Females,From 15 to 74 years
2024,SE,M,Y15-74,8.3,Sweden,Males,From 15 to 74 years
2024,SE,T,Y15-74,8.4,Sweden,Total,From 15 to 74 years
2024,SE,F,Y20-64,7.2,Sweden,Females,From 20 to 64 years
2024,SE,M,Y20-64,7.1,Sweden,Males,From 20 to 64 years
2024,SE,T,Y20-64,7.1,Sweden,Total,From 20 to 64 years
2024,SE,F,Y25-54,6.8,Sweden,Females,From 25 to 54 years
2024,SE,M,Y25-54,6.1,Sweden,Males,From 25 to 54 years
2024,SE,T,Y25-54,6.4,Sweden,Total,From 25 to 54 years
2024,SE,F,Y25-74,6.5,Sweden,Females,From 25 to 74 years
2024,SE,M,Y25-74,6.0,Sweden,Males,From 25 to 74 years
2024,SE,T,Y25-74,6.2,Sweden,Total,From 25 to 74 years
2024,SE,F,Y55-74,5.4,Sweden,Females,From 55 to 74 years
2024,SE,M,Y55-74,5.9,Sweden,Males,From 55 to 74 years
2024,SE,T,Y55-74,5.7,Sweden,Total,From 55 to 74 years
2025,DE,F,Y15-24,6.6,Germany,Females,From 15 to 24 years
2025,DE,M,Y15-24,7.6,Germany,Males,From 15 to 24 years
2025,DE,T,Y15-24,7.1,Germany,Total,From 15 to 24 years
2025,DE,F,Y15-29,5.7,Germany,Females,From 15 to 29 years
2025,DE,M,Y15-29,6.8,Germany,Males,From 15 to 29 years
2025,DE,T,Y15-29,6.3,Germany,Total,From 15 to 29 years
2025,DE,F,Y15-74,3.5,Germany,Females,From 15 to 74 years
2025,DE,M,Y15-74,4.2,Germany,Males,From 15 to 74 years
2025,DE,T,Y15-74,3.8,Germany,Total,From 15 to 74 years
2025,DE,F,Y20-64,3.4,Germany,Females,From 20 to 64 years
2025,DE,M,Y20-64,4.1,Germany,Males,From 20 to 64 years
2025,DE,T,Y20-64,3.8,Germany,Total,From 20 to 64 years
2025,DE,F,Y25-54,3.6,Germany,Females,From 25 to 54 years
2025,DE,M,Y25-54,4.2,Germany,Males,From 25 to 54 years
2025,DE,T,Y25-54,3.9,Germany,Total,From 25 to 54 years
2025,DE,F,Y25-74,3.1,Germany,Females,From 25 to 74 years
2025,DE,M,Y25-74,3.8,Germany,Males,From 25 to 74 years
2025,DE,T,Y25-74,3.5,Germany,Total,From 25 to 74 years
2025,DE,F,Y55-74,2.1,Germany,Females,From 55 to 74 years
2025,DE,M,Y55-74,2.8,Germany,Males,From 55 to 74 years
2025,DE,T,Y55-74,2.5,Germany,Total,From 55 to 74 years
2025,EA20,F,Y15-24,14.7,Euro area – 20 countries (2023-2025),Females,From 15 to 24 years
2025,EA20,M,Y15-24,15.1,Euro area – 20 countries (2023-2025),Males,From 15 to 24 years
2025,EA20,T,Y15-24,14.9,Euro area – 20 countries (2023-2025),Total,From 15 to 24 years
2025,EA20,F,Y15-29,11.6,Euro area – 20 countries (2023-2025),Females,From 15 to 29 years
2025,EA20,M,Y15-29,12.1,Euro area – 20 countries (2023-2025),Males,From 15 to 29 years
2025,EA20,T,Y15-29,11.9,Euro area – 20 countries (2023-2025),Total,From 15 to 29 years
2025,EA20,F,Y15-74,6.6,Euro area – 20 countries (2023-2025),Females,From 15 to 74 years
2025,EA20,M,Y15-74,6.2,Euro area – 20 countries (2023-2025),Males,From 15 to 74 years
2025,EA20,T,Y15-74,6.4,Euro area – 20 countries (2023-2025),Total,From 15 to 74 years
2025,EA20,F,Y20-64,6.4,Euro area – 20 countries (2023-2025),Females,From 20 to 64 years
2025,EA20,M,Y20-64,6.0,Euro area – 20 countries (2023-2025),Males,From 20 to 64 years
2025,EA20,T,Y20-64,6.2,Euro area – 20 countries (2023-2025),Total,From 20 to 64 years
2025,EA20,F,Y25-54,6.3,Euro area – 20 countries (2023-2025),Females,From 25 to 54 years
2025,EA20,M,Y25-54,5.6,Euro area – 20 countries (2023-2025),Males,From 25 to 54 years
2025,EA20,T,Y25-54,5.9,Euro area – 20 countries (2023-2025),Total,From 25 to 54 years
2025,EA20,F,Y25-74,5.8,Euro area – 20 countries (2023-2025),Females,From 25 to 74 years
2025,EA20,M,Y25-74,5.3,Euro area – 20 countries (2023-2025),Males,From 25 to 74 years
2025,EA20,T,Y25-74,5.5,Euro area – 20 countries (2023-2025),Total,From 25 to 74 years
2025,EA20,F,Y55-74,4.6,Euro area – 20 countries (2023-2025),Females,From 55 to 74 years
2025,EA20,M,Y55-74,4.4,Euro area – 20 countries (2023-2025),Males,From 55 to 74 years
2025,EA20,T,Y55-74,4.5,Euro area – 20 countries (2023-2025),Total,From 55 to 74 years
2025,EL,F,Y15-24,20.8,Greece,Females,From 15 to 24 years
2025,EL,M,Y15-24,17.7,Greece,Males,From 15 to 24 years
2025,EL,T,Y15-24,19.1,Greece,Total,From 15 to 24 years
2025,EL,F,Y15-29,17.3,Greece,Females,From 15 to 29 years
2025,EL,M,Y15-29,15.8,Greece,Males,From 15 to 29 years
2025,EL,T,Y15-29,16.5,Greece,Total,From 15 to 29 years
2025,EL,F,Y15-74,11.2,Greece,Females,From 15 to 74 years
2025,EL,M,Y15-74,7.0,Greece,Males,From 15 to 74 years
2025,EL,T,Y15-74,8.9,Greece,Total,From 15 to 74 years
2025,EL,F,Y20-64,11.1,Greece,Females,From 20 to 64 years
2025,EL,M,Y20-64,7.0,Greece,Males,From 20 to 64 years
2025,EL,T,Y20-64,8.8,Greece,Total,From 20 to 64 years
2025,EL,F,Y25-54,11.0,Greece,Females,From 25 to 54 years
2025,EL,M,Y25-54,6.9,Greece,Males,From 25 to 54 years
2025,EL,T,Y25-54,8.7,Greece,Total,From 25 to 54 years
2025,EL,F,Y25-74,10.6,Greece,Females,From 25 to 74 years
2025,EL,M,Y25-74,6.4,Greece,Males,From 25 to 74 years
2025,EL,T,Y25-74,8.3,Greece,Total,From 25 to 74 years
2025,EL,F,Y55-74,9.3,Greece,Females,From 55 to 74 years
2025,EL,M,Y55-74,5.0,Greece,Males,From 55 to 74 years
2025,EL,T,Y55-74,6.9,Greece,Total,From 55 to 74 years
2025,ES,F,Y15-24,25.8,Spain,Females,From 15 to 24 years
2025,ES,M,Y15-24,24.1,Spain,Males,From 15 to 24 years
2025,ES,T,Y15-24,24.9,Spain,Total,From 15 to 24 years
2025,ES,F,Y15-29,19.0,Spain,Females,From 15 to 29 years
2025,ES,M,Y15-29,18.3,Spain,Males,From 15 to 29 years
2025,ES,T,Y15-29,18.6,Spain,Total,From 15 to 29 years
2025,ES,F,Y15-74,11.9,Spain,Females,From 15 to 74 years
2025,ES,M,Y15-74,9.3,Spain,Males,From 15 to 74 years
2025,ES,T,Y15-74,10.5,Spain,Total,From 15 to 74 years
2025,ES,F,Y20-64,11.7,Spain,Females,From 20 to 64 years
2025,ES,M,Y20-64,9.0,Spain,Males,From 20 to 64 years
2025,ES,T,Y20-64,10.3,Spain,Total,From 20 to 64 years
2025,ES,F,Y25-54,10.7,Spain,Females,From 25 to 54 years
2025,ES,M,Y25-54,8.0,Spain,Males,From 25 to 54 years
2025,ES,T,Y25-54,9.3,Spain,Total,From 25 to 54 years
2025,ES,F,Y25-74,10.8,Spain,Females,From 25 to 74 years
2025,ES,M,Y25-74,8.1,Spain,Males,From 25 to 74 years
2025,ES,T,Y25-74,9.4,Spain,Total,From 25 to 74 years
2025,ES,F,Y55-74,11.3,Spain,Females,From 55 to 74 years
2025,ES,M,Y55-74,8.2,Spain,Males,From 55 to 74 years
2025,ES,T,Y55-74,9.7,Spain,Total,From 55 to 74 years
2025,EU27,F,Y15-24,15.1,European Union - 27 countries (from 2020),Females,From 15 to 24 years
2025,EU27,M,Y15-24,15.3,European Union - 27 countries (from 2020),Males,From 15 to 24 years
2025,EU27,T,Y15-24,15.2,European Union - 27 countries (from 2020),Total,From 15 to 24 years
2025,EU27,F,Y15-29,11.5,European Union - 27 countries (from 2020),Females,From 15 to 29 years
2025,EU27,M,Y15-29,11.8,European Union - 27 countries (from 2020),Males,From 15 to 29 years
2025,EU27,T,Y15-29,11.7,European Union - 27 countries (from 2020),Total,From 15 to 29 years
2025,EU27,F,Y15-74,6.2,European Union - 27 countries (from 2020),Females,From 15 to 74 years
2025,EU27,M,Y15-74,5.8,European Union - 27 countries (from 2020),Males,From 15 to 74 years
2025,EU27,T,Y15-74,6.0,European Union - 27 countries (from 2020),Total,From 15 to 74 years
2025,EU27,F,Y20-64,6.0,European Union - 27 countries (from 2020),Females,From 20 to 64 years
2025,EU27,M,Y20-64,5.6,European Union - 27 countries (from 2020),Males,From 20 to 64 years
2025,EU27,T,Y20-64,5.8,European Union - 27 countries (from 2020),Total,From 20 to 64 years
2025,EU27,F,Y25-54,5.7,European Union - 27 countries (from 2020),Females,From 25 to 54 years
2025,EU27,M,Y25-54,5.2,European Union - 27 countries (from 2020),Males,From 25 to 54 years
2025,EU27,T,Y25-54,5.4,European Union - 27 countries (from 2020),Total,From 25 to 54 years
2025,EU27,F,Y25-74,5.4,European Union - 27 countries (from 2020),Females,From 25 to 74 years
2025,EU27,M,Y25-74,4.9,European Union - 27 countries (from 2020),Males,From 25 to 74 years
2025,EU27,T,Y25-74,5.1,European Union - 27 countries (from 2020),Total,From 25 to 74 years
2025,EU27,F,Y55-74,4.3,European Union - 27 countries (from 2020),Females,From 55 to 74 years
2025,EU27,M,Y55-74,4.2,European Union - 27 countries (from 2020),Males,From 55 to 74 years
2025,EU27,T,Y55-74,4.2,European Union - 27 countries (from 2020),Total,From 55 to 74 years
2025,FR,F,Y15-24,19.6,France,Females,From 15 to 24 years
2025,FR,M,Y15-24,20.0,France,Males,From 15 to 24 years
2025,FR,T,Y15-24,19.8,France,Total,From 15 to 24 years
2025,FR,F,Y15-29,14.9,France,Females,From 15 to 29 years
2025,FR,M,Y15-29,15.8,France,Males,From 15 to 29 years
2025,FR,T,Y15-29,15.4,France,Total,From 15 to 29 years
2025,FR,F,Y15-74,7.6,France,Females,From 15 to 74 years
2025,FR,M,Y15-74,7.8,France,Males,From 15 to 74 years
2025,FR,T,Y15-74,7.7,France,Total,From 15 to 74 years
2025,FR,F,Y20-64,7.2,France,Females,From 20 to 64 years
2025,FR,M,Y20-64,7.3,France,Males,From 20 to 64 years
2025,FR,T,Y20-64,7.2,France,Total,From 20 to 64 years
2025,FR,F,Y25-54,6.6,France,Females,From 25 to 54 years
2025,FR,M,Y25-54,6.5,France,Males,From 25 to 54 years
2025,FR,T,Y25-54,6.6,France,Total,From 25 to 54 years
2025,FR,F,Y25-74,6.3,France,Females,From 25 to 74 years
2025,FR,M,Y25-74,6.2,France,Males,From 25 to 74 years
2025,FR,T,Y25-74,6.3,France,Total,From 25 to 74 years
2025,FR,F,Y55-74,5.0,France,Females,From 55 to 74 years
2025,FR,M,Y55-74,5.3,France,Males,From 55 to 74 years
2025,FR,T,Y55-74,5.2,France,Total,From 55 to 74 years
2025,IT,F,Y15-24,22.2,Italy,Females,From 15 to 24 years
2025,IT,M,Y15-24,19.5,Italy,Males,From 15 to 24 years
2025,IT,T,Y15-24,20.6,Italy,Total,From 15 to 24 years
2025,IT,F,Y15-29,15.5,Italy,Females,From 15 to 29 years
2025,IT,M,Y15-29,13.6,Italy,Males,From 15 to 29 years
2025,IT,T,Y15-29,14.4,Italy,Total,From 15 to 29 years
2025,IT,F,Y15-74,6.8,Italy,Females,From 15 to 74 years
2025,IT,M,Y15-74,5.7,Italy,Males,From 15 to 74 years
2025,IT,T,Y15-74,6.1,Italy,Total,From 15 to 74 years
2025,IT,F,Y20-64,6.8,Italy,Females,From 20 to 64 years
2025,IT,M,Y20-64,5.6,Italy,Males,From 20 to 64 years
2025,IT,T,Y20-64,6.1,Italy,Total,From 20 to 64 years
2025,IT,F,Y25-54,7.0,Italy,Females,From 25 to 54 years
2025,IT,M,Y25-54,5.5,Italy,Males,From 25 to 54 years
2025,IT,T,Y25-54,6.1,Italy,Total,From 25 to 54 years
2025,IT,F,Y25-74,6.0,Italy,Females,From 25 to 74 years
2025,IT,M,Y25-74,4.9,Italy,Males,From 25 to 74 years
2025,IT,T,Y25-74,5.4,Italy,Total,From 25 to 74 years
2025,IT,F,Y55-74,3.3,Italy,Females,From 55 to 74 years
2025,IT,M,Y55-74,3.4,Italy,Males,From 55 to 74 years
2025,IT,T,Y55-74,3.3,Italy,Total,From 55 to 74 years
2025,NL,F,Y15-24,8.6,Netherlands,Females,From 15 to 24 years
2025,NL,M,Y15-24,9.1,Netherlands,Males,From 15 to 24 years
2025,NL,T,Y15-24,8.8,Netherlands,Total,From 15 to 24 years
2025,NL,F,Y15-29,7.1,Netherlands,Females,From 15 to 29 years
2025,NL,M,Y15-29,7.1,Netherlands,Males,From 15 to 29 years
2025,NL,T,Y15-29,7.1,Netherlands,Total,From 15 to 29 years
2025,NL,F,Y15-74,4.0,Netherlands,Females,From 15 to 74 years
2025,NL,M,Y15-74,3.8,Netherlands,Males,From 15 to 74 years
2025,NL,T,Y15-74,3.9,Netherlands,Total,From 15 to 74 years
2025,NL,F,Y20-64,3.5,Netherlands,Females,From 20 to 64 years
2025,NL,M,Y20-64,3.2,Netherlands,Males,From 20 to 64 years
2025,NL,T,Y20-64,3.3,Netherlands,Total,From 20 to 64 years
2025,NL,F,Y25-54,3.2,Netherlands,Females,From 25 to 54 years
2025,NL,M,Y25-54,2.7,Netherlands,Males,From 25 to 54 years
2025,NL,T,Y25-54,2.9,Netherlands,Total,From 25 to 54 years
2025,NL,F,Y25-74,3.0,Netherlands,Females,From 25 to 74 years
2025,NL,M,Y25-74,2.7,Netherlands,Males,From 25 to 74 years
2025,NL,T,Y25-74,2.8,Netherlands,Total,From 25 to 74 years
2025,NL,F,Y55-74,2.4,Netherlands,Females,From 55 to 74 years
2025,NL,M,Y55-74,2.6,Netherlands,Males,From 55 to 74 years
2025,NL,T,Y55-74,2.5,Netherlands,Total,From 55 to 74 years
2025,PL,F,Y15-24,13.6,Poland,Females,From 15 to 24 years
2025,PL,M,Y15-24,11.0,Poland,Males,From 15 to 24 years
2025,PL,T,Y15-24,12.2,Poland,Total,From 15 to 24 years
2025,PL,F,Y15-29,7.9,Poland,Females,From 15 to 29 years
2025,PL,M,Y15-29,6.9,Poland,Males,From 15 to 29 years
2025,PL,T,Y15-29,7.3,Poland,Total,From 15 to 29 years
2025,PL,F,Y15-74,3.4,Poland,Females,From 15 to 74 years
2025,PL,M,Y15-74,2.9,Poland,Males,From 15 to 74 years
2025,PL,T,Y15-74,3.1,Poland,Total,From 15 to 74 years
2025,PL,F,Y20-64,3.3,Poland,Females,From 20 to 64 years
2025,PL,M,Y20-64,2.8,Poland,Males,From 20 to 64 years
2025,PL,T,Y20-64,3.0,Poland,Total,From 20 to 64 years
2025,PL,F,Y25-54,3.0,Poland,Females,From 25 to 54 years
2025,PL,M,Y25-54,2.3,Poland,Males,From 25 to 54 years
2025,PL,T,Y25-54,2.7,Poland,Total,From 25 to 54 years
2025,PL,F,Y25-74,2.8,Poland,Females,From 25 to 74 years
2025,PL,M,Y25-74,2.3,Poland,Males,From 25 to 74 years
2025,PL,T,Y25-74,2.5,Poland,Total,From 25 to 74 years
2025,PL,F,Y55-74,1.5,Poland,Females,From 55 to 74 years
2025,PL,M,Y55-74,2.3,Poland,Males,From 55 to 74 years
2025,PL,T,Y55-74,2.0,Poland,Total,From 55 to 74 years
2025,SE,F,Y15-24,23.9,Sweden,Females,From 15 to 24 years
2025,SE,M,Y15-24,24.7,Sweden,Males,From 15 to 24 years
2025,SE,T,Y15-24,24.3,Sweden,Total,From 15 to 24 years
2025,SE,F,Y15-29,18.3,Sweden,Females,From 15 to 29 years
2025,SE,M,Y15-29,18.1,Sweden,Males,From 15 to 29 years
2025,SE,T,Y15-29,18.2,Sweden,Total,From 15 to 29 years
2025,SE,F,Y15-74,8.8,Sweden,Females,From 15 to 74 years
2025,SE,M,Y15-74,8.9,Sweden,Males,From 15 to 74 years
2025,SE,T,Y15-74,8.8,Sweden,Total,From 15 to 74 years
2025,SE,F,Y20-64,7.4,Sweden,Females,From 20 to 64 years
2025,SE,M,Y20-64,7.7,Sweden,Males,From 20 to 64 years
2025,SE,T,Y20-64,7.6,Sweden,Total,From 20 to 64 years
2025,SE,F,Y25-54,7.2,Sweden,Females,From 25 to 54 years
2025,SE,M,Y25-54,6.7,Sweden,Males,From 25 to 54 years
2025,SE,T,Y25-54,6.9,Sweden,Total,From 25 to 54 years
2025,SE,F,Y25-74,6.7,Sweden,Females,From 25 to 74 years
2025,SE,M,Y25-74,6.8,Sweden,Males,From 25 to 74 years
2025,SE,T,Y25-74,6.7,Sweden,Total,From 25 to 74 years
2025,SE,F,Y55-74,5.2,Sweden,Females,From 55 to 74 years
2025,SE,M,Y55-74,7.0,Sweden,Males,From 55 to 74 years
2025,SE,T,Y55-74,6.1,Sweden,Total,From 55 to 74 years
