id,name,neighbourhood,latitude,longitude,room_type,price,minimum_nights,availability_365,number_of_reviews,reviews_per_month,last_review
1513909061895084083,Premium plus queen room,South Boston Waterfront,42.35232,-71.04685,Private room,269,1,122,7,3.62,2026-07-01
1650777631739075411,1 King bed executive,Beacon Hill,42.36058,-71.07131,Private room,529,1,320,0,,
1132565660790734612,Club room,Downtown,42.3564,-71.05731,Private room,221,1,360,0,,
1674570506864454087,"The Verb Hotel, Stadium queen",Fenway,42.34508,-71.09674,Private room,242,1,218,0,,
1448020069042823191,Back bay king,South End,42.34692,-71.07065,Private room,243,1,361,85,7.89,2026-06-18
1096275433310259386,Accessible queen bed plus bath down the hall room,South End,42.346155,-71.070907,Private room,179,1,253,27,0.94,2026-06-13
1101474534813491613,Accessible standard king,Downtown,42.36079,-71.05584,Private room,337,1,354,27,6.14,2026-06-29
1081878885561334396,Premium queen room,South Boston Waterfront,42.352323,-71.0468488,Private room,269,1,243,87,3.00,2026-06-25
1674813620215712100,Premier king room,Allston,42.36367,-71.12162,Private room,415,1,354,0,,
1674813621045250787,Atlas suite ADA shower,Allston,42.36367,-71.12162,Private room,484,1,335,0,,
1674570250474818464,"The Verb Hotel, Stadium king",Fenway,42.34508,-71.09674,Private room,269,1,216,0,,
1132565369385985939,Standard room,Downtown,42.3564,-71.05731,Private room,221,1,360,24,0.89,2026-06-03
1650777632116148794,1 King bed hearing accessible classic,Beacon Hill,42.36058,-71.07131,Private room,749,1,318,0,,
1039836988066158736,Two queen room,Longwood Medical Area,42.3383407,-71.1066156,Private room,349,1,353,12,0.48,2025-10-14
1628291019285301117,Harbor view room king bed,South Boston Waterfront,42.34925,-71.04144,Private room,254,1,362,1,0.43,2026-04-29
1096276285946258499,Revolution loft junior suite,South End,42.346155,-71.070907,Private room,574,1,170,0,,
1101474911521710374,Studio suite,Downtown,42.36079,-71.05584,Private room,337,1,362,4,0.16,2026-04-19
1513908407487220663,Premium queen partial harbor view room,South Boston Waterfront,42.35232,-71.04685,Private room,269,1,147,1,0.28,2026-03-22
1674813761048247077,Premier king room ADA tub,Allston,42.36367,-71.12162,Private room,319,1,345,0,,
1650777632061391868,1 King bed beacon hill city view,Beacon Hill,42.36058,-71.07131,Private room,799,1,306,0,,
1091446719007763396,Superior room two queen beds,Bay Village,42.3506,-71.0679,Private room,284,1,326,68,2.35,2026-05-31
1039812151743974091,Superior king,Longwood Medical Area,42.3383407,-71.1066156,Private room,349,1,354,0,,
1674570251438982030,Accessible backstage trailer,Fenway,42.34508,-71.09674,Private room,314,1,214,0,,
1105790235269473095,Deluxe queen,North End,42.366842,-71.05097,Private room,229,1,357,33,1.19,2026-07-01
1658848668157986253,Standard 2 queens room,Brighton,42.36361,-71.13637,Private room,233,1,330,10,4.55,2026-07-01
1092880112831338032,Standard King,Downtown,42.3575,-71.05286,Private room,269,1,358,29,1.05,2026-06-21
1674813620979960460,King corner room,Allston,42.36367,-71.12162,Private room,415,1,354,2,2,2026-06-24
1685621972141570601,Queen room,Downtown,42.34997,-71.06644,Private room,179,1,358,14,14,2026-07-02
1092880598028706685,Superior King,Downtown,42.3575,-71.05286,Private room,310,1,359,6,0.21,2026-06-01
1115968488431554437,Deluxe room king bed,South Boston Waterfront,42.349248,-71.041437,Private room,254,1,341,36,1.30,2026-06-14
1650859628574001642,Commonwealth Suite,Fenway,42.34854,-71.09526,Private room,499,1,348,1,0.94,2026-06-05
1674813756538867054,King room hearing impaired,Allston,42.36367,-71.12162,Private room,415,1,350,1,1,2026-06-14
1092882504913426047,Deluxe Double Queen,Downtown,42.3575,-71.05286,Private room,269,1,353,0,,
1658848668129534658,Standard king room,Brighton,42.36361,-71.13637,Private room,233,1,325,3,1.53,2026-06-13
1039150810936346820,Premium king room,Longwood Medical Area,42.3383407,-71.1066156,Private room,359,1,341,2,0.07,2024-07-05
1105789621429505418,Premier king water view,North End,42.366842,-71.05097,Private room,229,1,359,13,4.94,2026-06-21
52113003,King Bed Loft in the Heart of Downtown Boston,Downtown,42.35437,-71.06206,Entire home/apt,347,1,185,276,4.77,2026-05-27
695542274861997846,Super 2 Bedroom apt in Beacon Hill Boston,Beacon Hill,42.35979,-71.06535,Entire home/apt,146,29,123,4,0.11,2024-12-09
9110708,Cozy & sunny apartment BU/Allston,Allston,42.35157,-71.12524,Entire home/apt,,91,0,0,,
197972,Serene Studio in a Perfect Location,Jamaica Plain,42.31533,-71.11025,Entire home/apt,204,1,95,594,3.33,2026-06-06
706445990952752456,Spacious 1br In Boston FIDI | Close to T!,Downtown,42.35884,-71.05493,Entire home/apt,351,1,158,194,4.21,2026-05-21
1095769201154960182,Exquisite 3Bedroom Apt with in Beacon Hill,Beacon Hill,42.359985869810735,-71.06730585445456,Entire home/apt,167,29,109,2,0.09,2024-10-27
1623259699152654776,Modern Apt walk to Airport - 5 min from Downtown,East Boston,42.37627356714671,-71.03182843592882,Entire home/apt,296,1,365,18,4.54,2026-06-07
1092881747623246005,Deluxe Double Queen Accessible,Downtown,42.3575,-71.05286,Private room,269,1,354,1,0.50,2026-05-08
1039074135360483624,Back Bay Ultra Luxury Studio at Raffles Boston,Back Bay,42.34866623399031,-71.07508631534422,Entire home/apt,323,29,365,6,0.22,2025-11-02
666183298864581824,Nice 1 bed apt with extra bed @living room boston,Beacon Hill,42.3583,-71.0693,Entire home/apt,172,29,269,11,0.30,2025-12-05
686979963987322682,Top 3 bedroom apt with 3 beds in downtown Boston,Downtown,42.36164,-71.06365,Entire home/apt,247,29,214,12,0.27,2026-04-30
1132565541252964814,Mobility accessible standard room,Downtown,42.3564,-71.05731,Private room,,1,0,0,,
1257320426446048732,"Bright, modern 1BR/1BA in South Boston",South Boston,42.33347,-71.03959,Entire home/apt,119,29,310,0,,
1040078061842520496,Boston Queen Suite 1.3,Dorchester,42.31171,-71.06432,Private room,97,1,318,114,5.07,2026-06-07
1575628521190816482,Roslindale GB2 queen bed laundry pet ok lock a.c,Roslindale,42.2754185627803,-71.13506587510648,Private room,73,9,339,0,,
42239298,New England Victorian Oasis,Hyde Park,42.25082,-71.11571,Private room,164,29,364,45,0.59,2025-10-20
1028623429000193719,Sunny and Spacious in Boston,Brighton,42.34431,-71.13784,Entire home/apt,,3,0,0,,
1096274679291474984,Triple bed plus bath down the hall room,South End,42.346155,-71.070907,Private room,179,1,322,33,1.15,2026-06-30
1096276680845931239,Studio Suite,South End,42.346155,-71.070907,Private room,377,1,169,0,,
1614024917190794930,Bright Room Close to Campus and Hospitals,Mission Hill,42.3295719,-71.1040886,Private room,19,91,310,0,,
1689325521095638932,Convenient 1Bedroom in Beacon Hill Boston,Beacon Hill,42.3601029,-71.0660874,Private room,94,29,53,0,,
11240774,"New, furnished 1 bedroom apt w gym",Fenway,42.34734,-71.10248,Entire home/apt,,91,0,14,0.11,2017-03-05
1578535883852596633,Deluxe Room at Brighton Overlook,Brighton,42.3473731,-71.1459656,Private room,21,91,365,0,,
4257929,Two Bedroom Apartment in Kenmore Sq,Fenway,42.34852,-71.09411,Entire home/apt,,91,0,0,,
1492867757875232091,Modern 5B3B in Boston | Steps to the T,South Boston,42.334239167421416,-71.05486540379715,Entire home/apt,710,1,312,25,2.80,2026-05-25
28036142,Bina’s Home away from home 6,Mattapan,42.27726,-71.08517,Private room,183,1,176,83,0.90,2026-04-20
1593952375944300138,1 - Triple Room Near Fields Corner Station,Dorchester,42.30336,-71.0638,Private room,165,1,121,0,,
24633212,Clean room near Longwood,Mission Hill,42.33097,-71.10023,Private room,148,1,117,225,2.29,2026-05-29
1335154514688752656,Large Family Friendly 3BD Apt Close to Boston,Dorchester,42.28731161963524,-71.06793240025394,Entire home/apt,158,30,165,0,,
1131327213997029481,Fully Furnished LUX House,South Boston,42.3301,-71.05538,Entire home/apt,876,29,269,1,0.08,2025-06-21
1445064,Bright sunlit BR near DT/MGH labs/SRH,Charlestown,42.3800475,-71.062315,Private room,72,29,296,124,0.80,2026-05-31
853391813264548119,"Blueground | Fenway, roof & gym, nr fenway park",Fenway,42.3475057,-71.1010258,Entire home/apt,,30,47,0,,
1572028238328401762,"4 Beds House. Near HBS, BU, and MIT",Allston,42.36167,-71.13324,Entire home/apt,431,1,171,21,4.20,2026-05-27
1655098582818423328,North End 2-Story Penthouse | Prime Location,North End,42.367577663188655,-71.05411326892988,Entire home/apt,664,1,243,10,4.29,2026-06-12
10749312,"Welcome, JP Boston! Parking, Piano, Patio + near T",Jamaica Plain,42.31659,-71.10565,Entire home/apt,378,1,48,58,0.47,2026-05-10
377474,Cozy Room in Beautiful Victorian House /E,Dorchester,42.29871,-71.05954,Private room,111,1,230,138,0.82,2026-06-10
1038975292518190921,Boston Queen Room 1.1,Dorchester,42.31148060660728,-71.06386004943863,Private room,150,2,324,160,6.39,2026-06-14
1040128300431492066,Boston King Room 1.2 - New Renovation,Dorchester,42.31155,-71.06296,Private room,97,1,264,128,5.11,2026-06-13
973772259586587633,Modern Apt in Boston|Near Subway|Free Parking|Safe,Dorchester,42.2904444,-71.06052729999999,Entire home/apt,367,2,308,99,2.94,2026-05-24
1542221242040298455,Bold & Spacious Studio | Back Bay,Back Bay,42.34319,-71.08392,Entire home/apt,325,1,122,13,2.00,2026-05-25
706455594639449523,Bright FIDI 1br | Centrally Located,Downtown,42.35832,-71.05316,Entire home/apt,415,1,106,221,4.80,2026-05-29
35579707,The blue room,East Boston,42.36906,-71.04004,Private room,39,91,365,3,0.03,2019-10-19
1313210490211671825,Wonderful 1Bedroom in Beacon Hill,Beacon Hill,42.3589686893354,-71.06873892869748,Private room,90,29,40,1,0.07,2025-05-01
958060371889188296,"(476-5) Roof Deck, 2beds, Cozy, Comfy, Location!",South End,42.3423474596366,-71.07732179238533,Entire home/apt,327,1,279,79,2.34,2026-05-31
779815225467352018,Boston Beacon Hill Studio Double bed,Beacon Hill,42.36024,-71.06741,Entire home/apt,163,29,258,8,0.22,2026-05-29
1685720499505714180,Habitación Tranquila en Boston,Jamaica Plain,42.32489,-71.10379,Private room,82,29,353,0,,
8483020,Country Cottage in the City,West Roxbury,42.25481,-71.14593,Entire home/apt,230,4,38,210,1.62,2026-06-14
1542116861569940967,2bd/2ba in Savin Hill Boston 1926,Dorchester,42.31067068938379,-71.05415698313091,Entire home/apt,324,2,323,4,2.73,2026-06-05
1285471199476897741,Cozy 2-Bedroom Apartment Near Dedham Legacy,West Roxbury,42.2581,-71.16128,Entire home/apt,228,1,282,102,5.25,2026-06-15
1467394342803144174,2 Double Beds | Ramada Boston | near DT | 2 Units,Dorchester,42.2949563,-71.0467594,Hotel room,484,1,346,0,,
1462323275898695439,Close to Fenway Park + Free Breakfast & Gym,Brighton,42.36343,-71.13539,Private room,314,1,301,69,6.72,2026-05-31
1644403341825909056,Luxury 2bd/2ba near Harvard fs6q,Allston,42.36243,-71.1349,Entire home/apt,403,2,326,13,4.59,2026-06-11
24598387,"Beautiful, spacious South Boston Condo, Near T",South Boston,42.33068,-71.05393,Entire home/apt,500,1,169,320,3.23,2026-06-14
1340604084008162960,nice and cozy room A,Brighton,42.357576776394865,-71.15691548109525,Private room,88,1,365,110,6.79,2026-06-12
53893204,Peaceful bedroom in upscale apartment,East Boston,42.3798,-71.03361,Private room,59,29,198,11,0.23,2026-06-03
41415978,Spacious & Beautiful Entire Apt in Boston,Dorchester,42.30015,-71.07738,Entire home/apt,216,4,246,60,0.78,2026-06-06
49364638,"(F21)  Cozy Retreat in Fenway, Guests Favorite!",Fenway,42.34246,-71.10145,Entire home/apt,392,1,258,264,4.23,2026-05-28
1538426962479283266,North End Entire House,North End,42.365967,-71.05794999999999,Entire home/apt,389,1,280,39,5.20,2026-06-14
1701586227272273838,Luxury 2b2b apt in the heart of Boston.,Downtown,42.36494133997296,-71.06286434069499,Entire home/apt,528,2,342,0,,
1664806860159370508,Private Room near Andrew Station (Red Line) - H12,Dorchester,42.324328823022945,-71.05892166332589,Private room,101,4,362,1,1,2026-05-17
1642812127012731589,H1_Triple Room Near South Boston Area,Dorchester,42.32388659218439,-71.05866423501847,Private room,136,1,157,1,0.58,2026-04-26
1297834069283436302,(F22) Charming Boho-Inspired Studio in Fenway!,Fenway,42.341419451052424,-71.10165757313948,Entire home/apt,251,1,255,59,3.30,2026-06-10
1022693760006872584,"1BR TDGarden, Celtics/Bruins, Lil Italy, North End",North End,42.36572,-71.05739,Entire home/apt,443,1,193,146,4.64,2026-05-27
1016119071461080309,Calm Queen Bedr Shared Bathroom,Dorchester,42.29847,-71.07686,Private room,58,31,179,7,0.26,2026-01-09
1128919343538976347,Fenway condo bedroom 2 bath,Longwood Medical Area,42.33966,-71.10409,Entire home/apt,869,4,269,0,,
1478389550031987014,The Cushing: Lofty Ceilings • Historic Property,Brighton,42.34619,-71.14523,Entire home/apt,356,1,244,47,4.52,2026-05-31
1662634882891073144,Private Room near Andrew Station (Red Line) - H11,Dorchester,42.32655,-71.05765,Private room,143,3,244,0,,
912836898939477727,"Happy Green House, Boston Landing, BU, BC, Harvard",Allston,42.3556715,-71.1375296,Entire home/apt,491,1,156,69,1.91,2026-05-31
21238858,Boston/Brookline Private 1 BR/Bath w/ Free Parking,Allston,42.34745,-71.14036,Entire home/apt,193,1,328,503,4.75,2026-06-14
36291586,Luxury Back Bay studio on Prestigious Marlborough,Back Bay,42.35,-71.08718,Entire home/apt,164,32,330,0,,
53115918,"Adorable private suite with a private entrance and bathroom close to Downtown, Seaport District and The BCEC",South Boston,42.3381,-71.04014,Entire home/apt,638,29,365,233,4.18,2023-12-10
1654803546829049277,FIFA! Direct Train to Gillette | Heart of Boston,Dorchester,42.30927,-71.07686,Entire home/apt,287,30,182,0,,
1420409787744651374,(BB-2F) Gorgeous 1Bedroom w/Pull Out! BACK BAY!,Back Bay,42.35003,-71.08723,Entire home/apt,389,1,260,50,4.01,2026-06-13
1341574644376553949,Beautiful 2 bedrooms in Southend 5336,South End,42.3363,-71.06776,Entire home/apt,198,29,348,1,0.07,2025-04-22
21679902,"Back Bay studio- Close to Northeastern, colleges..",Back Bay,42.35144,-71.08725,Entire home/apt,166,32,331,5,0.05,2024-08-07
886120883825067654,"New Boston 1bed/living, close T",Dorchester,42.3194004182431,-71.05758102174532,Entire home/apt,126,29,320,1,0.03,2023-10-01
1131367389722109983,One Bedroom in Luxury Seaport Apartment Building,South Boston Waterfront,42.35169,-71.04626,Entire home/apt,296,32,343,1,0.16,2025-12-10
1613943122500862918,"(Mlb4) NEW! Studio, Close to MGH, Boston Commons",Back Bay,42.352147254681555,-71.0759448629635,Entire home/apt,524,1,246,17,5.43,2026-06-11
1278286022017303753,Modern East Boston 1BR | Full Gym & Airport Access,East Boston,42.36732,-71.04101,Entire home/apt,271,29,341,1,0.07,2025-05-05
1485505469367537396,2BR Loft unit in Boston Southend 9534,South End,42.34427273713445,-71.06551374220301,Entire home/apt,347,1,292,47,4.70,2026-06-09
1305087523327994284,Gorgeous Apt with Kitchen,Fenway,42.34291,-71.09904,Entire home/apt,441,10,326,10,0.69,2026-05-20
7475215,Copley Square & Historic Landmarks on Newbury St#2,Back Bay,42.34982,-71.08264,Entire home/apt,378,1,216,266,2.04,2026-06-10
1700858774515729153,Near Boston Common | Adults-Only Stay,Bay Village,42.34857,-71.07039,Private room,,1,0,0,,
21486679,Newbury St Vibes - The Best of Boston Right Here#9,Back Bay,42.34979,-71.08262,Entire home/apt,318,1,305,204,2.00,2026-06-13
1688443989229227455,Stylish 1BR | Newbury St Boston,Back Bay,42.3496398,-71.08155599999999,Entire home/apt,297,1,305,0,,
960648691532644103,AL/R1 Convenient Sunny Room Boston,Allston,42.35012,-71.13541,Private room,201,29,359,10,0.29,2024-10-27
26750505,#201 Boston Private small room Female 全楼禁烟,Dorchester,42.30959,-71.0643,Private room,53,29,267,30,0.31,2025-10-01
10575430,Cozy 4BD apartment with AirBeds,Dorchester,42.30027,-71.06324,Entire home/apt,181,30,359,3,0.03,2018-12-23
1213853437263095035,Make this new apartment home!,Brighton,42.351851719619454,-71.14476543787319,Entire home/apt,208,29,258,1,1,2026-05-24
50661496,"Entire 3 story Brownstone building, Walk to Fenway",Fenway,42.345726,-71.105835,Entire home/apt,1330,29,365,84,1.41,2023-11-18
944175844067011459,"Boston studio, 7 minutes to T",Dorchester,42.32155,-71.05724,Entire home/apt,106,31,361,2,0.12,2025-11-01
1145750495561922282,"Premier King Skyline, Revere Hotel, Near Fenway",Bay Village,42.35042,-71.06731,Hotel room,685,1,354,0,,
1461577368098848830,Fenway Park View + Free Breakfast. Pool. Dining.,Downtown,42.35124827600992,-71.06835694257046,Private room,383,1,125,1,0.09,2025-07-31
4461613,Perfectly Located Rental Near MGH & TD Garden #13,Beacon Hill,42.36017,-71.06346,Entire home/apt,272,1,347,256,1.90,2026-06-09
52615785,Downtown Xing | Lots of Light | Monthly Discounts,Downtown,42.35567,-71.06129,Entire home/apt,632,1,126,227,3.99,2026-05-31
45542821,Centrally Located Luxurious Loft | Walk Anywhere!,Downtown,42.357308874194494,-71.06218277856146,Entire home/apt,551,1,21,286,4.12,2026-05-20
53125115,"(N3F) Beautiful View, Back Bay, Brownstone Newbury",Back Bay,42.34754,-71.08574,Entire home/apt,377,1,276,242,4.44,2026-06-10
565026020916948591,Beacon Hills Studio next to State house 3,Beacon Hill,42.35989,-71.06651,Entire home/apt,267,1,228,413,8.15,2026-05-31
1421363918459951410,"(3-42) Charming 1Bed, Back Bay, Newbury, Fenway!",Back Bay,42.34807,-71.09071,Entire home/apt,361,1,238,27,2.15,2026-05-31
1656704860467491118,Large 3.5 BR|2 BA Penthouse Duplex,Beacon Hill,42.3597092,-71.07096179999999,Entire home/apt,1579,2,239,2,1.25,2026-05-19
685905667259735098,"Blueground | N. Station, w/d & gym, nr td garden",Downtown,42.365947,-71.063473,Entire home/apt,,30,365,0,,
1462376637790292006,Urban Escape | Freedom Trail. Fitness Center,Back Bay,42.35172,-71.07085,Private room,973,1,166,1,0.52,2026-04-20
1022632138884104441,"(MGH9-2) MGH, Dining, Shopping, Beacon Hill!",Beacon Hill,42.36059691812873,-71.06669379762403,Entire home/apt,394,1,145,87,2.77,2026-06-05
1178933965841931292,"(MGH7-1)Prime Location, Shopping, Hospitals, Cafés",Beacon Hill,42.35891,-71.06544,Entire home/apt,357,1,151,69,2.83,2026-06-04
1115779190379009220,2Beds Sleep 4 w Private Bathroom | Walk to Subway,South Boston,42.33102,-71.05694,Private room,,29,0,1,0.04,2024-04-15
52085163,"Stay Tonight & Enjoy Boston, Simple Studio 401",Downtown,42.3553,-71.06309,Entire home/apt,413,1,215,142,2.45,2026-05-27
1523141501396153167,"Blueground | West End, rooftop, nr Boston Common",Downtown,42.3659167,-71.0634338,Entire home/apt,,30,339,0,,
1102329743250735792,"Boston Medical & Landmarks, public transportation",South End,42.33842,-71.07143,Entire home/apt,180,30,299,4,0.15,2024-05-12
15985435,Charming Charlestown Condo (Dog Friendly)!,Charlestown,42.37294,-71.06478,Entire home/apt,108,31,122,54,0.48,2026-03-09
1132565673977011474,Deluxe room,Downtown,42.3564,-71.05731,Private room,221,1,1,1,1,2026-06-06
52895996,Great Location | 4bed Loft | Parking Optional,Downtown,42.35530607874658,-71.06086875999847,Entire home/apt,803,1,27,161,4.16,2026-05-30
1408892116135983893,Spacious 2BR in the heart of Boston 5981,Downtown,42.35083,-71.06392,Entire home/apt,279,1,314,24,1.87,2026-05-24
1558056426517412806,Prime Boston Fidi L-Shaped Studio,Downtown,42.35566,-71.05984,Entire home/apt,268,1,173,19,3.10,2026-05-28
914621320278053102,"(W4)South End, Blackout Curtains, Safe &Convenient",South End,42.3397,-71.0766,Entire home/apt,393,1,247,79,2.18,2026-05-12
6758482,"Explore Newbury St, Fenway & South End Nearby #1",South End,42.34447,-71.07644,Entire home/apt,399,1,302,169,1.50,2026-02-16
52422690,Studio King - Copley Square Hotel,Back Bay,42.34724,-71.07954,Private room,549,1,319,4,0.10,2026-01-04
5088560,Stunning SouthEnd/BackBay Penthouse,Roxbury,42.34041,-71.08384,Entire home/apt,464,29,210,100,0.76,2020-12-27
1503768284438933716,Moonlight Beacon Hill Sonata,Beacon Hill,42.3597441,-71.06426789999999,Entire home/apt,532,1,332,24,2.59,2026-06-01
1566909910461954707,Charming Studio in Historic Brownstone,South End,42.34062637443608,-71.08077940694054,Entire home/apt,479,1,335,3,0.79,2026-04-03
937705785049200966,Raffles Pied-A-Tier Studio,Back Bay,42.34957526552142,-71.07428161896075,Entire home/apt,555,29,75,4,0.16,2025-11-13
1010659519692433211,"Blueground | Back Bay, basketball, 2 blocks to t",Bay Village,42.34992,-71.06943,Entire home/apt,,30,303,0,,
1699303801883161107,The Chester: Boutique Garden Studio,Roxbury,42.33992,-71.08147,Entire home/apt,580,1,260,0,,
774890533736849094,Heart of Boston 1 bed 1 sofa bed,Beacon Hill,42.360798857003445,-71.06740890836511,Entire home/apt,174,29,226,14,0.44,2026-05-09
1227312811801343971,1Bed/1BA+Office in the South End,South End,42.3374263,-71.0750942,Entire home/apt,217,29,259,7,0.34,2026-05-30
1553803493320523393,3 Bed in the Heart of North End | Peapod Rentals,North End,42.3673,-71.05871,Entire home/apt,287,29,315,0,,
25576444,SouthEnd Penthouse,South End,42.34226,-71.07881,Entire home/apt,342,2,6,250,2.56,2026-05-25
53307896,"Blueground | Downtown, amenities & rooftop views",Downtown,42.35119,-71.06402,Entire home/apt,,30,301,0,,
765006355721890182,"Blueground | Chinatown/Theater Dist, gym, nr t",Downtown,42.3511858,-71.06401699999999,Entire home/apt,,30,314,0,,
580339548657084895,"Blueground | Downtown, gym & w/d, nr sth station",Chinatown,42.35229,-71.05911,Entire home/apt,,30,312,0,,
41785374,"Blueground | Downtown, gym, doorman, nr station",Chinatown,42.35229,-71.05911,Entire home/apt,,30,337,0,,
8381472,Beautiful brown stone in South End,South End,42.34166,-71.07976,Entire home/apt,,91,0,0,,
24644312,Convenient Transportation Suburb Boston Room,West Roxbury,42.27394,-71.16822,Shared room,,29,0,11,0.11,2019-10-06
13242393,Renovated House near Subway/Rail Everything New,Dorchester,42.30536,-71.07221,Private room,13,91,365,3,0.02,2017-06-29
9166393,Spacious room close to T-Station,Roxbury,42.32693,-71.09604,Private room,,91,0,1,0.01,2015-11-16
23089618,Allston central private room,Brighton,42.35634,-71.13849,Private room,,91,365,0,,
1023694299133895541,Nice one bedroom appartment,Downtown,42.35325,-71.05937,Entire home/apt,,99,0,0,,
10811,Bostons Best Rentals -Studio Prestigious Back Bay,Back Bay,42.34971,-71.08612,Entire home/apt,52,91,364,9,0.07,2019-07-22
1551205,2 bed/2 bath in the heart of Boston,Back Bay,42.34305,-71.08318,Entire home/apt,157,91,364,40,0.26,2016-10-21
3965313,Minutes to Boston-Near Beach 69-1,East Boston,42.38584,-71.00287,Private room,,91,90,90,0.79,2019-11-11
6690605,Renovated Boston Apartment,Charlestown,42.37717,-71.06213,Entire home/apt,,91,0,24,0.18,2019-08-13
7018497,2 Bedroom in the heart of Boston,North End,42.36653,-71.0572,Entire home/apt,,91,0,6,0.05,2015-10-07
585232346497472151,"Blueground | N Station, gym & w/d, nr td garden",Downtown,42.365947,-71.063473,Entire home/apt,,30,335,1,0.03,2023-04-11
619253446291935967,"Blueground | Theatre District, gym, nr boylston t",Downtown,42.3511858,-71.06401699999999,Entire home/apt,,30,341,0,,
1531534895718294549,Cozy and spacious colonial home in West Roxbury,West Roxbury,42.26301,-71.16436,Entire home/apt,512,2,176,2,0.47,2026-03-29
1024608597171696469,Chic Modern 2 bed Apartment W/ Exposed Brick,Downtown,42.35664,-71.0608,Entire home/apt,,29,11,4,0.22,2025-02-20
1105789612700998498,Deluxe king ADA,North End,42.366842,-71.05097,Private room,229,1,360,0,,
1688019636571339843,Central Near Harvard 1BR w/ Workspace & Library,Allston,42.36406,-71.12077,Entire home/apt,366,29,270,0,,
1323979327060565188,Luxury 2 bedroom Apt!,Downtown,42.35698,-71.06048,Entire home/apt,,29,5,2,0.11,2025-08-07
1384709478583626722,Shelly's Turkish Room,East Boston,42.3814113,-71.0229951,Private room,,29,0,7,0.47,2025-07-19
1049558996179766154,Peacefully Safe and unique,Hyde Park,42.2591,-71.12067,Entire home/apt,458,29,360,0,,
556665854357343371,Beacon Hill boston best 3 bed apt,West End,42.36140769684224,-71.06710131495097,Entire home/apt,213,29,240,10,0.29,2026-05-31
1613201862031275553,Boston Beacon Hill Historic Charm 1BD/1BA (#4),Beacon Hill,42.3598,-71.07145,Entire home/apt,310,29,29,0,,
634887497676129670,"(W5) Spacious Studio, Location! Dining & Shopping+",South End,42.33849,-71.07591,Entire home/apt,330,1,201,105,2.17,2026-05-29
724685819767873194,Lovely 2 bedroom apt Beacon Hill Boston downtown,Beacon Hill,42.35945,-71.06521,Entire home/apt,179,29,225,5,0.19,2025-11-01
705014843735903932,"The Ellie House 11, Back Bay, 2 bed!",Back Bay,42.34236,-71.08233,Entire home/apt,291,1,279,101,2.25,2026-05-03
706418652437318875,Wonderful FIDI 2br | Keyless Entry,Downtown,42.35661866605673,-71.05438096977204,Entire home/apt,453,1,142,178,3.87,2026-05-19
1700102365025443721,Stylish Studio | South End,Back Bay,42.3429186,-71.08294049999999,Entire home/apt,202,1,215,0,,
44014524,MODERN DOWNTOWN STUDIO,Downtown,42.35093,-71.06375,Entire home/apt,,91,50,1,0.03,2023-09-17
29513275,Back Bay studio on Marlborough St (91 night min),Back Bay,42.35358,-71.07765,Entire home/apt,51,91,339,1,0.02,2021-01-31
577559184783487910,Thatch Quarters | Pvt. Room in Southie | 203,South Boston,42.34181,-71.05633,Private room,174,1,178,19,0.38,2026-04-19
891562382876519272,Nature x City in Boston,Jamaica Plain,42.3101345,-71.0990554,Entire home/apt,,91,358,0,,
1293893215384766423,Entire house.,Brighton,42.3567282,-71.1574074,Entire home/apt,83,91,365,0,,
29256695,Artistic charm in hip J.P.,Jamaica Plain,42.31883,-71.10693,Entire home/apt,254,1,16,208,2.25,2026-06-14
1685930839289449308,Habitación privada en Boston,Jamaica Plain,42.3259486,-71.1049506,Private room,89,29,352,0,,
1638403843910586882,Near Cambridge | Restaurant. Gym + On-Site Bar,Allston,42.363722110566,-71.12150787141083,Private room,503,1,172,0,,
2495047,"The Tremont - The Upton Boston, South End",South End,42.34309,-71.07316,Entire home/apt,377,2,124,102,0.71,2026-04-09
1342339919743525478,Amazing 1Bedroom in Beacon Hill,Dorchester,42.3142862787359,-71.0651156052942,Private room,70,29,34,0,,
35405830,Quiet Room in Boston,West Roxbury,42.26449,-71.16451,Private room,281,91,270,0,,
1336500193308341093,Wonderful 1Bedroom in Beacon Hill,Beacon Hill,42.35825,-71.07028,Private room,,29,18,1,0.16,2026-01-02
564514494379318685,City Studio Suite,North End,42.36657,-71.05294,Entire home/apt,362,120,268,0,,
1314048204772720842,Cozy 1BR suite in Boston's Roslindale Village,Roslindale,42.28169342248051,-71.13406768401022,Entire home/apt,240,2,226,37,2.10,2026-06-08
48960619,#3 CLEAN COMFY & COZY GLORY GUEST SUITE,Dorchester,42.28096,-71.07093,Private room,280,1,365,29,0.46,2023-01-06
1590707398798589307,Spacious 3-Bedroom Home Near Convention Center,South Boston,42.33141,-71.05353,Entire home/apt,1560,3,109,4,1.33,2026-04-27
1602406349010885763,Close to Fenway Park + Free Breakfast & Gym,Brighton,42.36347596022479,-71.13567041222984,Private room,314,1,297,0,,
838773011153595044,Bed:Triple + Bath:Down The Hall,South End,42.34475,-71.07062,Private room,,1,0,313,3.91,2024-01-16
1342993136863408440,Luxury 2BR Next to the Airport 6330,East Boston,42.37658,-71.03067,Entire home/apt,551,1,353,37,2.39,2026-05-24
1632146319253038146,Luxury 3BR | Free Parking | Harvard/BU | ROKU TV,Allston,42.35327,-71.14079,Entire home/apt,673,1,331,17,5.20,2026-06-06
12901078,Mahar family room,Mattapan,42.27644,-71.07681,Private room,100,29,258,42,0.34,2020-02-17
676660060521076230,South Bos. W. Broadway - 1 BR 1 BA #301,South Boston,42.34268369999999,-71.05653339999999,Entire home/apt,376,1,87,112,2.37,2026-05-23
1705191383097751507,"Charming 2BR, In-Unit Laundry, On-Site Parking",Brighton,42.3472348,-71.14180499999999,Entire home/apt,160,29,40,0,,
1175347900508935656,Stunning Family Oasis in JP Center,Jamaica Plain,42.316722952701724,-71.11642094726638,Entire home/apt,597,2,22,2,0.09,2025-08-04
1115255354647356649,Temple Place Suites: Stay Tonight!,Downtown,42.3550474,-71.0622106,Private room,227,1,276,139,5.10,2026-06-01
52635273,Serene Suite near Logan Intl/MBTA Airport station,East Boston,42.37737274169922,-71.03465270996094,Entire home/apt,331,1,102,162,4.88,2026-05-29
27990313,Bina’s Home Away from Home Cozy Master Suite,Mattapan,42.27844,-71.08499,Private room,200,1,173,74,0.78,2025-11-02
1171368799931255911,A Central & Comfortable Apartment,Dorchester,42.29508188401479,-71.07113307301636,Entire home/apt,260,1,123,45,2.12,2026-05-31
1087670417619905142,Rusty’s Attic Atelier + Double,Roslindale,42.2847052,-71.1289068,Private room,419,2,157,1,0.08,2025-05-18
50463949,2 Bedroom by Longwood Medical Hospitals,Mission Hill,42.33172,-71.11141,Entire home/apt,571,1,309,121,2.00,2026-06-07
1201423221609705644,Convenient 1BR close to Airport,East Boston,42.37116262024412,-71.03627927357255,Entire home/apt,,29,364,0,,
1673214097685926560,Classic 1 Bedroom Penthouse near Fenway Park,Fenway,42.34317,-71.09922,Entire home/apt,312,30,342,0,,
1297251352761574897,Excellent 1Bedroom in Beacon Hill,Dorchester,42.314515526365646,-71.06540692214676,Private room,72,29,82,0,,
35061366,studio next to E line,Jamaica Plain,42.32968,-71.11265,Entire home/apt,,91,0,0,,
45726239,Luxury 2 bedroom on top floor with roof deck,South End,42.34057,-71.0673,Entire home/apt,,91,0,0,,
20849944,My Home,Roxbury,42.3097,-71.08815,Private room,,91,0,0,,
992859316058972051,"Cozy Dorchester Apartment, Room 1",Dorchester,42.284916510428,-71.0858133108561,Private room,149,1,282,3,0.09,2023-10-18
1685904591816413910,Habitación individual,Jamaica Plain,42.3259636,-71.1049535,Private room,98,29,352,0,,
586392192229220498,Boston’s Historic South End!,South End,42.34009427549511,-71.07131623063711,Entire home/apt,313,1,346,21,1.56,2026-05-29
1343664377151473156,Best 1Bedroom in Beacon Hill,Dorchester,42.31571,-71.06487,Private room,,29,0,0,,
1345166311257605113,Top 1Bedroom in Beacon Hill,Dorchester,42.31485,-71.06563,Private room,,29,22,0,,
819799525356493666,West Roxbury Pet friendly a.c furnished,West Roxbury,42.27818334565676,-71.16146609349464,Entire home/apt,514,1,272,4,0.10,2026-05-17
1040026800850553728,New Build XL Modern Home/UMass/Walk2TeneanBeach,Dorchester,42.28921,-71.04161,Entire home/apt,1282,2,330,87,2.97,2026-04-04
1698245580956290986,"A New 3 bedroom 4 beds 2 Bath, Apt 3",Hyde Park,42.2497886,-71.1319206,Entire home/apt,425,1,337,1,1,2026-06-12
650580862318364555,Lovely - 1 bed room  Penthouse Suite free parking,Hyde Park,42.25279,-71.11463,Private room,94,29,304,53,1.10,2025-10-15
1186474333732167489,Blossom sunshine ensuite,Hyde Park,42.26849,-71.11867,Private room,238,1,358,0,,
1602406942566111846,Close to Fenway Park + Free Breakfast & Gym,Brighton,42.36368,-71.1354,Private room,377,1,297,1,0.59,2026-04-26
1420324989398549595,Apt next to Airport/Downtown,East Boston,42.38236,-71.01793,Entire home/apt,165,1,346,83,6.73,2026-06-07
1633034439268707015,Luxury 3BR | Free Parking | Harvard/BU | ROKU TV,Brighton,42.36407,-71.13863,Entire home/apt,686,1,318,21,7.41,2026-06-12
44711393,Sunlit open plan European one bedroom apartment,Roslindale,42.28574,-71.13203,Entire home/apt,98,7,342,0,,
831961056951139768,Comfortable quiet 2 bedroom 1bath,Mattapan,42.27294408892755,-71.0991840898128,Entire home/apt,173,29,339,39,0.99,2024-11-03
1499358835886666068,Boston Urban Nests Unit 1: Long Term 1 Month +,Mattapan,42.27855,-71.09326,Entire home/apt,122,29,267,2,1.28,2026-06-13
925488947884632143,Amazing spacious city view 2bed 2 bath unit fenway,Fenway,42.34677,-71.0999,Entire home/apt,738,2,7,2,0.10,2026-04-23
1600940372128266976,Luxury 2bd/2ba near Harvard ej9o,Allston,42.36340771749499,-71.1352973037951,Entire home/apt,272,29,325,24,5.58,2026-04-04
1654383273769330616,Cozy Studio in Faneuil Hall/Quincy Market,Downtown,42.36202,-71.05586,Entire home/apt,120,30,206,0,,
1648603724307116260,Kasa Boston at Fenway | Studio Queen,Fenway,42.3437913,-71.1019092,Entire home/apt,589,1,297,4,2.11,2026-06-14
1138377453380978562,Centrally Located | King Bedroom,Roxbury,42.32775904493979,-71.08533088683889,Private room,120,1,197,279,10.77,2026-06-11
783392236156546737,Harbor View - Harbor View,Charlestown,42.37175,-71.05956,Private room,350,1,124,20,0.79,2026-06-12
1078986729021964518,Near Harvard Business 1-1,Allston,42.35953,-71.13205,Private room,88,1,365,121,4.21,2026-05-24
1698639804240242198,cozy room D,Brighton,42.3460828129562,-71.15114699408036,Private room,88,1,356,1,1,2026-06-07
620904371533127502,"Full 1 BDR Apt W/ Harbor Front, Skyline Views",East Boston,42.37155,-71.04287,Private room,282,4,157,25,0.50,2022-10-11
990560533488615867,Newly renovated penthouse 1 bed,Mission Hill,42.32983,-71.10444,Entire home/apt,39,91,248,1,0.46,2026-05-03
1062585348445365680,Spacious North End 1 BR | 1BA,North End,42.36507,-71.05154,Entire home/apt,453,4,241,62,2.10,2026-05-27
1684403607630952589,"Roxbury Gem: 5Bed3Bath, 2 Kitchens, Endless Space",Roxbury,42.32027,-71.07759,Entire home/apt,1417,1,254,0,,
970253217998897434,"Stay in the Heart of Fenway & Berklee, #203",Fenway,42.341502139596166,-71.09552725688755,Entire home/apt,317,1,337,49,1.48,2026-06-01
1351861976902505816,The Salk: Spacious • Historic Property,Brighton,42.3468434149444,-71.14504157434386,Entire home/apt,406,1,267,64,3.95,2026-05-29
1638406449516403901,Near Boston Landing | Fitness + On-Site Dining,Allston,42.363976,-71.119664,Private room,897,1,169,0,,
16678094,"Charming, Quiet Fort Hill One-Bedroom",Roxbury,42.324315539246854,-71.09195369415323,Private room,204,2,321,143,1.26,2026-06-07
996601078601747795,"Luxurious 2BR | Spacious, Private Garage, Balcony",Roxbury,42.3267057,-71.08678370000001,Entire home/apt,238,29,266,1,0.05,2024-09-08
1623570265539482992,Charming 2BR in Boston,Allston,42.35019,-71.13115,Entire home/apt,418,1,287,16,4.66,2026-05-23
1677833521057450621,Central Boston 2BR Retreat near Harvard & Transit,Allston,42.36311,-71.12062,Entire home/apt,530,29,171,1,1,2026-05-29
1109381063652926721,Near Harvard Business 2/4,Allston,42.36024,-71.1299,Private room,97,1,354,202,7.60,2026-06-09
1389766111683842408,"Blueground | Seaport, gym, nr shops & dining",South Boston Waterfront,42.3490612,-71.04471360000002,Entire home/apt,,30,320,1,0.14,2025-11-19
53123543,"(N2F) Bay Windows, Newbury, Prime Location!",Back Bay,42.34974,-71.08624,Entire home/apt,403,1,275,264,4.78,2026-06-06
1357379278307447716,The Sumner Redline ~ Private Suite | W/D!,Dorchester,42.318266,-71.0620106,Private room,135,28,319,1,0.11,2025-09-11
1546859801461463673,5 Bed 3 bath family friendly 29 days min stay,Dorchester,42.32259,-71.05884,Entire home/apt,474,29,76,0,,
1070298141105686622,The Grand View ~ Rose Bedroom | 5BR 2B w/AC & WD,Dorchester,42.314873629657555,-71.06099776279504,Private room,65,29,288,0,,
1654383215766456604,Spacious 1B in Faneuil Hall/Quincy Market,Downtown,42.36019716012233,-71.05552829313643,Entire home/apt,226,30,241,1,1,2026-06-06
1648906933277155721,"Private room, private bath.
No cleaning fee",South End,42.34379,-71.07182,Private room,171,1,312,9,4.58,2026-05-25
1341369710220475173,Spacious 2bd/2ba in Southend 7495,South End,42.33804548286451,-71.06756111386947,Entire home/apt,390,1,300,9,0.77,2026-05-11
1415949659682506525,"Stunning Penthouse, Private Deck & River Views",Back Bay,42.35092,-71.08682,Entire home/apt,923,1,139,52,4.07,2026-06-06
1304733288107455055,"12-25min to HMS/Longwood, NEU, Back Bay, Downtown",Jamaica Plain,42.31557734664719,-71.10683950680728,Private room,43,29,225,0,,
1031483909607392893,Welcoming Private Studio for One!,South End,42.34756,-71.07024,Private room,188,1,243,21,0.76,2026-05-30
776171132229801192,109S3 | The Strathmore 3 w/AC | 2BR 2BA | Bi-Level,Brighton,42.33939,-71.15124,Entire home/apt,338,29,46,4,0.18,2025-12-20
32309630,109S8 | The Strathmore 8 w/AC | 1BR 1BA | Private,Brighton,42.33931,-71.15122,Entire home/apt,235,29,255,16,0.18,2025-11-16
47536459,Top level great views mins to MBTA!,Dorchester,42.30043,-71.06091,Entire home/apt,644,29,173,86,1.32,2023-12-10
1342960188234492269,Affordable 1Bedrom in Beacon Hill,Dorchester,42.31614397503099,-71.0649943685242,Private room,69,29,34,0,,
1343034545365192723,Best 1Bedroom in Beacon Hill,Dorchester,42.31471,-71.0666,Private room,69,29,43,0,,
1341577898634106828,Studio in Theatre District 8193,Downtown,42.353422545721386,-71.06369663962187,Entire home/apt,310,1,349,41,2.69,2026-06-04
1426972549039692517,Bright Apt Downtown with Gym,South Boston Waterfront,42.35276,-71.04651,Entire home/apt,322,30,351,0,,
51711675,(412) Beacon Hill Studio w/ Private Patio,Beacon Hill,42.35871,-71.06831,Entire home/apt,196,2,51,97,1.74,2026-06-07
1462378964338645877,Serene Sanctuary | Freedom Trail. Library,Back Bay,42.35206,-71.07226,Private room,1311,1,159,3,0.29,2025-12-04
1400866797645344194,South End 2BD Luxury Apartment,South End,42.34427829612404,-71.06435086464,Entire home/apt,407,29,89,2,0.15,2025-05-25
549048342007595380,"Blueground | Back Bay, w/d & gym, nr copley sq",Back Bay,42.348633,-71.074088,Entire home/apt,,30,167,1,0.03,2023-08-04
49042690,"LTR *NEW Listing* A True GEM in South End, Boston!",South End,42.34486,-71.07142,Entire home/apt,295,29,317,0,,
29704910,Bright & Spacious Loft Steps to the Freedom Trail,Downtown,42.3544,-71.06039,Entire home/apt,317,1,195,385,4.29,2026-05-31
1699470393827551116,"The Concord, Garden Level Studio, South End",South End,42.33874,-71.07767,Entire home/apt,318,1,286,1,1,2026-06-11
933341527778815745,Quaint Studio Apt! | Steps from Back Bay,Back Bay,42.34353,-71.08219,Entire home/apt,265,1,171,28,0.79,2025-11-14
1699469623281786088,Stylish South End Stay,South End,42.339430982311995,-71.07768156719506,Entire home/apt,318,1,290,0,,
934078929279630077,Serene Studio with Cozy Atmosphere!,Fenway,42.342049610623654,-71.08451058659904,Entire home/apt,236,1,185,36,1.02,2026-05-16
608359192793639653,"Blueground | Back Bay, w/d & gym, walk to t",Bay Village,42.34992,-71.06943,Entire home/apt,,30,303,0,,
50563127,"Blueground | Back Bay, gym, nr the common",Bay Village,42.34992,-71.06943,Entire home/apt,,30,308,0,,
685264683899873589,Most Wonderful 3 Bedroom apt in downtown Boston,Beacon Hill,42.36031,-71.06319,Entire home/apt,263,29,168,14,0.36,2026-05-31
641962500819403476,Wonderful 2-bedroom apt in Boston Beacon Hill,Beacon Hill,42.35884,-71.06953,Entire home/apt,189,29,219,6,0.16,2026-05-01
1023806123297654893,Beacon Hill Room. Walk to MGH and MIT,Beacon Hill,42.35999371449257,-71.06390804699828,Private room,,29,19,0,,
1297979376490128424,Sweet 1Bedroom in Beacon Hill Area,Beacon Hill,42.3601102,-71.0660903,Private room,91,29,83,0,,
1462931289725494635,"Blueground | Fenway–Kenmore, WiFi, nr Fenway Park",Fenway,42.3437753,-71.0863087,Entire home/apt,,30,196,0,,
1093638657460893334,Excellent 3 Bedroom Apt in Boston,Beacon Hill,42.36045,-71.0696,Entire home/apt,151,29,109,2,0.07,2024-05-05
671271554310520439,One Bedroom By Boston Common,Downtown,42.3550474,-71.0622106,Entire home/apt,206,1,197,161,3.40,2026-05-27
686659102449877793,"Blueground | Back Bay, gym & roof, nr copley sq",Back Bay,42.348633,-71.074088,Entire home/apt,,30,292,0,,
1246543361357219840,Light filled 2-level home,South End,42.33974,-71.07784,Entire home/apt,119,91,178,0,,
580342069798808551,"Blueground | Downtown, gym & w/d, nr sth station",Chinatown,42.35229,-71.05911,Entire home/apt,320,30,365,0,,
23483066,Private room close to public transportation,East Boston,42.38123,-71.0331,Private room,,32,0,1,0.01,2018-04-01
9030478,Modern/chic one-bedroom in eco Smart Home -Room #1,Roxbury,42.31438,-71.07585,Private room,177,1,5,55,1.37,2025-06-18
42937960,Cozy Room in the Heart of Boston (MGH/Downtown),Beacon Hill,42.35991,-71.06419,Private room,,91,0,0,,
43205956,The Bostonian Victorian,Dorchester,42.2924,-71.06892,Entire home/apt,78,91,365,4,0.08,2025-09-01
2108738,Back Bay Studio,Back Bay,42.34846,-71.09056,Entire home/apt,,91,0,32,0.21,2016-08-14
1297245397517766021,Comfortable 1Bedroom in Beacon Hill,Dorchester,42.31481,-71.0662,Private room,,29,0,0,,
496022,"Private Floor, Private Bath, City Location",Jamaica Plain,42.31005,-71.11781,Private room,,91,0,16,0.10,2016-06-26
1303261,Historic Beacon Hill,Beacon Hill,42.3588,-71.07085,Entire home/apt,113,91,358,23,0.15,2018-10-25
15453527,"Renovated Clean house, Orange Line, EZ to Longwood",Roxbury,42.31313,-71.09335,Private room,14,91,365,5,0.04,2018-01-28
15296865,"Spectacular 1 Bedroom Condo, Walkable  to Anywhere",Bay Village,42.34887,-71.06924,Entire home/apt,679,3,28,0,,
2526773,Charming comfort 1 BR / Studio,Brighton,42.34374,-71.15497,Entire home/apt,25,91,216,20,0.14,2026-05-31
4148586,Back Bay Charmer,Back Bay,42.35395,-71.073,Entire home/apt,,91,0,15,0.11,2015-10-27
1295071400509459259,Sweet 1 Bedroom Beacon Hill Area,Dorchester,42.31614,-71.06535,Private room,,29,0,0,,
39772695,"Boston Homestel, Double Bed",Dorchester,42.31907,-71.05448,Private room,,1,0,12,0.15,2020-08-02
673911068470916090,The Hideaway in Charlestown,Charlestown,42.37658,-71.06232,Entire home/apt,,90,0,1,0.02,2022-12-01
829776703962057224,Stunning and Stylish Home tucked on Cul De Sac,West Roxbury,42.25741,-71.16034,Entire home/apt,73,91,217,0,,
1544900431045948317,"1BR Condo w/ Balcony, Garage, & City Views",Downtown,42.3544996,-71.0633802,Entire home/apt,,91,247,0,,
974824924367110722,Modern/chic one-bedroom in eco Smart Home -Room #2,Roxbury,42.31498,-71.0773,Private room,,1,0,20,0.59,2024-11-01
984131313023329638,Queen Bedroom in North End,North End,42.36711,-71.05864,Private room,,29,0,0,,
1024599387208752597,Charming 1 Bedroom Apt | Laundry in Unit,Downtown,42.35519,-71.06181,Entire home/apt,,29,8,8,0.44,2025-11-03
1586458070719483880,"Room+ Private Bath. Near Harvard, MIT, HBS",Allston,42.36244,-71.13113,Private room,,2,0,0,,
1099410611017726027,Roslindale penthouse,Roslindale,42.28749,-71.12076,Entire home/apt,58,92,364,0,,
1106853866809072696,Renovated Home in Boston,Hyde Park,42.25861,-71.11723,Entire home/apt,40,91,122,1,0.17,2026-01-12
1448020068720436658,South end corner king,South End,42.34692,-71.07065,Private room,209,1,352,34,0.42,2026-02-15
1306724522090437792,Convenient 1Bedroom in Beacon Hill,Beacon Hill,42.3601102,-71.0660903,Private room,,29,33,0,,
43994299,Cozy Bedroom for you!,Charlestown,42.38318,-71.07211,Private room,97,29,365,1,0.02,2022-06-18
41963580,Amazing 3 Bed Close To Boston With Parking & Yard,Roslindale,42.27954,-71.1179,Entire home/apt,246,29,232,15,0.27,2025-07-21
6758443,"Stylish Downtown Studio in the SouthEnd, C.Ave# 45",South End,42.34441,-71.07633,Entire home/apt,234,1,297,281,2.10,2026-05-24
23289378,Upscale FIDI Studio | Prime Boston Location,Chinatown,42.352093,-71.06081,Entire home/apt,222,30,357,53,0.63,2024-02-11
1341367579797751706,2BR in Theatre District 7167,Downtown,42.35277165631186,-71.06279281590119,Entire home/apt,371,29,335,2,0.14,2025-04-24
934125986312399656,Bright & Cozy Studio Apartment,Back Bay,42.34350157600517,-71.08454095429711,Entire home/apt,376,1,167,26,0.77,2026-05-15
53428804,"Blueground | Downtown, amenities & rooftop views",Downtown,42.35119,-71.06402,Entire home/apt,,30,274,1,0.03,2023-03-13
1135749343278420929,King Bed | 3rd Floor | Sunny,Roxbury,42.326168884510594,-71.08676646723976,Private room,99,1,26,274,10.46,2026-06-13
1037802536304412236,Cozy Basement Studio - Longwood/Fenway,Mission Hill,42.332554675033116,-71.10698955510713,Entire home/apt,188,2,278,68,2.30,2026-05-19
706390127263498796,Beautiful 2BR In FIDI Boston | Self Check-in,Downtown,42.356589950524445,-71.05380253226004,Entire home/apt,405,1,245,228,4.95,2026-05-31
575336189867925920,Thatch Quarters™ | Pvt. Room in Southie | #202,South Boston,42.34201,-71.05557,Private room,212,1,179,20,0.39,2026-06-06
1111395809254291289,"Blueground | South End, gym, nr groceries & shops",South End,42.3439382,-71.0638329,Entire home/apt,,30,325,0,,
1541319704408710232,"Blueground | Shawmut, pool, nr Boston Common",South End,42.3438825,-71.0639425,Entire home/apt,,30,335,0,,
1146116903149678333,"Blueground | South End, gym, w/d, nr groceries",South End,42.3439382,-71.0638329,Entire home/apt,,30,349,1,0.05,2024-11-07
706427301781468018,Warm 1BR in Boston FIDI | Close to Everything!,Downtown,42.35724,-71.053,Entire home/apt,345,1,214,181,3.93,2026-05-21
578997260391302435,WB Quarters by Thatch | Room 304 | Shared BA,South Boston,42.343045986777604,-71.05572826729508,Entire home/apt,155,1,175,30,0.59,2025-11-14
849335827776494057,Pet Friendly - Laundry in Bldg - FIDI,Downtown,42.35918176984304,-71.05380096814993,Entire home/apt,360,1,238,111,2.87,2026-06-01
1681130586259892670,Seaport Boston | King Suite | Seaport District,South Boston Waterfront,42.34899,-71.04121,Hotel room,833,1,356,0,,
48103622,Fully Furnished 2br/2ba Loft in Downtown Boston,Downtown,42.35727,-71.0551,Entire home/apt,422,1,156,253,3.98,2026-05-26
48601192,Lux Downtown Flat - Large Open Layout - Fast Wifi,Downtown,42.357088972678284,-71.05350906465866,Entire home/apt,311,1,109,301,4.74,2026-06-01
855178163713767837,Private room in Boston Neighborhood (1st Fl),Mattapan,42.28312,-71.09187,Private room,103,1,77,76,2.12,2026-05-29
1023475844472913426,Spacious 2BR 2BA Condo |Boston Downtown,Downtown,42.35078,-71.06499,Entire home/apt,767,2,192,28,1.32,2026-05-09
38407434,1863 House Bed and  Breakfast M307 Room 2,South End,42.34364,-71.07599,Private room,254,2,104,79,0.96,2026-05-31
707412419280652756,Most attractive 2 bed 2 bath apt in downtownBoston,Beacon Hill,42.35958,-71.06504,Entire home/apt,197,29,219,3,0.07,2024-08-27
670091950992430240,Newly Renovated oversized Studio unit,Mattapan,42.27173,-71.07147,Entire home/apt,313,2,356,60,1.26,2026-06-09
909739326283898244,Stunning Luxury Oasis ~Brownstone @Heart of Boston,Bay Village,42.349815,-71.068324,Entire home/apt,1796,9,323,3,0.11,2025-07-18
8170181,Gorgeous Beacon Hill Apartment,Beacon Hill,42.36105,-71.06645,Entire home/apt,105,29,224,217,1.66,2025-12-21
1542163294558959675,Unique South End Studio,Back Bay,42.34379,-71.08239,Entire home/apt,325,1,113,4,1.45,2026-05-31
1341363970787211670,Cozy 2BR in downtown crossing Boston 7131,Downtown,42.355170965192045,-71.06253649840936,Entire home/apt,330,1,327,94,5.89,2026-06-01
1552343022032530281,Studio in Beacon Hill area,Beacon Hill,42.359636883181224,-71.06779604565908,Entire home/apt,103,29,68,0,,
676714196426024227,South Bos. W Broadway - 1 BR 1 BA #201,South Boston,42.34268369999999,-71.05653339999999,Entire home/apt,365,1,80,66,1.44,2026-06-11
49563625,"1st floor, free parking off street, 3 min to train",Dorchester,42.313251,-71.054817,Entire home/apt,362,3,200,159,2.74,2026-05-19
1200265943555917966,Private Parking! 4BR Family Home in South Boston,South Boston,42.33387,-71.05094,Entire home/apt,1274,2,181,33,1.50,2026-05-31
686824424550769622,Marvelous 1 bed room with nice living room 2 beds,Beacon Hill,42.36038,-71.06824,Entire home/apt,166,29,195,9,0.21,2026-05-24
52065756,Right Near Convention Center and Train Station,South Boston,42.34057,-71.05512,Entire home/apt,775,1,201,151,2.60,2026-05-29
1239228125728851508,Private Bedroom in Modern Southie Home,South Boston,42.33097060767341,-71.04129226934899,Private room,161,1,355,31,1.44,2026-06-15
589755108125958939,I_Cozy room easy commute to Boston Downtown.,Dorchester,42.32062,-71.0568,Private room,78,29,364,106,2.08,2024-11-25
1469629522592385952,Studio in Theatre District 2389,Downtown,42.35135,-71.0636,Entire home/apt,305,1,347,20,1.89,2026-05-24
1399936167825660844,"Blueground | Prudential, pool & w/d, nr plaza",Back Bay,42.3444878,-71.0823684,Entire home/apt,,30,327,0,,
23912131,Quite 1 Bd Apt by Massachusetts General Hospital,West End,42.36322,-71.06849,Entire home/apt,,29,236,21,0.21,2024-11-21
9393163,Charming Bedroom in Kenmore,Fenway,42.34955,-71.09487,Private room,,91,0,0,,
24809758,"Brighton, MA Guesthouse for rent, Unit 2 (2nd Fl)",Brighton,42.35634,-71.15705,Private room,17,91,201,7,0.07,2020-05-21
583490014198341479,Thatch Quarters™ | Pvt. Room in Southie | 104 DOT,South Boston,42.33683,-71.04604,Private room,155,1,163,30,0.58,2026-05-28
26013456,A_Spacious room easy commute to Boston Downtown.,Dorchester,42.32243,-71.05676,Private room,57,29,336,118,1.26,2024-11-10
16909100,Spacious 2BR w/ Free Parking • Steps to Train,Jamaica Plain,42.32036,-71.10403,Entire home/apt,348,1,334,255,2.28,2026-06-08
1629066406489667355,Charming Brownstone Retreat Near Fenway & T,Roxbury,42.330027200805176,-71.09555673229488,Entire home/apt,307,1,33,13,3.61,2026-06-05
52285741,Newly renovated 3 bedroom 10 mins from downtown,Roxbury,42.3226,-71.09566,Entire home/apt,309,2,258,208,3.73,2026-06-04
49715280,"Fort Hill Inn, Excellent  Mid Modern nice details!",Roxbury,42.32856,-71.09569,Entire home/apt,324,1,106,91,1.47,2026-05-14
49716208,Fort Hill Inn Private Guest room/ private Bath #3,Roxbury,42.3297,-71.09593,Entire home/apt,214,1,108,93,1.53,2026-06-12
689144548056876223,Spacious Family Friendly Single-Family Home in JP,Jamaica Plain,42.3124907,-71.1023494,Entire home/apt,425,5,23,15,0.36,2026-04-25
24944930,Shelly's Place Cozy,East Boston,42.38136,-71.0231,Private room,,29,0,926,9.36,2025-08-03
7910223,"Charming home Away from Home, close to parks",Jamaica Plain,42.31689,-71.1004,Entire home/apt,328,2,133,343,2.61,2025-09-27
1384914909626718093,"3BR Near Train, Hospitals & Wh Foods | Free Parkin",Jamaica Plain,42.32024719451044,-71.10367320477962,Entire home/apt,523,3,355,15,1.12,2026-05-03
14682931,"Charming room, in hip JP near The T  #2",Jamaica Plain,42.31765,-71.10049,Private room,188,3,123,354,2.97,2026-05-31
5506,** Fort Hill Inn Private! Minutes to center!**,Roxbury,42.32844,-71.09581,Entire home/apt,216,3,108,143,0.68,2026-05-05
1886037,Beautiful Penthouse in Beacon Hill,Beacon Hill,42.36106,-71.06987,Entire home/apt,,91,0,1,0.01,2015-07-24
5932402,South End Condo,South End,42.3449,-71.07079,Private room,,91,0,0,,
19969497,*Modern City Triplex!! *Close to Center,Roxbury,42.33016,-71.09527,Entire home/apt,679,2,103,192,1.78,2026-05-25
1681130575786311957,King Harborview Suite | Seaport Boston | Pets,South Boston Waterfront,42.3489863,-71.041212,Hotel room,783,1,352,0,,
447826,"Sweet Little House in JP, Boston",Jamaica Plain,42.31658,-71.11012,Private room,91,5,192,447,2.63,2026-06-09
1452380814092470490,Charming bedroom near beach,South Boston,42.32929,-71.05608,Private room,,92,365,0,,
1414129295960794314,The Ellie House 7- Budget Friendly Back Bay Apt.,Back Bay,42.34437782816584,-71.08183972555128,Entire home/apt,293,1,266,37,2.80,2026-05-24
874694577253994413,Private Town house minutes to downtown,Dorchester,42.3174128778811,-71.05315949767828,Entire home/apt,346,2,70,47,1.26,2024-10-06
901693942583530629,Large Private Room (Orchid Room),Jamaica Plain,42.32367209126128,-71.10681704647588,Private room,217,3,84,7,0.19,2026-04-04
683914639091241468,Spacious 2br FIDI District | Centrally Located!,Downtown,42.35851418690993,-71.0531663803597,Entire home/apt,388,1,162,266,5.77,2026-06-01
706439237549118033,Boston Financial District 1BR | Walk to anything!,Downtown,42.358049519419495,-71.05293951860236,Entire home/apt,300,1,199,196,4.25,2026-05-25
1266619578689248665,Small In-law apartment,West Roxbury,42.2727392,-71.1635905,Entire home/apt,34,91,279,0,,
1692289700572920871,Luxury Zen Oasis in South Boston,South Boston,42.33593,-71.05481,Entire home/apt,739,4,46,0,,
999917182225322201,Cozy Bedroom + Private Bath 1C,Dorchester,42.28229899028369,-71.0733387619257,Private room,86,30,227,9,0.33,2026-05-07
840519456002071221,"Nxt to ocean, 5 min dntwn by T",East Boston,42.3651757086422,-71.03671754053205,Entire home/apt,464,1,224,197,5.02,2026-06-03
1638403644442371252,Steps to Charles River | Bar & Restaurant + Gym,Allston,42.363976,-71.119664,Private room,401,1,167,2,0.80,2026-05-03
27370560,Hola Joy  2,Brighton,42.36044,-71.14057,Private room,86,1,335,116,1.21,2026-06-03
807831116103142653,Cozy Apartment in Dorchester.,Dorchester,42.28358,-71.07115,Entire home/apt,161,29,163,10,0.27,2023-11-19
7611271,Spacious 3BR | 2.5 BA + Office Single-Family Home,South Boston,42.333,-71.03544,Entire home/apt,421,29,299,124,0.94,2026-03-17
861745537838627043,Heart of Southie - Hot Tub + Walk to Top Bars,South Boston,42.3349257,-71.0449714,Entire home/apt,2245,2,324,111,3.03,2026-06-07
706391605702679581,FIDI Boston Lovely 2BR | Close to the T!,Downtown,42.357279815258956,-71.05497914089749,Entire home/apt,463,1,260,223,4.86,2026-05-21
3521944,"Beautiful, Quiet, and Safe!",West Roxbury,42.29584,-71.15689,Entire home/apt,,91,0,3,0.02,2014-09-14
879147136417316325,Cute Studio in Longwood/Fenway,Mission Hill,42.333891348395305,-71.1064474663934,Entire home/apt,243,1,230,65,2.17,2026-05-29
1211205279244923331,JP Studio - As Seen on Apartment Therapy,Jamaica Plain,42.31609,-71.10077,Entire home/apt,244,2,46,94,4.17,2026-06-10
1341642559233278734,Studio in downtown crossing Boston 3937,Downtown,42.354578934158525,-71.06222496787875,Entire home/apt,324,1,352,89,5.53,2026-05-24
579012272657499009,Thatch Quarters™ | Pvt. Room in Southie | 306,South Boston,42.34151,-71.05573,Private room,187,1,189,32,0.65,2026-05-06
689792415355732136,Spacious FIDI 2br/1br | Close to Everything!,Downtown,42.35742713365388,-71.05498999345882,Entire home/apt,417,1,224,163,3.54,2026-04-15
1298734489572777884,Perfect 1Bedroom in Beacon Hill,Beacon Hill,42.36106236034709,-71.06474768431183,Private room,84,29,74,0,,
1412507278451224828,"1 Room+bath in East Boston, right near waterfront",East Boston,42.37775,-71.03872,Private room,27,91,364,0,,
35407404,Quiet Room in Boston #2,West Roxbury,42.28058,-71.16239,Private room,281,91,270,1,0.01,2019-06-26
711426239388775679,Cute Efficiency Unit in Longwood/Fenway,Mission Hill,42.33331,-71.10498,Entire home/apt,257,1,280,123,2.84,2026-05-29
5478135,City living near the beach!,East Boston,42.38299,-71.00053,Entire home/apt,,91,0,26,0.21,2016-11-13
1548748122967146064,Wonderful three story apartment,Roxbury,42.3228436,-71.09427629999999,Entire home/apt,48,90,154,0,,
1681130533151880706,Seaport Boston | King Harborview | Waterfront,South Boston Waterfront,42.3489863,-71.041212,Hotel room,694,1,358,0,,
53185790,Luxury 4 bed Boston home near beach w/roof deck,South Boston,42.33483,-71.02683,Entire home/apt,1273,2,212,87,1.69,2026-05-29
1313296930035720520,Comfortable 1Bedroom in Beacon Hill,Beacon Hill,42.35905,-71.06642,Private room,,29,21,1,0.07,2025-05-31
50009924,Comfy renovated room in spacious apartment!,Dorchester,42.29063,-71.06357,Private room,204,1,247,31,0.53,2026-05-16
1524142289115674072,Luxury 1BR Sleeps 4 • Sky Lounge • Gym & Yoga,East Boston,42.37737572569705,-71.02975090221342,Entire home/apt,420,1,120,18,2.24,2026-06-07
45501019,Tribeca chic | 2 BR w/private patio,East Boston,42.37714,-71.03994,Entire home/apt,381,2,40,257,3.74,2026-06-06
22768569,1 spacious bedroom in a new house/Condo in Boston,Jamaica Plain,42.28641,-71.11942,Private room,30,91,270,0,,
1681130570995586285,Seaport Boston | King Harborview Suite,South Boston Waterfront,42.3489863,-71.041212,Hotel room,783,1,352,0,,
48601455,Beautiful 1BR on Top Floor in Downtown Boston,Downtown,42.35875,-71.05361,Entire home/apt,275,1,106,238,3.86,2026-04-04
14704252,Modern 3.5 BR Single Family Home,South Boston,42.33339,-71.05317,Entire home/apt,893,29,359,17,0.15,2019-09-06
1190069375419093149,Private Floor w/Bed/Bath/LivingR,South Boston,42.334237670743775,-71.04871273040771,Private room,192,29,179,1,0.04,2024-08-11
1695817475695436214,Top Floor Studio available for World Cup,Brighton,42.34866,-71.15305,Entire home/apt,174,29,45,0,,
1672963216845018285,Habitación tranquila cerca de la estación,Jamaica Plain,42.32537522230647,-71.10598471887234,Private room,76,29,356,2,2,2026-05-30
1527659328006183067,Bright 1 Bedroom | Downtown Boston,Downtown,42.35083,-71.06524,Entire home/apt,172,29,293,5,0.66,2026-01-13
1355031590067440550,Cozy nest getaway near Boston!,Roslindale,42.27626619999999,-71.13413349999999,Entire home/apt,231,2,268,44,2.84,2026-05-17
1653112809681353352,2BR in Savin Hill Boston 4e7d,Dorchester,42.30921,-71.05346,Entire home/apt,292,2,355,4,1.85,2026-05-11
1054609177423006832,Quiet Suite in Boston,Hyde Park,42.24991,-71.14139,Private room,221,29,269,0,,
1699553763946069905,"A New 3 Bedroom 4 Beds 2 Bath, Apt 1",Hyde Park,42.2497886,-71.1319206,Entire home/apt,429,1,305,1,1,2026-06-06
1700398658213903037,Highly residential neighborhood in Jamaica Plain,Jamaica Plain,42.30945,-71.12863,Private room,154,1,352,0,,
1399430348540122832,Cozy 5BR Jamaica Plain | Walk to T & Downtown,Jamaica Plain,42.2941351,-71.11708569999999,Entire home/apt,533,2,341,73,5.54,2026-06-05
28915006,Special and Breathtaking East Boston studio,East Boston,42.38793,-71.00376,Private room,141,1,25,160,1.72,2026-06-04
1246434133047334997,Renovated 2nd Floor Apartment,Hyde Park,42.25876,-71.11842,Entire home/apt,217,30,318,4,0.20,2025-11-01
6131224,Hidden Gem in Boston Hyde Park,Hyde Park,42.2619,-71.11315,Entire home/apt,120,29,313,29,0.22,2025-03-31
1571090251089413677,"""Top of the Hub"" - SecretAgent Room",Roslindale,42.28402,-71.12216,Private room,168,1,355,26,4.56,2026-06-13
1681130513112065123,Deluxe King | Seaport Boston | Waterfront Hotel,South Boston Waterfront,42.3489863,-71.041212,Hotel room,634,1,344,0,,
50197218,CITY APARTMENT NEAR AIRPORT,East Boston,42.37533,-71.03139,Entire home/apt,386,1,83,301,4.93,2026-06-11
961842882149732560,"Cozy Queen Bd, 7mn to Aiport, 3 mn walk to Train",East Boston,42.371037880662804,-71.04006197628438,Private room,162,1,196,140,5.06,2026-06-14
1037711493098913889,Compact Studio - Longwood/Fenway,Mission Hill,42.33406,-71.10538,Entire home/apt,265,2,273,80,2.64,2026-05-17
29390698,Paul Revere Suite PVT Entry/BATH QN Bed History,South Boston,42.33451,-71.02733,Entire home/apt,212,2,85,452,4.85,2026-06-14
48641606,Comfy Oasis,Mattapan,42.27941,-71.09465,Entire home/apt,761,1,334,70,1.11,2026-05-31
1086224944992628260,Getaway Serenity Suite next to Logan Intl Airport,East Boston,42.37804,-71.03541,Entire home/apt,349,1,102,24,0.91,2025-11-12
1515593210996533518,5BR for Families & Group Near Hospitals & Downtown,Dorchester,42.32485,-71.05897,Entire home/apt,625,1,98,14,1.59,2026-05-29
1661195669004633092,Charming 2 bedroom apartment in Dorchester/parking,Roxbury,42.31964,-71.07661,Entire home/apt,366,1,254,8,5.33,2026-06-11
948028016752441970,*New* Modern Rooftop Retreat | Boston,Roxbury,42.31833,-71.08885,Private room,,29,0,34,0.98,2024-07-01
37968480,Boston Queen Bedroom 204,Dorchester,42.3129,-71.06285,Private room,93,1,141,141,1.70,2026-06-04
593275481351424048,Eagle's Landing - Logan Airport,East Boston,42.38032,-71.02937,Entire home/apt,158,1,300,279,7.78,2026-05-14
7279874,One Bedroom right by Fenway Park,Fenway,42.34687,-71.09105,Entire home/apt,,91,0,15,0.11,2018-06-24
39966579,201C monthly rental room with private bath BU Med,Roxbury,42.32603,-71.08257,Private room,,91,90,0,,
8067585,Friendly Resting Spot/Great Transit,Jamaica Plain,42.30633,-71.11228,Private room,,91,88,32,0.25,2019-05-26
52740721,Stunning Nubian Sq Victorian | Mins to Downtown,Roxbury,42.32572,-71.08672,Entire home/apt,,2,2,39,0.68,2026-06-18
42975758,Comfy Spacious Room Near Harvard BS,Allston,42.36283,-71.13054,Private room,104,1,17,161,2.61,2026-05-31
18875451,The Sunset Room at TPH - Boston,Brighton,42.35418,-71.16776,Private room,189,1,334,247,2.25,2026-05-13
1198522402224297139,"Two Queen Room, Inn at Longwood, Near BU - 2 Units",Longwood Medical Area,42.33832,-71.10647,Hotel room,837,1,358,1,0.32,2026-03-15
1473994910847089891,The Osler: Spacious • Full Kitchen • Gym • W/D,Brighton,42.34619,-71.14422,Entire home/apt,344,1,236,45,4.19,2026-05-20
1598174912145017017,Bright & Spacious Brighton Center Room,Brighton,42.34931479790133,-71.15740422159433,Private room,100,1,349,5,1.01,2026-05-19
1637148593563927464,cozy room 2,Brighton,42.34605053911882,-71.1509629544908,Private room,149,1,363,5,2.50,2026-05-16
1262437718792022765,Condo in Boston’s North End,North End,42.36478267691053,-71.05356506730251,Entire home/apt,628,3,57,7,0.80,2026-04-22
38377602,Natural Woods Luxury Condo sound prf/Fitness HEPA.,Roxbury,42.32400894165039,-71.09172821044922,Entire home/apt,1255,1,352,38,0.59,2025-10-27
1121260509804808938,The Wilkins : Elevated Luxury • Historic Property,Brighton,42.348,-71.14659,Entire home/apt,736,1,273,98,3.68,2026-04-18
1362548552994048904,Luxury 3BR | Free Parking | Harvard/BU | ROKU TV,Brighton,42.36089801887835,-71.14381052423239,Entire home/apt,618,1,330,65,4.18,2026-06-11
1637137822062054246,cozy room 1,Brighton,42.34758746712123,-71.1507150474058,Private room,88,1,365,5,1.83,2026-05-16
1164012463181519950,Bright Brownstone Condo - Terrace+ParkView,Roxbury,42.32423627823077,-71.09105080649816,Entire home/apt,513,2,279,119,4.83,2026-06-12
1437707957071908386,5-story Luxury Boston Brownstone,Roxbury,42.3283,-71.09362,Entire home/apt,1526,1,296,45,3.75,2026-06-11
923065544622564210,Alaska Street R22,Roxbury,42.32125,-71.07801,Private room,135,2,324,35,0.98,2026-05-16
1090688462032389296,Capricornus: Oceanside Vacation,North End,42.363277751801824,-71.05108931394656,Entire home/apt,439,1,45,68,2.58,2026-05-29
826176959727340048,Modern North End Studio,North End,42.36726277067371,-71.05232351801394,Entire home/apt,356,1,342,173,4.28,2026-05-08
600757629932957907,1-bd apt in Jamaica Plain w/ parking near Longwood,Jamaica Plain,42.32558,-71.10717,Entire home/apt,,29,0,14,0.29,2025-05-31
1491267532724611877,Stylish | mins from airport | Modern | Clean,East Boston,42.38217,-71.025,Entire home/apt,,4,16,26,3.51,2026-07-01
768249035945598810,"*NEW, No sofa beds, Private, King bed, free parkin",Dorchester,42.2978,-71.08064,Entire home/apt,,2,0,5,0.12,2023-04-29
1298734305858026080,Comfortable 1Bedroom in downtown Boston,Beacon Hill,42.36027,-71.0647,Private room,,29,0,0,,
838761294692886820,Accessible Bed: King Bath: in-room,South End,42.34547,-71.07063,Private room,,1,0,20,0.25,2023-05-14
1522644831992848150,"Modern 2BR 2Bath, Office Setup & Parking",Roxbury,42.3148186,-71.07371049999999,Entire home/apt,56,91,312,0,,
1221827752483809198,Modern 2BR w/ Office | Monthly Stays Available,Roxbury,42.32595,-71.0803,Entire home/apt,162,29,152,4,0.20,2026-05-02
997693577040984732,Near Harvard Business 2-2,Allston,42.36105925775997,-71.13071205801292,Private room,148,1,357,150,4.60,2026-06-09
1341508207478800889,Luxury Studio Next to Broadway 4835,South Boston Waterfront,42.34418261583651,-71.05590200657764,Entire home/apt,217,29,339,2,0.13,2025-03-27
21596829,Super Convenient 3BR 2Bath Renovated Sleeps 8,Brighton,42.35532,-71.16481,Entire home/apt,442,29,317,32,0.31,2025-10-26
579138346910121164,Thatch Quarters™ | Pvt. Room in Southie | 403,South Boston,42.3431,-71.05742,Private room,155,1,185,21,0.41,2026-03-29
40512451,"Perfect Spot, Affordable Studio!",Bay Village,42.34858322143555,-71.0696029663086,Private room,215,1,345,107,1.35,2026-05-17
1628388198773093097,"Warm, Welcoming Studio nestled in South End",South End,42.3426382,-71.074685,Entire home/apt,248,1,357,3,3,2026-06-12
1341332615124058224,2B TDGarden Celtics/Bruins/Lil Italy/Historic,North End,42.36741022062671,-71.05479930631226,Entire home/apt,256,1,241,65,4.30,2026-05-18
1026608436659640687,"Bay VIllage Suite, Ready To Host!",Bay Village,42.3485831,-71.0696013,Entire home/apt,307,1,330,13,0.45,2025-10-05
733385517056774942,Beautiful  and Cozy Apartment!,East Boston,42.37815119660565,-71.03183518957874,Entire home/apt,234,2,294,152,3.94,2026-06-14
1396576968015878073,Modern Coastal City Stay | Waterfront & Airport,East Boston,42.36593932939428,-71.03729216137695,Entire home/apt,433,2,170,49,3.69,2026-06-14
924596250686285360,Alaska Street R24,Roxbury,42.32164,-71.0781,Private room,107,2,41,45,1.23,2026-06-23
937613962940474640,Small Studio in quiet area,West Roxbury,42.27275820000001,-71.1636271,Entire home/apt,32,91,365,2,0.15,2025-08-26
844267526849669236,Wonderful Fenway 3br/2ba | Steps from Fenway Park!,Fenway,42.34950701821771,-71.09329788049406,Entire home/apt,321,1,116,179,4.59,2026-05-29
18354570,Newly Remodeled Studio in Back Bay - River View,Back Bay,42.35318,-71.07904,Entire home/apt,232,18,158,149,1.34,2026-05-27
1518476628393967252,Brand New Luxury Retreat w/ Pool & Fitness Center,Dorchester,42.32505,-71.0616,Entire home/apt,314,29,263,12,1.42,2026-02-13
1382905790603263803,Spacious 2bd/2ba in Southend 6209,South End,42.33809851541237,-71.06910346625794,Entire home/apt,373,1,309,71,4.92,2026-06-06
1688594172100129950,Light-Filled Back Bay 1 Bedroom Apartment,Back Bay,42.3496398,-71.08155599999999,Entire home/apt,380,1,312,0,,
948523625428103861,Luxury Apt Seaport with Gym and Pool,South Boston Waterfront,42.35357005019778,-71.04748256441803,Entire home/apt,,30,11,0,,
965769862121915466,Beautiful Two Bedroom Apartment,Roxbury,42.3240913,-71.0907016,Entire home/apt,46,91,171,1,0.04,2024-06-15
1003348159314232275,Stunning 2B luxury condominium on Emerald Necklace,Mission Hill,42.33223,-71.11146,Entire home/apt,80,91,357,0,,
1068959354784291874,25A1 | The Alameda 1 | 2BR 1B w/AC & W/D | Private,West Roxbury,42.2919472,-71.1540823,Entire home/apt,68,29,204,2,0.19,2026-05-25
1091446994766123854,Superior accessible room king bed,Bay Village,42.3506,-71.0679,Private room,284,1,316,3,0.11,2026-05-24
1096278530228976063,Revolution loft one bedroom suite,South End,42.346155,-71.070907,Private room,186,1,182,0,,
1096277404223650585,Revolution loft two double beds room,South End,42.346155,-71.070907,Private room,186,1,238,3,1.14,2026-06-17
1096275859021594492,Revolution loft queen bed room,South End,42.346155,-71.070907,Private room,399,1,341,0,,
1673754869589889787,Boutique 2BR 2BA Tower Suite | Heart of Boston,Downtown,42.35263,-71.06284,Entire home/apt,915,1,359,0,,
1281208126849535524,Fenway studio,Fenway,42.34689,-71.10208,Entire home/apt,75,91,365,0,,
1303718598138194063,Nice 1 bedroom place in Boston.,Beacon Hill,42.3595002,-71.06847379999999,Private room,,29,0,0,,
1101475742784207289,Superior two doubles,Downtown,42.36079,-71.05584,Private room,745,1,333,21,0.90,2026-06-27
26333739,"Classy, Cozy South End Unit",South End,42.34207,-71.069,Entire home/apt,160,29,188,59,0.62,2025-11-30
1387092226699350581,1BR Apt steps away from Boston Commons 8931,Downtown,42.35086,-71.06506,Entire home/apt,469,1,355,32,2.20,2026-06-04
1401779364778771706,Cozy Studio in Downtown Boston 7740,Downtown,42.350903921514984,-71.06407230440463,Entire home/apt,210,1,349,42,3.01,2026-05-30
1461576014995818420,Across Fenway Park + Free Breakfast. Pool. Dining.,Beacon Hill,42.35342,-71.06805,Private room,210,1,99,40,4.10,2026-06-14
875621630800624958,Private Bedroom in Beacon Hill (Bedroom #1),Beacon Hill,42.360031641533844,-71.06746991939835,Private room,137,2,248,215,5.70,2026-05-25
970253528209468566,"Stay Close to Fenway Park & Berklee College, #208",Fenway,42.344704861725305,-71.09044872306895,Entire home/apt,323,1,349,65,1.98,2026-05-30
1425295257935215060,"Blueground | Fenway, gym, nr Fenway Park",Fenway,42.34449130000001,-71.086708,Entire home/apt,,30,317,0,,
1105789386769733509,Deluxe king,North End,42.366842,-71.05097,Private room,229,1,349,43,1.60,2026-06-18
1101473413005838959,Deluxe king,Downtown,42.36079,-71.05584,Private room,337,1,358,15,0.68,2026-06-29
554348528269020772,"Beacon Hill, J. Miller Flats -Studio Apt #3",Beacon Hill,42.35938,-71.0701,Entire home/apt,474,1,164,85,1.68,2026-05-24
1468400661045483411,"South End Luxe Apartment: Pool, Gym & Downtown! Ya",South End,42.3461643,-71.0629436,Entire home/apt,971,29,342,6,0.65,2026-03-08
1388487693921468196,2BR in Downtown Boston 1628,Downtown,42.35132060689401,-71.06333868429304,Entire home/apt,248,1,331,49,3.53,2026-06-11
39390476,Evon | SouthEnd | Luxury Apt | Boston Medical,South End,42.33708,-71.07495,Entire home/apt,284,29,121,14,0.17,2020-05-31
35467463,Beacon Hill House | MGH/MIT/Freedom Trail,Beacon Hill,42.35987,-71.06598,Entire home/apt,148,29,41,22,0.26,2026-02-28
670516883910999694,Super Lovely beacon hill one bed apt with two beds,Beacon Hill,42.36029,-71.06609,Entire home/apt,152,29,214,3,0.07,2023-12-16
52421929,Cozy Double - Copley Square Hotel,Back Bay,42.34898,-71.07794,Private room,169,1,312,34,0.83,2026-02-15
43833357,Romantic Boston Harbor Houseboat -Waterfront Suite,Charlestown,42.3755827,-71.0494657,Entire home/apt,463,1,320,73,1.02,2026-05-28
1046003084909321850,Perfetto North End 1brm,North End,42.3677763751764,-71.05398494483002,Entire home/apt,425,1,287,93,3.20,2026-05-31
804299037876795981,Updated South Boston Unit with Deck,South Boston,42.33319799852546,-71.0478741472269,Private room,192,29,364,5,0.13,2024-06-03
1466557152825642693,"Entire condo in Boston, MA",Dorchester,42.2952,-71.07512,Entire home/apt,114,91,364,0,,
2021483,Spacious Updated 2 Bed Boston Condo w/ Deck,South Boston,42.3358,-71.04948,Entire home/apt,282,29,155,22,0.18,2024-07-21
1190055706860360489,Spacious South Boston 2Bed wDeck,South Boston,42.33424485793947,-71.0487063601613,Entire home/apt,480,29,364,2,0.09,2024-08-18
1221046068654269453,"Walk to T, Jamaica Pond, Dining & Whole Foods",Jamaica Plain,42.31925,-71.11408,Entire home/apt,378,2,266,21,0.95,2026-05-30
13393418,BostonPrimeArprt*TD*NrthEd*ConvCtr*Faneuil*T*Fenwy,East Boston,42.37611,-71.03578,Entire home/apt,217,1,229,996,8.26,2026-06-14
7575052,Great views from top floor #7,South End,42.34128,-71.07607,Entire home/apt,226,31,350,92,0.70,2024-12-15
1563148275373821496,South End Studio Close to Hospitals!,Back Bay,42.34272,-71.08426,Entire home/apt,293,29,158,2,0.34,2026-01-02
1693039273129006632,Spacious 2BR2BA overlooking Boston common Downtown,Downtown,42.3511915,-71.0640258,Entire home/apt,1211,4,266,0,,
1414090299063832462,"The Ellie House 4- 1st Floor, Efficient, Back Bay!",Back Bay,42.34395998701708,-71.0819640459429,Entire home/apt,461,1,270,36,2.90,2026-05-17
46964831,Spacious 4bed Loft | Downtown Boston | Beacon Hill,Downtown,42.35702565661529,-71.06194776110382,Entire home/apt,672,1,38,339,5.16,2026-05-25
742760728038883935,Sunny room with private en suite bathroom,East Boston,42.37859,-71.03479,Private room,314,1,268,313,7.44,2026-06-01
1370807490484628218,2BR in Theatre District 1782,Downtown,42.35178435995328,-71.06282330454127,Entire home/apt,388,1,340,53,3.43,2026-06-09
1342304608634971842,Cozy 1Bedroom in Beacon Hill,Beacon Hill,42.35860812543862,-71.06902656202529,Private room,89,29,86,5,0.39,2026-03-24
687244854981913174,Best 1- bedroom w cozy living room w 2 beds /view,Beacon Hill,42.36006,-71.06725,Entire home/apt,171,29,236,7,0.17,2026-06-11
566450430168033283,Amazing one bed apt in beacon hill with backyard,Beacon Hill,42.36017,-71.06484,Entire home/apt,135,29,193,3,0.09,2024-10-01
1353178918224480534,Convenient 1Beroom in Beacon Hill,West End,42.36123379709145,-71.06488558271883,Private room,70,29,41,0,,
1314550372287722356,Premium Loft 3BR/2BA in Heart of Downtown Boston,Downtown,42.35488,-71.05997,Entire home/apt,1055,1,268,56,4.96,2026-06-14
1547883175600855164,Private room / Steps to train / 2 Min from Airport,East Boston,42.38175,-71.02235,Private room,143,1,6,20,2.75,2026-06-15
1077315771213267440,"Blueground | Back Bay, gym & w/d, nr shopping",Back Bay,42.348645,-71.0793489,Entire home/apt,,30,320,0,,
810755335955230893,"Blueground | Chinatown/Theater Dist, gym, nr t",Downtown,42.3511858,-71.06401699999999,Entire home/apt,,30,56,0,,
19727919,Shelly's Bunk Room,East Boston,42.38138,-71.02312,Private room,115,1,220,937,8.64,2026-06-10
731581616930727750,"Blueground | Chinatown/Theater Dist, gym, nr t",Downtown,42.3511858,-71.06401699999999,Entire home/apt,,30,298,1,0.03,2023-08-07
1281878156930731368,"East Boston, 5 Min to Airport, Parking Available",East Boston,42.38213395509568,-71.0313219577074,Entire home/apt,275,1,286,70,4.09,2026-06-08
1219702182254581166,"(DR54) Roof Deck 6Bedrooms,W/D, Parking, Baby Crib",Dorchester,42.28705,-71.04096,Entire home/apt,636,2,120,52,2.49,2026-05-25
23272728,"Clean, cozy, and conveniently located!",Longwood Medical Area,42.33873,-71.10751,Private room,,91,0,13,0.13,2019-01-10
23822858,Evolve Wharf,Downtown,42.35302,-71.05195,Entire home/apt,,91,0,9,0.09,2019-07-25
24356120,Comfortable Place in Roslindale,Roslindale,42.27916,-71.13036,Entire home/apt,,29,0,1,0.01,2019-06-25
12344142,Top Rated Apartment! Exceptional Location!,East Boston,42.36843,-71.0401,Entire home/apt,36,91,226,126,1.24,2026-05-16
12950332,Clean Large Room near Redline/Rail Peaceful Area,Dorchester,42.30536,-71.07221,Private room,15,91,365,9,0.07,2018-02-18
26207713,Spacious room in beautiful apartment,Jamaica Plain,42.32031,-71.11659,Private room,15,91,167,4,0.04,2018-10-01
28071995,Lower Mills Guest Suite,Mattapan,42.27417,-71.07624,Entire home/apt,285,2,3,131,1.44,2026-06-24
31636229,1 bedroom basement unit,Hyde Park,42.26324,-71.12666,Entire home/apt,,29,0,60,0.70,2020-11-13
1956275,"Beautiful 3 bd- 1.5 bath with parking, in Boston.",Jamaica Plain,42.30789,-71.12215,Entire home/apt,,91,0,105,0.69,2019-05-20
17609053,⍟ Lofty South End Penthouse w/Street Parking! ⍟,South End,42.33888,-71.07525,Entire home/apt,,29,0,31,0.28,2023-04-19
35084086,"3D south end, sunny room near T/BU Medical",South End,42.33864,-71.06943,Private room,,91,0,8,0.09,2019-08-26
35165584,3A BU Medical/NEU sunny cozy room,South End,42.33841,-71.07159,Private room,,91,0,4,0.05,2019-08-19
21597670,Entire 1-bedroom Apartment Near Downtown/Longwood,Roxbury,42.32177,-71.09169,Private room,,29,42,119,1.13,2026-05-16
642574460409151369,Beautiful single family home in Jamaica Plain,Jamaica Plain,42.32349,-71.11157,Entire home/apt,,2,0,27,0.55,2026-04-20
1556437748143476356,Townsend Executive Suite| Furnished 3BR Boston,Roxbury,42.31902,-71.09092,Entire home/apt,69,91,346,0,,
1582112771376635821,Furnished master room near Boston Logan airport!,East Boston,42.3856216,-71.0143037,Private room,23,91,365,0,,
1092879717017769944,Superior Double Queen,Downtown,42.3575,-71.05286,Private room,269,1,321,28,1.07,2026-06-13
1611091474001452159,1Bed/1Bath Fenway/Kenmore Sq Newly Renovated Condo,Fenway,42.34907,-71.09205,Entire home/apt,46,91,198,0,,
1090665383118165783,Endless Summer: Oceanside Views,North End,42.36321,-71.04947,Entire home/apt,482,1,163,53,2.04,2026-05-26
609993404493501490,Prime Central 1brm in North End Boston,North End,42.36495,-71.05249,Entire home/apt,437,1,328,194,4.15,2026-05-29
1269906183728450902,X11 Spacious Room Near HMS/Longwood Hospitals,Mission Hill,42.33278,-71.1107,Private room,74,7,115,5,0.25,2025-11-01
584121613432884934,Thatch Quarters™ | Pvt. Room in Southie | 202 DOT,South Boston,42.33668,-71.04592,Private room,165,1,182,39,0.76,2026-06-03
1147895129154593068,Beautiful Greater Boston Rental,Brighton,42.35063,-71.15459,Entire home/apt,,1,0,2,0.09,2024-08-23
1192752550867373980,Easy Commute South Boston 4BR/1BTH Apartment,South Boston,42.33339,-71.05261,Entire home/apt,,29,0,3,0.14,2024-11-16
1323517222066681789,Sunny Beacon Hill Tree-Top Oasis,Beacon Hill,42.36018,-71.06699,Entire home/apt,,29,0,2,0.14,2025-06-01
1345130474317860363,Wonderful 1Bedroom in Beacon Hill,Dorchester,42.31422,-71.06547,Private room,,29,0,0,,
1410396657230251057,Amazing Downtown Boston CityView,Roxbury,42.32608,-71.09116,Private room,34,91,365,0,,
1270281307573876990,Boston 3 BR Patio Full Kitchen,South End,42.33795,-71.07647,Entire home/apt,448,2,314,42,2.99,2026-05-31
43957080,Prime Boston 2BR w/ Balcony | Near T & Tufts,Chinatown,42.352093,-71.060806,Entire home/apt,,29,341,6,0.09,2023-10-22
1700129375063304695,Bright Studio | Steps from the Best of Boston,Back Bay,42.3429186,-71.08294049999999,Entire home/apt,201,1,188,0,,
1152936040635578826,"(476-3) Bright Studio, Outdoor Space, A+ Location!",South End,42.34383977780176,-71.07942220915876,Entire home/apt,261,1,260,91,3.68,2026-05-31
831837934769463043,Beautiful Mission Hill 1Br/Ba!,Mission Hill,42.33287,-71.09857,Entire home/apt,440,1,162,24,0.66,2026-04-06
1656826985463669926,Historic Fort Hill view-parking +minutes to center,Roxbury,42.3256597,-71.0958698,Entire home/apt,311,1,29,1,1,2026-06-15
933905514748344789,Beaut private close univ+hospital,Jamaica Plain,42.3203345,-71.10534799999999,Entire home/apt,354,1,96,115,3.24,2026-06-07
807100249723439013,"Bright Private Room Near Beaches, Public Transit",South Boston,42.33356815198421,-71.03459422733098,Private room,73,30,72,7,0.18,2026-04-03
1681130518084750837,Seaport Boston | Deluxe King | Seaport District,South Boston Waterfront,42.34899,-71.04121,Hotel room,634,1,344,0,,
1681130522760362380,Seaport Boston | Deluxe 2 Double | Seaport Dist,South Boston Waterfront,42.3489863,-71.041212,Hotel room,634,1,354,0,,
729658576548339540,"Southie Living by Seaport, Red Line, Beach & Bars",South Boston,42.33339,-71.0519,Private room,74,29,42,15,0.33,2026-02-08
831914165597361101,Wonderful 1BR in Mission Hill!,Mission Hill,42.331554054259264,-71.09869749195016,Entire home/apt,423,1,210,38,0.97,2026-05-04
1305173829552703456,Fabulous 1 Bedroom in Beacon Hill,Beacon Hill,42.3594256,-71.069931,Private room,78,29,74,2,0.23,2026-05-31
1074082304093368546,"Clean, Modern & Great Location",Mattapan,42.2854383313153,-71.0930408048361,Entire home/apt,685,1,125,37,1.31,2026-06-11
740400290363696561,Beautiful South End 2BR apartment,South End,42.34369,-71.07534,Entire home/apt,1149,3,183,12,0.31,2026-06-28
579155637396199837,Thatch Quarters™ | Pvt. Room in Southie | 404,South Boston,42.34177,-71.05555,Private room,155,1,181,25,0.50,2026-03-29
1360621482451813370,Tiny Home Haven,Mattapan,42.27326,-71.10755,Entire home/apt,124,29,270,1,0.08,2025-06-17
53511250,"Close to Downtown, pets friendly, Free Parking!",Dorchester,42.280727,-71.074799,Entire home/apt,186,29,137,7,0.13,2022-07-17
14868157,"Charming room, in hip JP near The T  #1",Jamaica Plain,42.31689,-71.10005,Private room,121,4,101,411,3.45,2025-08-31
828194448965037333,Financial District Charm | Walk anywhere!,Downtown,42.35730177094459,-71.05326282459265,Entire home/apt,312,1,106,113,2.89,2026-03-29
1435978958008578610,Modern apt in E Boston/Walk to Airport,East Boston,42.37632275450519,-71.03096816288726,Entire home/apt,285,1,343,93,7.50,2026-06-02
1551686516076403577,Bright Furnished Room Near Downtown Boston,Roxbury,42.31768,-71.07641,Private room,24,91,365,0,,
866647856795580011,Lovely Brighton Apartment!,Brighton,42.34582,-71.14127,Entire home/apt,70,91,364,0,,
1526218516631125794,"Boston Getaway, Close to Airport",East Boston,42.37361,-71.03701,Entire home/apt,571,1,227,11,2.43,2026-06-02
908411131253611399,Flex Plus - Addison Residence,East Boston,42.3848,-71.00158,Private room,11,150,364,0,,
1284138728001445574,Private bedroom/shared bathroom,Dorchester,42.30491365800796,-71.08013782650232,Private room,177,2,175,3,0.35,2025-10-26
1502560477744552138,Family Escape 3BR w/Parking Near Downtown 558/1,Dorchester,42.29563,-71.07512,Entire home/apt,365,1,307,17,2.02,2026-06-08
1481870586251993631,Feel At Home,Brighton,42.34482,-71.15031,Entire home/apt,470,2,115,10,1.06,2026-06-07
1642783801001713794,R7_Double Room In Fields Corner Area,Dorchester,42.30297,-71.06594,Private room,75,1,358,3,1.03,2026-05-31
1673708229724277064,Stylish Seaport 3BR Apartment Heart of Seaport,South Boston Waterfront,42.35255,-71.04703,Entire home/apt,1700,1,365,0,,
6080461,Fort Hill Inn- Cozy Studio ApT 1.5 miles to Center,Roxbury,42.32966,-71.09597,Entire home/apt,307,1,110,165,1.22,2026-05-21
1335595238690814348,Great central location in Downtown Boston,Roxbury,42.3336376,-71.081672,Private room,329,1,84,189,11.76,2026-05-24
1655892308489655109,Breathtaking Boston Penthouse Near Newbury St/MBTA,South End,42.34451,-71.07146,Entire home/apt,1420,1,358,0,,
1252530932195640249,X23 Near HMS/Longwood Hospitals,Mission Hill,42.33074439410338,-71.10950966961504,Private room,60,29,54,2,0.10,2025-11-18
19885345,#202 Boston private AC Queen BR 全楼禁烟 female,Dorchester,42.30792,-71.06513,Private room,92,30,359,32,0.30,2025-09-09
1472034845827407833,Central 4BR Penthouse Boston Common MGH & TUFTS,Chinatown,42.35154466228414,-71.06057570793456,Entire home/apt,1034,29,173,1,0.52,2026-04-20
50017182,"Blueground | Back Bay, near prudential center",Back Bay,42.34449,-71.08237,Entire home/apt,,30,319,0,,
1305231835105946549,Affordable 1Bedroom in Beacon Hill area,Beacon Hill,42.36008360858385,-71.0688305366434,Private room,68,29,44,0,,
53184370,Lovely 420 friendly home,Dorchester,42.28701,-71.06957,Private room,16,91,365,0,,
915095328814606476,"(W9) Studio in South End Boston, Prime Location",South End,42.33972579036294,-71.07632251950251,Entire home/apt,360,1,246,91,2.52,2026-05-10
49941156,All included. Comfy quiet room.,Roxbury,42.31649,-71.09199,Private room,56,30,134,18,0.30,2026-05-31
1603086414660562034,Elegant 1Bedroom Apt in Beacon Hill,Beacon Hill,42.360062749111,-71.06594354888668,Entire home/apt,216,29,235,1,0.39,2026-04-01
15521407,Large Private room in Savin Hill,Dorchester,42.30918,-71.04643,Private room,156,1,249,345,2.95,2026-06-09
20723594,Lower level private room and bath in Savin Hill,Dorchester,42.31016,-71.05332,Private room,168,1,250,335,3.13,2026-06-06
1507266978081571655,Comfy Bedroom with Workspace and Lounge 1A,Dorchester,42.28215,-71.05279,Private room,,90,0,2,0.34,2026-04-14
45652898,Modern JP Townhouse w Parking - quiet & convenient,Jamaica Plain,42.30912,-71.11833,Entire home/apt,359,1,48,118,1.75,2026-05-18
48768462,Luxury pet-friendly 2 bed by beautiful park!,Jamaica Plain,42.31086,-71.09849,Entire home/apt,299,1,249,42,0.66,2026-05-14
823053074553097627,Charming & bright 3bedroom Apt,Jamaica Plain,42.297686,-71.113484,Entire home/apt,317,3,248,88,2.23,2026-05-18
1614676295515107265,El Nido,East Boston,42.38025,-71.01793,Entire home/apt,250,1,171,0,,
4119345,Airy new apt for 2-6. Near subway. Free parking.,Jamaica Plain,42.31063344940129,-71.10855891982172,Entire home/apt,714,1,278,76,0.55,2026-06-02
798533622805798105,Studio in East Boston #2,East Boston,42.390197149246475,-71.00069295197193,Entire home/apt,240,1,41,129,3.17,2026-06-03
6603827,Cozy private room near bus stop,Roslindale,42.28411,-71.11693,Private room,39,29,286,20,0.15,2026-01-31
1462324789512874415,Near Harvard University + Free Breakfast & Gym,Brighton,42.36313068852783,-71.13599724234237,Private room,466,1,290,3,0.36,2025-11-10
48960486,#2 CLEAN COMFY & COZY GLORY GUEST SUITE,Dorchester,42.28085,-71.07316,Private room,280,1,365,53,0.88,2025-10-19
49067845,"Sparkling Clean, HOME away from home!",Mattapan,42.27679,-71.06871,Entire home/apt,497,3,340,24,0.47,2026-05-17
46170478,Boston Maison near JFK/UMASS,Dorchester,42.31687,-71.05668,Private room,92,30,359,6,0.23,2025-12-20
1134851081914162750,"Modern Luxury | Free Parking, Near T | Home Cinema",East Boston,42.3673067,-71.0378328,Entire home/apt,600,1,301,136,5.28,2026-06-07
5054601,Large Room- Red Line- Easy Access Downtown,South Boston,42.33034,-71.05802,Private room,96,5,252,209,1.52,2026-04-21
1334040298984901725,"Z Beacon Hill MGH Mins to Acorn St, Outdoor space",West End,42.3617282211065,-71.07097755368703,Entire home/apt,396,1,228,45,2.66,2026-05-22
1638402759040048322,Near Harvard Square | Fitness. Restaurant + Bar,Allston,42.363976,-71.119664,Private room,451,1,171,5,1.60,2026-05-16
653014464547095412,Newly renovated -2 Bedroom Condo,South Boston,42.32917,-71.0533,Entire home/apt,242,29,317,12,0.26,2023-10-22
1698618528988085922,cozy room B,Brighton,42.34664555625843,-71.15075675692947,Private room,88,1,361,0,,
37145151,Luxury Boston Condo,East Boston,42.36843,-71.03664,Entire home/apt,333,3,106,35,0.42,2026-06-14
1679912447638177135,Private Room Near BMC & Downtown Boston,Roxbury,42.3344141,-71.0761069,Private room,150,1,63,1,0.91,2026-05-15
1553651771699777518,Charming 2 Bedroom Apt w/ Patio & Street Parking,Roxbury,42.31606,-71.08168,Entire home/apt,337,1,148,3,3,2026-05-23
52389631,"1 bed, 2 rooms, 4 guests Cute&new. Free parking",Dorchester,42.31432104753411,-71.0591618919991,Entire home/apt,262,1,205,185,4.73,2026-05-31
1045665874129381877,"(F35) Fenway Park, Renovated, 2 beds.",Longwood Medical Area,42.34066,-71.10179,Entire home/apt,372,1,246,110,3.76,2026-06-06
944890720188725579,"Designer 3-BR Apt in Historic Charlestown, Boston",Charlestown,42.38045,-71.07001,Entire home/apt,905,1,117,87,2.67,2026-05-25
1241943733329656931,Beautiful room / First floor / Washer-Dryer,Brighton,42.34287892242128,-71.15064968043978,Private room,124,1,173,54,2.52,2026-05-30
1497512131660791715,Charming 2BR Apt | ROKU HDTV | Sleeps 8,Allston,42.35126,-71.14101,Entire home/apt,303,1,352,44,5.06,2026-06-05
5974886,Close to it all-private parking & red MBTA station,Dorchester,42.32431720644971,-71.0586656980579,Entire home/apt,388,2,202,40,0.30,2026-04-21
13173203,"Walk to MGH-Subway, stay in Boston's Little Italy",North End,42.3665,-71.05428,Entire home/apt,155,32,350,40,0.33,2023-05-18
1598186542728873925,Cozy Brighton Nook | Workspace & Comfy Bed,Brighton,42.349393583947524,-71.15741025656462,Private room,104,1,346,1,0.37,2026-03-28
1618481820287682399,Luxury 2BR | Free Parking | Harvard/BU | ROKU TV,Allston,42.35341,-71.13867,Entire home/apt,529,1,354,23,6.27,2026-06-08
51417227,1 Free parking spot - Large bed/1 bath - Location,Allston,42.35281,-71.13735,Entire home/apt,244,1,255,256,4.43,2026-06-02
33549373,Cozy & comfy in-law suite with Boston skyline view,Roxbury,42.31638006841045,-71.07288882136345,Entire home/apt,419,3,336,87,1.00,2025-07-20
52672205,Modern apartment in the city.,Dorchester,42.313129823797276,-71.06575318370699,Entire home/apt,616,3,316,204,3.64,2026-06-06
28640732,Hola Joy 1,Brighton,42.35843,-71.14083,Private room,109,1,325,124,1.32,2026-06-05
691815665072110894,1 Free parking spot - Small & Cozy studio - Clean,Allston,42.35345,-71.13951,Entire home/apt,253,1,267,178,3.86,2026-05-30
1034827760518338192,Private 1st flr Charlestown Apt,Charlestown,42.37770359665365,-71.06133808177343,Entire home/apt,440,1,267,7,0.27,2026-06-14
870900443792498664,"New 3 bedroom, 2 bath unit, meadow view!",Allston,42.3509,-71.14514,Entire home/apt,705,1,251,132,3.53,2026-06-13
4560053,Fort Hill Inn Historic Beauty! Minutes to Center!,Roxbury,42.32397,-71.09085,Entire home/apt,426,2,123,133,0.95,2026-05-29
53508014,Stylish Spacious Guests House,Roxbury,42.31848,-71.0729,Entire home/apt,591,1,286,213,3.86,2026-06-07
1666941012761955653,Close to the Subway-Free Parking-First Floor,Allston,42.35295374146119,-71.12800598858578,Entire home/apt,337,1,352,3,2.09,2026-05-31
36114933,1)Harvard/BU/MIT/prvtebath&entrnce/Freeprkng/Qnbed,Allston,42.36079,-71.12684,Private room,200,1,179,309,3.71,2026-06-05
1442983943246340720,Monthly Academic Retreat | Steps to Harvard,Allston,42.36459,-71.12227,Entire home/apt,271,29,269,28,2.39,2026-05-08
1439327316183508166,Back Bay Studio and Private Patio,Back Bay,42.3507,-71.08883,Entire home/apt,331,1,123,49,4.45,2026-06-11
1267350935450387948,"The Annabel 3 ~ Bedroom #2, Pvt Bath | w/AC & W/D",Dorchester,42.31824049999999,-71.061993,Private room,157,29,320,2,0.23,2025-11-05
867583816590061099,Boston 1 bedrm/livingrm close T,Dorchester,42.32136235398295,-71.05950816707173,Entire home/apt,124,31,290,2,0.07,2025-05-03
1578532457509793425,Ensuite Private Room with Own Bath,Brighton,42.3473731,-71.1459656,Private room,23,91,365,0,,
1810397,3Bed/2.5Bath Luxury Condo South End's Union Park,South End,42.34279,-71.0711,Entire home/apt,1472,5,242,63,0.43,2026-04-21
771713680617274753,Luxurious & Spacious Townhome,Bay Village,42.34822,-71.0692,Entire home/apt,2339,2,249,31,1.14,2026-05-29
1081821154340094229,Boston Delight,Dorchester,42.31697,-71.06885,Private room,214,29,295,2,0.08,2024-05-20
578946346482183711,(37-2) Stylish Monthly Gray Street Apartment,South End,42.3452,-71.0728,Entire home/apt,321,1,79,78,1.54,2026-05-31
4566095,"The Upton South End, The Copley Suite",South End,42.34301,-71.07304,Entire home/apt,301,4,326,44,0.32,2026-06-07
6882615,"Prime Newbury St Location, Walk Everywhere #4",Back Bay,42.34979,-71.08262,Entire home/apt,400,1,324,344,2.67,2026-06-11
6879036,Live in the Heart of Newbury Street #3,Back Bay,42.34982,-71.08264,Entire home/apt,328,1,307,281,2.18,2026-05-03
1238436869941666600,2Bed/2Bath in Brownstone in Historic South End,South End,42.3428146,-71.0709449,Entire home/apt,742,5,194,14,0.67,2026-05-31
1561937005546947390,Furnished 2-Bed - Near South Bay and UMass,Roxbury,42.3263,-71.07311,Entire home/apt,117,29,274,0,,
7222349,M&R - Front Bedroom Bathroom Parking - Walk to T!,Dorchester,42.29325,-71.05707,Private room,59,29,164,154,1.19,2023-09-30
12175961,"""Short Steps to Shawmut Red Line Stop!""",Dorchester,42.28793,-71.06812,Private room,47,30,304,16,0.13,2025-11-03
11258721,Sizeable Private Room w/ Air Bed & Convenient to T,Dorchester,42.303,-71.07109,Private room,45,30,289,20,0.16,2026-05-31
1352341560801397928,109S2.2 | The Strathmore 2 | 3BR 2B w/AC | Room #2,Brighton,42.34011818848683,-71.15058080975946,Private room,120,28,285,0,,
179244,Beautiful room with private bath/#2,Dorchester,42.29871,-71.05954,Private room,71,29,166,110,0.61,2024-01-01
1701742004566287673,"X35, Private Room Near HMS/Longwood Hospitals",Mission Hill,42.33271,-71.10881,Private room,68,29,310,0,,
1632678730579893897,Monthly Academic Retreat | Steps to Harvard,Allston,42.36072350147443,-71.12214881346296,Entire home/apt,271,29,269,9,3.70,2026-06-04
1656683347280457209,Private Room | 5-min Walk from Harvard & HBS,Allston,42.36164,-71.12542,Private room,77,29,107,0,,
1495784757943807844,Gorgeous Apt with Kitchen and Gym,Fenway,42.3429115,-71.0990346,Entire home/apt,416,30,328,0,,
1612404174761143702,Luxury 1BR near Harvard 9873,Allston,42.3619,-71.13297,Entire home/apt,,29,0,1,0.28,2026-03-21
1105790082167528266,Deluxe ADA queen,North End,42.366842,-71.05097,Private room,229,1,319,1,1,2026-06-29
1542890050757850104,"Blueground | Shawmut, pool, nr Boston Common",South End,42.3438825,-71.0639425,Entire home/apt,,30,337,0,,
620559519758727382,Lovely 2 bed 2 bath beacon hill downtown boston,West End,42.36182,-71.0654,Entire home/apt,197,29,149,4,0.10,2025-05-02
1628291185912819475,Executive suite,South Boston Waterfront,42.34925,-71.04144,Private room,254,1,360,0,,
40348580,Spacious Sunlit 3BR in Center of Downtown Boston,Downtown,42.35471,-71.06173,Entire home/apt,1065,1,280,205,4.04,2026-06-14
934144267413593178,Artisan Brick South End Loft,Back Bay,42.343982363776675,-71.08253819066451,Entire home/apt,354,1,183,39,1.11,2025-11-28
1206709818169463281,World Cup Shuttle Steps Away-Quiet Back Bay Suite,Back Bay,42.3441748,-71.0810797,Entire home/apt,285,3,268,0,,
1374925972210702414,"Boston Marathon 5 mins 
Copley Sq./Prudential Ctr",Back Bay,42.3441748,-71.0810797,Private room,263,1,353,8,0.72,2026-06-14
48764211,2BR Apartment | Patio | Boston Medical Center,South End,42.33745,-71.07676,Entire home/apt,427,29,319,53,0.84,2024-09-28
1566831786113424986,Prudential Area Elegant Studio Apt,Back Bay,42.34393,-71.08242,Entire home/apt,340,1,189,8,1.88,2026-05-31
1650859628491360733,Rathskeller Suite,Fenway,42.34854,-71.09526,Private room,749,1,339,0,,
685485399501366239,Top Newest 4 bed apt Beacon Hill Boston downtown,Beacon Hill,42.35916,-71.06713,Entire home/apt,171,29,106,9,0.26,2026-05-27
1681984313988475911,Stylish Downtown 2BR/2BA Location Boston common,Downtown,42.352,-71.06314,Entire home/apt,1097,4,277,0,,
1663413802363000256,307M Downtown Boston 1BR | Steps to Boston Common,Downtown,42.35733140972879,-71.06105231964341,Entire home/apt,272,29,353,3,1.58,2026-06-08
620531678272781158,Cozy 2-bedroom apartment in downtown Boston,West End,42.3613,-71.06494,Entire home/apt,196,29,256,5,0.11,2024-03-01
1297312358276500230,Comfortable 1Bedroom in Beacon Hill,Beacon Hill,42.35826134918305,-71.06887160461713,Private room,73,29,75,1,0.29,2026-03-06
1223490248738213750,Fully renovated clean cozy 3bed1bath Allston,Allston,42.35283,-71.1279,Entire home/apt,75,91,242,0,,
1243100926775425869,Deluxe double room Whit Sea view( shared house),East Boston,42.36703,-71.03825,Private room,,1,0,0,,
23918171,Adorable South End/Back Bay Basement Apartment,South End,42.33921,-71.07531,Entire home/apt,,29,0,86,0.86,2020-08-15
11760822,"Boston ШkolarFlat - safe space, nice view #BC/BU",Brighton,42.34091,-71.15012,Entire home/apt,,31,0,133,1.07,2025-12-05
26108847,Cozy Studio Apartment at East Pier EB117,East Boston,42.36736,-71.03934,Entire home/apt,,91,0,4,0.05,2019-08-17
13062783,Boston bedroom near Fenway,Mission Hill,42.33199,-71.10475,Private room,,91,0,4,0.03,2016-09-01
982228917912272857,Newly Renovated Large Room,Brighton,42.35982,-71.14032,Private room,29,91,269,0,,
2381143,Sunny 1 Bedroom,Brighton,42.34347,-71.15438,Entire home/apt,,91,42,13,0.09,2026-05-10
2672058,"Modern loft, walk to subway",Allston,42.3532,-71.13222,Private room,,91,0,12,0.08,2016-09-09
16779363,Luxury Treetop Jamaica Plain Arboretum Townhouse,Jamaica Plain,42.30453,-71.11766,Entire home/apt,,29,0,10,0.09,2019-12-01
5358934,"Renovated, Quiet, Free Parking",Roxbury,42.31681,-71.08001,Private room,13,91,365,6,0.05,2019-11-01
6819620,Renovated Parking EZ to downtown,Roxbury,42.31676,-71.08,Private room,13,91,365,5,0.04,2017-11-23
7281884,Charming urban studio,Roxbury,42.31209,-71.08292,Entire home/apt,,91,0,103,0.77,2017-08-22
39250599,Furnished Bedroom in Modern Brighton Townhouse!,Brighton,42.3509,-71.14977,Private room,,29,0,1,0.02,2022-04-01
53898789,Piano 1 bed facing Beacon St,Beacon Hill,42.35726,-71.06321,Entire home/apt,53,91,322,2,0.09,2025-05-17
644670109338778596,Lovely 4 Bedroom in Boston Beacon Hill,Beacon Hill,42.36025,-71.0648,Entire home/apt,213,29,241,7,0.18,2025-12-20
718799886240086989,Lovely 1-Bedroom close to public transportation.,Dorchester,42.29482,-71.08172,Private room,17,91,365,2,0.07,2026-03-31
838767832826243346,Bed:King + Bath:In-Room,South End,42.34678,-71.0699,Private room,,1,0,153,1.93,2023-05-21
838792904210420562,Studio Suite,South End,42.34611,-71.07204,Private room,,1,0,7,0.10,2022-12-04
1296682320986586213,Beautiful Room in Downtown Boston,Dorchester,42.315685416502184,-71.06655545532703,Private room,,29,0,0,,
1039110361836526533,Premium two queen room,Longwood Medical Area,42.3383407,-71.1066156,Private room,,1,0,2,0.92,2026-05-25
1039842736500477617,King kitchenette studio suite,Longwood Medical Area,42.3383407,-71.1066156,Private room,,1,0,0,,
1091446719005171039,Superior accessible room two queen beds,Bay Village,42.3506,-71.0679,Private room,284,1,315,8,0.32,2026-05-31
1091446996935704791,Superior room king bed,Bay Village,42.3506,-71.0679,Private room,331,1,250,0,,
1088262902650324483,"Quiet spacious home, near train",Dorchester,42.28292,-71.07396,Entire home/apt,,91,0,0,,
1267997668140600989,Charles Regatta Luxury Home,Allston,42.3587162,-71.12962670000002,Entire home/apt,242,91,365,0,,
1417682930044694121,"Ashmont Station, 2 bedroom Unit",Dorchester,42.28595,-71.06974,Entire home/apt,27,91,265,1,1,2026-06-12
1662411630882386729,"FIFA: Enjoy You Stay, While They Play",West Roxbury,42.27956565852873,-71.17151224976845,Entire home/apt,742,1,365,0,,
53471426,"Blueground | Downtown, amenities & rooftop views",Downtown,42.3511858,-71.06401699999999,Entire home/apt,,30,346,1,0.02,2022-08-27
685511413725942222,Stunning South End 1BR - private roof deck,South End,42.34216,-71.08169,Entire home/apt,487,1,293,181,4.05,2026-05-16
50210809,Premium 1BR Near Boston Common,Chinatown,42.352093,-71.06081,Entire home/apt,263,30,362,8,0.15,2023-10-15
1298665305463578654,Sweet 1Bedroom in Beacon Hill Area,Beacon Hill,42.36102,-71.06692,Private room,133,29,135,8,0.48,2026-05-29
1424605870753938410,Luxury Apt in the Heart of Seaport,South Boston Waterfront,42.3535161,-71.0474239,Entire home/apt,,30,0,0,,
1517532122877172531,"In-Unit Laundry, Gym, City Views",Brighton,42.34638,-71.14077,Entire home/apt,,29,11,1,0.58,2026-05-16
257588,BOSTON LUXURY FOR LESS!! NEAR BCEC,South Boston,42.33255,-71.04125,Entire home/apt,501,2,291,557,3.29,2026-05-27
929790777252631206,Southie Condo-By Subway-Bring Pets-Pool Table,South Boston,42.3313364,-71.0548846,Entire home/apt,615,1,334,145,4.11,2026-06-10
20137039,Beautiful condo with city benefits,Dorchester,42.31947,-71.05538,Entire home/apt,604,2,77,113,1.06,2026-05-25
548424627632198069,Thatch™ Newbury Street | One-Bedroom Apt. #5,Back Bay,42.34798,-71.08406,Entire home/apt,546,1,129,70,1.38,2026-05-15
1700070189621775340,Exposed Brick Artisan Studio,Back Bay,42.3429045,-71.0828696,Entire home/apt,294,1,340,0,,
1699304191873771401,The Chester: Elevated Urban Garden Suite,Roxbury,42.3382,-71.07973,Entire home/apt,371,1,287,0,,
1673839372546746116,3BR-1BA Central & Cozy Retreat/ Near T w Parking,Dorchester,42.31525,-71.05625,Entire home/apt,493,2,333,1,1,2026-05-24
1435774527121956842,3BR | 3.5BA Single Family | Workspace | Playroom,South Boston,42.33396279999999,-71.03944299999999,Entire home/apt,660,2,31,3,0.28,2025-08-07
42830725,"Cute Boston Condo, Near T",Dorchester,42.320438,-71.056023,Entire home/apt,1121,30,308,7,0.09,2026-03-16
27158560,Southie Escape: Private Room/Bath Near Seaport,South Boston,42.332897,-71.039543,Private room,169,1,192,316,3.30,2026-06-07
1318257334162679912,In The Heart of Boston’s Seaport + Rooftop Bar,South Boston Waterfront,42.35371,-71.04829,Private room,379,1,138,59,3.64,2026-06-14
671063039866440797,Lovely 3 Bedroom In Boston,Mattapan,42.27282,-71.07049,Entire home/apt,543,1,298,23,0.84,2026-05-18
804990982383837603,The Heart of Southie (Garage + Roof Deck),South Boston,42.33223777815882,-71.04815687609519,Entire home/apt,867,1,277,74,1.96,2026-05-02
1078302888402400777,Cozy suite in the city!,South Boston,42.3376382,-71.03912129999999,Entire home/apt,221,1,227,192,6.78,2026-06-11
1491393679532449521,Luxury 2BD/2Bath in South Boston,South Boston,42.33795433132988,-71.05274777656716,Entire home/apt,416,1,152,21,2.18,2026-06-04
939132795410563678,Beautiful Southie Single Family,South Boston,42.33248448718322,-71.03141129766878,Entire home/apt,814,3,200,93,2.77,2026-06-09
1644031,Large Private Bedroom & Bathroom by the Seaport,South Boston,42.33835,-71.0472,Private room,224,1,49,672,5.36,2026-06-13
702081197320972498,Lavish FIDI 2br/2ba | Close to everything!,Downtown,42.35701237566666,-71.05481246796076,Entire home/apt,533,1,173,191,4.15,2026-05-29
1690060533372051795,Full-Floor Luxury 3BR Boston Loft FREE Parking TD,Downtown,42.3569442,-71.0502453,Entire home/apt,,6,257,0,,
1479286339373968910,South Boston 3bdr BCEC & Seaport,South Boston,42.33893,-71.037,Entire home/apt,520,1,113,41,4.14,2026-05-31
755533469713682355,Boston Townhouse - 3BR/2.5BA - Seaport BCEC,South Boston,42.33769997569087,-71.04779206216335,Entire home/apt,949,2,145,122,3.62,2026-05-25
706378208295989224,Airy 2BR | Fidi Boston | Walk anywhere!,Downtown,42.35878332685929,-71.05506999156788,Entire home/apt,338,1,158,212,4.62,2026-05-28
1014835004620996772,2 BDR/2b- walk to Seaport & BCEC,South Boston,42.33951,-71.04908,Entire home/apt,606,1,216,189,6.07,2026-05-31
48739565,GREAT LOCATION! Modern 2 BD and 2 BA w/Parking!,South Boston Waterfront,42.34309,-71.05313,Entire home/apt,795,2,274,132,2.09,2026-06-05
583390764682581251,Thatch Quarters™ | Pvt. Room in Southie | 103 DOT,South Boston,42.33654,-71.04408,Private room,155,1,172,77,1.49,2026-05-26
1279046388499770585,New Listing! | Top Floor | 3 BR condo | Southie,South Boston,42.3348975,-71.0534291,Entire home/apt,1313,1,30,63,3.26,2026-05-30
1476288802020573063,Southie condo with Hot tub,South Boston,42.33680993966673,-71.03867197301635,Entire home/apt,1091,1,331,22,2.62,2026-06-12
15256830,Savin Hill by the Sea with Private Bath,Dorchester,42.3094,-71.04672,Private room,194,1,232,442,3.76,2026-06-09
539376906593556470,the comfort of comforts,Roxbury,42.31971,-71.07657,Private room,56,92,365,0,,
1497144696514647403,(Southie4) Sunny 2BR Near Seaport & Downtown,South Boston,42.33148570064327,-71.05081892059998,Entire home/apt,311,1,164,26,2.73,2026-06-05
584814729815184984,Thatch Quarters™ | Pvt. Room in Southie | 302 DOT,South Boston,42.33462,-71.04459,Private room,157,1,178,43,0.83,2026-05-28
587069521753451150,Thatch Quarters| Pvt. Bunk Room in Southie | 304,South Boston,42.33528074215172,-71.04608726246296,Entire home/apt,155,1,184,33,0.65,2026-05-04
1418284472565757077,Single House 2BR - Backyard+Walk to BCEC & Seaport,South Boston,42.3368622,-71.0466005,Entire home/apt,798,1,122,43,3.55,2026-06-14
1440135327437250033,Room 3 Queen bed,Mattapan,42.28078475749195,-71.09469371938248,Private room,189,2,339,0,,
1179939389451658473,Beautiful Vintage Oval Room with Greenery Views,West Roxbury,42.278168833698516,-71.14712801052458,Private room,133,1,352,36,1.49,2026-06-13
1512377946113889715,The Grand Haven Retreat – Spacious 3BR | Parking,Dorchester,42.28751390685546,-71.07787968307602,Entire home/apt,434,2,347,0,,
14242888,Blue Family  bedroom,Mattapan,42.27441,-71.0772,Private room,314,1,365,88,0.73,2026-05-16
963739180827526692,Daybed floor 3,West Roxbury,42.27766134878588,-71.15948971067154,Shared room,157,1,365,21,0.62,2024-10-30
1415618609783724574,W.R. 2 connected rooms w/ 3 beds sleeps 5 a.c,West Roxbury,42.27994,-71.16109,Private room,334,1,90,3,0.24,2026-05-05
1478267198182445569,Lorenzo Inn,Dorchester,42.28743,-71.04217,Entire home/apt,322,1,315,10,0.97,2025-10-26
37461678,Private basement guest room in a cozy home,Roslindale,42.27507,-71.13524,Private room,55,29,109,67,0.80,2025-09-30
1215173498798034378,Luxury home in West Roxbury,West Roxbury,42.26947239987608,-71.15062563902589,Entire home/apt,1170,4,11,1,0.05,2024-08-24
5434353,Quiet  Beauty in Boston,Roslindale,42.28629,-71.13839,Entire home/apt,143,29,339,25,0.19,2021-04-30
1277809841918057355,Large 2BD Family Friendly Condo w/ Washer Dryer,Dorchester,42.28659,-71.06742,Entire home/apt,228,5,165,1,0.12,2025-10-11
20634420,Friendly family single room,Mattapan,42.2765,-71.07733,Private room,137,1,43,54,0.50,2025-09-14
937827866847224707,Boston - Spacious Victorian,West Roxbury,42.28961167045093,-71.15869374127011,Entire home/apt,202,29,287,0,,
706395724644588632,Gorgeous Boston 2BR | Financial District,Downtown,42.35681644219281,-71.05324444850807,Entire home/apt,401,1,241,219,4.77,2026-05-29
24186330,"Rusty's 1st Floor Queen Bedroom, Private Bath",Roslindale,42.28471,-71.12891,Private room,171,1,75,74,0.74,2026-05-25
627992010565840410,Lovely Two Bedroom Condo in South Boston,South Boston,42.33391,-71.05338,Entire home/apt,512,1,362,39,0.79,2026-05-17
1416155714491469991,"Top-floor, 2-Bedroom + Balcony near Red Line",Dorchester,42.31134658407479,-71.04724038003373,Entire home/apt,353,2,328,6,0.50,2025-11-01
24193805,"Rusty's 2nd Floor Double Bedroom, Shared Bath",Roslindale,42.28471,-71.12891,Private room,153,2,115,42,0.43,2026-04-19
1457333268686600599,"Bright & Spacious Boston Home, near T",Dorchester,42.32046,-71.05602,Entire home/apt,526,2,323,29,2.59,2026-06-05
50051655,Bright 4BR Home | 2 Kitchens | Walk to Seaport,South Boston,42.33655,-71.04533,Entire home/apt,1391,2,311,79,1.42,2026-06-07
741919382755118639,Cheerful 2-bedroom house,Charlestown,42.37572,-71.0581,Entire home/apt,,29,0,0,,
1247821027960236061,Modern Cozy 3BR-2BA Apt Near T,Dorchester,42.31345,-71.0558,Entire home/apt,569,1,226,19,0.95,2026-06-01
1694172538282366664,Luxury 3BR Townhouse + office | Seaport Area,South Boston,42.3357155,-71.04821679999999,Entire home/apt,1113,1,350,0,,
5781926,City Sanctuary Private Terrace and Ocean Views,South Boston,42.33286,-71.04506,Entire home/apt,533,3,254,113,1.05,2026-05-25
584864243418353113,Thatch Quarters™ | Pvt. Room in Southie | 303 DOT,South Boston,42.33512,-71.04409,Private room,155,1,160,37,0.73,2025-11-09
1671405615797556796,Your FIFA 2026 Home Base – Beach + City 2BR Oasis,South Boston,42.33236,-71.03583,Entire home/apt,1295,1,90,0,,
1247943385870811031,Modern Home-like 3BR2BA Retreat/Near T,Dorchester,42.31384,-71.05528,Entire home/apt,567,1,235,36,1.76,2026-05-29
1389864013316168659,Clean contemporary Boston duplex,Dorchester,42.3155339,-71.0561512,Entire home/apt,927,2,287,39,3.08,2026-06-07
1645749868998966988,Luxury Studio near Harvard lzx9,Allston,42.36259953637622,-71.1349679528751,Entire home/apt,265,1,356,12,5.29,2026-06-04
24598890,Yellow Quiet room,Mattapan,42.27555,-71.07597,Private room,137,1,287,27,0.27,2025-10-26
1091360372802795552,Private room and bath by the beach in South Boston,South Boston,42.33187,-71.0435,Private room,377,2,87,6,0.24,2024-08-25
1386495628281324466,Modern home-like 3BR2BA Retreat/Minutes to T,Dorchester,42.313855835558236,-71.05586602456293,Entire home/apt,595,1,304,20,1.46,2026-05-24
1282619065462187880,Your own cottage in the city,Roslindale,42.27894059807429,-71.1235079783811,Entire home/apt,217,2,297,8,4.29,2026-06-07
1013856506204054751,Home-Like 3BR-2BA Apt Near T,Dorchester,42.31346,-71.05544,Entire home/apt,418,2,255,84,2.81,2026-05-28
21799918,Large apartment for up to 8 ppl/1st floor,Dorchester,42.31345,-71.05631,Entire home/apt,385,1,279,73,0.71,2026-05-09
821892789188869675,"Cozy, comfortable and convenient",South Boston,42.335234,-71.054872,Entire home/apt,656,3,234,78,2.07,2026-06-11
1096471827996965009,Private Room in the Heart of South Boston!,South Boston,42.33679415089076,-71.0487385064877,Private room,942,1,27,71,2.59,2025-10-28
54105912,Chic Renovated Suite w/ King Bed & Private Porch,Roslindale,42.29047,-71.13168,Entire home/apt,197,29,88,44,0.87,2023-11-26
1136990443584154360,Home in Boston/Milton,Mattapan,42.27246293303935,-71.09133045658012,Entire home/apt,478,1,306,40,1.59,2026-05-24
1561017525937192456,2BR in Boston near Ashmont 2itu,Dorchester,42.283486089104976,-71.07026144757286,Entire home/apt,260,1,361,44,6.63,2026-06-07
847997915913073765,Best Place To Rest,Mattapan,42.279007146693225,-71.09426341045074,Entire home/apt,674,2,257,38,1.08,2026-06-14
825808784280558930,Centrally located 2b in Boston,Jamaica Plain,42.31065,-71.10629,Entire home/apt,48,90,302,0,,
584134090423125812,Thatch Quarters™ | Pvt. Room in Southie | 201 DOT,South Boston,42.33465,-71.04447,Private room,155,1,186,34,0.67,2026-05-29
21800425,Large apartment for up to 8 ppl/2nd floor,Dorchester,42.31345,-71.05631,Entire home/apt,394,1,307,57,0.55,2025-09-20
684051493911175079,Luxury South Boston 1 bedroom,South Boston,42.3349726,-71.03981770000001,Entire home/apt,628,2,364,4,0.46,2026-05-17
21190750,Two by Sea BCEC Cruise History Pvt Bath/Entry King,South Boston,42.33451,-71.02731,Entire home/apt,329,2,92,545,5.29,2026-06-15
1062606889644674362,Brand New 2 BR | 1 BA in So. BOS #3,South Boston,42.335650488641726,-71.04625129340066,Entire home/apt,637,3,259,31,1.10,2026-05-07
1703445558973683788,World Cup | Near Boston | 2 Park | Subway (14b),Dorchester,42.3134088,-71.05534279999999,Entire home/apt,452,1,349,0,,
53010917,Private bedroom located in family-owned apartment,Dorchester,42.31656,-71.05445,Private room,132,2,348,84,1.63,2026-06-03
1050117306360743232,Brand New 2 BR | 1 BA in So. BOS #2,South Boston,42.33412,-71.04619,Entire home/apt,717,5,243,20,0.70,2026-05-18
1164607570865561615,Convenient 2 br near Bus/Train,Dorchester,42.31695371700309,-71.05492891181542,Entire home/apt,253,1,282,88,3.76,2026-05-22
1484459904840247443,Luxe Duplex nr Beach Seaport/Convention Cntr BCEC,South Boston,42.33172,-71.03917,Entire home/apt,750,1,345,16,1.75,2026-06-12
26252951,Southie Home | Walk to Beach | with Patio,South Boston,42.33175,-71.04824,Private room,314,1,83,93,0.96,2025-06-01
297994,Your cozy stay in South Boston,South Boston,42.33583,-71.05271,Entire home/apt,550,1,58,80,0.46,2026-05-18
14186170,Cozy Condo in Center of Southie,South Boston,42.33194,-71.04729,Entire home/apt,599,3,365,69,0.57,2026-05-31
584157763155247644,Thatch Quarters™ | Pvt. Room in Southie | 203 DOT,South Boston,42.33476,-71.04544,Private room,163,1,190,25,0.51,2026-05-07
1420435173826898240,(Southie3) South Boston Gem w/ AC + LaundryW/D,South Boston,42.33172768882871,-71.05128974073936,Entire home/apt,483,1,151,38,3.02,2026-06-04
1622607449418067665,Lux 4BR Home•Parking•easy subway & Gillette Access,Dorchester,42.28695889999999,-71.0666128,Entire home/apt,799,4,104,0,,
1420421684879766604,(Southie1) Bright 2BR Stay Near Seaport & Downtown,South Boston,42.33152200604616,-71.05106528829211,Entire home/apt,485,1,159,30,2.39,2026-04-26
1653113283225291226,Beautiful 2BR in Boston t1vf,Dorchester,42.29756330487052,-71.08292673852591,Entire home/apt,292,1,351,5,2.17,2026-06-07
1536528045132079515,Bright + Airy South End Brownstone Apartment,Roxbury,42.34010549680437,-71.08171050370483,Entire home/apt,,91,186,0,,
1343009546231327423,Luxury Studio Next to Broadway 3433,South Boston Waterfront,42.34412,-71.05523,Entire home/apt,244,1,339,39,2.40,2026-05-29
683914608777399176,Sleek FIDI Studio | Close to Public Transit!,Downtown,42.358187082017196,-71.05292292238751,Entire home/apt,327,1,72,201,4.37,2026-06-01
573888797577982081,Thatch Quarters™ | Pvt. Room in Southie | 101 DOT,South Boston,42.33672,-71.04591,Private room,169,1,182,30,0.59,2026-05-09
1334940100079511737,5BR3B By Subway Downtown,South Boston,42.33082191308409,-71.05558133639138,Entire home/apt,1758,1,289,12,0.84,2026-05-11
1542818149116658576,Ensuite Room in Modern APT | Subway Downtown,South Boston,42.329762708890854,-71.05585302727611,Private room,377,1,308,0,,
50032574,Cozy 2-Bedroom in Heart of Southie,South Boston,42.33701,-71.04517,Entire home/apt,530,1,239,129,2.25,2026-06-05
702086929630286306,2br/2ba FIDI Apt | Keyless Entry | Walk anywhere!,Downtown,42.356952467586254,-71.05509589038489,Entire home/apt,387,1,166,217,4.73,2026-05-24
893355181778189037,Luxury Loft | W/D in Unit | Pet Friendly,Downtown,42.35758,-71.0556,Entire home/apt,662,1,188,148,4.00,2026-05-26
702072857749096679,Cozy 2br in Boston FIDI District,Downtown,42.35675344797994,-71.05471005204328,Entire home/apt,581,1,152,223,4.84,2026-05-14
1542798099435900238,Stylish Room in LUX APT | South Boston Downtown T,South Boston,42.329352466305195,-71.05562229533145,Private room,320,1,289,0,,
1208811539468350325,Two bedrooms by the beach with private bathroom!,South Boston,42.33529,-71.0286,Private room,565,1,69,1,0.05,2024-09-17
1542789869412352084,Private Room | Subway Downtown Boston,South Boston,42.33123,-71.05592,Private room,320,1,308,0,,
1542763353589568739,Room in South Boston | Subway Downtown,South Boston,42.33081,-71.05547,Private room,320,1,289,0,,
749934515407659019,Ideal North End 1brm Central To Everything,North End,42.36536,-71.05187,Entire home/apt,518,1,319,125,2.90,2026-05-27
33090908,Beautiful home (5 minutes away from the Train.),Jamaica Plain,42.31997,-71.10617,Entire home/apt,276,1,181,218,2.50,2026-06-14
7287822,Light and airy separate apt in funky Jamaica Plain,Jamaica Plain,42.31572,-71.10847,Entire home/apt,284,1,30,404,3.06,2026-05-30
1360226519569896326,Charming Private Room Close to Red Line and Beach,South Boston,42.33207,-71.05332,Private room,199,1,32,2,0.14,2026-05-17
24845439,Boston Home Great Location,Jamaica Plain,42.31508,-71.10125,Private room,137,1,342,326,3.31,2026-06-04
16971718,A Victorian Secret AMAZING apt.  in Historic Home,Roxbury,42.3237,-71.09514,Entire home/apt,396,2,253,378,3.62,2026-06-12
6238463,Pvt tree top suite in great location,Jamaica Plain,42.31583,-71.11448,Private room,189,2,92,432,3.30,2026-06-14
1417390723964995431,Thatch Quarters | Pvt. Room in Southie | 102 DOT,South Boston,42.3357334,-71.04497839999999,Private room,157,1,185,3,0.23,2025-11-11
13829133,Sunny studio in JP!,Jamaica Plain,42.31642,-71.10672,Entire home/apt,228,1,137,592,5.05,2026-06-07
1388722684732233093,Airy 2BR: A Blend of East & West,Jamaica Plain,42.316246000675456,-71.11247284876006,Entire home/apt,327,1,239,35,2.44,2026-06-12
1258724063390806406,Sunlit Efficiency Unit-Longwood/Fenway,Mission Hill,42.33421214680135,-71.10553634445374,Entire home/apt,208,2,284,53,2.69,2026-05-26
36551230,Boston Rooftop Retreat,Roxbury,42.32899,-71.09594,Entire home/apt,337,2,188,350,4.24,2026-06-08
1666998764160031126,In front of the T - Longwood Medical Area - Walk!,Mission Hill,42.33407,-71.10566,Entire home/apt,181,1,275,14,7.92,2026-06-14
19484144,Quirky studio in Jamaica Plain,Jamaica Plain,42.31387,-71.10864,Entire home/apt,211,2,25,154,1.42,2026-02-16
782675110910637353,JP Artist Loft Apartment,Jamaica Plain,42.31948,-71.10599,Entire home/apt,431,2,294,167,4.13,2026-06-09
27339519,Sunny & Cozy 2 BR Apt in Boston. 15 min to DWTN,Roxbury,42.32685,-71.09683,Entire home/apt,277,2,104,486,5.09,2026-06-07
24647800,Sunny large room with views and private bath,Mission Hill,42.33206,-71.10185,Private room,216,1,124,159,1.62,2026-05-18
838770795516125230,Bed:Quad + Bath:Down The Hall,South End,42.34493,-71.07061,Private room,,1,0,300,3.73,2024-01-14
1634771617294683086,New Lux Boston Stay | Fenway|Longwood|Downtown|Gym,Mission Hill,42.32708,-71.09901,Entire home/apt,882,1,313,10,3.06,2026-06-13
587083293351063385,Thatch Quarters™ | Pvt. Bunk Room in Southie | 305,South Boston,42.3348,-71.04473,Private room,163,1,186,44,0.88,2026-05-31
4765070,Studio w/ private entrance and bathroom,Jamaica Plain,42.32352198858505,-71.10688328334862,Entire home/apt,131,3,232,466,3.34,2026-06-03
50338863,Cozy Boston Studio - Longwood/Fenway,Mission Hill,42.33422,-71.10495,Entire home/apt,200,1,274,218,3.63,2026-05-13
5526514,"Fresh! City Loft Apartment,  Minutes to Center!",Roxbury,42.3285,-71.09608,Entire home/apt,248,3,80,136,0.99,2026-05-30
1647895896599160968,A peaceful home in the heart of South Boston,South Boston,42.33254,-71.04464,Entire home/apt,290,32,239,0,,
14566386,Fully-Equipped 2nd Floor 1-Bed 1-Bath Apt,Jamaica Plain,42.317012786865234,-71.10931396484375,Entire home/apt,218,3,255,291,2.47,2026-06-12
706409928494970624,FIDI 2br | Keyless Entry | Fully Furnished,Downtown,42.3580831477226,-71.05316686351354,Entire home/apt,360,1,247,215,4.69,2026-05-25
42379429,Bright and comfortable,Jamaica Plain,42.31237,-71.10197,Private room,220,2,197,55,0.74,2025-10-08
1190698311101407695,Best Location In Boston!,East Boston,42.366950699836266,-71.03605703260041,Entire home/apt,320,1,12,18,0.91,2026-06-02
1493490140561992409,3 Bedroom in Boston,Mission Hill,42.33145,-71.09781,Entire home/apt,427,1,7,28,3.54,2026-05-24
1642784550978387098,R9_Triple Room In Fields Corner Area,Dorchester,42.3015,-71.06581,Private room,75,1,346,8,3.16,2026-06-01
25933888,Boston Loft Farm House-Logan airport/train,East Boston,42.378841,-71.034821,Entire home/apt,457,1,289,367,3.80,2026-06-12
1318257514457269840,Award Winning Stay + Rooftop Bar & On Site Dining,South Boston Waterfront,42.35371,-71.04829,Private room,517,1,152,13,1.12,2026-06-07
1037760042810968275,Cozy Efficiency Unit - Longwood,Mission Hill,42.33418,-71.10523,Entire home/apt,174,2,282,63,2.29,2026-05-24
1150042157888055992,1-Bedroom Apt (9B1) 20-Minuite To Downtown Boston,Dorchester,42.295919,-71.0809854,Entire home/apt,210,1,326,101,3.95,2026-06-07
14566378,"Fully-Equipped, Private 1st Floor 1-Bed/1-Bath Apt",Jamaica Plain,42.31700134277344,-71.10931396484375,Entire home/apt,231,2,276,194,1.95,2026-06-07
53631585,2bd/1ba in Boston Dorchester 1553,Dorchester,42.29725,-71.08227,Entire home/apt,245,1,351,125,2.28,2026-05-04
50359377,Longwood/Fenway Basement Studio,Mission Hill,42.33207,-71.10713,Entire home/apt,228,1,277,170,2.82,2026-05-29
52093011,Urban Guest Suite,Jamaica Plain,42.31966,-71.10592,Entire home/apt,180,1,152,156,3.28,2026-06-07
879147142976191744,Stylish Compact Efficiency Unit - Longwood/Fenway,Mission Hill,42.33285,-71.10488,Entire home/apt,243,2,276,131,3.67,2026-05-25
999915504398213197,Comfy Bedroom Suite + Private Attached Bath 1D,Dorchester,42.28125937628452,-71.07259021511832,Private room,111,30,274,5,0.17,2025-08-31
37709576,"North End- Newly Renovated, Prof. Clean, 1bd Apt",North End,42.36575,-71.05544,Entire home/apt,148,29,43,26,0.33,2026-04-10
1417512831539206046,Sleek Boston Home | Near T,Jamaica Plain,42.2941174,-71.11704639999999,Entire home/apt,2164,30,310,0,,
51747209,Modern 1BR Downtown Boston-Milk301,Downtown,42.35827,-71.05517,Entire home/apt,460,1,112,256,4.44,2026-05-18
702087071845813431,Bright and Bold 2BR | Minutes from the T!,Downtown,42.35883208439192,-71.05460809946901,Entire home/apt,418,1,222,278,6.05,2026-05-29
1450891839313669848,Bright 1st-Fl 2BR Near Hospitals,Mission Hill,42.3316,-71.11115,Entire home/apt,487,2,325,23,2.35,2026-05-24
658810825479859452,Cheerful 4-bedroom home with backyard and patio,Jamaica Plain,42.30711180000001,-71.1121067,Entire home/apt,310,29,319,11,0.23,2023-08-07
5364137,Studio Condo by Airport and T Station,East Boston,42.38704,-71.00581,Entire home/apt,102,32,219,90,0.66,2026-05-09
665822089820131536,Karlie’s Place mini suite,Mattapan,42.2751934,-71.094881,Private room,96,29,364,20,0.52,2023-10-28
1007483714622386487,Comfy Bedroom + Private Attached Bath 2D,Dorchester,42.28229899028369,-71.0733387619257,Private room,101,30,302,6,0.20,2026-05-31
999910805180604262,Spacious Bedroom + Private Bath 1A,Dorchester,42.28131620551634,-71.0724701415106,Private room,135,30,257,3,0.10,2025-08-23
1642784115516586710,R6_Triple Room In Fields Corner Area,Dorchester,42.30343640925436,-71.06402923477835,Private room,134,1,322,3,1.07,2026-05-02
48905210,LargeDuplex10Beds w/prkg near Downton,Dorchester,42.3025,-71.06311,Entire home/apt,1558,1,287,137,2.16,2026-05-03
1421424128783510051,The Serene Hideaway,Dorchester,42.29895,-71.07178,Private room,237,1,352,13,1.00,2026-03-30
1566195549087220120,Stylish Loft Retreat in Trendy Jamaica Plain,Jamaica Plain,42.31899,-71.10572,Entire home/apt,468,1,233,16,2.57,2026-06-08
1673266219782790201,Stylish 2BR Boston Neighborhood Retreat,Jamaica Plain,42.31488,-71.10877,Entire home/apt,424,5,173,0,,
1546062526650866706,Room W/parking / Steps to train/2 Min from Airport,East Boston,42.38034,-71.02437,Private room,179,1,11,19,2.57,2026-06-13
49959608,"Swanky Unit w Cntrl air, mins 2 city Modrn Top flr",Dorchester,42.30807,-71.06147,Entire home/apt,323,1,53,215,4.65,2026-05-25
1503249460388585849,Boston Escape – Close to Downtown & Airport,East Boston,42.38049,-71.02973,Private room,228,1,324,108,11.49,2026-06-13
1410402162430822181,Boston Skyline Stay | 1BR + City Views,East Boston,42.3660186,-71.0371205,Entire home/apt,493,2,160,44,3.53,2026-05-28
611081,Houseboat in Boston Harbor,Charlestown,42.37579,-71.04981,Entire home/apt,536,1,299,160,1.35,2026-05-29
36370563,"Charlestown houseboat, walk to Boston attractions",Charlestown,42.37482,-71.05098,Entire home/apt,410,1,323,49,0.58,2026-02-16
1502605249538152407,Boston Summer 3BR | Walk to Train + Parking 80/3,Dorchester,42.29078,-71.06892,Entire home/apt,699,1,320,11,1.29,2026-06-03
1502603040573309426,Sunny Boston 4BR | Walk to Red Line + Parking 80/2,Dorchester,42.29036,-71.0687,Entire home/apt,663,1,281,22,2.37,2026-06-06
1474206141013095785,World Cup Retreat | 3BR Near Boston 85a,Dorchester,42.30198,-71.06783,Entire home/apt,637,2,349,13,1.27,2026-05-19
1508906466510621313,Chic 3BR1.5BA City Stay | Near T + Parking,Dorchester,42.30948,-71.05987,Entire home/apt,497,2,358,5,0.57,2026-05-31
48210616,Spacious Suite in a quiet Boston neighborhood.,Brighton,42.34388,-71.15633,Private room,262,1,245,83,1.32,2025-09-03
1677621839747744226,The Eastie Gem | 5 Min to Logan Airport,East Boston,42.38028,-71.02632,Entire home/apt,626,1,358,1,1,2026-06-09
26828892,Shelly's Swan Room,East Boston,42.38137,-71.02311,Private room,126,1,192,975,10.12,2026-06-10
1324000957528289484,Brand New Modern Apt |Near T,Dorchester,42.29508939999999,-71.07380289999999,Entire home/apt,556,1,59,13,0.86,2025-08-26
27503398,Light-Filled Luxury Apartment with View,Roxbury,42.32489,-71.09417,Entire home/apt,414,1,208,416,4.38,2026-06-11
859566125486151685,Location+Comfort+Convenience!,East Boston,42.36971097877554,-71.04019015026245,Entire home/apt,539,2,76,74,2.01,2026-06-15
1487371860570165827,5BR|3B • Families & Group • Hospitals • downtown,Dorchester,42.32466695967374,-71.05689921323837,Entire home/apt,619,1,103,18,2.06,2026-05-04
1558983978185695653,Home in East Boston,East Boston,42.3818712,-71.021048,Entire home/apt,399,2,335,6,1.01,2026-06-01
1090694766738336567,Patriot: Three Story Vessel,North End,42.36303,-71.05102,Entire home/apt,759,2,209,54,2.03,2026-05-31
552968006314520018,Large 8BR 2 units Steps to Train | Private Parking,Dorchester,42.29853,-71.06139,Entire home/apt,2108,1,173,49,0.94,2025-11-16
974130181789175734,1 BR Gem 5min to Train & Airport explore the city,East Boston,42.37138183463158,-71.0399257294879,Entire home/apt,285,1,121,136,4.88,2026-06-15
22940115,"Beautiful private place, 4 min fr T, 5 min airport",East Boston,42.38383,-71.0346,Private room,283,1,329,327,3.22,2026-05-31
838791296379971638,Revolution Loft: Two Double Beds,South End,42.34653,-71.07053,Private room,,1,0,15,0.19,2022-08-11
1553727697314166944,Two Bedroom Apartment Near Fenway Park!,Fenway,42.34269048319792,-71.10133910721864,Entire home/apt,649,1,172,24,4.34,2026-06-11
1484036661814392478,Boston Lakeside Oasis with Pool,Brighton,42.34242,-71.16682,Entire home/apt,114,14,350,2,0.21,2025-12-16
19149341,Fun Houseboat,Charlestown,42.37579,-71.04981,Entire home/apt,511,1,324,114,1.05,2026-04-04
9114896,"Private fl w/2BR, 1B, 1LR w/full kitchen",Brighton,42.35475,-71.15875,Entire home/apt,117,29,180,78,0.61,2026-06-07
1632089310570673167,Cozy Room DE,Brighton,42.34617,-71.15233,Private room,125,29,365,13,3.94,2026-05-30
1339923159696128877,Bohemian Paradise | Easy Access to All of Boston,Dorchester,42.30927602668448,-71.06781649331577,Entire home/apt,461,1,104,13,0.83,2026-06-01
1353147697456314846,Boston modern appartment,Dorchester,42.29077171683692,-71.06155967010712,Entire home/apt,391,2,309,0,,
1518149415726203713,Beautiful 3BR Boston w/Parking | World Cup 2026,Dorchester,42.30197,-71.06791,Entire home/apt,613,2,334,14,1.63,2026-06-07
1350086372123722436,"Near MBTA Red Line, Fenway & Logan • Comfy 4BR 301",Dorchester,42.3062311,-71.0602314,Entire home/apt,515,1,293,17,1.21,2026-06-05
1642811798061493135,W4_ Double Room In Andrew Station Area,Dorchester,42.30180762714264,-71.06423758051287,Private room,149,1,124,2,0.69,2026-04-17
1066879803257359794,Cozy Room 15 Minutes to BOS Airport,East Boston,42.375558476816586,-71.03573253428006,Private room,200,1,75,273,9.62,2026-06-15
1213787809216285952,4 bdrm apartment next to Airport/Downtown,East Boston,42.383254998480496,-71.01917370667395,Entire home/apt,341,1,357,141,6.27,2026-05-27
1440804415467027007,NomadiQ boutique stay,East Boston,42.37503,-71.03252,Entire home/apt,205,1,359,67,5.43,2026-06-01
1642187757758240696,Luxury 1BR near Harvard fd5n,Allston,42.362426102973856,-71.13519759057013,Entire home/apt,275,29,324,2,0.66,2026-03-26
1198521544478660325,"Superior King Room, Longwood Inn, Close to Museums",Longwood Medical Area,42.33832,-71.10647,Hotel room,478,1,360,7,0.61,2026-05-31
1339325892552072294,nice and cozy room 1,Brighton,42.35589,-71.15815,Private room,88,1,365,68,4.10,2026-06-06
18875599,The Pistachio Room at TPH - Boston,Brighton,42.35401,-71.16776,Private room,183,1,317,120,1.09,2025-10-19
50009772,Spacious & newly renovated private room!,Dorchester,42.28918,-71.06166,Private room,202,1,244,27,0.46,2026-05-18
1544347653759746502,"Blueground | Lower Allston, view, nr Charles River",Brighton,42.3631472,-71.1378921,Entire home/apt,,30,228,0,,
838771894893288060,Bed:Queen + Bath:In-Room,South End,42.34647,-71.0714,Private room,,1,0,210,2.63,2023-01-15
996896435312647118,Spacious 3 Bed 2.5 Bath Home Top Loc. w/Parking,Bay Village,42.3507,-71.06702,Entire home/apt,,2,0,107,3.27,2026-05-14
1642784442583283607,RX_Triple Room In Fields Corner Area,Dorchester,42.303371467544935,-71.06521691457205,Private room,127,1,121,2,0.67,2026-05-01
1595278332036605072,"Sun-filled Unit, Elevator, Pool, Boston College",Brighton,42.33826711202484,-71.1549579772771,Entire home/apt,176,30,342,0,,
1642813956164620169,WX_ Double Room In Andrew Station Area,Dorchester,42.30284,-71.06577,Private room,80,1,259,0,,
1385827841028949727,"Large, historic 4 bedroom home",Dorchester,42.30316,-71.07541,Entire home/apt,563,2,100,1,0.53,2026-04-21
615388600646163891,"2Bedroom - WALK to subway, hospitals, food, & more",Mission Hill,42.330807,-71.112587,Entire home/apt,362,3,201,126,2.53,2026-05-26
22327139,Modern & Bright-Great Location-Mins to Logan,East Boston,42.37855,-71.03157,Private room,249,1,347,896,8.70,2026-06-06
49076097,4BR Steps to Train to Downtown | Parking,Dorchester,42.29928,-71.0609,Entire home/apt,672,1,173,82,1.31,2026-06-01
1024462753101370264,Individual bedroom 3,Dorchester,42.29325,-71.07544,Private room,217,1,361,46,1.79,2026-05-29
1681571953610618090,2BR Near Airport and Public Transit,East Boston,42.36619,-71.03127,Entire home/apt,377,2,350,0,,
44135040,“Boston Harbor Yacht for 6 Waterfront Stay”,Charlestown,42.37603,-71.05034,Entire home/apt,808,1,213,79,1.10,2025-09-18
15018607,"Cute 1 bedroom in East Boston,  close to airport",East Boston,42.36848,-71.03665,Entire home/apt,263,1,109,339,2.86,2026-06-13
1638409604242884973,Walk to Harvard | Outdoor Terrace + Restaurant,Allston,42.363976,-71.119664,Private room,468,1,148,0,,
45502853,Unique Waterfront Escape - Boston Harbor Houseboat,Charlestown,42.37667,-71.05025,Entire home/apt,496,1,326,16,0.24,2025-11-16
764378872296800230,Studio Getaway,East Boston,42.36716,-71.03568,Entire home/apt,291,1,54,138,3.57,2026-06-11
705104239378951885,5BR 2BTH Bright & Spacious  Apt in Brighton,Brighton,42.36193,-71.14457,Entire home/apt,282,29,190,26,0.67,2025-04-22
1350071389732690605,Luxury 1BR Next to Airport 8199,East Boston,42.37471,-71.03156,Entire home/apt,358,1,357,39,2.67,2026-06-07
1339122322732605643,Luxury 1BR Next to the Airport 3135,East Boston,42.37518068640529,-71.0300895106112,Entire home/apt,259,1,357,31,1.85,2026-06-03
1619828021228866233,*3 TDGarden Celtics/Bruins/Lil Italy/Historic,North End,42.36811,-71.05602,Entire home/apt,284,1,276,9,3.00,2026-05-03
53899025,Best Location in Boston!,East Boston,42.36662,-71.03784,Entire home/apt,479,1,47,66,1.26,2026-05-17
50696705,Pvt. Bedroom & Bath | Co-Live by Thatch™ | 31 #1E,Roxbury,42.33026,-71.09193,Private room,96,30,333,6,0.11,2026-05-11
1169578723459087401,"Comfy 3-Bundle Rooms, Shared Apt, Brighton",Brighton,42.36191713265722,-71.14313105567548,Private room,399,1,317,2,0.21,2026-04-10
1333523101554004739,Charming Family Home in Charlestown,Charlestown,42.3789292403641,-71.06727552236346,Entire home/apt,689,3,202,0,,
1701334761507430995,Modern 4BR Boston w/Parking - Near Red Line T 2331,Dorchester,42.30751739999999,-71.07542149999999,Entire home/apt,538,1,307,1,1,2026-06-12
1666791544541916960,*2 TDGarden Celtics/Bruins/Lil Italy/Historic,North End,42.36758,-71.05654919999999,Entire home/apt,258,1,263,4,2.40,2026-05-27
658109340864436746,Eastie Gem: Taste of local life by the waterfront,East Boston,42.36969,-71.03944,Entire home/apt,495,1,258,34,3.17,2026-06-15
1591369281306731024,Modern Boston Apartment with Private Roof Deck,East Boston,42.37672,-71.03702,Entire home/apt,1250,2,363,1,0.22,2026-02-02
842083325390113866,Luxury home near downtown,Mattapan,42.27382,-71.07947,Entire home/apt,637,29,250,2,0.27,2026-02-09
1007486142006282338,Large Bedroom + En-suite Bath 2B,Dorchester,42.28229899028369,-71.0733387619257,Private room,122,30,288,6,0.25,2026-04-01
1577915971154258143,Luxury condo near downtown,Mattapan,42.2717,-71.07889,Entire home/apt,877,29,362,4,0.72,2026-05-17
1590656370134420950,Luxury room,Mattapan,42.27298335626985,-71.07912404433864,Private room,444,29,364,0,,
50731729,ENTIRE 2BR APARTMENT IN A NICE QUIET NEIGHBORHOOD!,Mattapan,42.27186260442167,-71.0838019517025,Entire home/apt,185,29,89,106,1.76,2023-11-12
14585335,SPACIOUS TOWNHOUSE with Essential Amenities,Mattapan,42.27554,-71.07091,Entire home/apt,340,29,344,41,0.35,2020-12-20
16453657,Quiet & Perfect Location Near The Red Line!,Dorchester,42.28732,-71.06625,Private room,51,30,332,4,0.04,2024-11-30
53358922,Small Cozy Room walk to Subway Airport,East Boston,42.3764,-71.03553,Private room,103,1,54,281,5.12,2026-05-30
1257518652957335127,The Princeton Boston - Luxurious Apartment (New!),East Boston,42.37670268648397,-71.0351585203212,Entire home/apt,776,1,299,25,1.25,2026-06-13
905626249213919220,Retro Bungalow| Inquire for Discounts & Questions,Mattapan,42.28164157543658,-71.09436311898457,Entire home/apt,313,29,364,4,0.11,2023-10-08
1475611603049769719,Great Stay to Explore Boston - Near Subway & Logan,East Boston,42.37645,-71.03727,Private room,258,1,356,45,4.25,2026-05-30
773990108250892522,A Sweeter Place (C) managed by Andrea,Mattapan,42.27713,-71.08175,Private room,43,30,165,9,0.23,2026-05-24
48030134,Modern/Luxury | Steps from Zoo & Golf Course,Roxbury,42.29916,-71.08675,Entire home/apt,467,2,196,232,3.72,2026-05-03
37021350,Elegant & Clean Room close to Subway and Downtown,Dorchester,42.3138,-71.05331,Private room,78,29,224,20,0.24,2025-10-26
53527110,2 Mi to Dtwn: Boston Apartment Near Beaches!,South Boston,42.33379,-71.03139,Entire home/apt,137,29,193,28,0.51,2023-02-13
1694943424411518318,Family friendly apartment right on the Red Line!,Dorchester,42.29876,-71.06585,Entire home/apt,691,1,346,0,,
1453148984686571977,"Central, Stylish Home in Quiet Boston Neighborhood",Dorchester,42.30726,-71.06078,Entire home/apt,667,2,358,24,2.31,2026-06-09
1007323651771579048,Cozy Bedroom with En-Suite Bath 2C,Dorchester,42.2822991,-71.0733387,Private room,70,30,134,3,0.10,2025-05-20
990665291406143357,Cozy Private Room Near Red Line & Old Harbor Beach,South Boston,42.33277002230463,-71.05350248987847,Private room,74,29,42,4,0.46,2026-04-17
682706928099435560,Master bedroom & bath close to Subway and Downtown,Dorchester,42.31344,-71.053,Private room,90,29,292,8,0.18,2025-10-03
1597502127187631417,Modern Luxe Condo | Airport & Downtown in Minutes,East Boston,42.36674822528391,-71.03140032023772,Entire home/apt,495,1,288,15,4.46,2026-06-09
1461804901921357231,"Boston 2BR—Deck, Office, Parking",Dorchester,42.2841886,-71.0739505,Entire home/apt,,30,282,0,,
710219921415947886,South Boston Best Location!,South Boston,42.33581,-71.03809,Entire home/apt,1116,29,365,9,0.20,2022-11-27
1624106423668333606,Large Private Suite in Modern Jamaica Plain Home,Jamaica Plain,42.3153967,-71.1037126,Private room,187,2,90,6,4.62,2026-06-07
36587216,Private Master Suite & Large Livingroom in Boston,South Boston,42.33487,-71.04956,Private room,184,29,365,3,0.08,2023-09-02
1341577867324876162,Beautiful 2BR in Southend Boston 2676,South End,42.33696147128423,-71.06954386018366,Entire home/apt,308,1,339,38,2.79,2026-04-12
1400112583042551624,"Boston Escape, Near T",Dorchester,42.3155339,-71.0561512,Entire home/apt,675,1,353,61,4.47,2026-06-07
54391614,"Waterfront with 2 bars/lounges, near Boston Harbor",South Boston Waterfront,42.351655624836326,-71.04642558091206,Private room,451,2,364,0,,
1668915001982373263,South Boston Townhouse with Yard,South Boston,42.33599,-71.04151,Entire home/apt,356,29,52,0,,
832114453980214350,"Luxury, 2bed,2 bath, Boston Central, Boston Univ",Fenway,42.34671938164582,-71.10177411892872,Entire home/apt,338,30,333,8,0.21,2026-04-25
1080601954822191114,"Cozy Private Room, Walk to Red Line & Beaches",South Boston,42.331910736652155,-71.05332541426975,Private room,74,30,40,3,0.11,2024-03-18
7474855,Live in the Center of Newbury St Action! #11,Back Bay,42.34982,-71.08264,Entire home/apt,385,1,316,309,2.50,2026-06-03
833414952486827839,"Quarters on Broadway, South Boston 406 Bunk",South Boston,42.34183,-71.0558,Private room,279,1,183,33,0.85,2026-03-15
48439840,1BR in Downtown Boston| Walk Anywhere!,Downtown,42.358980395949175,-71.05393090509003,Entire home/apt,291,1,99,258,4.03,2026-05-19
39971003,Bay Village Suites: Perfect Studio Ready For You!,Bay Village,42.34858322143555,-71.0696029663086,Private room,204,1,342,75,0.96,2026-03-20
920272636633662094,"Charming Boston Home, Near T",Dorchester,42.3204372,-71.05602139999999,Entire home/apt,510,2,335,52,1.48,2026-05-31
1467420901296011810,Loft style 2BR unit in Boston Southend 0029,South End,42.34485522333673,-71.0658573474342,Entire home/apt,366,1,328,16,1.45,2026-05-19
849234104694269714,Luxurious 1BR in FIDI Boston | Close to Everything,Downtown,42.35884411390937,-71.05492076260008,Entire home/apt,578,1,92,147,3.77,2026-05-22
1495782580201959628,Gorgeous Apt with Kitchen,Fenway,42.34291,-71.09904,Entire home/apt,427,30,328,1,1,2026-05-20
1450012214448155951,Luxury Apt in Seaport with Gym,South Boston Waterfront,42.3527874,-71.0464795,Entire home/apt,351,30,348,0,,
1618293905002571828,Brand New Luxury Retreat w/ Pool & Fitness Center,Dorchester,42.32485,-71.06188,Entire home/apt,313,29,263,3,1.64,2026-06-05
1658052615013347518,(Mlb6) Walkable Back Bay Gem,Back Bay,42.35227,-71.07777,Entire home/apt,606,1,166,5,3.75,2026-06-14
1350072689389181200,Luxury Studio Next to Broadway 5061,South Boston,42.342773840046746,-71.05508344295158,Entire home/apt,239,1,348,44,2.87,2026-05-30
1672090223224090398,"@Orange Line 12-25min HMS, NEU, Back Bay, Downtown",Jamaica Plain,42.31643301675633,-71.1066487399995,Private room,42,29,169,0,,
579003720446743556,Thatch Quarters™ | Pvt. Room in Southie | 305,South Boston,42.34316,-71.0557,Private room,188,1,190,67,1.36,2026-06-12
706370390426147910,"Bold, Spacious 2br in Boston's Financial District",Downtown,42.35825,-71.05526,Entire home/apt,569,1,143,223,4.86,2026-05-31
48601985,Elegant 2BD/2BA furnished apartment in FiDi,Downtown,42.35893,-71.0553,Entire home/apt,305,1,154,286,4.48,2026-05-30
898508242331312550,Tranquil Allston Condo w/ Parking by Harvard/BU/BC,Allston,42.3515002,-71.1408802,Entire home/apt,269,29,315,20,0.61,2025-12-19
1632079243343806562,Luxury23.7 - Boston Landing - Allston Yards,Allston,42.35396790000001,-71.1388308,Entire home/apt,583,29,363,12,3.96,2026-05-28
689804165985101305,Lovely FIDI Studio | Close to Faneuil Hall!,Downtown,42.35871,-71.05515,Entire home/apt,361,1,170,171,3.71,2026-05-31
1341419651911709937,Luxury 1BR Near Broadway Southie 0637,South Boston Waterfront,42.3442,-71.05559,Entire home/apt,345,1,352,45,2.88,2026-06-03
45069092,Stylish 2-bedroom JP Pondside Pad,Jamaica Plain,42.31677,-71.11427,Entire home/apt,437,2,298,84,1.19,2026-06-03
29664067,Boston Home Near Downtown,Jamaica Plain,42.31455,-71.09906,Private room,137,1,348,262,2.83,2026-06-14
1375681174270903038,Luxury 3brm/1bath Duplex in JP,Jamaica Plain,42.31857643617818,-71.10666144003628,Entire home/apt,487,1,327,37,2.45,2026-06-01
1342994584624078520,Wonderful 1Bedroom in Beacon Hill Area,Dorchester,42.314565771511475,-71.06487017104712,Private room,70,29,34,0,,
50416639,Stylish Boston Studio - Fenway/Longwood,Mission Hill,42.33194,-71.10633,Entire home/apt,211,1,280,192,3.18,2026-05-26
676691058261718660,South Bos. W Broadway - 1 BR 1 BA #401,South Boston,42.34268369999999,-71.05653339999999,Entire home/apt,356,1,87,66,1.43,2026-03-30
17523630,Private & serene getaway in beautiful JP,Jamaica Plain,42.31299,-71.11876,Entire home/apt,265,3,312,315,2.80,2026-05-29
1258780576616575930,Adorable Apartment-Longwood/Fenway,Mission Hill,42.33369,-71.1071,Entire home/apt,271,1,271,68,3.48,2026-05-25
25429787,2 sunny guest rooms in 1920s flat amid parks+cafés,Jamaica Plain,42.31522,-71.11218,Private room,194,4,14,105,1.29,2026-06-06
1071235,Cozy JP Studio-Great Location!,Jamaica Plain,42.31653,-71.11049,Entire home/apt,229,2,116,451,2.83,2026-06-12
865785974116979767,Stylish Room in South End + Private Patio,South End,42.34111233139622,-71.07471588434498,Private room,92,30,91,15,0.41,2026-06-13
48103833,Designer Inspired | Keyless Entry | Financial Dist,Downtown,42.35835418840674,-71.05321336034264,Entire home/apt,560,1,110,271,4.20,2026-05-20
1664554389217272135,Brand New Back Bay Studio,Back Bay,42.34880436349801,-71.08862978590749,Entire home/apt,403,3,228,3,2.57,2026-05-31
994161541022326241,Brownstone Townhouse in Fenway,Fenway,42.3426674,-71.0873809,Entire home/apt,1484,1,82,90,2.99,2026-06-03
1703423061253266253,World Cup Boston 3BR | Large Group | 2 Park( 14A),Dorchester,42.3134088,-71.05534279999999,Entire home/apt,1064,1,352,0,,
1706946783758252707,"Southie Retreat |Near Broadway, Beach, and Seaport",South Boston,42.33527355276209,-71.03868549969239,Entire home/apt,211,31,319,0,,
1659580804401706487,"World Cup rental, beach access, parking So. Boston",South Boston,42.331210401723865,-71.04303549975157,Entire home/apt,719,29,154,0,,
947323957543072435,L. Sunny room easy commute to Boston Downtown,Dorchester,42.32087406801446,-71.05568976922757,Private room,78,29,364,40,1.20,2024-11-24
28912741,Simple South Boston Stays (entire place),South Boston,42.336525,-71.054451,Entire home/apt,351,2,83,71,0.76,2026-03-29
51804426,E_Cozy room easy commute to Boston Downtown.,Dorchester,42.32272,-71.0554,Private room,78,29,364,126,2.17,2025-08-02
736997125298255038,D_Lovely room easy commute to Boston Downtown.,Dorchester,42.32233,-71.05546,Private room,78,29,364,98,2.19,2024-12-05
2021489,Spacious Updated Boston Room/Condo,South Boston,42.33375,-71.04767,Private room,155,29,365,85,0.69,2023-08-11
1462377207025166083,Luxury Hideaway | Museums. Boston Common,Back Bay,42.35172,-71.07064,Private room,973,1,165,1,0.15,2025-11-23
1115794006242518251,Private Room | MTBA Access | Near Restaurant,South Boston,42.33105,-71.05513,Private room,,29,0,1,0.04,2024-04-14
1702182580976786466,In front of the T - Longwood Medical Area - Walk,Mission Hill,42.33399,-71.10709,Entire home/apt,160,1,189,0,,
32605534,Modern 1BR - Steps to T,Roxbury,42.3286575556131,-71.09550790861137,Entire home/apt,213,1,111,53,1.92,2026-05-30
24645479,Spacious sun-filled room near Longwood,Mission Hill,42.33091,-71.10255,Private room,165,1,132,133,1.37,2026-05-30
15832498,Victorian Treetop Apartment - Close to Everything!,Jamaica Plain,42.31764,-71.10922,Entire home/apt,576,5,263,93,0.93,2026-05-31
35080086,*FortHill Special! Clean Comfy & Cozy Guest Suite2,Roxbury,42.32363,-71.0952,Private room,236,2,230,108,1.26,2026-05-28
45972855,"FIFA 2 bedroom w/ central air, parking & laundry",Jamaica Plain,42.31631,-71.09878,Entire home/apt,351,2,206,87,1.47,2026-05-29
19364110,Large clean private room close to downtown,Mission Hill,42.33209,-71.1015,Private room,176,1,114,185,1.70,2026-05-29
8720718,Cozy studio apartment in Jamaica plain!,Jamaica Plain,42.3168,-71.10721,Entire home/apt,253,1,130,760,5.86,2026-06-09
1506433619359967585,"Bright, Open Studio - Longwood/Fenway",Mission Hill,42.331829038642006,-71.10596620037948,Entire home/apt,234,1,222,22,2.44,2026-06-01
1425287709516774905,"Blueground | Shawmut, pool, nr Boston Common",South End,42.3439382,-71.0638329,Entire home/apt,,30,161,0,,
50416070,Sunny Boston Studio - Fenway/Longwood,Mission Hill,42.33208,-71.10628,Entire home/apt,194,1,21,166,2.75,2026-06-01
52835378,Longwood/Fenway Cozy Studio,Mission Hill,42.33252,-71.10491,Entire home/apt,186,1,262,150,2.82,2026-05-30
711448738229382796,Cozy Longwood-Fenway Studio,Mission Hill,42.33186,-71.10578,Entire home/apt,265,2,273,102,2.33,2026-05-30
831920496371165632,Spacious Mission Hill Studio!,Mission Hill,42.33238913992304,-71.10074118946933,Entire home/apt,372,1,79,47,1.19,2026-04-17
865491574396499608,Affordable Private Room Near Longwood Medical Area,Jamaica Plain,42.32426,-71.10649,Private room,152,3,44,23,0.60,2025-09-28
1681130531584295754,Deluxe 2 Double | Seaport Boston |Waterfront Hotel,South Boston Waterfront,42.3489863,-71.041212,Hotel room,634,1,354,0,,
1582906265022457698,S Boston | 5BD/2BA · Sky Deck | Downtown · Airport,South Boston,42.33805672717353,-71.03998820279176,Entire home/apt,1175,2,204,3,1.73,2026-06-03
577685294725125045,Thatch Quarters™ | Pvt. Room in Southie | 205,South Boston,42.34182,-71.05615,Private room,181,1,189,26,0.50,2025-08-14
1208001028282106056,Remote Work Vacation/1 mile from Convention Center,South Boston,42.33719017583703,-71.0452656042401,Entire home/apt,1712,2,334,0,,
1681130586413465569,King Suite | Seaport Boston | Waterfront Hotel,South Boston Waterfront,42.34899,-71.04121,Hotel room,833,1,356,1,1,2026-05-29
1116658347892564681,Poseidon's Escape: Ocean Retreat,Downtown,42.36203,-71.04866,Entire home/apt,333,1,242,16,0.61,2024-08-21
48602234,Airy 2br Apt Downtown Boston - Smart Lock Entry,Downtown,42.35745,-71.0533,Entire home/apt,427,1,93,265,4.15,2026-01-27
1411177880695678975,3 BDRM Apt Next to Airport/5 min to Downtown,East Boston,42.37247613414599,-71.03613608140415,Entire home/apt,291,1,179,113,8.48,2026-06-07
771117597362932880,Perfect North End Studio,North End,42.36667,-71.05215,Entire home/apt,378,1,345,160,3.72,2026-05-25
930388694249975492,"Cozy FULL Bd, 7mn to Aiport, 3mn walk to Train",East Boston,42.37091,-71.03928,Private room,175,1,331,150,5.29,2026-06-12
826154106774733494,Exquisite North End 1brm,North End,42.36517738844505,-71.05263340741818,Entire home/apt,509,1,322,135,3.34,2026-06-01
53090937,2BR Spacious Yacht - Heat & AC- On Freedom Trail,Charlestown,42.375179,-71.048897,Entire home/apt,477,1,230,150,2.67,2026-04-27
970696545528120358,Simple Room walking to Airport T,East Boston,42.37654878429381,-71.03550695040252,Private room,146,1,51,174,5.15,2026-05-16
757230411058859668,Private bedroom next to Logan Airport,East Boston,42.3704059242531,-71.03423446151498,Private room,194,1,85,89,2.05,2026-06-12
48748798,Romantic Getaway on the roof - parking/Airport,East Boston,42.37721,-71.03767,Entire home/apt,431,1,177,265,4.16,2026-06-11
1131387367683922980,Newly Renovated Apartment,East Boston,42.38023,-71.03739,Entire home/apt,343,1,322,7,5.53,2026-06-12
1681130570675862728,King Harborview | Seaport Boston | Pets Welcome,South Boston Waterfront,42.3489863,-71.041212,Hotel room,694,1,358,0,,
1344321556066592352,Luxury 1BR Next to Logan Airport 6255,East Boston,42.37474,-71.0305,Entire home/apt,251,1,360,29,1.87,2026-05-31
1318257675992754308,King w/ Harbor View + On Site Dining & Rooftop Bar,South Boston Waterfront,42.35371,-71.04829,Private room,1028,1,152,0,,
22099733,Eastie Cozy Retreat - Chic & Large Priv Bedroom,East Boston,42.38041,-71.03189,Private room,249,1,344,847,8.24,2026-06-10
683914624290121400,New! Lovely 1br | FIDI District| Keyless Entry,Downtown,42.358556946375884,-71.05369992225988,Entire home/apt,400,1,225,179,3.89,2026-05-24
1544213395114595318,Small Studio|Steps>Longwood&MassArt|3-Min Walk>T,Mission Hill,42.33209,-71.10709,Entire home/apt,433,1,350,13,1.78,2026-05-30
210097,Treetop Haven in the City,Jamaica Plain,42.31685,-71.10867,Entire home/apt,225,1,68,338,1.88,2026-04-21
50359591,Spacious Basement Studio - Longwood/Fenway,Mission Hill,42.33248,-71.10711,Entire home/apt,280,2,279,115,1.90,2026-05-14
1109224,Sunny 4 Bed/2 Bath Victorian Oasis in the City!,Jamaica Plain,42.32004,-71.11185,Entire home/apt,741,2,254,98,0.63,2026-05-10
1430427178560445405,The English House: Historic Victorian Boston Stay,Jamaica Plain,42.3173592,-71.1113598,Entire home/apt,735,5,352,8,1.40,2026-06-08
5526487,*Fort Hill Inn: Penthouse Duplex* Close to Center,Mission Hill,42.33211,-71.09842,Entire home/apt,572,1,111,263,1.96,2026-05-26
52835965,Efficiency Apartment - Longwood/Fenway,Mission Hill,42.3338,-71.10709,Entire home/apt,234,1,261,143,2.62,2026-05-19
36165607,Spacious Boston Bedroom 02,Dorchester,42.31163,-71.06249,Private room,97,1,211,271,3.27,2026-06-10
1511772742034138410,Modern Boston Stay | Kitchen | Parking | Sauna,Dorchester,42.29025,-71.06117,Entire home/apt,174,1,250,22,5.79,2026-06-10
788926688853715289,1-Bedroom Apt (7B1) 20-Minuite To Downtown Boston,Dorchester,42.29712,-71.08053,Entire home/apt,260,1,246,231,5.46,2026-06-14
54392466,🎖The Ashmont Suite | Close to Subway + Downtown🎖,Dorchester,42.28784,-71.06787,Entire home/apt,490,1,215,169,3.58,2026-06-12
808849892048970179,3-Bedroom Apt (7W2) 20-Minuite To Downtown Boston,Dorchester,42.295945,-71.080569,Entire home/apt,287,1,214,308,7.44,2026-06-09
39893738,🎖The Ashmont Apartment | Close to Subway/Downtown,Dorchester,42.28791,-71.06906,Entire home/apt,341,1,215,266,3.42,2026-06-08
1437233804488677104,2BR Lower Garden-Level Apt 20min (Downtown Boston),Dorchester,42.30206,-71.08429,Entire home/apt,372,1,309,45,3.62,2026-06-09
1145924423957284971,Clean and cozy 5 star A,Dorchester,42.29619208313504,-71.0846392370577,Private room,177,1,191,61,2.37,2026-06-12
33156025,Victorian Boston Home/NO ADDED FEES,Dorchester,42.29595,-71.06715,Private room,200,2,241,166,1.89,2026-06-07
39494834,Spacious 3-bedroom home in Boston,Jamaica Plain,42.32175,-71.11435,Entire home/apt,456,4,153,0,,
1603298946190048083,Mature & Private Abode For The Family,Dorchester,42.30941,-71.06777,Entire home/apt,381,1,69,20,4.29,2026-05-24
1427491780432687642,3B fam/friendly Bostons best deal: 5 min from MBTA,Dorchester,42.303930302186494,-71.06311096580139,Entire home/apt,628,1,286,17,1.98,2026-06-07
1266988189074536800,X14N Near HMS/Longwood Hospitals,Mission Hill,42.33263,-71.11022,Private room,77,7,165,1,0.05,2024-10-29
47521,Bright Furnished Room with Separate Entrance,Dorchester,42.29871,-71.05954,Entire home/apt,137,1,85,344,1.79,2025-12-22
865495431683606764,Private Room (Violet) in a House,Jamaica Plain,42.32406084251169,-71.10620076790872,Private room,155,3,55,12,0.33,2026-05-31
1598836993945443437,"Beautiful, Modern, Light-filled, 2 Bedroom Apt.",Jamaica Plain,42.32142336928662,-71.10832727672117,Entire home/apt,708,1,119,0,,
886281829949013984,Charming New England Artist House,Jamaica Plain,42.31445,-71.09751,Entire home/apt,387,2,358,11,0.30,2025-07-17
20918049,Urban Oasis in Boston,Roxbury,42.32824,-71.09637,Entire home/apt,1419,4,123,0,,
1388688180406434538,Cozy Private Bed & Bath in Dorchester,Dorchester,42.308784225859114,-71.07076696146733,Private room,166,1,331,30,2.13,2026-06-05
1421440629270161242,Sunlit Retreat,Dorchester,42.29729,-71.07066,Private room,190,1,348,24,1.85,2026-06-05
51143502,Cozy and Clean Ashmont Apartment,Dorchester,42.28914,-71.07021,Entire home/apt,269,2,277,85,1.57,2026-06-09
713531321139220993,3-Bedroom Apt (7B2) 20-Minuite To Downtown Boston,Dorchester,42.2960056,-71.0810173,Entire home/apt,375,1,73,266,6.29,2026-06-14
1595264412405138013,Serenity in the city,Mission Hill,42.3286,-71.10865,Entire home/apt,799,1,46,0,,
1655981630472450474,Urban Oasis,Mattapan,42.27194104721015,-71.07518546283245,Entire home/apt,343,1,287,1,1,2026-06-10
22918412,Stylish garden level studio with a private patio,East Boston,42.37154,-71.03688,Entire home/apt,329,1,275,321,6.18,2026-06-14
831928988006349220,New! Gorgeous 2Br | Mission Hill,Mission Hill,42.33107906800154,-71.10018509120489,Entire home/apt,303,1,209,127,3.21,2026-05-29
1141283143890319587,Boston City Living in Comfort!,Jamaica Plain,42.3228114,-71.10686199999999,Entire home/apt,193,2,180,22,1.57,2026-05-25
1574131703829006955,Zakim-Walk to Airport/Subway-15 min to downtown,East Boston,42.3818712,-71.021048,Private room,146,1,335,24,3.96,2026-05-08
14086516,# friendly family home,Mattapan,42.27486,-71.077,Private room,257,1,365,80,0.66,2026-04-22
1090675272507051761,Paradise Found: Luxury Roof Deck,North End,42.36356,-71.05014,Entire home/apt,723,2,265,23,0.87,2024-10-28
45440353,"Luxury apt w/ sauna & deck | by airport, downtown",East Boston,42.36682,-71.02931,Entire home/apt,363,2,193,209,3.05,2026-05-30
1574114981085898754,"15 min T to Downtown, Walk to airport & subway",East Boston,42.3818712,-71.021048,Private room,146,1,337,23,4.01,2026-05-13
985499257021530456,Hidden Oasis in Trendy Boston Neighborhood,Jamaica Plain,42.31500761298455,-71.11426414828182,Private room,172,1,9,51,1.54,2026-05-16
1435078508890358968,Lux 3BD Minutes Walk to Airport,East Boston,42.3761378,-71.0352327,Entire home/apt,412,2,357,9,0.99,2026-05-17
51035250,Chic 1 Bedroom - Longwood/Fenway,Mission Hill,42.33411,-71.10557,Entire home/apt,262,1,232,199,3.35,2026-05-17
53702666,North End Family Villa,North End,42.36498,-71.05327,Entire home/apt,1461,1,210,148,3.24,2026-05-25
869100337454650984,Quiet brownstone close to city,East Boston,42.3672321,-71.0383392,Entire home/apt,582,1,244,178,4.64,2026-05-30
22327141,"Spacious, Modern & Comfy East Boston Hidden Gem",East Boston,42.37874,-71.03119,Private room,249,1,340,901,8.74,2026-06-11
23252361,Large 1-Bed. Condo in the Heart of the North End,North End,42.36551,-71.05513,Entire home/apt,484,1,261,385,3.85,2026-06-12
53260512,Room walking to Airport & Subway & Stores,East Boston,42.3777,-71.0358,Private room,135,1,67,289,5.30,2026-06-01
36622810,Boston Harbor 2 bedroom/2 bath with free parking,Charlestown,42.3765,-71.05067,Entire home/apt,529,2,160,309,3.74,2025-04-09
1009490318960300178,Luxury Penthouse w/ Private Roof Deck By The Ocean,East Boston,42.36533,-71.03132,Entire home/apt,545,1,156,190,5.98,2026-06-12
1610370293919434908,Modern Apt next to Airport!,East Boston,42.374331732940114,-71.03040928480186,Entire home/apt,410,1,355,36,7.88,2026-06-08
47873448,Boston Best with Parking - GREAT reviews,East Boston,42.37877,-71.0311,Entire home/apt,572,2,226,207,3.24,2026-06-14
809294142120107869,3-Bedroom Apt (9W2) 20-Minuite To Downtown Boston,Dorchester,42.2958734,-71.08054650000001,Entire home/apt,325,1,285,226,5.49,2026-06-14
1403138245944655943,Brand New 2BR Apt 20Min Downtown Boston,Dorchester,42.3010786,-71.08379049999999,Entire home/apt,445,1,287,65,4.65,2026-06-13
1046660280019085273,Boston Charm 2- Private Room Near Dowtown,Dorchester,42.30218,-71.0624,Private room,120,1,254,147,5.98,2026-06-12
52835695,Sunny Fenway/Longwood Studio,Mission Hill,42.33405,-71.10546,Entire home/apt,257,1,32,150,2.82,2026-05-29
4614037,Boston Rooftop Retreat-Logan Airport & Train,East Boston,42.378693,-71.035088,Entire home/apt,503,1,327,472,3.53,2026-05-31
1642784013949645792,R XI_Double Room In Fields Corner Area,Dorchester,42.30205614837091,-71.06580599787601,Private room,75,1,355,6,2.14,2026-05-29
1064061905284167356,Perfect 4-bedroom house in delightful neighborhood,Dorchester,42.2968,-71.08925,Entire home/apt,742,2,219,58,2.10,2026-05-30
830645573843180576,1-Bedroom Apt (9W1) 20-Minuite To Downtown Boston,Dorchester,42.2958734,-71.08054650000001,Entire home/apt,210,1,290,172,4.29,2026-06-14
1652959727123707566,The Wave,North End,42.36452370400555,-71.0514426434114,Entire home/apt,586,1,259,2,2,2026-05-25
1313041268689468497,Cozy home near the airport,East Boston,42.38128650827375,-71.02897274539056,Private room,200,1,125,111,7.62,2026-06-15
1421379068435246953,Cozy Classic with Queen Size Bed,Dorchester,42.29877603790027,-71.07114210242877,Private room,183,1,356,2,0.16,2026-04-21
1247376125895588714,Boston Charm 1: Private Room Near Downtown,Dorchester,42.30218,-71.0624,Private room,103,1,267,113,5.35,2026-05-31
994780570117786487,Boston / Dorchester Private Bed & Bath,Dorchester,42.30916,-71.07097,Private room,166,1,316,31,2.20,2026-06-06
695868903061431283,Close 2 City SwankyModrn  Unit w Centrl Air,Dorchester,42.3088302,-71.0602971,Entire home/apt,283,1,45,113,3.77,2026-06-01
1145905383131773804,Clean and cozy 5 star C,Dorchester,42.29601089623029,-71.08635488254166,Private room,135,1,308,73,2.83,2026-06-13
49123007,Boston Harbor View!Free Parking!North End 3 bed,Downtown,42.36239,-71.05044,Entire home/apt,1306,1,303,172,2.85,2026-05-31
1126936106349467555,Central 2 Bed in North End | Peapod Rentals,North End,42.36469,-71.05528,Entire home/apt,654,1,314,81,3.06,2026-05-17
806399242908056263,Guest Suite on the Hill,Dorchester,42.31201,-71.06022,Entire home/apt,428,1,334,109,2.79,2026-05-28
1341325006601885763,2 TDGarden Celtics/Bruins/Lil Italy/Historic,North End,42.36745,-71.05562,Entire home/apt,284,1,220,99,6.00,2026-05-30
49996009,Two Rooms in Big Home!,Dorchester,42.29065,-71.06361,Private room,287,1,148,29,0.47,2026-03-29
865064682512161383,Family & Group Haven near Downtown Retreat,Dorchester,42.30792251715304,-71.06957950762751,Entire home/apt,840,1,93,93,2.42,2026-05-02
24079621,Victorian 3rd Floor Unit,Dorchester,42.30441,-71.06202,Entire home/apt,280,1,103,226,2.29,2026-05-29
1340738683334348547,1B TDGarden Celtics/Bruins/Lil Italy/Historic,North End,42.3663528,-71.0551423,Entire home/apt,256,1,225,86,5.15,2026-05-24
1592796474573683145,"Bright and spacious 3BR Apt, gated 2 car parking",Roxbury,42.31737,-71.09798,Entire home/apt,668,1,71,5,4.05,2026-06-07
1501784163269124023,East Boston 3BR /Walk to Subway+ 2 Min to Airport,East Boston,42.38132179999999,-71.0231819,Entire home/apt,834,1,182,10,1.28,2026-05-10
934605708822300474,Lolo’s apt !Best location!,East Boston,42.3683239,-71.03689260000002,Entire home/apt,371,2,283,144,4.07,2026-05-31
19199379,Boston Country Landing / Logan Airport/Train 3Bed,East Boston,42.3798,-71.0347,Entire home/apt,514,1,318,478,4.37,2026-05-28
1663818330688931089,North End Apartment Prime Location,North End,42.3679,-71.05386,Entire home/apt,732,1,258,15,7.76,2026-06-13
681821351652731860,Cozy near Airport and Train,East Boston,42.3793231,-71.031711,Entire home/apt,812,2,221,59,1.42,2026-05-25
1658156549577951209,Cozy Boston Room • Minutes to Airport & T,East Boston,42.3751,-71.03807,Private room,203,1,365,0,,
1212486880305802655,Place next Airport/Downtown,East Boston,42.38110067368753,-71.02533223337656,Entire home/apt,170,1,361,96,4.96,2026-05-31
1475551253532939207,Private Stay Near T Line – Great to Explore Boston,East Boston,42.37441,-71.03758,Private room,258,1,301,82,7.78,2026-06-12
1387209966656065713,"Celtics/Bruins, Lil Italy, North End",North End,42.3685526,-71.05531069999999,Entire home/apt,296,1,237,34,2.39,2026-05-25
1672797982235675031,Central Renovated condo with parking/train,East Boston,42.3679,-71.03798,Entire home/apt,294,2,178,5,3.85,2026-06-07
1340725063730430001,1 TDGarden Celtics/Bruins/Lil Italy/Historic,North End,42.3663011,-71.0551741,Entire home/apt,256,1,244,76,4.60,2026-05-28
918372123506141881,Bright 2BR by Boston Waterfront,East Boston,42.367661469962364,-71.03295247100604,Entire home/apt,297,1,198,226,6.29,2026-06-02
1475547599790895587,Spacious & Modern BD - Near Subway & Logan Airport,East Boston,42.37585,-71.03599,Private room,287,1,324,70,6.65,2026-06-12
1677880511237997089,Boston 2BR Near Fenway + World Cup Access,Mission Hill,42.3308519,-71.112274,Entire home/apt,400,1,177,0,,
577611339928669096,Thatch Quarters™ | Pvt. Room in Southie | 204,South Boston Waterfront,42.34343,-71.05575,Private room,155,1,191,26,0.51,2026-06-10
1130279,"North End 3BR Condo - Spacious, Central  Location",North End,42.36489,-71.05198,Entire home/apt,999,1,198,224,1.41,2026-06-12
1045978037009332079,Primo North End Studio,North End,42.36596,-71.053,Entire home/apt,367,1,299,104,3.62,2026-05-24
674465521265134935,Lovely 2-Bedroom Condo by Jamaica Pond,Jamaica Plain,42.3223593,-71.1127947,Entire home/apt,598,6,245,36,0.78,2026-05-30
1388697429079623828,Cozy Boston: Private Bed in Dorchester,Dorchester,42.30921,-71.07106,Private room,151,1,246,30,2.13,2026-05-30
1411462334847096009,Bright room in Brighton,Brighton,42.336301146188546,-71.14898817998146,Private room,74,14,126,1,0.10,2025-08-08
1503081853040130813,6BR3BA w Parking Near T I Foosball & Family Space,Dorchester,42.29632,-71.06536,Entire home/apt,764,1,288,11,1.37,2026-06-06
1415512437586460957,Bright City-View Stay by Public Transport,Brighton,42.336485873924865,-71.14880061446264,Entire home/apt,145,2,283,2,0.25,2025-11-04
581151517001058166,Lovely 2BR with private parking 15-20m to Downtown,Dorchester,42.30843,-71.06155,Entire home/apt,347,2,59,123,2.47,2026-05-24
20237145,"Bright and Spacious 3 BedR., 1 bath",Dorchester,42.30427,-71.06056,Entire home/apt,314,1,112,211,1.96,2026-05-31
1613858306170801531,2A2 Private Room Next to Subway - Walk to Food.,Dorchester,42.30153,-71.06373,Private room,126,1,146,6,2.47,2026-06-01
1533388603072896611,Boston Charm 5: Private Room Near Downtown,Dorchester,42.30119,-71.0627,Private room,157,1,237,29,3.97,2026-06-13
794003883570818185,3-Bedroom Apt (9B2) 20-Minuite To Downtown Boston,Dorchester,42.295919,-71.0809854,Entire home/apt,375,1,276,233,5.56,2026-06-11
1642783695833309756,R3_Double Room In Fields Corner Area,Dorchester,42.3022,-71.06578,Private room,63,1,359,2,1.28,2026-05-26
31262321,Hidden Gem 3BR | Parking | Cozy Stay,Dorchester,42.28974,-71.0771,Entire home/apt,514,1,333,53,0.60,2026-05-28
1681433541225610104,Boston World Cup Home | 5BR & 5 Parking Spots,Dorchester,42.290653030546025,-71.06479056179523,Entire home/apt,1061,1,336,4,4,2026-06-14
1390008900265557370,Peaceful Cabinet of Curiosities/no added fees!,Dorchester,42.29599956137799,-71.06497208938612,Private room,200,2,349,11,0.92,2025-10-12
1095864109863426172,Newly Renovated 3BR Apartment,Dorchester,42.28825230222739,-71.0638442666993,Entire home/apt,456,1,345,43,1.70,2026-05-29
53631121,Spacious 2bd/1ba in Dorchester 1621,Dorchester,42.29735,-71.08051,Entire home/apt,296,1,355,123,2.24,2026-06-05
14057466,"2 BR | 1 BA  Close to DWTN & Medical, Free PRKG",Jamaica Plain,42.31316,-71.11279,Entire home/apt,234,4,265,278,2.31,2026-05-25
1642926664554213658,W3_ Double Room In Andrew Station Area,Dorchester,42.30307665285029,-71.0640743259803,Private room,94,1,356,1,0.53,2026-04-21
1082631162922004683,sunny and spacious in quiet area,Dorchester,42.31115,-71.07886,Private room,187,1,349,13,0.62,2026-06-15
1525441665136811090,Boston Charm 4: Private Room Near Downtow,Dorchester,42.3021796,-71.0623936,Private room,143,1,26,32,3.84,2026-06-03
1457644028866234680,Boston Charm 3. Private Room Near Downtow,Dorchester,42.302177,-71.0624284,Private room,152,1,172,14,1.65,2026-05-03
1642810949851510048,W1_ Double Room In Andrew Station Area,Dorchester,42.30358,-71.06406,Private room,185,1,339,1,0.48,2026-04-15
1642927015948253354,W7_ Double Room In Andrew Station Area,Dorchester,42.30191140515292,-71.06585565859588,Private room,100,1,356,3,1.07,2026-05-09
1642811561329945851,W2_ Double Room In Andrew Station Area,Dorchester,42.30338277188543,-71.06410760431753,Private room,94,1,344,1,0.55,2026-04-23
1318862875251670767,"Blueground | Back Bay, w/d, nr Prudential Center",Back Bay,42.3491652,-71.0807758,Entire home/apt,,30,6,0,,
1026381874760153877,"Large 3 Bed, 2 Bath in North End; Near Waterfront",North End,42.365513031238535,-71.05496857134477,Entire home/apt,550,1,325,127,4.53,2026-05-24
1649298092113135059,Private entire 2 Bedroom unit near Logan airport,East Boston,42.37091009857712,-71.03334689659209,Entire home/apt,377,1,89,0,,
1573966049685314728,4 TDGarden Celtics/Bruins/Lil Italy/Historic,North End,42.3663011,-71.0551741,Entire home/apt,284,1,247,8,1.60,2026-05-18
1213135724492280326,"Large 3 Bed, 2 Bath in North End; Near Waterfront",North End,42.36612,-71.05487,Entire home/apt,828,1,284,84,3.97,2026-05-29
1247837975229872926,Travel: Therapy,East Boston,42.3774429,-71.03858319999999,Entire home/apt,300,1,326,65,3.16,2026-05-29
1352131344345391841,Family-Friendly 4BR | 2 Bath | Walk to T & Logan,East Boston,42.37489,-71.03289,Entire home/apt,742,1,95,45,2.77,2026-05-19
1435073474068516944,Luxury 3BD Short Walk to Airport,East Boston,42.37624,-71.03514,Entire home/apt,469,2,332,19,1.93,2026-05-30
14035943,Gorgeous Huge Duplex 3 baths sleeps 6  Parking,North End,42.364253,-71.052626,Entire home/apt,1383,1,297,257,2.20,2026-03-23
50171555,Lavish 3br In Downtown | Keyless Entry,Downtown,42.3555,-71.06193,Entire home/apt,857,1,18,357,5.87,2026-05-27
44207601,Airy Brownstone Studio in Boston's South End,South End,42.34085,-71.08078,Private room,166,29,177,0,,
1582056073772934256,1br in Downtown ch56,Downtown,42.35102,-71.06474,Entire home/apt,280,1,332,14,2.90,2026-06-07
1584522572356277973,801M Prime Location Luxury Downtown Boston,Downtown,42.35794638931555,-71.06155666631733,Entire home/apt,265,29,223,0,,
51154191,★ PRIVATE Condo in Prime Location ★,North End,42.36781,-71.05559,Entire home/apt,257,1,234,337,5.65,2025-04-29
25284439,Refined FIDI 1BR Near Chinatown & Transit,Chinatown,42.352093,-71.060806,Entire home/apt,258,30,362,11,0.11,2022-11-26
1415159090047625479,Bright Boston 3BR Group Stay w/Free Parking 558/3,Dorchester,42.2946641,-71.0760832,Entire home/apt,353,1,305,19,1.44,2026-06-01
1502564275661482159,Cozy 3BR Boston w/Parking + Easy City Access 558/2,Dorchester,42.29513,-71.0771,Entire home/apt,365,1,293,18,2.07,2026-05-30
14873100,"Large room, 2nd floor, wood floor, 27 Dexter Str.",South Boston,42.33034,-71.05802,Private room,94,5,227,157,1.33,2026-05-18
889355642762842640,"Downtown Studio Apt, Perfect for Medical Workers",Downtown,42.3507,-71.06544,Entire home/apt,143,30,281,6,0.16,2026-04-30
1474258917107801662,Boston World Cup Stay | 3BR | Free Parking,Dorchester,42.30234,-71.06827,Entire home/apt,678,2,349,14,1.41,2026-06-01
1415538215418386690,World Cup Boston 10BR Group Stay Train + Parking,Dorchester,42.297845492106916,-71.06823516654023,Entire home/apt,2234,2,355,4,0.50,2026-01-12
939167050511436341,Single Family Boston House Great Privacy,West Roxbury,42.2842416,-71.167526,Entire home/apt,988,2,335,51,1.51,2026-05-31
730478965019511672,Newly renovated. 10 mins to Boston. 3bds+2brs Apt.,Dorchester,42.2932,-71.06254,Entire home/apt,742,1,306,35,0.81,2025-12-22
53321922,“Arboretum Retreat” city of Boston,Roslindale,42.2904167175293,-71.136474609375,Entire home/apt,472,2,201,90,1.63,2026-06-09
777800715043740407,W.R. room full bed w/ pull out couch tv a.c.,West Roxbury,42.27934864405998,-71.16129037469021,Private room,114,1,361,49,1.28,2026-05-20
762582023948839729,Private double bed tv pet ok lock 2nd flr a.c,West Roxbury,42.279479136551686,-71.15932762726267,Private room,219,1,180,71,1.82,2026-05-30
1040690604432778871,Newly Renovated 4BR1.5BA Apartment,Dorchester,42.28155,-71.05255,Entire home/apt,550,2,229,35,1.25,2026-06-02
1701275958478089201,Newly Renovated 4BR Boston Apt w/ Kid Friendly 902,Dorchester,42.2951846,-71.0530428,Entire home/apt,373,1,302,0,,
1297344633010451814,"Stylish Open Conce 2BD/1BA 2nd Floor, w/offstpark",Roslindale,42.2867345,-71.1472243,Entire home/apt,220,29,352,2,0.14,2025-06-15
1003558130241164069,Private Suite: Own Entry. Parking. 7 Min to Train!,Roslindale,42.27349,-71.11965,Entire home/apt,349,2,252,53,1.66,2026-05-29
47137042,Charming 2br in hip neighborhood w Private Deck,Roslindale,42.28834,-71.13646,Entire home/apt,118,29,345,9,0.14,2023-03-20
1654678161518109617,Light filled apartment in Roslindale,Roslindale,42.27901668182473,-71.12643989745233,Entire home/apt,218,1,69,6,6,2026-06-13
13613229,~*30min to Downtown*~ THE COSMOPOLITAN,Hyde Park,42.26145,-71.11662,Entire home/apt,255,2,341,378,3.39,2026-05-27
1538626016151930313,Luxury Retreat | Walk to T | Minutes to Downtown,Dorchester,42.28485,-71.07098,Entire home/apt,776,2,348,6,0.77,2026-04-26
676859212424870949,2BR Savin Hill Condo | Balcony + Red Line,Dorchester,42.31135,-71.04706,Entire home/apt,247,30,327,4,0.11,2023-11-11
608658771570500261,"(DR79) 5BR Home w/ Roof Deck, Bay View & Parking",Dorchester,42.2865,-71.03959,Entire home/apt,1260,1,127,82,1.65,2026-02-23
51072005,Lovely Private Studio near Logan Airport,East Boston,42.391317,-71.007146,Entire home/apt,223,1,123,274,4.73,2026-05-30
894539,Private room in house,Roslindale,42.29017,-71.13169,Private room,132,2,252,70,0.45,2026-04-09
1392820744423580872,Sunny JP parkside condo w/ kids bunkbed AND CATS,Jamaica Plain,42.31128703018637,-71.10037724011693,Entire home/apt,296,1,136,5,0.39,2025-12-26
1503229783048431160,5 -room 3,East Boston,42.38967,-70.99875,Private room,211,1,268,11,1.21,2026-06-02
47780618,Luxury Condo in Boston w/ backyard & parking,East Boston,42.38347,-71.01653,Entire home/apt,491,1,47,189,4.54,2026-05-22
1386536511427101098,Luxury 2BD/2BA Near Airport 2161,East Boston,42.38619028168348,-71.00521667734915,Entire home/apt,310,1,330,40,2.76,2026-05-31
22013980,Now availJamaica Plain & Arboretum 20min toBoston,Jamaica Plain,42.3058984,-71.12495179999999,Entire home/apt,320,3,221,175,1.78,2026-06-09
1418464879158667707,3BR/ 2 BATHS JPWalk to T / off st parking,Jamaica Plain,42.31197,-71.10312,Entire home/apt,797,2,309,16,1.34,2026-05-19
931895259275496500,Cozy home with backyard & patio,Jamaica Plain,42.30782,-71.11265,Entire home/apt,571,2,280,7,0.53,2025-11-30
7086825,Private Room near public transport,Roslindale,42.28249,-71.1146,Private room,39,29,197,26,0.20,2025-11-01
1602405427238501824,Close to Fenway Park + Free Breakfast & Gym,Brighton,42.364898448262856,-71.13562849208617,Private room,314,1,295,0,,
1647799030065063362,Sunny 3BR Boston Stay Family & Group Friendly 60/2,Mattapan,42.2762582,-71.073779,Entire home/apt,495,1,295,8,3.24,2026-06-11
670091887090570677,Fantastic 3 bedroom Condo.Everything is brand New!,Mattapan,42.2736,-71.07226,Entire home/apt,598,2,360,48,1.29,2026-04-21
1646670880211030288,"Cozy, Simple and Clean Room in Boston",Dorchester,42.27988,-71.0648,Private room,103,1,90,2,1.11,2026-05-18
46237380,Harborside Inn-Boutique Hotel,Downtown,42.35881,-71.05191,Private room,479,1,297,168,2.73,2026-01-18
48602602,Charming 1BR Flat Downtown Boston | Walk Anywhere,Downtown,42.35889,-71.05337,Entire home/apt,351,1,96,259,4.15,2026-03-24
22267104,One by Land BCEC History-Cruise- PVT Bath/Entry,South Boston,42.33451,-71.02731,Entire home/apt,218,2,83,570,5.60,2026-06-14
21802497,Large apartment for up to 8 ppl/3rd floor,Dorchester,42.31345,-71.05631,Entire home/apt,394,1,320,87,0.84,2026-05-23
883927278367713777,Boston by the beach with patio & private bathroom!,South Boston,42.336180098174786,-71.02861688707804,Private room,239,1,71,41,1.49,2026-06-11
1683567617254543917,Luxury Studio Next to Broadway cn54,South Boston Waterfront,42.344186042612314,-71.05507764380567,Entire home/apt,347,1,346,2,2,2026-05-28
1223978200261721968,Boston Apart with outdoor patio-8 people,Dorchester,42.32209,-71.05621,Entire home/apt,599,2,327,15,0.73,2026-05-19
549537073076655277,"Beautiful Oceanfront, 2Bed/Bath South Boston condo",South Boston,42.33399,-71.02601,Entire home/apt,885,3,75,15,0.30,2023-05-21
1350086440022069623,Boston 3BR Getaway w/Parking near Airport 30/3,Dorchester,42.3062311,-71.0602314,Entire home/apt,718,1,288,21,1.31,2026-05-13
1653141750109968042,World Cup Accommodations! In-law Apartment.,Dorchester,42.29345,-71.06974,Private room,365,2,41,0,,
1324606735904586675,Spacious 1BR Home close to Train & Downtown,Jamaica Plain,42.32229,-71.10336,Entire home/apt,349,1,114,35,2.03,2026-06-07
24261049,Boston's Best Vacation Home,Mattapan,42.27467,-71.07362,Entire home/apt,385,29,354,40,0.74,2023-11-24
49051734,WorldCup 4BR 1 Min Train Parking Downtown Access,Dorchester,42.2986,-71.06144,Entire home/apt,1071,1,121,100,1.58,2026-05-18
1655482157031028579,SuiteLife on the Hill,Mission Hill,42.32978,-71.10944,Entire home/apt,269,3,87,0,,
973323653668621032,Boston Studio | Full Amenities · 25 Min Downtown,Mattapan,42.2725737,-71.0860593,Entire home/apt,121,30,89,1,0.03,2023-11-14
1634985708012852260,East Boston Apartment | 5 Min from Logan Airport,East Boston,42.38078,-71.0298,Entire home/apt,580,1,97,17,5.67,2026-06-14
1680167068827191722,The Logan | 5 Min to Airport | East Boston,East Boston,42.3795686,-71.02732879999999,Entire home/apt,440,1,355,0,,
1552926111549085880,L4 Spacious North End Walkup Loft Apartment,North End,42.36463731762851,-71.05154841644486,Entire home/apt,494,1,306,6,0.90,2026-05-18
1506005858089010602,Spacious 4 bdroom apt in East Boston,East Boston,42.38194,-71.01981,Entire home/apt,273,1,357,8,0.94,2026-05-25
1341419228074005451,Luxury 2BR Next to the Airport 4904,East Boston,42.37678,-71.03169,Entire home/apt,390,1,353,13,0.87,2026-06-06
1342994167717802155,Luxury 2bd/2ba Next to the Airport 0548,East Boston,42.3749,-71.0307,Entire home/apt,281,1,345,48,3.12,2026-06-10
1632872760314457280,"2BR TDGarden, Celtics/Bruins, Lil Italy, North End",North End,42.36723038723014,-71.05538571447555,Entire home/apt,513,1,229,6,3.27,2026-06-01
1701181007551615508,New Downtown Boston | Game Room Free Parking FIFA,Downtown,42.359101299568096,-71.05262051497105,Entire home/apt,1290,1,275,0,,
1540040801178537942,"Small Studio|Walk > MassArt, Longwood | 3 Min > T",Mission Hill,42.33258,-71.10694,Entire home/apt,406,1,124,3,0.41,2026-05-25
1232687727870627683,H&H Boston,Mission Hill,42.32900919828094,-71.10832292019836,Private room,160,1,46,42,2.07,2026-03-14
706435487823408368,Comfy Financial District 1br | Keyless Entry,Downtown,42.358666840984604,-71.05489370532862,Entire home/apt,335,1,169,191,4.15,2026-05-29
706401579813628843,Open Air 2BR | FIDI Boston | Close to Everything!,Downtown,42.3579815584475,-71.05506052287039,Entire home/apt,417,1,155,219,4.77,2026-05-28
577711068119608643,Thatch Quarters™ | Pvt. Room in Southie | 206,South Boston Waterfront,42.34353,-71.05614,Private room,197,1,170,26,0.50,2026-03-08
1732804,Private room/ MUST LOVE DOGS,Dorchester,42.29009,-71.05762,Private room,137,1,303,208,1.35,2026-06-14
32723746,Charming Art Filled Victorian w/Gorgeous Bath,Dorchester,42.30461,-71.06636,Private room,149,1,334,254,2.91,2026-06-14
37968399,Comfortable Boston Bedroom 03,Dorchester,42.31178,-71.06242,Private room,93,1,139,207,2.50,2026-05-27
1426000830413470116,Eastie Retreat |Stylish Mid-Century Modern Escape,East Boston,42.36610392834197,-71.03535993112888,Entire home/apt,411,1,34,22,1.95,2026-05-19
1024455469327646600,Individual bedroom 2,Dorchester,42.29204,-71.0744,Private room,229,1,361,65,2.07,2026-05-29
827763943278645414,A Sweet Place (B) managed by Andrea,Mattapan,42.2778739,-71.0824847,Private room,40,30,165,9,0.24,2025-07-08
1642810843844064949,W9_ Double Room In Andrew Station Area,Dorchester,42.30314381755313,-71.06563117757332,Private room,79,1,336,2,0.97,2026-05-06
1706619043580687991,Welcome to our warm N inviting 4 Bedroom In Boston,Dorchester,42.30838248258876,-71.08063013975101,Entire home/apt,455,1,365,0,,
1642783409630523167,R2_Triple Room In Fields Corner Area,Dorchester,42.30351,-71.06537,Private room,123,1,352,4,1.33,2026-04-26
1702027074580652346,Spacious 4BR Boston Stay Near Park w/ Parking 27,Dorchester,42.3008748,-71.07063839999999,Entire home/apt,562,1,344,0,,
968897464379856942,Boston Getaway: Steps to Fenway & Top Sights #101,Fenway,42.34013,-71.0956,Entire home/apt,317,1,337,52,1.58,2026-05-22
1597453999575216050,2A1 - Newly Renovated Private Room -Next to Subway,Dorchester,42.29983,-71.06449,Private room,114,3,297,0,,
4555637,AKBrownstone: Loft rooftop views by T,Roxbury,42.32965,-71.0932,Private room,216,1,43,631,4.48,2026-06-08
695474598488938817,Cozy 3-Bedroom Home w/ Queen Beds and More,Roxbury,42.3173486,-71.0929748,Entire home/apt,531,1,216,122,2.65,2026-05-17
1679937368859156339,Private Room Near BMC & Downtown Boston,Roxbury,42.33336726057352,-71.07657185696989,Private room,163,1,67,0,,
49730420,"Fort Hill Inn  1 Bedroom Duplex,  *Sunny Condo*",Roxbury,42.33046,-71.09397,Entire home/apt,302,1,92,89,1.44,2026-05-25
1703270498333563981,Spacious 3BR Apartment for 8 | Heart of Boston,Roxbury,42.32651625311254,-71.07706762300599,Entire home/apt,455,1,352,0,,
1022395528118687422,Modern & Stylish 1-BR Condo near Downtown,Roxbury,42.318316092555925,-71.07806071252334,Entire home/apt,370,1,253,87,2.77,2026-05-31
1403976415694244973,Monthly Skyline Apartment,East Boston,42.372299217916186,-71.04379117046129,Entire home/apt,3689,29,53,21,1.68,2026-03-24
15281436,Charming Oasis Near Downtown & Airport,East Boston,42.37814,-71.03272,Entire home/apt,105,29,176,60,0.53,2020-11-30
1694368449503051633,Luxury 1BR Next to Airport s1zs,East Boston,42.37505,-71.03015,Entire home/apt,257,1,331,2,2,2026-06-06
751488512523959302,Classic & stylish condo near iconic Boston Harbor,East Boston,42.36599,-71.03674,Entire home/apt,251,7,166,1,0.04,2024-04-17
1382887549764933940,Beautiful 2BR in Southend Boston 8694,South End,42.335961461106876,-71.06916910203086,Entire home/apt,327,1,333,63,4.61,2026-05-30
1339323501240670760,Near Harvard Business Full House with FREE Parking,Allston,42.35939,-71.13044,Entire home/apt,703,1,362,3,0.24,2025-09-12
1587951020251243518,Cozy Room Peaceful Patch in Brighton,Brighton,42.34924887810894,-71.15741394460201,Private room,105,1,220,1,1,2026-05-17
1700795733608956554,cozy room AY,Brighton,42.34610288693584,-71.15094250946386,Private room,149,1,359,0,,
19473060,The Sanctuary Room at TPH - Boston,Brighton,42.35397,-71.16775,Private room,177,1,357,150,1.39,2026-05-17
1340647597697622780,nice and cozy room 4,Brighton,42.35551150524787,-71.15667099811876,Private room,88,1,365,37,3.80,2026-06-03
1340635024079055286,nice and cozy room B,Brighton,42.35598,-71.15656,Private room,149,1,361,102,6.14,2026-06-11
1316220538297940429,"Modern 2 Beds. Walk to HBS. Near Harvard, MIT, BU",Allston,42.3628448,-71.13228099999999,Entire home/apt,256,1,155,26,1.60,2026-05-31
1659871190372241841,"Sun-filled Unit, Elevator, Pool, Boston College",Brighton,42.33906,-71.15528,Entire home/apt,236,29,331,0,,
18875553,The King's Room at TPH - Boston,Brighton,42.35401,-71.16776,Private room,200,1,350,107,0.97,2026-04-12
18199963,The Tower Room at TPH - Boston,Brighton,42.35395,-71.16776,Private room,200,1,343,214,1.94,2026-02-20
48210680,New Renovated 1 Bed Nr Franklin Park Free Parking,Dorchester,42.30019,-71.08438,Entire home/apt,132,29,89,7,0.11,2025-02-27
1637154874159500072,cozy room 3,Brighton,42.3478,-71.15217,Private room,88,1,365,5,2.50,2026-06-04
1356042994516282146,Free Parking | Stocked Kitchen | 10 min -> Boston,Roxbury,42.32553381501254,-71.07972655889883,Entire home/apt,453,1,356,36,2.67,2026-06-01
1078340478912607876,Boston Charm Room,Dorchester,42.31721,-71.06667,Private room,217,1,288,5,0.20,2026-01-31
51324936,1 Free parking spot - Large studio - First floor,Allston,42.35305,-71.13796,Entire home/apt,270,1,270,234,4.03,2026-05-31
1367755872688548018,"Large bright  duplex,4 bedrooms, free parking!",Brighton,42.34355021494498,-71.15038059041851,Entire home/apt,614,3,140,2,0.24,2026-05-31
949250584233351802,Studio Room at Hotel Boston,Brighton,42.3417319,-71.1431193,Private room,309,1,260,79,2.26,2026-05-28
1612404173576643177,Luxury 1BR near Harvard cyb5,Allston,42.3641737061675,-71.13297039054534,Entire home/apt,231,29,324,1,0.26,2026-02-22
997706332681772091,Near Harvard Business 2-3,Allston,42.35951917443434,-71.13233011186199,Private room,148,1,356,198,6.16,2026-06-01
13258244,Comfortable quite room.,Roxbury,42.31837,-71.09037,Private room,42,30,33,27,0.22,2026-03-03
54159310,"Blueground | Downtown, gym, nr faneuil hall",Downtown,42.35892,-71.05416,Entire home/apt,,30,304,1,0.03,2024-01-22
1342982796973884752,Loft 3BR unit in Boston Southend 8935,South End,42.342577162267816,-71.06431868930936,Entire home/apt,314,1,307,45,2.71,2026-06-07
1042514901433280494,Darling Efficiency Studio Awaits!,Bay Village,42.3485831,-71.0696013,Private room,254,1,323,11,0.39,2025-10-08
1112701737729753124,"Bay Village Suites, Perfect Gem Studio",Bay Village,42.34832920664437,-71.06932221691895,Private room,215,1,353,12,0.47,2025-08-19
870196550944784218,Boston 1 bed/livingrm close to T,Dorchester,42.32121927779309,-71.05758894719567,Entire home/apt,124,30,335,2,0.06,2024-05-31
1688476760034803456,Modern 1bed/1bath in Back Bay,Back Bay,42.3496398,-71.08155599999999,Entire home/apt,360,1,325,2,2,2026-05-30
1414465237478084453,"(4R1) Fan Favorite! Charles River, W/D, 3Beds",Back Bay,42.35109,-71.08897,Entire home/apt,549,1,79,53,4.21,2026-06-06
7475573,Discover Boston from Newbury Street #8,Back Bay,42.34982,-71.08264,Entire home/apt,400,1,248,404,3.32,2026-06-13
1440342848555861205,Elegant 2BR 0.09mi Faneuil Hall/Quincy Market,Downtown,42.36026,-71.05565,Entire home/apt,346,30,269,14,1.29,2026-01-10
1506617922316150590,Relaxing Urban Escape in Boston’s South End,South End,42.3426382,-71.074685,Entire home/apt,214,1,361,21,6.49,2026-06-08
1539349836143721330,Simple 2 Bd/2 bth | Washer/Dryer | Close to Fenway,Fenway,42.34702,-71.10305,Entire home/apt,433,29,198,3,0.54,2026-01-11
41504985,A Charming South End Apt with Private Garden!,South End,42.34554,-71.07099,Entire home/apt,569,3,233,48,0.62,2026-05-18
1566915852780542898,Boutique-Style Studio in Boston’s Trendiest Area,South End,42.343817498220474,-71.07571037720392,Entire home/apt,239,1,344,27,4.38,2026-06-07
1642783912445766636,R5_Double Room In Fields Corner Area,Dorchester,42.30339,-71.06572,Private room,136,1,325,1,0.44,2026-04-10
20655696,World Cup Boston 5BR Group Stay + Parking,Dorchester,42.30945,-71.06212,Entire home/apt,933,2,328,81,0.82,2025-10-26
1394154644204119655,Stylish 3BR Boston Stay w/Parking near Red Line 82,Dorchester,42.292380770287565,-71.06725984482009,Entire home/apt,640,1,275,16,1.20,2026-04-05
728876693663285499,Beautiful Back Bay 1 BR on Commonwealth Ave,Back Bay,42.35017,-71.08923,Entire home/apt,148,29,212,8,0.19,2026-04-03
630286293872807079,Studio in Boston close to T and shopping,Dorchester,42.32087,-71.05931,Entire home/apt,108,31,361,4,0.08,2025-12-22
2215762,"The Clare - The Upton Boston, South End",South End,42.343092,-71.07307807478533,Entire home/apt,569,3,325,104,0.70,2026-04-21
1263161028230153385,Affordable & Simple Chic Studio,Bay Village,42.3483657,-71.0698862,Entire home/apt,221,1,287,4,0.23,2025-08-23
53477851,109S14 | The Strathmore 14 w/AC | 2BR 1B | Private,Brighton,42.33931350708008,-71.15121459960938,Entire home/apt,204,29,288,9,0.18,2026-04-09
1639337213239294046,Single room in Dorchester near station & good view,Dorchester,42.30165,-71.06509,Private room,571,29,364,0,,
46074220,Modern 1 Bedroom in Fenway Cultural District,Fenway,42.34367,-71.09797,Entire home/apt,280,32,317,1,0.04,2024-08-05
1495781911027263297,Gorgeous Apt with Kitchen and Lounge,Fenway,42.3429115,-71.0990346,Entire home/apt,433,30,340,0,,
1050091154059406405,Large 2 BR|2 BA + Patio in Back Bay,Back Bay,42.34858755849173,-71.08947860978112,Entire home/apt,965,3,246,45,1.55,2026-05-30
716006377445470301,Lovely 4bed room apt@ beacon hill boston Downtown,West End,42.36181,-71.06578,Entire home/apt,165,29,116,7,0.19,2026-06-13
1461578772357367528,Direct Fenway Park View + Breakfast. Pool. Dining.,Downtown,42.35119,-71.0695,Private room,288,1,125,122,11.09,2026-06-12
1411983051422591794,"Beacon Hill Studio, Short Walk to MGH, Charles",Beacon Hill,42.3589739905895,-71.06983957292607,Entire home/apt,349,1,103,53,4.05,2026-05-25
1694462769366682667,307B Stylish 1BR Loft Steps to Boston Common,Downtown,42.35734,-71.06158,Entire home/apt,480,1,70,1,1,2026-06-11
48000343,Center of Boston Studio Pet Friendly | Laundry,Downtown,42.35593,-71.05837,Entire home/apt,267,1,87,253,3.91,2026-05-23
920305401888076042,Stunning 1BR with a view on the Commons | 2x beds 9086,Downtown,42.350926725987584,-71.06553080926739,Entire home/apt,332,1,349,131,3.64,2026-06-06
1370807301848934071,Cozy studio in downtown Boston 8101,Downtown,42.35147,-71.06469,Entire home/apt,209,1,357,35,2.32,2026-06-04
1341536699135355130,Loft 3BR unit in Boston Southend 3390,South End,42.344890432665615,-71.06380706877295,Entire home/apt,290,29,307,1,0.08,2025-05-23
1072247918469804578,"Blueground | South End, gym, nr groceries & shops",South End,42.3439382,-71.0638329,Entire home/apt,,30,337,0,,
1512176208098224489,"Blueground | Shawmut, pool, nr Boston Common",South End,42.34413370000001,-71.0636103,Entire home/apt,,30,325,0,,
1161890032588053863,Cozy 1 Bed Near Boston Medical,South End,42.33879071981539,-71.07193168859966,Entire home/apt,270,28,286,0,,
917340015029437891,Perfect Traveling Nurse Housing - Theatre District,Downtown,42.35145241585736,-71.06505139960292,Entire home/apt,295,1,109,107,2.99,2026-03-30
1469615215546750114,1br in Downtown 1651,Downtown,42.35109164051714,-71.06523193770451,Entire home/apt,225,1,338,48,4.39,2026-05-31
1263155039038201119,"Awaiting Your Next Stay, Book Now!",Downtown,42.3550474,-71.0622106,Entire home/apt,274,1,281,16,0.81,2026-05-27
1023481730628193684,Luxurious 2BR 2BA Back bay heart with amazing view,Back Bay,42.3492,-71.08039,Entire home/apt,1025,2,225,25,0.84,2026-05-30
1700161391639442252,Simple Studio in the Heart of Boston's South End,Back Bay,42.3431998,-71.08314659999999,Entire home/apt,226,1,210,0,,
1671433872930920037,2BR/2BA South End Gem | Steps to Northeastern,Roxbury,42.337319953366965,-71.08381355305018,Entire home/apt,259,30,61,0,,
1341574603116431654,Studio near Boston Commons in downtown 6613,Downtown,42.35207,-71.0651,Entire home/apt,313,1,318,36,2.51,2026-05-23
1221778994137424716,Stylish South End Studio Retreat,South End,42.34278,-71.08045,Entire home/apt,356,1,332,36,1.66,2026-06-07
989842393475061363,"The Ellie House 2- Simple, Back Bay, Cozy!",Back Bay,42.342792011479844,-71.08403036368907,Entire home/apt,522,1,268,89,2.69,2026-06-01
1400795665168382255,Studio in Downtown Boston Theatre District 3205,Downtown,42.35087,-71.06393,Entire home/apt,181,1,317,43,3.14,2026-04-22
5769127,"Stay Close to Fenway, Tufts Medical Center & More",South End,42.34447,-71.07644,Entire home/apt,399,1,275,344,2.57,2026-06-08
46966358,Washer/Dryer in-unit!  Close to MGH & Beacon Hill,Downtown,42.35563359910092,-71.06034154433256,Entire home/apt,301,1,61,298,4.46,2026-05-25
1358257456427277248,South End Brownstone Sunny Condo,South End,42.34112,-71.08019,Entire home/apt,207,30,327,0,,
1699469596430945725,"South End Stay, Near Back Bay, T & Restaruants",South End,42.33918,-71.07792,Entire home/apt,318,1,287,0,,
1700080456636243791,Peaceful Studio in Back Bay!,Back Bay,42.3429045,-71.0828696,Entire home/apt,333,1,245,0,,
1074070006409741622,Top quality 2 Bedroom Apartment in Beacon Hill,Beacon Hill,42.360671281568195,-71.06893519510199,Entire home/apt,177,29,220,0,,
1699469988100090039,"The Concord, Dining & Transit Nearby",South End,42.338673418470115,-71.07820076225183,Entire home/apt,365,1,288,0,,
1624091202498088337,Splendid 1Bedroom in Beacon Hill Area,Beacon Hill,42.35864,-71.06558,Private room,79,29,58,1,0.48,2026-04-16
694406328277968795,Lovely 1 bed room with 2 beds boston beacon hill,Beacon Hill,42.35822,-71.06583,Entire home/apt,153,29,159,10,0.25,2026-03-21
687100831526268407,TopWonderful 2-bedroom in boston down beacon hill,Beacon Hill,42.35952,-71.06485,Entire home/apt,209,29,160,6,0.14,2025-09-22
697326322124831562,Exquisite 3 bedroom apt in Boston Beacon Hill,Beacon Hill,42.35888,-71.07127,Entire home/apt,182,29,254,8,0.19,2024-12-01
49341416,"1 Bedroom in Back Bay, Boston's Best Neighborhood",Back Bay,42.34336,-71.08567,Entire home/apt,269,32,321,0,,
53482062,Sweetest 2 bed home downtown Boston Beacon Hill,Beacon Hill,42.358512907173306,-71.06755094917337,Entire home/apt,157,29,195,14,0.28,2026-05-31
49917068,"Blueground | Back Bay, gym, nr newbury st",Back Bay,42.34863,-71.07409,Entire home/apt,,30,326,0,,
1341367579830799180,2BR in Downtown 3917,Downtown,42.35314,-71.06286,Entire home/apt,584,1,347,83,5.28,2026-06-09
1152797263195692943,"(476-8)  Studio, South End/ Back Bay , Roof Deck!",South End,42.341922374632915,-71.07907155774586,Entire home/apt,329,1,256,92,3.67,2026-06-10
23420771,Luxury 2 Bedrooms Apartment,South Boston Waterfront,42.35063,-71.04325,Entire home/apt,153,35,39,30,0.30,2022-11-12
8634599,"Stunning suite, historic victorian",Jamaica Plain,42.30941,-71.11256,Private room,,91,365,39,0.30,2019-10-29
23651852,Awesome condo in Fenway,Fenway,42.34503,-71.0982,Entire home/apt,61,91,358,2,0.02,2022-12-06
24061454,Fully Furnished 2 Bedroom in Boston near Berklee,Back Bay,42.34652,-71.08651,Entire home/apt,23,180,309,0,,
24080196,A room,Dorchester,42.31132,-71.05188,Private room,,29,0,127,1.26,2020-03-01
9878725,Small Cozy Attic Bedroom,Allston,42.36169,-71.13468,Private room,,91,0,1,0.01,2018-03-05
39633100,Modern 2bed/2bath Apt | Close to TD Garden,West End,42.36354,-71.06408,Entire home/apt,,29,0,13,0.17,2020-11-01
9970895,South End-Close to Everything!,South End,42.33579,-71.07469,Entire home/apt,,91,0,6,0.05,2016-06-16
10883063,spacious 3rd floor loft in home,Jamaica Plain,42.32513,-71.10575,Entire home/apt,,91,90,70,0.56,2018-08-22
11357756,BEST LOCATION IN THE CITY STUDIO W/ FAST WIFI,Downtown,42.35145,-71.06461,Entire home/apt,30,91,157,43,0.37,2024-08-15
12756776,Wonderful Boston apartment Sunny & Newly renovated,Roxbury,42.32505,-71.09717,Entire home/apt,90,91,180,17,0.14,2017-08-06
27112752,2BR Ideally Located Top Floor Brownstone Condo,Brighton,42.33763,-71.14961,Entire home/apt,,91,0,14,0.16,2019-07-10
45354387,(D) Bedroom in Allston,Allston,42.35726,-71.12886,Private room,16,91,144,5,0.09,2026-04-30
184893,City Oasis/sleeps 4 near historical sites,Charlestown,42.3799,-71.06908,Entire home/apt,48,91,171,0,,
7053454,Basement apartment in Charlestown,Charlestown,42.38095,-71.06376,Private room,60,91,365,8,0.06,2016-07-29
44820346,NONE SMOKING ROOM K:Spacious & SUPER SAFE & QUIET,Dorchester,42.2876,-71.0553,Private room,62,29,237,4,0.06,2020-10-25
630246537702714331,Boston studio close to JFK Station,Dorchester,42.32144,-71.05873,Entire home/apt,,31,18,4,0.09,2025-08-20
908422314161294160,Master Room & Ensuithe Bath - Addison Residence,East Boston,42.3827,-70.99981,Private room,15,150,364,0,,
1324781064801595062,Stylish Space on Quiet Street,Brighton,42.35337,-71.15598,Entire home/apt,,29,0,0,,
10986,The Olive & Vine in The North End-Walk to MGH Tuft,Downtown,42.36219,-71.05009,Entire home/apt,84,60,346,2,0.07,2025-03-31
583255,"Boston Beauty, Walk to C and B line",Brighton,42.34114,-71.14712,Entire home/apt,,91,0,11,0.07,2017-07-05
47091700,"Blueground | Brighton, w/d, doorman, nr t & dining",Brighton,42.3469948,-71.1452694,Entire home/apt,,30,2,0,,
31185088,Modern Parkside Greenhome,Dorchester,42.28975,-71.06715,Entire home/apt,46,91,339,0,,
1642813524491256764,W8_ Double Room In Andrew Station Area,Dorchester,42.3013,-71.06604,Private room,89,1,350,2,0.69,2026-04-16
1668313,Room in Rozzie-Twin Bed-Full Bath,Roslindale,42.28265,-71.13528,Private room,,29,0,38,0.25,2022-02-26
30564539,Sunny Allston Bedroom,Allston,42.3607,-71.13517,Private room,,91,0,1,0.01,2019-07-04
14460344,"Friendly Single Bed near Harvard, BU & BC",Brighton,42.34478,-71.15328,Private room,,91,0,8,0.07,2017-03-12
17285926,Perfect Location/Copley Square/South End,South End,42.34547,-71.07481,Entire home/apt,,4,0,125,1.10,2023-06-15
16001334,Cozy lofted studio on Beacon St in Back Bay!,Back Bay,42.35534,-71.07774,Entire home/apt,,91,0,2,0.02,2017-07-02
3457722,"Sunlit w/ huge kitchen, parking & easy to downtown",Brighton,42.35399,-71.15785,Entire home/apt,,5,0,55,0.38,2024-06-26
18162671,Twin Beds near Harvard Stadium/BU,Allston,42.35371,-71.14003,Private room,63,91,365,44,0.40,2019-09-01
19904967,Penthouse suite in historic Beacon Hill,Beacon Hill,42.35799,-71.0709,Entire home/apt,,91,0,7,0.06,2019-08-19
4278067,Studio apart Tremont St South End #2,South End,42.34128,-71.07607,Entire home/apt,183,33,156,79,0.55,2024-12-14
37068313,"Blueground | S. Boston, gym & doorman, nr t",South Boston,42.34114,-71.04959,Entire home/apt,,30,1,2,0.03,2022-02-05
35084498,"3C south end, sunny room w/bath near T/BU Medical",South End,42.33889,-71.06967,Private room,,91,0,13,0.15,2019-09-01
37718326,LUXURY CONDO BEST LOCATION IN BOSTON,Beacon Hill,42.35543,-71.06454,Entire home/apt,133,91,365,0,,
5738018,Sunny Two-Bedroom in Boston,Jamaica Plain,42.3259,-71.1055,Entire home/apt,,91,0,0,,
5919529,Great location! 3 BD single fam. Kid-friendly.,Bay Village,42.34906,-71.0689,Entire home/apt,113,91,177,14,0.10,2016-04-22
5967421,The Meditation Room near Harvard Square,Allston,42.3605,-71.12633,Private room,32,60,188,183,1.34,2026-01-21
7054912,North Station Luxury Apartment!,Downtown,42.36615,-71.05963,Entire home/apt,,91,0,2,0.01,2015-07-09
38882321,Boston Getaway,Downtown,42.35082,-71.06342,Entire home/apt,,183,0,0,,
21815325,"WaterfrontM (North End)-MGH, SUBWAY, RESTAURANTS",North End,42.36541,-71.05287,Entire home/apt,82,60,364,1,0.08,2025-06-26
7479725,Sunny bedroom in Allston,Allston,42.35981,-71.13564,Private room,,91,0,13,0.10,2016-11-12
7308623,Beautiful Apartment in Beacon Hill,West End,42.36133,-71.06948,Private room,,91,0,1,0.01,2016-04-18
1338562859083187993,Homey 1Bedroom in Beacon Hill Area,Beacon Hill,42.36001308380656,-71.0693474726452,Private room,93,29,48,2,0.24,2026-01-15
1353138075187547924,Wonderful 1Bedroom in Beacon Hill,Beacon Hill,42.36103,-71.06552,Private room,70,29,43,0,,
1339925684924936049,Copley House Superior King Studio,Back Bay,42.34543,-71.07974,Entire home/apt,390,1,309,31,2.49,2026-05-31
670544036866270163,Amazing two bed room apt in boston beacon hill,Beacon Hill,42.36091,-71.06944,Entire home/apt,174,29,225,12,0.28,2026-05-31
1296682635015666145,Sweet 1Bedroom in Beacon Hill,Beacon Hill,42.35904,-71.06583,Private room,72,29,33,2,0.12,2025-04-30
1414051446635114540,"The Ellie House 1- Back Bay Studio, 2 beds! W/D",Back Bay,42.34452092497611,-71.08345018004142,Entire home/apt,349,1,246,47,3.62,2026-05-30
1508854902763298542,Stunning Back Bay Studio Apartment,Back Bay,42.3441,-71.08349,Entire home/apt,195,29,338,1,0.14,2025-11-21
1160243593042473259,Downtown Lux Apt. Stunning View | 2 Beds+2 Baths,Downtown,42.35404,-71.06295,Entire home/apt,514,29,113,2,0.10,2025-06-18
592635565577244428,"Blueground | Theatre District, gym, nr boylston t",Downtown,42.3511858,-71.06401699999999,Entire home/apt,,30,348,1,0.03,2023-08-31
24749244,"Stylish Downtown Studio in the SouthEnd, C.Ave# 24",South End,42.34448,-71.07636,Entire home/apt,229,1,323,150,1.53,2026-05-04
1191389302650790750,Walk everywhere! 1 bed / 1 bath! Super Location!,Back Bay,42.34438,-71.08304,Entire home/apt,292,1,264,96,4.46,2026-05-30
1454653252853852906,"(476-6) 2Beds, Cozy Home, Prime Location!",South End,42.34323,-71.07752,Entire home/apt,363,1,274,36,3.12,2026-06-08
991921375982975214,"Cozy Dorchester Apartment, Room 2",Dorchester,42.28478,-71.0857,Private room,149,1,313,1,0.03,2023-10-16
21445137,"Beacon Hill-walk to MGH, subway.",Beacon Hill,42.36048,-71.06898,Entire home/apt,148,32,314,2,0.02,2022-08-31
1181310920532325010,"The Chester:  Urban Luxury, Modern Design",Roxbury,42.339042,-71.0803574,Entire home/apt,399,1,282,26,1.08,2026-05-17
1527488643064590401,Convenient Prudential Center Studio,Back Bay,42.34575,-71.08064,Entire home/apt,210,1,296,20,2.50,2026-05-03
1454727944883149788,"(476-7) Best Location, 2 Beds, W/D, Front Facing!",South End,42.34383,-71.07886,Entire home/apt,350,1,272,30,2.77,2026-05-30
691831339471414103,Walk everywhere! Two BR Apartment! Super location!,Back Bay,42.34453,-71.08284,Entire home/apt,245,1,252,228,4.95,2026-06-05
676483872976026157,"Blueground | Downtown, gym, nr theater district",Downtown,42.3511858,-71.06401699999999,Entire home/apt,,30,289,0,,
1431225653516475555,Luxury Apt In Heart of Back Bay,Back Bay,42.3459685,-71.0847361,Entire home/apt,373,30,329,0,,
1701513665776687961,Centrally Located Back Bay Studio,Back Bay,42.3431416,-71.0833966,Entire home/apt,301,1,262,0,,
934064192141466124,Prudential Area Loft Retreat,Fenway,42.34215590068706,-71.08435806459522,Entire home/apt,312,1,249,44,1.26,2026-05-30
1353205289865392266,Affordable 1Bedroom in Beacon Hill,West End,42.36152,-71.06694,Private room,70,29,52,1,0.63,2026-04-30
1660461916541030556,Spacious 2BR 2BA overlooking Boston common Downtow,Downtown,42.35002,-71.06376,Entire home/apt,977,29,356,0,,
659156386290642679,"Blueground | Back Bay, gym, w/d, fully furnished",Back Bay,42.348129,-71.080849,Entire home/apt,,30,303,1,0.03,2023-05-18
50386523,"Blueground | Back Bay, near prudential center",Back Bay,42.34449,-71.08237,Entire home/apt,,30,126,0,,
1701502814890004202,Exposed Brick Cozy Studio,Back Bay,42.3431416,-71.0833966,Entire home/apt,271,1,183,0,,
51824163,Lovely beacon hill 2 bed 2 bath apt in boston,Beacon Hill,42.36033,-71.06717,Entire home/apt,201,29,219,5,0.15,2026-04-30
1160874698922496245,Downtown Lux Apt | Stunning View | Master Bed+Bath,Downtown,42.35276638982283,-71.06266992152285,Private room,154,30,153,0,,
50386543,"Blueground | Back Bay, near prudential center",Back Bay,42.34449,-71.08237,Entire home/apt,,30,358,0,,
43277216,Upscale Boston 2BR Near Tufts University,Chinatown,42.352093,-71.06081,Entire home/apt,,29,354,45,0.67,2023-12-10
1564990201905449360,Central Penthouse & balcony in Boston Chinatown,Chinatown,42.35085,-71.06203,Entire home/apt,650,29,167,4,0.70,2026-02-15
929534173067208611,Comfy Back Bay Alcove Studio Apt,Roxbury,42.3415,-71.08347,Entire home/apt,394,1,256,56,1.57,2026-05-25
1622114214897309037,"Elegant High floor 1BR, Mins from Harvard",Chinatown,42.352093,-71.06081,Entire home/apt,285,30,361,0,,
1131833573400565920,"Spacious and Modern One Bedroom, Back Bay",Back Bay,42.34923515642239,-71.07898978604423,Entire home/apt,275,32,309,0,,
1384807381998544805,Charming Studio in Classic Brownstone,South End,42.341210001151815,-71.08076155770473,Entire home/apt,345,1,312,13,2.57,2026-06-05
1131369496989963141,Boston One Bed With Luxury Building Amenities,Back Bay,42.347460048572565,-71.08122928971217,Entire home/apt,280,32,323,0,,
929763088797054215,South End Serene Studio,South End,42.34214,-71.08206,Entire home/apt,279,1,266,25,0.70,2026-03-11
51555199,(T3) Fresh & Fun Studio in Heart of South End,South End,42.34268,-71.07616,Entire home/apt,246,1,232,279,4.78,2026-05-30
1181310520406522158,"The Chester: Vintage Elegance, Modern Comfort",Roxbury,42.339042,-71.0803574,Entire home/apt,337,1,269,11,0.46,2026-05-17
1181311064422167794,"The Chester: Modern, Cool, Heart Of South End",Roxbury,42.339042,-71.0803574,Entire home/apt,350,1,256,12,0.51,2026-04-10
771690696993014228,Chinatown Upscale Penthouse Boston Common Pool Gym,Downtown,42.35249943901865,-71.0642236854983,Entire home/apt,475,29,365,9,0.22,2023-11-10
45689110,1 Bedroom near Rose Kennedy Greenway,Downtown,42.35297,-71.05852,Entire home/apt,274,32,343,0,,
1023968409024670674,3 Bed w/Free Parking in North End | Peapod Rentals,Downtown,42.36717,-71.05893,Entire home/apt,419,29,349,72,2.41,2025-08-13
732336608678199799,"Blueground | N Station, w/d & gym, nr td garden",Downtown,42.365947,-71.063473,Entire home/apt,,30,314,1,0.04,2024-04-30
1597250439339782323,Boston Penthouse Condo Near Train for World Cup!,South Boston,42.33471,-71.05329,Entire home/apt,593,3,178,0,,
1553045418395533328,Peaceful and family friendly Place Room 2,Mattapan,42.27596792050176,-71.09542767906692,Private room,103,29,365,0,,
1553053892916872743,hiawatha Place,Mattapan,42.27612394379929,-71.09479398075406,Private room,103,29,365,0,,
827013427283941098,Private Bedroom #5 in Shared Condo,Dorchester,42.2837,-71.07307,Private room,66,29,170,0,,
827002804846503204,Private Bedroom #4 in Shared Condo,Dorchester,42.28544,-71.0721,Private room,79,29,170,0,,
1493475399301353917,1 Bedroom - Sleeps 4,Mission Hill,42.33191,-71.0977,Entire home/apt,318,1,109,12,1.33,2026-05-25
1445146141923468353,A tree house like room in Jamaica Plain,Jamaica Plain,42.32075395767271,-71.11019449528467,Private room,126,1,319,44,3.86,2026-06-11
1366288807674035754,Near Train in hip Jamaica Plain,Jamaica Plain,42.321406122668954,-71.10942587256432,Private room,126,1,316,59,4.17,2026-05-17
1029880678955798326,Boston Studio w Off Street Parking,Mission Hill,42.331826631963025,-71.09736513873773,Entire home/apt,251,1,170,114,3.66,2026-05-31
1419627988003822719,Spacious Residence near Seasport,South Boston,42.34113,-71.04969,Entire home/apt,721,3,354,0,,
40601,Private room & bath - Jamaica Plain,Jamaica Plain,42.31347,-71.11082,Private room,154,2,313,106,0.55,2026-06-09
1617761312277241651,2A4 Next to Subway and Restaurants - Newly Renovat,Dorchester,42.30069,-71.06561,Private room,109,1,351,4,2.35,2026-05-31
1617761538794057660,3A4 - Newly Renovated - next to subway and food,Dorchester,42.29996,-71.06402,Private room,132,2,299,4,1.67,2026-05-26
1007515467943677504,Cozy Bedroom with Private Bath 3C,Dorchester,42.28229899028369,-71.0733387619257,Private room,71,30,254,6,0.22,2025-08-07
1501790795984182069,Next to Aiporort,East Boston,42.37604740105627,-71.0309794684191,Entire home/apt,1409,29,365,34,3.62,2026-01-01
1618373053251467482,Pink Garrett/With Parking,Dorchester,42.32125,-71.0607,Private room,115,2,321,5,5,2026-06-14
727368563191104397,Cozy Fenway 1Br/1Ba | Close to Fenway Park!,Fenway,42.3487,-71.10437,Entire home/apt,344,1,237,141,3.14,2026-05-24
1548720158524566640,Comfortable renovated space awaits you.,Dorchester,42.3147086,-71.0718905,Entire home/apt,542,2,340,6,1.91,2026-05-24
5927267,"Large room, wood floor, 2 windows, 27 Dexter",South Boston,42.33034,-71.05802,Private room,98,5,259,216,1.59,2026-04-22
24277032,"North End 1 Bedroom- CLOSE MGH, Subway, Hanover St",North End,42.36547,-71.05492,Entire home/apt,131,32,303,4,0.04,2024-05-09
1702565251183207718,Apartment in Brighton,Brighton,42.345987137901616,-71.1554855434589,Entire home/apt,151,1,345,0,,
1148632520800845526,Sunny Charming Room,Brighton,42.35491733054882,-71.16162449489862,Private room,102,30,188,4,0.16,2024-08-28
831012935165221418,Charming Beacon Hill 1bd in Brownstone,Beacon Hill,42.359362,-71.0682975,Entire home/apt,222,29,308,2,0.05,2024-09-30
24325336,Beacon Hill Studio - 2 min Walk to MGH-Subway-,Beacon Hill,42.36026,-71.07003,Entire home/apt,153,29,279,9,0.09,2025-06-04
1684143059460020173,Centrally Located Apartment in Boston,Roxbury,42.32123,-71.08555,Private room,217,1,361,0,,
49484066,private room in a 1 family home.,Brighton,42.35308,-71.16926,Private room,172,1,352,188,3.01,2026-06-13
687078043562545838,Sweetest 3bed room apt Boston BeaconHill topdeal,Beacon Hill,42.36033,-71.06328,Entire home/apt,264,29,238,11,0.27,2026-06-08
1415541106677937744,Lux 1bd,Roxbury,42.31986093231637,-71.0803694052777,Entire home/apt,,29,364,0,,
668877697630181000,Amazing Beacon Hill three bed two bath apt,Beacon Hill,42.35979,-71.06557,Entire home/apt,168,29,96,10,0.28,2026-05-01
43301136,High-End Studio in the Heart of Boston,Chinatown,42.352093,-71.06081,Entire home/apt,237,29,357,15,0.22,2023-07-15
27252588,Explore Boston | 1BR Just Steps to Common,Chinatown,42.352093,-71.060806,Entire home/apt,258,30,362,4,0.09,2023-08-02
23392249,Elegant Studio Near Chinatown & Transit,Chinatown,42.35209,-71.06081,Entire home/apt,235,30,357,3,0.05,2023-12-02
7342489,"Near Boston Common, North End & Tufts Medical Cent",South End,42.34447,-71.07644,Entire home/apt,241,29,285,131,1.13,2024-05-29
1648557149334267523,2 Bedroom Unit w/ Elevator & In-Unit Laundry,Roxbury,42.33784,-71.08373,Entire home/apt,307,30,273,2,1.05,2026-05-30
43301292,Elegant Studio in the Heart of Boston,Chinatown,42.352093,-71.06081,Entire home/apt,222,30,357,7,0.10,2024-03-01
1121634582746168278,New Boston studio close to T,Dorchester,42.32128,-71.05731,Entire home/apt,108,31,330,0,,
1582806314134738599,705M Brand New Boston King Bed By Subway Hospitals,Downtown,42.358044624721984,-71.06118727904702,Entire home/apt,274,29,131,1,0.38,2026-03-31
1337247388766744088,Affordable 1Bedroom in Beacon Hill,Beacon Hill,42.35907,-71.07076,Private room,,29,7,2,0.15,2025-08-03
22627141,The Boston Christopher Grand Studio Suite,South End,42.34291,-71.07848,Entire home/apt,223,29,364,0,,
1344588373826775484,"Steps from the Park, Walk to Theaters & Dining",Downtown,42.35037,-71.06414,Entire home/apt,143,30,320,13,0.81,2026-03-31
53873611,"Blueground | Downtown, amenities & rooftop views",Downtown,42.3511858,-71.06401699999999,Entire home/apt,,30,180,0,,
1663400201574750868,306M Boston Corporate Stay | Modern & Centralized,Downtown,42.35823046625695,-71.06013924538456,Entire home/apt,279,29,287,0,,
1138447244745239255,Spacious Apartment in Luxury Back Bay Building,Back Bay,42.34923,-71.08055,Entire home/apt,275,32,302,0,,
693015527477884811,Most lovely 2 room studio boston heart beacon hill,Beacon Hill,42.35837,-71.06797,Entire home/apt,166,29,245,5,0.13,2026-01-03
1597955297310532736,Washer and Dryer - Location - Newbury and Boylston,Back Bay,42.34928,-71.08396,Entire home/apt,265,29,63,2,0.82,2026-05-05
13173362,Bostons Best Rentals -Back Bay on Commonwealth Ave,Back Bay,42.34777,-71.08493,Entire home/apt,161,32,311,6,0.08,2025-07-09
1000737502114505659,Modern Studio | South End,Back Bay,42.34361,-71.0819,Entire home/apt,214,29,246,36,1.11,2026-01-31
1318859851345197424,"Blueground | Back Bay, gym, nr Newbury St",Back Bay,42.348129,-71.080849,Entire home/apt,,30,303,1,0.08,2025-06-17
1066631881590364857,"Blueground | Chinatown/Theater Dist, gym, nr t",Downtown,42.3511858,-71.06401699999999,Entire home/apt,,30,180,0,,
886761634149846872,"Blueground | Back Bay, gym & w/d, nr restaurants",Back Bay,42.348645,-71.0793489,Entire home/apt,,30,286,0,,
1136162843707171004,Huge great room for entertaining. 3 bed 3 bath lux,Downtown,42.35534,-71.0629,Entire home/apt,1168,29,256,9,0.36,2025-01-15
1632009894637083888,Theatre District.6 Bost. Common. DownTown.63-7,Downtown,42.35201,-71.06281,Entire home/apt,365,29,362,13,4.24,2026-05-25
5581575,Parking * King Beds * Private Entrance * Kid Ready,Back Bay,42.34628,-71.08064,Entire home/apt,166,29,237,216,1.79,2025-10-15
53541620,"Blueground | Downtown, amenities & rooftop views",Downtown,42.35119,-71.06402,Entire home/apt,,30,45,1,0.12,2025-10-05
1254425675823407725,Cozy 1br | Walk anywhere! | Fast Wifi + Smart lock,Downtown,42.35108,-71.06546,Entire home/apt,259,29,162,23,1.86,2025-12-19
1167376707233146839,"Blueground | Theater Dist, gym, nr entertainment",Downtown,42.35119,-71.06402,Entire home/apt,,30,290,1,0.10,2025-08-18
1341643291562960023,Cozy Studio in downtown crossing Boston 2594,Downtown,42.35460541208076,-71.06043622742888,Entire home/apt,142,29,360,3,0.19,2026-01-14
1482748760978763515,Modern Furnished Room + Wi-Fi,Roxbury,42.318579,-71.077562,Private room,24,91,365,0,,
14943350,219 on the Ocean with Private Bath,Dorchester,42.30755,-71.04739,Private room,156,1,233,472,3.98,2026-06-09
1695560544540771703,"A New Lower Unit, 2 Bedroom, Apt 17A",Hyde Park,42.24975080000001,-71.1317808,Entire home/apt,293,1,336,5,5,2026-06-14
30249816,Spacious & Peaceful 2BR in Boston w/ Free Parking,West Roxbury,42.29379,-71.15963,Entire home/apt,331,1,112,134,1.46,2026-06-15
1368427874088025770,Comfy Chic Boston 3BR w/ FREE Parking - World Cup!,West Roxbury,42.2749,-71.14878,Entire home/apt,480,1,325,44,3.03,2026-06-07
845725526594307928,"Forever Boston-5 mil Fenway, FreePrkg",Roslindale,42.289883,-71.1394402,Entire home/apt,341,2,91,100,2.53,2026-06-01
6261296,"Free parking, 1 private room, 1 queen Bed",West Roxbury,42.28951,-71.15657,Private room,109,2,18,114,0.85,2025-08-16
49571907,"European, rustic 3 bed/2bath-5 miles to Copley Sq",West Roxbury,42.2883,-71.15351,Entire home/apt,451,1,265,91,1.48,2026-05-04
45844741,Great public transportation to tour all of Boston!,Dorchester,42.30736,-71.06375,Entire home/apt,571,1,248,97,1.55,2026-05-18
1080437607692901584,cozy room in quiet area,Dorchester,42.30974336956421,-71.0805977546177,Private room,183,1,346,12,0.49,2026-04-21
1321422,2 bedroom 1st Floor Apartment in Savin Hill,Dorchester,42.30907,-71.04674,Entire home/apt,228,2,22,684,4.35,2026-06-14
47890883,Swanky unit Convenient to Downtown nr Restaurants,Dorchester,42.28626,-71.04232,Entire home/apt,294,1,17,326,5.04,2026-06-07
22651814,Comfy Den w/ Bath in Rozzie - females only,Roslindale,42.28497,-71.13567,Private room,93,3,205,93,0.94,2026-06-11
29218070,Room D,West Roxbury,42.27163,-71.14922,Private room,113,1,235,151,1.62,2026-05-26
1342324991133167732,Serenity,Hyde Park,42.23941593472954,-71.13331438061056,Entire home/apt,314,2,299,19,1.35,2026-06-14
44340294,Modern Style Cozy Private Apt,Roslindale,42.27743,-71.1406,Entire home/apt,215,1,214,267,3.74,2026-05-31
1611618549556164936,"Walk to shops, convenient commute, safe, sleeps 5",West Roxbury,42.29093290572575,-71.15437516308897,Entire home/apt,298,2,147,13,3.22,2026-06-10
1369070856745761698,Charming Boston Single Fam Home Near Commuter Rail,West Roxbury,42.290968870887994,-71.14430066524149,Entire home/apt,371,2,176,45,3.10,2026-06-09
1644952301771604345,Luxury Modern Boston Townhome w/ Parking!,Hyde Park,42.241477,-71.1352618,Entire home/apt,677,2,332,1,1,2026-05-19
1611992718071483519,Elegant 4BR Boston Stay • Free Garage + EV Charger,West Roxbury,42.28921,-71.1542,Entire home/apt,423,1,174,9,2.93,2026-05-26
962610,Convenient Boston Hotel Alternative,West Roxbury,42.29175,-71.14096,Entire home/apt,241,4,138,117,0.75,2026-04-07
1002993319352668458,Charming & Cozy Bedroom for Single or Couple,West Roxbury,42.27814752448772,-71.14810650144058,Private room,133,1,259,53,1.73,2026-06-11
1234052879132369146,World Cup Home: 25 min to Stadium,West Roxbury,42.282454906274815,-71.15511023251078,Entire home/apt,600,1,44,2,0.11,2024-12-31
29217663,ROOM A,West Roxbury,42.27184,-71.1511,Private room,113,1,256,92,0.99,2025-10-26
1672752644308846730,Quiet Boston Bungalow: Family Friendly near T,Roslindale,42.2825,-71.14377,Entire home/apt,685,1,19,1,1,2026-06-08
1521402076404802266,Charming 3BR Boston Stay Garage + EV + Pool Table,West Roxbury,42.29093,-71.15503,Entire home/apt,515,1,157,34,4.25,2026-06-09
768023699088310062,Modern 1BR apt in Boston’s Roslindale Village,Roslindale,42.28212,-71.13348,Entire home/apt,361,2,350,134,3.14,2026-06-07
1344583208991710873,"Modern Retreat, Walk to Hospitals, Dining",Roxbury,42.33031,-71.07005,Entire home/apt,,1,0,8,0.49,2025-06-19
699850764514871361,Cozy Renovated Suite w/Free St Parking near Train,Roslindale,42.28288,-71.139,Entire home/apt,261,1,161,223,5.03,2026-06-09
1021168700079441081,Cozy Room with 2 Beds and Den: Sofa & TV@3rd Floor,West Roxbury,42.27806935267941,-71.14832114425923,Private room,133,1,247,65,2.07,2026-06-06
24971621,Cozy King Suite with Easy Transit Access,West Roxbury,42.27546,-71.16958,Private room,250,1,311,126,1.28,2026-05-26
660763432786377137,Beautiful  single family house built on a hill,West Roxbury,42.2945,-71.13955,Entire home/apt,775,1,323,99,2.07,2026-06-10
1410382714154823147,"Bright & Spacious Boston 
(Firepit & Free Parking)",West Roxbury,42.29348105994391,-71.1624144346733,Entire home/apt,462,2,58,19,1.39,2026-05-22
1288787964894252152,Cozy 3-Bedrooms Apartment Near Dedham Legacy,West Roxbury,42.25812,-71.16088,Entire home/apt,269,1,272,75,3.99,2026-06-12
29216550,ROOM B,West Roxbury,42.27125,-71.14898,Private room,113,1,260,116,1.24,2026-06-01
23805314,The Red Door Carriage House,West Roxbury,42.28996,-71.1459,Entire home/apt,495,3,203,273,2.74,2026-05-23
1701497270425706393,Cozy Boston 4BR Easy Red Line Access w/Parking 903,Dorchester,42.2951846,-71.0530428,Entire home/apt,597,1,288,0,,
1021189333964851646,Charming & Cozy Large Room with 2 Single Beds & TV,West Roxbury,42.27645686721316,-71.14642770989873,Private room,133,1,254,42,1.40,2025-11-16
1573210878970424307,"Beautiful House, Bedroom next to Train&Bus, Boston",West Roxbury,42.28088,-71.16007,Private room,117,3,353,3,1.61,2026-05-29
50325521,COMO,Hyde Park,42.24234,-71.14182,Entire home/apt,514,2,353,93,1.53,2026-05-20
18790023,Unwind from Boston in Comfy/Spacious PrivateRm,Roslindale,42.27801,-71.13446,Private room,196,1,343,98,0.89,2026-04-21
967667558662177408,private room w/ 2 twin beds a.c,West Roxbury,42.2787557,-71.16044099999999,Private room,383,1,264,40,1.59,2026-05-26
1309534455496347443,Cozy 5 Bedrooms - Spacious Apartment Near Legacy,West Roxbury,42.25783830323105,-71.16170668449779,Entire home/apt,468,1,249,7,0.51,2026-01-16
645001882646487077,2BR DOG-Friendly Apt in 2-Fam Home - Comfy Retreat,West Roxbury,42.2938741,-71.1524408,Entire home/apt,362,2,175,71,1.49,2026-05-14
19366533,Large Blue Bedroom Next to Train & Bus in Boston,West Roxbury,42.28062,-71.15939,Private room,143,3,350,54,0.57,2026-06-14
907906545606121142,Boston Studio Apt. With Parking next to Train&Bus,West Roxbury,42.27888,-71.16114,Entire home/apt,219,2,329,35,0.99,2026-06-09
1054620443981004577,Large Bedroom Next to Train & Bus in Boston,West Roxbury,42.2804,-71.16149,Private room,148,3,347,20,0.76,2025-10-22
1034145517976170721,"Private Room with Bathroom, Parking, Near Train",West Roxbury,42.278400687430796,-71.17125314973755,Private room,79,4,88,13,0.49,2026-05-29
896170185862100440,Cheerful Open Concept 2BD/1Bath w/Off St. Parking,Roslindale,42.28593803715664,-71.14666342630856,Entire home/apt,216,29,161,13,0.36,2026-05-10
9292118,Beautiful 2BD / 1 BA - 1st Floor,West Roxbury,42.27843,-71.16233,Entire home/apt,281,3,36,254,1.98,2026-06-07
1305295208778605721,Beautiful 1bd Boston Apartment - FREE Parking,West Roxbury,42.26149721241076,-71.16269047824449,Entire home/apt,111,29,196,4,0.24,2025-11-01
1161210,Comfy Home in Boston Suburbs,West Roxbury,42.27171,-71.16688,Private room,172,2,353,212,1.34,2026-05-17
29217949,ROOM C,West Roxbury,42.27302,-71.14923,Private room,113,1,252,124,1.33,2026-04-19
1431106772041034419,Tranquil Home with Nature Views,West Roxbury,42.26722,-71.16649,Entire home/apt,779,1,42,6,0.75,2026-06-14
20978478,Escape Noisy Boston in Modern/Bright PrivateRoom,Roslindale,42.27782,-71.13332,Private room,220,1,353,67,0.63,2026-05-05
952102570622509535,Private room lock full bed pet ok a.c,West Roxbury,42.27770002445315,-71.16073794979158,Private room,229,1,146,52,1.52,2026-03-28
826990034800976237,Welcome to The Lavender Room,Roslindale,42.28793,-71.13992,Private room,237,1,348,6,0.15,2026-04-19
972445096435473064,W.R. Private Fifa twin bed flr 3 air conditioning,West Roxbury,42.27981,-71.15979,Private room,183,1,86,34,1.04,2026-05-31
1464629360371038986,Sunny Suite In Victorian Home,Dorchester,42.3112881600243,-71.04822874024336,Entire home/apt,343,1,38,21,2.28,2026-05-31
1245058111948240983,New modern cozy 3BR condo: free parking&near train,Roslindale,42.28024449746761,-71.14150409806292,Entire home/apt,502,2,343,40,1.92,2026-06-15
903125425175805213,Cozy Urban Studio in Boston,Dorchester,42.284873568189504,-71.04756586071318,Entire home/apt,243,2,362,103,2.82,2026-05-26
16013285,Clean & Spacious 2 bedroom Near Downtown,Dorchester,42.29181,-71.05264,Entire home/apt,533,2,323,162,1.47,2026-06-10
819772528471769831,Private twin bed floor 2 a.c,West Roxbury,42.277853675096054,-71.16010426966892,Private room,252,1,47,19,0.57,2026-04-11
16987125,Roslindale flr 1 pets queen bed & a.c. Laundry/pkg,Roslindale,42.27646,-71.1348,Private room,68,22,163,25,0.22,2026-06-01
1156624218560798027,W.R. Duplex apt flrs 2 and 3 sleeps 10 Boston,West Roxbury,42.27973875507627,-71.16085863782494,Entire home/apt,2112,1,286,0,,
777788877731506004,Private room with single bed floor 2 a.c.,West Roxbury,42.27778149851245,-71.1608659183274,Private room,263,1,270,44,1.12,2026-03-29
1182255793093036671,W.R. Private full bed 1st floor,West Roxbury,42.27756063517099,-71.16141550961004,Private room,257,1,146,23,1.00,2026-06-01
1231240207435021877,New modern 2bd condo: free parking/near train,Roslindale,42.2791829,-71.14073929999999,Entire home/apt,662,1,313,40,1.87,2026-06-14
826915410213840891,Welcome to the Aqua Room,Roslindale,42.28793,-71.13991,Private room,237,1,348,12,0.30,2025-10-20
695922879473339360,West Roxbury Private apt on flr 2 pet ok a.c,West Roxbury,42.27838,-71.15953,Entire home/apt,628,1,47,6,0.18,2026-06-07
951532971688006566,"Near I-93, Beach & Boston - Cozy 4BR w/Parking 988",Dorchester,42.2907089,-71.0461607,Entire home/apt,679,1,295,105,3.04,2026-06-15
1661213888855076004,Gateway to FIFA + Downtown | Office + Home Gym,West Roxbury,42.28486,-71.15915,Entire home/apt,904,2,46,1,0.83,2026-05-11
651321536161383325,Top of the Hill Townhouse,West Roxbury,42.27376,-71.17007,Entire home/apt,761,3,34,95,1.99,2026-06-01
887651543834186054,Charming vintage apartment!,Dorchester,42.2905563,-71.0523528,Entire home/apt,299,1,59,106,2.83,2026-05-30
1381394942897241860,"Adams Village 6-Bed Apt: City Perks, Suburban Vibe",Dorchester,42.28844,-71.05417,Entire home/apt,666,1,325,24,1.68,2026-05-29
1386847265116116984,4BR Boston Stay | World Cup & Gillette Access (40),Dorchester,42.3030644,-71.0561584,Entire home/apt,674,1,327,41,2.91,2026-06-07
1467394359101671929,Queen Bed | Ramada Boston | near Franklin Zoo,Dorchester,42.29496,-71.04676,Hotel room,267,1,329,0,,
1467394320722728087,2 Double Bed | 2 Units | Seasonal Pool,Dorchester,42.29496,-71.04676,Hotel room,424,1,345,0,,
1467394332520091006,2 Units | 2 Double Bed | Seasonal Pool,Dorchester,42.29496,-71.04676,Hotel room,424,1,345,0,,
1467394362771572357,King Bed | Ramada Boston | Access to Fenway Park,Dorchester,42.2949563,-71.0467594,Hotel room,252,1,346,10,1.12,2026-03-31
32890952,Quiet Comfort in Boston - Spacious 2 Bedroom,Roslindale,42.27855,-71.14064,Entire home/apt,521,3,344,12,0.14,2025-11-10
1645210256763014954,Modern Cozy Retreat near Downtown + Parking,Dorchester,42.29007,-71.04794,Entire home/apt,626,2,329,5,2.73,2026-06-09
1467394364135470099,2 Rooms w/ Queen Bed | Ramada Boston | near DT,Dorchester,42.29496,-71.04676,Hotel room,534,1,321,0,,
1467394364147035274,Ramada Boston | King Bed | Free Shuttle to Airport,Dorchester,42.29496,-71.04676,Hotel room,252,1,346,0,,
1626208481517103327,Entire Cosy Garden studio-Unique charming space,Roslindale,42.2817091010927,-71.13476329308435,Private room,94,12,361,0,,
1467394362667957202,Ramada Boston | 2 Rooms w/ Queen Bed | Free Bfast,Dorchester,42.29496,-71.04676,Hotel room,534,1,321,0,,
1060700520498426267,"Boston private Suite with private Bath, Train/Bus",West Roxbury,42.28089,-71.15935,Private room,186,1,350,12,0.44,2026-06-02
576330061675822951,"Cozy, spacious & private bedroom in Boston",West Roxbury,42.27618,-71.16087,Private room,66,10,320,11,0.23,2024-03-10
1242966790452500053,This Apartment is an great aerie in Boston,West Roxbury,42.2740567,-71.1502902,Entire home/apt,853,29,304,8,0.39,2025-08-02
48997821,"6 Room, 3 Bedroom: parking Quintessential Boston",Roslindale,42.27832,-71.14076,Entire home/apt,387,3,311,10,0.17,2026-05-19
1696462879480878415,World Cup Home Base | Game Room & Patio,West Roxbury,42.262084120490414,-71.14961508661509,Entire home/apt,1541,3,27,0,,
858659396824816067,Upscale Boston 2 BR w/ Off Street Parking,West Roxbury,42.29362,-71.13868,Entire home/apt,518,1,344,94,2.42,2026-05-19
1076294742168671644,3BR2BA Apt - Near train station,Dorchester,42.31119413032659,-71.05374671024839,Entire home/apt,643,1,226,43,1.54,2026-05-25
1467394331642356292,2 Double Beds | Ramada Boston | near Franklin Zoo,Dorchester,42.29496,-71.04676,Hotel room,242,1,346,12,2.14,2026-05-17
790042485512163978,Welcome to Your Private Oasis,Roslindale,42.2879258,-71.1399203,Private room,289,3,347,5,0.14,2026-06-14
1467394320218680755,Ramada Boston | 2 Double Beds | Seasonal Pool,Dorchester,42.29496,-71.04676,Hotel room,252,1,346,0,,
1532612281085226553,Brand New Dorchester Apt! Quiet! Mins from Boston.,Dorchester,42.2955386,-71.0526605,Entire home/apt,664,2,338,2,0.26,2026-04-12
1467394350403748736,Ramada Boston | 2 Double Beds | DT Stay | 2 Units,Dorchester,42.2949563,-71.0467594,Hotel room,484,1,346,0,,
1508336921819256776,Cozy house in Adams Village / Boston,Dorchester,42.28288145139013,-71.05391818491682,Entire home/apt,699,2,10,4,0.50,2026-05-18
1467394341508994414,Ramada Boston | 2 Double Beds | Near Franklin Zoo,Dorchester,42.29496,-71.04676,Hotel room,242,1,346,1,0.33,2026-03-16
1598746392763982689,Quiet Garden Loft with beautiful view,West Roxbury,42.27684562980673,-71.16186706508178,Entire home/apt,238,1,261,1,1,2026-06-11
1398700904124556595,Beautiful 2BR in Savin Hill Boston 9914,Dorchester,42.31141385191415,-71.0507243195717,Entire home/apt,333,2,326,47,3.45,2026-06-01
1467394314346670648,2 Double Beds | Ramada Boston | Seasonal Pool,Dorchester,42.29496,-71.04676,Hotel room,252,1,346,2,0.20,2025-09-05
1467394359131109222,Ramada Boston | Queen Bed | Seasonal Pool,Dorchester,42.2949563,-71.0467594,Hotel room,267,1,329,1,0.71,2026-05-05
1621169672775682389,2BR2BA Central & Cozy Retreat - Near Downtown,Dorchester,42.29158,-71.04938,Entire home/apt,536,1,349,1,0.32,2026-03-15
16272709,Roslindale private apt pkg window a.c pets laundry,Roslindale,42.27486,-71.13495,Entire home/apt,184,29,269,46,0.41,2020-03-15
1617754672915911849,Urban Oasis - females or grandparents only,Roslindale,42.28666,-71.13719,Private room,90,31,182,0,,
1352291155141488852,25A2.2 | The Alameda 2 | 2BR 1B w/AC & WD | Room 2,West Roxbury,42.29226131244877,-71.15318579213496,Private room,94,30,287,0,,
13046581,5-Bed Apartment w/ Kitchen + Free Parking,West Roxbury,42.25979,-71.15911,Entire home/apt,243,29,349,256,2.17,2026-01-02
38482523,Roslindale MB 1st flr queen bed lock pet ok,Roslindale,42.275023391676584,-71.13507654887017,Private room,75,29,209,0,,
1279290931179614814,Cozy 2bd w/ Queen beds & laundry,Hyde Park,42.2499037581975,-71.13359079469906,Entire home/apt,122,30,190,1,0.07,2025-03-18
556950410338375450,Masters bed room in Boston with free parking,Dorchester,42.30765,-71.07899,Private room,32,91,365,44,0.82,2023-10-13
601763,25A2 | The Alameda 2 | 2BR 1BA w/AC & WD | Private,West Roxbury,42.29192,-71.15407,Entire home/apt,121,30,147,45,0.40,2025-10-31
36596382,"Bright, spacious, home to call home.",Roslindale,42.28767,-71.14229,Entire home/apt,192,29,104,6,0.08,2026-05-02
17472272,"World Cup Home Base - 3,000+ sqft in Boston",West Roxbury,42.29106,-71.14177,Entire home/apt,3111,29,88,6,0.06,2019-06-03
21096288,Minutes to Downtown Boston,Dorchester,42.31139,-71.05494,Entire home/apt,138,31,105,20,0.20,2025-12-19
16148182,~*Pet Friendly 30min to Downtown*~ THE BOSTONIAN,Hyde Park,42.26145553588867,-71.11660766601562,Entire home/apt,250,2,337,344,2.98,2026-05-25
1490123632717146494,Welcome to Your Luxurious Urban Haven!,Dorchester,42.2828031,-71.0515875,Entire home/apt,232,29,280,20,2.25,2026-03-15
1593542130380080664,Two bedroom apartment,Hyde Park,42.2421154,-71.12263440000001,Entire home/apt,229,1,333,20,6.45,2026-06-09
1545939973639308566,Roslindale sleeps 5 pet friendly laundry& pkg,Roslindale,42.27478,-71.13323,Entire home/apt,231,29,339,0,,
664601123005873489,Loft Penthouse Steps Off Broadway!,South Boston,42.33786,-71.047,Entire home/apt,,2,0,34,0.74,2025-08-08
50007180,Newly Renovated Double Room!,Dorchester,42.29049,-71.06138,Private room,239,1,143,57,0.94,2026-01-11
12040113,"Cozy, Clean, Convenient. Private 4 rm, 2 bdrm APT",Mattapan,42.27178,-71.07731,Entire home/apt,69,29,133,205,1.90,2024-11-09
1209282533113560710,"#2 ""Top of the Hub"" Bob Marley Room",Roslindale,42.28342,-71.12383,Private room,234,1,335,129,5.66,2026-06-13
1181795869552776440,"#3 ""Top of the Hub"" Marilyn Monroe Room",Roslindale,42.28401000476389,-71.12231785322327,Private room,168,1,348,109,4.71,2026-06-07
1186474380701759928,Private suite Bed & bath near Forest Hills Station,Hyde Park,42.26980269227048,-71.11877419392917,Private room,239,1,348,40,1.69,2026-05-26
750438,"Private room for 1 person, separate private bath",Jamaica Plain,42.30733,-71.11129,Private room,115,2,57,332,2.09,2026-06-08
53756737,Private Guest Suite with Parking & Fire Pit,Jamaica Plain,42.30486,-71.12977,Entire home/apt,280,2,188,92,1.69,2026-05-31
35038113,Printing Press Loft,Jamaica Plain,42.30585,-71.11294,Entire home/apt,266,3,187,130,1.52,2026-06-09
1439441147547498575,Modern 3Bd hidden gem + parking,Roslindale,42.27145,-71.1282,Entire home/apt,366,2,328,7,0.75,2026-06-07
1380681912549561268,Cozy Home - close to everything,Roslindale,42.28876855733975,-71.12659402191639,Entire home/apt,399,1,70,3,1.25,2026-06-08
861788821813334017,"Roslindale Condo,W/D in unit,2 BDR,Free Parking",Roslindale,42.2786954,-71.11786239999999,Entire home/apt,276,3,258,49,1.33,2026-06-11
1634103304494122968,Sunny Clean Renovated Apt + parking in heart of JP,Jamaica Plain,42.30963,-71.11395,Entire home/apt,395,1,168,2,2,2026-05-29
15147053,Historic JP Brownstone with Parking. Pets Welcome!,Jamaica Plain,42.30974,-71.10798,Entire home/apt,310,1,60,594,5.07,2026-06-05
1272463919760527125,Classic 2 bedroom near Arboretum,Jamaica Plain,42.3083695,-71.11887829999999,Entire home/apt,384,1,309,44,2.26,2026-06-14
16770690,Maria's JP Rental - Boston Duplex in Jamaica Plain,Jamaica Plain,42.30745,-71.11043,Entire home/apt,308,3,267,119,1.26,2026-05-30
1179028095182598146,Large Bedroom & Private Bathroom 3B,Dorchester,42.28154,-71.0724,Private room,72,30,74,5,0.25,2026-01-31
30017679,Victorian house comfortable and cozy,Jamaica Plain,42.31031,-71.1027,Entire home/apt,616,1,275,76,1.13,2026-05-18
48585748,"2BR Near Transit, Shops, Arboretum + Free Parking",Roslindale,42.2895,-71.13044,Entire home/apt,327,3,294,114,1.85,2026-06-14
17296595,Beautifully renovated apartment in the trees,Jamaica Plain,42.30817,-71.11114,Entire home/apt,518,1,68,117,1.05,2025-08-10
1310418349859774264,Spacious 4-bedroom Getaway Apt 5 mins from MBTA,Mattapan,42.26481096928224,-71.09742672090077,Entire home/apt,399,1,245,25,1.64,2026-05-17
1246659800380574108,Pristine1b1b. Neartransit. FreeStreetParking,Roslindale,42.28370982885688,-71.11504110597,Entire home/apt,181,3,248,10,0.48,2026-05-20
48675718,"Longterm Boston2b1b,Easy transit,on-site parking",Roslindale,42.28224,-71.11739,Entire home/apt,259,5,224,95,1.50,2026-06-05
1515306685708974789,Free parking - room 3,East Boston,42.3846,-71.00615,Private room,194,1,246,19,2.21,2026-06-15
1514629096140818505,Third floor room - free parking,East Boston,42.38605,-71.00435,Private room,211,1,78,14,1.60,2026-06-03
2378421,Light-filled Private Suite on Beautiful Street,Jamaica Plain,42.31146,-71.11947,Entire home/apt,254,2,78,219,1.48,2026-05-30
1642811899603999673,W5_ Double Room In Andrew Station Area,Dorchester,42.30197536324275,-71.06600255737084,Private room,132,1,353,3,1.41,2026-04-24
1498033095754674975,"Cozy 3BR/2BA Parking, Walk To MBTA & Restaurants",Dorchester,42.2873604,-71.0540121,Entire home/apt,611,4,336,0,,
1371111532014661989,2bd/2ba in Savin Hill Boston 1234,Dorchester,42.31056115353316,-71.05227701869605,Entire home/apt,180,29,323,4,0.26,2025-05-10
805849464095237415,Studio in E. Boston #1,East Boston,42.389828263890514,-71.00259027290345,Entire home/apt,194,1,34,157,3.97,2026-05-31
1349426199893911485,"(DR81) Great for Family! 6 bedroom, 7 bath",Dorchester,42.28803856486838,-71.03931808247468,Entire home/apt,739,2,124,26,1.73,2026-06-03
918904984983903999,"(DR52) 5BR w/ Rooftop, Grill, Bay Views & Parking",Dorchester,42.28846,-71.0393,Entire home/apt,846,1,131,65,1.84,2026-05-30
1624166157258846187,FIFA World Cup easy to Airport & Downtown Boston,East Boston,42.38949,-71.00365,Private room,110,3,342,3,1.58,2026-06-02
883863319226431674,Eastie near the airport Great location,East Boston,42.37885436946893,-71.0319274351848,Entire home/apt,278,2,244,55,1.45,2026-05-30
1599413449519030485,2nd Flr Queen Bed Room with Shared Bathroom,Hyde Park,42.26562,-71.10414,Private room,242,1,177,8,1.83,2026-06-07
1202927432798024064,"Cozy/Spacious & Sunny Apt/ Downtown,Airport Nearby",East Boston,42.38999,-71.00823,Entire home/apt,262,1,190,100,4.40,2026-06-14
3968797,Sunny bedroom in large quiet house,Roslindale,42.28969,-71.13183,Private room,126,2,232,85,0.62,2026-06-14
847189753655203664,Cozy 5BR Jamaica Plain | Walk to T & Downtown,Jamaica Plain,42.2941174,-71.11704639999999,Entire home/apt,585,2,341,84,2.20,2026-06-05
986064726941440389,Arc House 1,Mattapan,42.27335926355007,-71.09710208829844,Private room,149,1,174,14,0.43,2025-10-25
1623418884391686340,"The Oak House, North • Art Deco • Luxe • Relaxing",Brighton,42.34957,-71.17393,Entire home/apt,633,1,278,1,0.54,2026-04-21
950573469793079349,Hidden Gem in Port Norfolk,Dorchester,42.286338056398,-71.04252835224409,Entire home/apt,975,2,60,41,1.62,2025-11-30
1190758651187550198,"Modern 2BR Apt, 30 min to Downtown w/Parking Spot!",Hyde Park,42.242,-71.13201,Entire home/apt,362,1,107,24,1.02,2026-06-01
1690383848812081141,"A New 3 Bedroom 4 Beds 2 Bath, Apt 3",Hyde Park,42.24975080000001,-71.1317808,Entire home/apt,374,1,318,4,4,2026-06-14
1682525395398731724,"A New 3 Bedroom 4 Beds 2 Bath, Apt 1",Hyde Park,42.24975080000001,-71.1317808,Entire home/apt,409,1,337,6,6,2026-06-13
1688764418542864903,"A New 3 Bedroom 4 Beds 2 Bath, Apt 2",Hyde Park,42.24975080000001,-71.1317808,Entire home/apt,380,1,320,0,,
996990990736513456,sunny and oversized in quiet area,Dorchester,42.31141,-71.08038,Private room,194,1,348,10,0.40,2026-04-20
737064548472086071,Lovely Apartment in the City of Boston,Hyde Park,42.25809,-71.12244,Entire home/apt,214,1,212,151,3.59,2026-05-22
1120432036871661594,Boston-Fairmont Hills Apartment,Hyde Park,42.24472838852835,-71.12051106444976,Entire home/apt,377,1,185,77,2.91,2026-05-24
1406629404701374087,2 br in Historic Charlestown,Charlestown,42.3727446,-71.0612862,Entire home/apt,,91,268,0,,
1560834426237863459,Luxury Condo in Desired Savin Hill - with parking!,Dorchester,42.31209,-71.04902,Entire home/apt,129,29,165,1,0.16,2025-12-08
1685736957056364512,Accessible Boston Home For World Cup Games!,Hyde Park,42.2442822,-71.12351009999999,Entire home/apt,502,2,190,0,,
1422529939946962207,NEW! Upscale 3Bed~Parking~W&D~ Near MBTA,Hyde Park,42.2594781,-71.1155179,Entire home/apt,694,1,238,19,1.66,2026-05-29
1409522571756431583,Spectacular Boston City View,Roxbury,42.3265349,-71.0906552,Entire home/apt,,91,309,0,,
913603590982610054,Chic Condo Retreat near Ashmont,Dorchester,42.28485,-71.05648,Private room,265,29,364,0,,
1490760244449858295,"Renovated 3B, 2BA, Skyline View, Laundry, Cen Air",Dorchester,42.29555921174926,-71.05607438208189,Entire home/apt,434,30,320,1,0.10,2025-08-26
1132117529191962304,"Renovated 3B, 2BA, Skyline View, Laundry, Cen Air",Dorchester,42.29536,-71.05618,Entire home/apt,274,30,85,2,0.09,2025-05-17
1666786830901004803,*1 TDGarden Celtics/Bruins/Lil Italy/Historic,North End,42.36758,-71.05655,Entire home/apt,290,1,242,5,3.41,2026-05-25
1341508086520452601,Luxury 2bd/2ba Next to the Airport 8168,East Boston,42.37639,-71.03017,Entire home/apt,281,1,345,6,0.43,2026-06-01
1572159797868377330,NEW! Spacious: 3Bed-Parking-Near MBTA,Hyde Park,42.2618141,-71.1162614,Entire home/apt,342,1,116,32,5.58,2026-05-31
28578655,"Mount Restwell, Serenity Vicinity",Hyde Park,42.25086,-71.11469,Private room,125,29,365,22,0.24,2025-08-23
26849309,Entire Apt near MBTA transit/keyless self check-in,Hyde Park,42.25121,-71.11694,Entire home/apt,80,29,87,59,0.62,2026-03-29
1497988876347853075,4BR/2BA Free Parking | Walk to MBTA & Restaurants,Dorchester,42.28736,-71.05401,Entire home/apt,515,3,226,0,,
14778561,"Mt Restmore, COZY spacious and Clean",Hyde Park,42.25302,-71.11591,Private room,68,29,360,50,0.42,2024-08-31
896498493759045169,Boston 4bd 2 bath Townhouse with parking & office,Hyde Park,42.25103653441923,-71.13272659288779,Entire home/apt,297,30,242,4,0.16,2024-11-23
1110098839069288363,"Modern 3BR Suburban Retreat, Minutes from Downtown",Hyde Park,42.24684,-71.11612,Entire home/apt,234,29,300,23,0.90,2026-05-20
8490356,Gorgeous and Bright Victorian Home,Hyde Park,42.25274,-71.11599,Private room,69,29,350,43,0.33,2025-04-30
549991434525062910,Beautiful space in Beautiful home!!,Hyde Park,42.25041,-71.12739,Entire home/apt,110,29,350,30,0.62,2025-12-16
4699828,Charming Victorian Furnished Home,Hyde Park,42.2563,-71.12762,Entire home/apt,172,29,264,115,0.85,2025-11-02
1395913838491495004,"Conveniently located Apartment in Hyde Park, MA",Hyde Park,42.2542421,-71.121259,Private room,310,29,359,0,,
1006662795441855296,Boston Duplex w/ Foosball Table: 11 Mi to Downtown,Hyde Park,42.24883,-71.12157,Entire home/apt,247,29,265,31,1.01,2025-04-23
16379917,3bd 2 bath Boston  w/parking and office,Hyde Park,42.2355,-71.13134,Entire home/apt,155,29,291,12,0.10,2025-08-30
7497047,Boston Private Room - Clean and quiet close to T,Hyde Park,42.23606,-71.1331,Private room,66,29,44,11,0.08,2019-06-29
1280945570247409798,Boston 2bd with in unit laundry,Hyde Park,42.24944553486619,-71.13283727327818,Entire home/apt,118,30,286,2,0.20,2026-05-13
642706953473685940,Cheerful 1-bedroom in a home,Hyde Park,42.25022,-71.12842,Private room,92,29,321,25,0.51,2024-05-16
799785700040128099,2bd in Quiet boston neighborhood near mbta,Hyde Park,42.25012042866413,-71.13245536960848,Entire home/apt,135,30,310,1,0.04,2024-04-01
3164650,2bd APT 20min from Downtown Boston,Hyde Park,42.23533,-71.13256,Entire home/apt,124,29,258,38,0.26,2024-03-15
1109510113309435671,3bd 1.5 bath with laundry and parking in boston,Hyde Park,42.25150597088558,-71.13251906307836,Entire home/apt,195,30,318,3,0.12,2025-03-10
7900936,Morning Glory Bed & Breakfast!,Hyde Park,42.24179,-71.12412,Private room,83,29,365,134,1.02,2022-11-20
26163695,Bina’s Home away from Home 3,Mattapan,42.27808,-71.08717,Private room,165,1,172,98,1.03,2026-04-21
672254464308953074,A sunny haven in the city!,Hyde Park,42.25127,-71.11544,Entire home/apt,278,29,268,6,0.28,2024-12-26
47488200,"Contemporary Farmhouse-Style Retreat, near T",Jamaica Plain,42.30945,-71.10263,Entire home/apt,493,2,341,159,2.41,2026-05-29
1284689755621427722,Stylish Loft w/ Parking &Laundry,Hyde Park,42.25008,-71.13073,Entire home/apt,148,30,47,0,,
1699452638661482311,Brand New Private Sunny Room S | Oak Sq + Parking,Brighton,42.3485,-71.17233,Private room,123,2,281,2,2,2026-06-15
1200671047049220408,2 bed with parking in Boston,Roslindale,42.29337258791596,-71.13204089179278,Entire home/apt,478,1,296,46,1.99,2026-06-10
1365457729372086500,Rusty's Attic Atelier,Roslindale,42.285021532400485,-71.1288745701313,Private room,342,2,161,2,1.05,2026-05-10
715101662823777649,New 2BR|2BA Condo in Jefferies Point with Backyard,East Boston,42.36695,-71.03748,Entire home/apt,,91,0,1,0.20,2026-02-04
1500333934090461868,Free parking 2,East Boston,42.3855,-71.00649,Private room,234,1,70,27,2.98,2026-05-30
743211,City's Hippest Neighborhood!,Jamaica Plain,42.30833,-71.11456,Entire home/apt,888,3,313,95,0.59,2026-05-30
3229255,Quiet Boston 1BD Near Train & Arboretum,Roslindale,42.28657,-71.13236,Entire home/apt,292,2,167,225,1.56,2026-06-08
1671305035327180545,7 room1,East Boston,42.389293,-70.9997987,Private room,240,1,339,3,2.81,2026-06-07
1409371127170840650,Cozy 4 Bedroom Apartment in Boston,Dorchester,42.30823936432445,-71.05957546931154,Entire home/apt,,29,0,20,1.50,2025-11-02
1440125124822411925,Room 1 King Bed,Mattapan,42.28084243852164,-71.09602011674984,Private room,189,2,339,0,,
895844491349690073,Sunny East Boston Apartment•Water View•Airport,East Boston,42.39006727537949,-71.00597769672298,Entire home/apt,508,1,178,35,0.99,2026-05-28
42358001,Bright and Spacious,Jamaica Plain,42.31074,-71.10035,Private room,232,2,166,75,1.01,2025-09-22
1698659137019601031,Brand New Home 3BD | Boston College Area + Parking,Brighton,42.3493207,-71.1733848,Entire home/apt,388,7,283,0,,
732410256220173645,"Downtown Studio Apt, near Tufts Med, BMC, MGF",Downtown,42.35109,-71.06389,Entire home/apt,,30,0,22,0.49,2023-11-11
1699459093727725279,Brand New Private Room L | Near Boston College,Brighton,42.35006,-71.17228,Private room,154,1,285,1,1,2026-06-14
4315439,Stay for FIFA Fast access to Boston and Airport,East Boston,42.38831,-71.0044,Private room,137,1,302,12,0.09,2026-06-13
1592414908071775476,Bright & Cozy Boston Stay | 3BR + Free Parking,East Boston,42.38571,-71.01294,Entire home/apt,672,1,343,10,2.10,2026-06-08
1262224972805355141,Stylish Stay at McBride St.,Jamaica Plain,42.30716760680554,-71.11328289274273,Entire home/apt,249,2,99,25,2.60,2026-06-11
1043585223983157783,Quiet Room in Roslindale,Roslindale,42.2826331,-71.1276535,Private room,63,2,323,4,0.20,2026-05-03
1325519298634421290,3 Mi to Franklin Park Zoo! Bright Residential Stay,Hyde Park,42.27073,-71.11045,Entire home/apt,388,2,320,11,0.70,2026-06-03
1485603365608907086,33EB room 1,East Boston,42.38627,-71.00439,Private room,265,1,105,47,4.65,2026-06-11
1022550200701829396,3rd FloorWhole Apartment 2beds/2living room,Roslindale,42.2907942,-71.1232016,Entire home/apt,473,2,356,25,0.80,2025-10-23
1439369159567368388,Room 2 - two queen beds,Mattapan,42.27975813889074,-71.09634596880976,Private room,274,2,339,0,,
1692573,Urban oasis trendy JP 'hood - suite,Jamaica Plain,42.31,-71.1123,Entire home/apt,269,2,311,341,2.22,2026-06-14
51279436,Tranquil bedroom and private bath near Arboretum,Roslindale,42.29125,-71.11996,Private room,172,1,37,179,3.08,2026-06-07
6465075,Spacious 5BR Condo w/parking near METRO,Jamaica Plain,42.29828,-71.11048,Entire home/apt,629,3,298,248,1.84,2026-06-11
755623527529374356,"PH City Views, Spacious 2 Bed/2 Bath w/ 2 Decks",South Boston,42.33349,-71.04808,Entire home/apt,579,29,364,17,0.44,2025-05-26
1501804410421499409,7-room 4,East Boston,42.38829,-71.00004,Private room,262,1,125,12,1.33,2026-06-13
24401790,comfortable and cozy,Jamaica Plain,42.31069,-71.10282,Entire home/apt,386,1,73,151,1.53,2025-06-21
49749352,Guest Suite - private bathroom and roof deck,South Boston,42.33620071411133,-71.05067443847656,Private room,314,1,89,349,5.78,2026-06-01
1502408605554806245,7-room 2,East Boston,42.38838,-71.00078,Private room,263,1,231,9,0.97,2026-05-18
48173950,Boston’s best! Free parking! Stylish 2 bdrm apt,Hyde Park,42.26353,-71.12697,Entire home/apt,468,1,105,61,0.96,2025-12-21
49998870,Renovated apartment just minutes from the T!,Dorchester,42.29107,-71.06189,Entire home/apt,1049,1,253,49,0.81,2026-04-21
1440153513591203101,Room 4 - Queen bed,Mattapan,42.280860381364676,-71.09611863910148,Private room,183,3,339,0,,
1288521549022009812,Art's Den (Boston),Mattapan,42.27007,-71.10192,Entire home/apt,922,3,90,0,,
1151771620579101482,Private Master Bedroom and Private Bath,Roslindale,42.28264,-71.12769,Private room,117,5,106,0,,
1502446623166379262,7-room 3,East Boston,42.38823,-70.99874,Private room,246,1,128,16,1.80,2026-05-17
1026270309100118119,2nd floor Modern Apt,Roslindale,42.28964365927628,-71.12413762465063,Entire home/apt,251,2,207,8,0.26,2026-03-20
1289867379863101996,Walk to Constitution Beach: Mid-Century Boston Gem,East Boston,42.388704,-71.0084016,Entire home/apt,256,2,292,78,4.07,2026-06-01
748360987335266464,Peaceful Garden Apartment,Jamaica Plain,42.30837,-71.11098,Entire home/apt,343,2,206,110,2.94,2026-06-02
7239024,M&R Quiet Back Room Parking Bathroom,Dorchester,42.29348,-71.05569,Private room,112,29,212,240,1.80,2023-12-01
1490700106210957423,Bright & Spacious 3BR Near Boston + Free Parking,East Boston,42.38816,-71.00686,Entire home/apt,645,1,174,18,2.32,2026-06-03
20649310,Comfort and convenience in a Victorian home,Roslindale,42.27975,-71.12545,Private room,182,1,333,152,1.42,2026-06-15
20747657,Nice  Room. Walking distance to new train Station,Hyde Park,42.2721,-71.1081,Private room,115,2,357,75,0.70,2026-05-27
1462334877356073078,Near Boston University + Free Breakfast & Gym,Brighton,42.36366,-71.13723,Private room,302,1,248,2,0.35,2026-02-22
39297317,Quiet bedroom in large house,Roslindale,42.29017,-71.13008,Private room,123,1,57,2,0.03,2026-06-14
1425377558913225929,Boston Buccaneer Retreat,Jamaica Plain,42.29796,-71.11442,Entire home/apt,511,2,185,24,2.11,2026-06-06
1265149191707383444,"Kailyn Apartment, 5-mil Fenway,2-FreePrkg",Roslindale,42.28127928521936,-71.12624786306807,Entire home/apt,285,1,97,110,5.74,2026-05-25
1355249104931450791,Apartment in Boston's Jamaica Plain,Jamaica Plain,42.299526,-71.112895,Entire home/apt,314,2,162,48,3.32,2026-05-30
53992722,BeautIful apartment in a quiet area.,Hyde Park,42.27124,-71.10898,Entire home/apt,110,5,324,29,0.59,2026-06-09
1247890338382552485,Bright Village Studio Steps to Train & Boston,Roslindale,42.28689,-71.13246,Entire home/apt,314,2,311,31,2.53,2026-06-08
1454432054303847179,Jamaica Plain Suite w/ EV charger / MBTA,Jamaica Plain,42.28994,-71.11263,Entire home/apt,298,1,257,16,1.63,2026-06-08
1020315821798174419,"Quiet Boston Retreat
Private Entrance + Parking",Mattapan,42.27187897503607,-71.10258345199047,Entire home/apt,449,1,344,73,2.31,2026-05-18
33403880,Super Sustainable Studio in the City,Jamaica Plain,42.28997,-71.11321,Entire home/apt,262,1,264,186,2.35,2026-05-30
1085569214967119107,"Trendy Stay | Clean, Cozy, & Sleek Home!",Roslindale,42.276477274546494,-71.13149719995816,Entire home/apt,417,1,184,86,3.00,2026-05-30
1042227244488104375,Boston Urban-glamping style easy commute,Roslindale,42.27131552346868,-71.12159058839843,Private room,135,1,323,23,0.96,2026-05-26
1445867715555794708,Stylish Boston Getaway Near Arboretum & T Station!,Roslindale,42.28529,-71.11973,Entire home/apt,421,2,319,14,1.25,2026-05-17
20754696,Ann and Esther's Cozy Studio near the Heart of JP,Jamaica Plain,42.30615,-71.11674,Entire home/apt,173,2,149,258,2.43,2026-06-12
626281326137052031,Stylish 1BR apartment near Arboretum + Peloton Row,Jamaica Plain,42.29756,-71.11414,Entire home/apt,285,2,217,45,2.78,2026-06-07
686859137338659695,Lovely 3bedroom apartment in Boston,Jamaica Plain,42.29687,-71.11235,Entire home/apt,272,3,322,118,2.52,2026-06-07
5166870,2 Bdrm Apt w/ tower in JP Victorian,Jamaica Plain,42.30542,-71.10409,Entire home/apt,289,2,235,530,3.84,2026-05-29
1226192514878944787,Guest Suite in East Boston,East Boston,42.38542,-71.00441,Entire home/apt,123,29,301,28,1.27,2026-06-08
761019874476699080,"Minutes to Airport, Train, Downtown & Free Parking",East Boston,42.3846216,-71.00165059999999,Entire home/apt,188,29,365,73,2.16,2026-04-10
712524834866658437,"2bd Apt, 3 min walk to train, 7min to airport",East Boston,42.38835277965553,-70.99603980441731,Entire home/apt,300,2,352,131,3.01,2025-11-08
1297745612070993205,Waterfront Escape - Close to Airport & Downtown,East Boston,42.38,-71.0143,Entire home/apt,1240,1,306,50,2.78,2026-05-19
1501390587964001582,5- room 2,East Boston,42.388903887513784,-71.000785950841,Private room,211,1,87,22,2.34,2026-06-15
1613078608180331731,Modern Waterfront 1 Bed 4 Blocks to the T & Beach,East Boston,42.38295,-70.99867,Entire home/apt,511,1,226,13,4.19,2026-06-12
713859265245447720,All new 2-bedroom garden apartment on great block.,Jamaica Plain,42.3082134,-71.11154549999999,Entire home/apt,428,4,302,84,1.87,2026-06-09
21025191,Private room.  Very close to new train Station,Hyde Park,42.27076,-71.10598,Private room,115,2,362,74,0.70,2026-05-17
29281816,"Leafy & Tranquil, Artist house. Easy access Boston",Jamaica Plain,42.31203,-71.10278,Entire home/apt,570,1,237,111,1.27,2026-05-17
1599402578646902641,1st Flr Queen Bed Room with Shared Bathroom,Hyde Park,42.26588,-71.10568,Private room,287,1,188,13,2.89,2026-06-11
35516987,Cozy Bed Near Forest Hills in HYDE PARK,Hyde Park,42.27012,-71.11977,Private room,223,1,244,55,2.04,2026-05-23
26353456,"Kid Friendly, Spacious Jamaica Plain home",Jamaica Plain,42.3109,-71.0991,Entire home/apt,866,2,5,10,0.10,2026-04-21
1106485446396783346,Lavender Dream Room near Forest Hills HYDE PARK.,Hyde Park,42.26808,-71.11704,Private room,183,1,357,90,3.42,2026-06-15
1011678374518970800,"Cozy Boston Condo, Near T",Jamaica Plain,42.30945,-71.10263,Entire home/apt,622,2,274,69,2.24,2026-06-04
47514943,"Luxe Boston Condo, Near T",Jamaica Plain,42.3071632,-71.1047474,Entire home/apt,480,2,334,41,0.63,2026-06-07
966033303798491162,My Sweet Apartment,Roslindale,42.27659184787903,-71.11711643636227,Entire home/apt,480,1,87,59,2.33,2026-05-24
1424606087589031408,Private Apt In Downtown Seaport with Pool,South Boston Waterfront,42.3535161,-71.0474239,Entire home/apt,,30,0,0,,
1521200563729974033,3BD/2BA Near Logan Airport and T 9610,East Boston,42.38776,-71.00574,Entire home/apt,401,1,344,11,1.43,2026-06-03
1495742157436934408,2BR apt near Logan and Subway 1644,East Boston,42.38572,-71.00703,Entire home/apt,288,1,360,95,9.90,2026-06-07
1653111962408099410,Luxury 2BD/2BA Near Airport f70l,East Boston,42.38625657203072,-71.00719552452006,Entire home/apt,269,1,351,8,3.43,2026-06-03
1619753016790916488,"The Oak House, South • Chic • Modern Getaway",Brighton,42.35035,-71.17193,Entire home/apt,227,2,281,4,2.35,2026-05-29
29282726,"Skylit Suite in Musical home, easy access Boston",Jamaica Plain,42.31203,-71.10278,Entire home/apt,456,1,356,182,2.08,2026-05-31
978993066417058463,Beautiful Victorian house with Views. free parking,Dorchester,42.2957068309299,-71.06245390225585,Entire home/apt,538,2,312,50,1.49,2026-04-22
1034985845805889041,Individual Bedroom 1,Dorchester,42.29247,-71.07625,Private room,169,1,361,64,2.20,2026-05-24
1642784221955827519,R4_Triple Room In Fields Corner Area,Dorchester,42.30311,-71.06431,Private room,63,1,356,3,1.06,2026-04-13
1552575412142722424,Ocean View 4Bedroom Family in Boston free parking,East Boston,42.386109321630556,-71.00705825672398,Entire home/apt,568,29,335,2,0.52,2026-04-24
1414034999603176947,"Big, Cozy Home • Walk to T, Free Parking, Yard",East Boston,42.39184401563319,-71.00589670943076,Entire home/apt,241,32,303,5,0.43,2026-05-31
1598645314772965364,King Room with Private Bath in Boston,Hyde Park,42.26582,-71.10448,Private room,253,1,186,10,5.26,2026-05-24
1462319524811943431,Minutes to Fenway Park + Free Breakfast & Gym,Brighton,42.36463685568133,-71.13538540023691,Private room,346,1,298,47,4.78,2026-05-31
633240905689427322,"Gorgeous 3-story, 3-bedroom home",Roslindale,42.28162,-71.12219,Entire home/apt,1063,3,54,37,0.75,2026-05-18
1667609931858219664,Gem in the City - 4 BD/2 BA Rozzie Square,Roslindale,42.28376,-71.12544,Entire home/apt,559,3,58,0,,
1353888941496704089,3BD/2BA Near Logan Airport and T 6988,East Boston,42.38615,-71.00678,Entire home/apt,272,29,344,5,0.32,2025-05-01
1500264559485113519,5-room 1,East Boston,42.38837,-70.99923,Private room,162,29,269,12,1.39,2026-06-04
38647730,1 Bed Apartment,East Boston,42.38765,-71.00208,Entire home/apt,154,29,179,31,0.38,2024-04-17
1453753740860360444,Spacious Home with Decks & View,East Boston,42.39014,-71.00436,Entire home/apt,365,1,165,0,,
711511026921156638,Stylish Condo next to T Station & near Airport,East Boston,42.38513940000001,-71.00392049999999,Entire home/apt,516,2,90,106,2.62,2026-04-21
14105971,Tranquil Treetop Loft,Jamaica Plain,42.30762,-71.10968,Entire home/apt,196,5,75,323,2.68,2025-07-24
1289981988868156380,Eastie | Roomy 3BR w/ Easy City/Airport Access,East Boston,42.38917492876212,-71.00424036383629,Entire home/apt,615,2,8,10,0.66,2025-10-26
1698730228957879771,Boston Urban Nests Unit 2: Long Term 1 Month +,Mattapan,42.27826,-71.09517,Entire home/apt,105,29,309,0,,
45641345,Private room  near T-Station,Roslindale,42.29309,-71.12205,Private room,43,30,317,11,0.18,2025-10-30
38908913,Room near MBTA Forest Hills w/ private living room,Roslindale,42.29331,-71.12254,Private room,51,29,50,15,0.19,2026-06-11
578958378658642185,One Bedroom Minutes from Train & Downtown Boston,Mattapan,42.2683523887178,-71.09562906010238,Entire home/apt,110,29,165,8,0.21,2023-11-20
1721016,Quiet Sunlit Attic Studio,Roslindale,42.28639,-71.13199,Entire home/apt,84,29,79,13,0.11,2025-06-05
652119882072434072,2 BR Apt in Rozzie near Arb and Commuter Rail,Roslindale,42.2901889,-71.1322954,Entire home/apt,285,1,178,0,,
1655305444229780513,Private Room near Oak Square #C (newly listed),Brighton,42.34967,-71.17228,Private room,93,30,339,2,1.36,2026-05-18
1602406011250027265,Close to Fenway Park + Free Breakfast & Gym,Brighton,42.36328,-71.13698,Private room,362,1,299,0,,
1462327961990278634,Near Fenway Park + Free Breakfast & Gym,Brighton,42.36324725239427,-71.1371677631565,Private room,456,1,279,0,,
1066129472960154468,Private Beautiful Large Sunny Room near Oak Sq. #1,Brighton,42.35028935587033,-71.17393338414931,Private room,114,29,134,18,0.66,2026-05-28
45658966,Spacious room with private living room near T,Roslindale,42.29156,-71.12194,Private room,46,30,347,5,0.07,2022-08-07
1698754287516463081,Boston Urban Nests Unit 3: Long Term 1 Month +,Mattapan,42.2772056869923,-71.09524285513574,Entire home/apt,105,29,271,0,,
26094005,Comfortable and clean  house near Arnold Arboretum,Roslindale,42.29188,-71.12154,Private room,44,30,266,11,0.17,2026-05-31
1085431484197219042,Private Room/ Boston Collage #D,Brighton,42.34949864623206,-71.17344584316015,Private room,86,29,195,27,0.95,2026-05-01
1602404340568709722,Minutes to Fenway Park + Free Breakfast & Gym,Brighton,42.363013522640514,-71.13668570362444,Private room,347,1,291,0,,
1462326399789323323,Close to Boston University + Free Breakfast & Gym,Brighton,42.36346035023072,-71.13754296213001,Private room,428,1,287,0,,
1462330021777436239,Close to Harvard University + Free Breakfast & Gym,Brighton,42.36311,-71.13553,Private room,377,1,275,1,0.09,2025-07-20
1488069098435433494,Boston 4BR Escape w/Parking| Downtown Access 233/3,Dorchester,42.3075175,-71.0754278,Entire home/apt,657,1,295,15,1.97,2026-05-25
1602403569119474768,Minutes to Fenway Park + Free Breakfast & Gym,Allston,42.36382509876703,-71.13530172413337,Private room,347,1,289,0,,
1593136690797500894,Private Large Room in a Quiet Neighborhood #B,Brighton,42.3498,-71.17441,Private room,101,29,202,14,2.68,2026-06-07
1602404872428240096,Close to Fenway Park + Free Breakfast & Gym,Brighton,42.36321672321278,-71.13556919003413,Private room,362,1,297,1,0.52,2026-04-19
1066893757764857133,Private Cozy Room by Oak Square #3,Brighton,42.35025,-71.17402,Private room,92,29,232,29,1.00,2026-06-05
1099491297164097121,"#1 ""Top of the Hub"" Bansky Room",Roslindale,42.282495750173254,-71.12207324709658,Private room,121,29,130,20,0.75,2026-05-23
1592180388511355919,Minutes to Fenway Park + Free Breakfast & Gym,Brighton,42.363070184292475,-71.13731690983077,Private room,314,1,293,0,,
1181233927689510405,"#4 ""Top of the Hub"" Secret Agent Room",Roslindale,42.2821,-71.12259,Private room,84,29,240,11,0.46,2025-07-31
54261439,Lovely 1 bedroom upstairs apartment all private,Hyde Park,42.27159,-71.10932,Entire home/apt,137,10,344,13,0.26,2025-10-24
1462333410721452306,Near Downtown Boston + Free Breakfast & Gym,Brighton,42.36308,-71.13723,Private room,394,1,264,0,,
1462331878721526823,Minutes to MIT + Free Breakfast & Gym,Brighton,42.364429759380684,-71.13759283304576,Private room,347,1,290,0,,
1602401785271014856,Minutes to Fenway Park + Free Breakfast & Gym,Brighton,42.36297769416046,-71.13700040039707,Private room,314,1,293,0,,
7482195,Private room near bus stop,Roslindale,42.28413,-71.11671,Private room,39,29,233,9,0.08,2025-06-21
1417513400829434576,New Luxury Renovation | Near T,Jamaica Plain,42.2941174,-71.11704639999999,Entire home/apt,1439,30,323,0,,
20207694,Roslindale 3rd floor 2 bed apt 5 min bus,Roslindale,42.27677,-71.13287,Entire home/apt,164,29,164,11,0.10,2019-08-26
1517579584443247118,Prime Southie Location 2BR washer/dryer in unit,South Boston,42.33673,-71.05511,Entire home/apt,58,91,308,0,,
6914622,"Exquisite Treetop Haven, JP Center, Driveway!",Jamaica Plain,42.30849,-71.11721,Entire home/apt,300,14,335,62,0.47,2024-10-25
1680111196333493550,Luxury 3BD/2BA MIT • Harvard • Roof Deck • Parking,Brighton,42.36197,-71.13701,Entire home/apt,508,1,302,2,2,2026-06-03
611575490785459373,Welcoming large bedroom,Roslindale,42.28263473510742,-71.12765502929688,Private room,57,5,116,18,0.37,2026-04-21
42221902,Single Family 4 BR / 2 BA - Walk Everywhere,Roslindale,42.28407,-71.1257,Entire home/apt,343,29,108,1,0.09,2025-08-01
629578258027487108,1 bedroom in owner-occupied condo.,Hyde Park,42.27189,-71.11775,Private room,57,29,87,1,0.02,2022-08-31
1724900,Charming sunlit house in Boston,Roslindale,42.28447,-71.13301,Entire home/apt,149,29,330,44,0.29,2020-11-30
1810172,Room for 2 in Rozzie - Full Bath,Roslindale,42.28127,-71.13304,Private room,66,29,320,48,0.31,2026-01-07
29303003,Carols place in Brighton,Brighton,42.3499,-71.17241,Private room,46,29,312,14,0.17,2024-04-05
27927966,Roslindale GB pets ok floor 1 queen bed,Roslindale,42.27658,-71.13304,Private room,77,29,154,20,0.21,2025-12-18
832513780375417882,3bd  apt w/office close to orange line w/parking,Jamaica Plain,42.31059,-71.1056,Entire home/apt,208,30,309,3,0.10,2024-03-15
9218312,"Arboretum retreat with AC, private bath, entrance.",Roslindale,42.29021,-71.13046,Private room,167,29,90,139,1.09,2020-03-16
3957602,"Entire 2nd floor, skylight suite is all yours!",Jamaica Plain,42.31016,-71.10582,Private room,78,29,54,130,0.91,2025-05-03
1517562829296124007,"Blueground | St. Elizabeth's, gym, nr shops",Brighton,42.3477986,-71.1461406,Entire home/apt,,30,2,0,,
1411185809250586790,3 King Beds 1 Bath Apt w/ Pool,Brighton,42.33570390428965,-71.15184622526952,Entire home/apt,456,1,348,19,1.48,2026-05-24
1602402036099996610,Minutes to Fenway Park + Free Breakfast & Gym,Brighton,42.36314,-71.13604,Private room,314,1,293,0,,
1642926916305772598,W6_ Double Room In Andrew Station Area,Dorchester,42.30184044631735,-71.06595353875403,Private room,141,1,320,0,,
1351147533126907884,Bright & Modern Townhouse• Easy Train Access,Dorchester,42.28235,-71.05997,Entire home/apt,695,1,242,43,2.94,2026-05-30
633934314855392761,Cozy studio with kitchenette and private bathroom,Mattapan,42.274357,-71.088326,Entire home/apt,357,2,342,44,1.29,2026-04-21
1511103739296356608,Stay in Boston Historic Lower Mills 2,Mattapan,42.27318,-71.07123,Private room,171,1,126,12,1.39,2026-04-10
1647826025425465849,Newly Built 3BR near Downtown Boston & Beach 60/3,Mattapan,42.27527,-71.07487,Entire home/apt,353,1,288,6,2.43,2026-06-11
1078601748604146206,New Spacious Home in Boston,Dorchester,42.28207,-71.07796,Entire home/apt,585,1,257,155,5.48,2026-06-05
1508697951283975523,Need a Clean & Simple Room in Boston?,Dorchester,42.27962,-71.06291,Private room,105,1,346,32,3.68,2026-05-31
721977955281446033,Boston arbor oasis - cute one bedroom suite,Mattapan,42.2751989,-71.0761706,Entire home/apt,206,1,296,185,4.63,2026-06-12
841340391794964228,Residential home with free parking,Mattapan,42.27585996935596,-71.07228684526291,Entire home/apt,653,4,320,32,0.85,2026-05-31
1647860434046331988,Family 4BR Boston Stay Near Beach & Downtown 601,Mattapan,42.27523,-71.07271,Entire home/apt,297,1,269,5,2.14,2026-05-29
1210860708540133195,Modern 5BR | Near Subway & Downtown | Free Parking,Dorchester,42.28562646410546,-71.06928880152215,Entire home/apt,825,2,328,47,2.16,2026-05-18
1662682906803137516,4‑Bed Boston - Central Location - Pets ok,Dorchester,42.298319618815526,-71.07035099609972,Entire home/apt,670,1,344,0,,
1529355938223534972,Clean & Simple Boston Stay,Dorchester,42.2803,-71.06502,Private room,103,1,282,11,1.36,2026-05-31
15821724,"Upscale 2 Bdrm Suite: Kitchen, Spa Bath, Laundry",Dorchester,42.28,-71.06983,Entire home/apt,153,5,129,276,2.82,2026-05-31
1642784332227120770,R8_Triple Room In Fields Corner Area,Dorchester,42.30297900291398,-71.06602293659014,Private room,75,1,358,8,2.89,2026-05-28
17523133,"Entire floor, private bath, 2 mins walk to subway",Dorchester,42.28499,-71.06211,Private room,163,2,123,411,3.65,2026-05-29
640523947541604406,Prime City Location: Private Suite-separate entry.,Dorchester,42.27872,-71.07145,Entire home/apt,212,1,32,146,3.04,2026-05-31
1416614858597274376,Home-like 4BR-3BA Apt | Near Ashmont Station (New),Dorchester,42.281545919890036,-71.05860177329428,Entire home/apt,542,2,332,17,1.51,2026-05-30
1705454323151678239,Modern Kid-Friendly 4BR Boston Stay w/Parking 37/2,Dorchester,42.28727,-71.07741,Entire home/apt,574,1,336,0,,
1304350307734015399,Comfy 5 BedRoom Retreat • 5-Min Walk to Train,Dorchester,42.2823479,-71.0599718,Entire home/apt,520,1,255,43,2.68,2026-06-01
1477003006531222527,Newly Renovated Home • Walk to T • Free Parking,East Boston,42.3917,-71.00572,Entire home/apt,257,32,274,1,0.36,2026-03-25
717947226350098456,room and studios in boston ma.usa,Mattapan,42.27188,-71.08839,Private room,91,5,317,45,1.01,2026-04-09
942775151182268903,New Private Room in Condo with a Dog,Mattapan,42.28136,-71.09466,Private room,145,1,325,30,0.92,2026-06-14
47406533,Sunny Southie Modern 2 Bedroom with Deck,South Boston,42.33437,-71.05208,Entire home/apt,407,2,193,52,0.84,2026-04-30
42517503,Charming 3 bedroom suite in the heart of Boston,Dorchester,42.28739,-71.05766,Entire home/apt,347,1,34,210,3.43,2026-05-31
42807059,"4br SouthBoston free parkg nrBeach, 6 min>BCEC",South Boston,42.330814361572266,-71.03656768798828,Entire home/apt,709,1,250,257,5.60,2026-06-01
19140676,Private Room 3 Min Walk to Savin Hill Subway Stop,Dorchester,42.31343,-71.05495,Private room,117,1,270,266,2.42,2026-06-08
39394763,Beautiful 1 Bedroom Condo in Heart of South Boston,South Boston,42.33125,-71.04975,Entire home/apt,109,29,85,17,0.22,2026-05-10
916759060552400715,Extraordinary 1-Bedroom Apartment in South Boston!,South Boston,42.3308789,-71.0371873,Entire home/apt,342,2,277,121,3.45,2026-06-14
1173874331267051092,Boston - Great Location-Apt 2nd floor - 8 people,Dorchester,42.32386352651769,-71.05600823801738,Entire home/apt,1028,2,331,28,1.32,2026-05-31
1611030798008563849,"1 BR Lux Apt, Wi-Fi, View of Boston, Free Parking",South Boston,42.3356786,-71.0440905,Entire home/apt,285,2,217,9,2.93,2026-06-14
1220409743498180367,Three level townhouse near South Boston's Best!,South Boston,42.33654010990479,-71.05269715189934,Entire home/apt,625,2,219,54,2.78,2026-05-10
1653919887169578662,Savin Hill Gem | 4BR-2BA | Walk to T + Parking,Dorchester,42.317356628616174,-71.05574968052187,Entire home/apt,429,2,310,4,1.67,2026-05-31
692705212150139166,10 minutes to downtown Boston,Dorchester,42.32153,-71.05485,Entire home/apt,239,2,199,165,3.89,2026-06-14
1542808089814413447,Private Room w 2BEDS and Attached Bathroom,South Boston,42.32915322768813,-71.05538864349494,Private room,320,1,289,1,0.35,2026-03-23
1381380440098772212,Bright Southie Retreat | Private Deck + Walkable,South Boston,42.331357167005415,-71.04066359226597,Entire home/apt,378,1,117,7,2.28,2026-06-14
1420427925348205791,"(Southie2) Modern 2BR –Walk to Shops & Dining, W/D",South Boston,42.332956799747194,-71.05082605866505,Entire home/apt,371,1,164,36,2.86,2026-06-14
1190052669690431638,Southie 3 Bed Single Family w/ Back Patio,South Boston,42.33236,-71.04251,Entire home/apt,999,1,363,7,0.88,2026-06-07
1662626513703152793,East Boston 2 BR /Walk to Subway+ 2 Min to Airport,East Boston,42.38215,-71.02259,Entire home/apt,605,1,10,0,,
1510937264925978657,Stay in Boston Historic Lower Mills 1,Mattapan,42.27106,-71.07316,Private room,263,1,133,4,0.50,2026-02-28
1038360272841338308,Boston| Free Parking | Walking Distance to Transit,Dorchester,42.28150255537954,-71.07591822239647,Entire home/apt,205,2,133,0,,
1558855992253451838,Top Floor Apartment with Full Kitchen & Balcony,Dorchester,42.30073,-71.06684,Entire home/apt,46,91,308,0,,
1494228213903975578,JB’s family in Boston,Mattapan,42.27572,-71.09447,Entire home/apt,708,1,214,0,,
7330494,"""Private Guest Floor in Single-Family Home""",South Boston,42.33053,-71.05388,Entire home/apt,236,2,223,598,4.51,2026-06-08
31039035,Basement room,Mattapan,42.27654,-71.0775,Private room,92,2,258,6,0.07,2019-08-26
1178282031477218967,Private Studio Guest House w/ Free Parking,Dorchester,42.31656978707012,-71.05215551992968,Entire home/apt,246,2,49,70,2.92,2026-05-28
48802286,Family Friendly City Oasis! 2 Free Parking Spots!,South Boston,42.32932,-71.05351,Entire home/apt,679,1,271,226,3.78,2026-05-31
29833651,Bina’s Home away from home  5,Mattapan,42.27852,-71.08658,Private room,194,1,174,86,0.93,2025-10-19
54012247,Cozy home with free parking,Mattapan,42.27724,-71.07475,Entire home/apt,708,2,313,47,0.91,2026-05-31
716081495310456299,"Bright Cozy Room, Steps from Red Line & Beaches",South Boston,42.33327,-71.05132,Private room,74,30,38,9,0.20,2023-07-02
36000657,"Beautiful, Clean Room close to Train and Downtown",Dorchester,42.31471,-71.05136,Private room,98,29,243,37,0.44,2026-05-20
48960774,#4 CLEAN COMFY & COZY GLORY GUEST SUITE,Dorchester,42.2807,-71.07172,Entire home/apt,394,1,363,53,0.91,2025-10-18
50031855,Perfectly Renovated Home w/ Private Outdoor Oasis,South Boston,42.33483,-71.04502,Entire home/apt,889,1,229,142,2.49,2026-06-04
1668307731763655764,Boston Dorchester 2 BR +Parking | 5 min to Subway,Dorchester,42.28219,-71.06785,Entire home/apt,366,2,343,0,,
27990984,Bina’s Home away from Home 2,Mattapan,42.27684,-71.0851,Private room,172,2,31,72,0.76,2023-10-30
1674782496208883451,The Artful Retreat Close to Gillette Stadium,Mattapan,42.27926750446034,-71.08956344425678,Entire home/apt,491,1,297,0,,
1258682027293555147,Thatch Quarters | Pvt. Room in Southie | 301 DOT,South Boston,42.33631271024674,-71.04591405138864,Entire home/apt,155,1,186,37,1.81,2026-06-11
689981885807910567,Bright retreat near Red Line w/ patio,South Boston,42.33305499999999,-71.0487466,Entire home/apt,288,1,318,104,2.26,2026-06-05
1462553731394999564,Updated unit in Boston JP!,Jamaica Plain,42.31049,-71.10569,Entire home/apt,63,91,365,0,,
51218046,"Very spacious, brand new 3 bedroom condo",Mattapan,42.2736,-71.07051,Entire home/apt,713,2,360,50,1.05,2026-03-30
16894082,South Boston. Minutes away from Convention Center,South Boston,42.33509,-71.0288,Entire home/apt,788,1,347,77,0.68,2026-05-21
983776069017896796,Penthouse 2 Beds /2 Baths luxury in South Boston,South Boston,42.33587636211053,-71.05071114287647,Entire home/apt,503,1,186,140,4.25,2026-06-03
1597451383200905739,Central Renovated Condo Airport & Subway & Parking,East Boston,42.36836,-71.03608,Entire home/apt,430,1,102,4,4,2026-06-07
1683389864240555111,Eagle House - Boston Stadium,East Boston,42.38017,-71.02846,Entire home/apt,575,1,22,0,,
979127995487134262,"Convenient, Brand new,Comfy!",East Boston,42.3751160129216,-71.03648402799509,Private room,537,1,268,19,0.58,2025-10-25
29082416,Brighton,Brighton,42.36203,-71.14292,Private room,94,29,359,81,0.87,2025-09-28
53463603,Cozy Private 1BR/1BA in Modern Home Near Airport,East Boston,42.37798,-71.03817,Entire home/apt,340,1,34,136,2.82,2026-05-30
30297660,Karlie’s Place #2,Mattapan,42.27435,-71.09402,Private room,91,29,359,199,2.18,2023-11-12
1574126997075928380,3TDGarden Celtics/Bruins/Lil Italy/Historic,North End,42.36547,-71.05612,Entire home/apt,290,1,177,11,2.80,2026-05-24
1007480621926251575,Spacious Bedroom + Private Bath 2A,Dorchester,42.28229899028369,-71.0733387619257,Private room,101,30,319,5,0.16,2025-09-04
729254397646619056,4BD/2BA w/ 2 King Beds! Near Airport and Subway.,East Boston,42.37146,-71.03357,Entire home/apt,503,1,336,119,2.72,2026-05-25
24756613,"Perfect Location, only 3 min WALK to RED train",Dorchester,42.29015,-71.0684,Private room,200,1,365,20,0.20,2026-06-15
315982,"Beautiful Townhouse, 2 BR & 2 Bath",Dorchester,42.29871,-71.05954,Entire home/apt,406,1,156,122,0.70,2025-09-17
40395312,North End 1 Bedroom Home: Perfect for FIFA,North End,42.36589,-71.05104,Entire home/apt,456,1,361,0,,
1644543225708675528,Boston 1BR Apartment Room - Comfortable Stay,Roxbury,42.31187,-71.08762,Private room,157,2,363,1,0.55,2026-04-23
29158858,Boston 1 bd Home Away From Home,Roxbury,42.30997,-71.0872,Private room,221,2,364,0,,
1170863254755541072,Brand New 4BR 2.5Bath House 20Min  Downtown Boston,Dorchester,42.3010749,-71.08379359999999,Entire home/apt,756,1,287,95,3.89,2026-06-07
9018434,Warm & Cozy Home for Your Stay!,Dorchester,42.29005,-71.06222,Entire home/apt,1049,1,123,22,0.17,2024-05-13
1544166466952960220,"Blueground | Lower Allston, view, nr Charles River",Brighton,42.3631472,-71.1378921,Entire home/apt,,30,50,0,,
1179024025528967603,Spacious Bedroom & Private Bath 3A,Dorchester,42.28319,-71.07236,Private room,113,30,319,3,0.14,2025-08-07
1249242248686975661,Spacious North End Studio,North End,42.36541813212881,-71.05177217682787,Entire home/apt,139,29,228,7,0.33,2024-12-18
33638927,12 BR World Cup Boston stay Yard Grill,Dorchester,42.309845,-71.063538,Entire home/apt,3614,2,250,13,0.16,2025-04-29
993474344830830161,Large Bedroom Suite & Private Bathroom 1B,Dorchester,42.28173,-71.07449,Private room,121,30,269,6,0.19,2025-09-19
23592161,"Cozy, Modern & Central 1 bed close to waterfront.",North End,42.36595,-71.05406,Entire home/apt,238,5,263,153,1.55,2026-05-07
1349407430128665038,Cozy Dorchester Studio,Dorchester,42.31497180467169,-71.05909027281734,Entire home/apt,243,2,15,1,1,2026-05-30
29261726,"Beautiful private place#2 4 min fr T, 5 mt airport",East Boston,42.37676,-71.03889,Private room,80,29,288,189,2.03,2025-09-01
52161120,Centrally located in the heart of Boston near T,Dorchester,42.31452,-71.05971,Entire home/apt,487,1,141,184,3.58,2026-05-29
53572353,"Rare 3.5 bed apt, super location Boston, +parking",Dorchester,42.32321,-71.06031,Entire home/apt,360,2,75,135,2.65,2026-05-03
1642928818009757467,P2_Triple Room In Savin Hill Station Area,Dorchester,42.315245717257795,-71.0575696704885,Private room,63,1,129,2,0.73,2026-05-21
1642812224748708005,H2_ Triple Room Near South Boston Area,Dorchester,42.3243589581884,-71.0602382194316,Private room,148,1,26,4,1.56,2026-05-26
1008634914969553181,Entire Apt Near Wharf,North End,42.3661862,-71.05216779999999,Entire home/apt,254,10,318,9,0.29,2025-11-25
51536008,A French Room in Boston,Dorchester,42.31609,-71.06669,Private room,229,1,166,200,3.39,2026-06-05
1623597188122910854,Large Sunlit Private Room near Andrew Square,Dorchester,42.3253866,-71.0584176,Private room,108,3,265,1,0.64,2026-05-01
48562692,3BR JFK/UMASS redline T+parking,Dorchester,42.3232,-71.05995,Entire home/apt,299,2,203,206,3.62,2026-06-07
1035592065390102452,I New apartment Luxury in Boston,Dorchester,42.30581260716941,-71.06562784951751,Entire home/apt,193,3,173,56,1.83,2026-05-30
1556669058646361646,2br in Southend m3zv,South End,42.33645,-71.06977,Entire home/apt,357,1,346,9,1.34,2026-05-24
1597414137059364125,Luxury 2 Bedroom Apartment @ The Heart of Boston 2,Roxbury,42.32598,-71.06782,Entire home/apt,373,1,227,8,1.61,2026-06-07
1642928994330127632,P4_ Double Room In Savin Hill Station Area,Dorchester,42.31337,-71.05757,Private room,124,1,124,2,1.22,2026-05-26
26012594,World Cup Boston 4BR Group Stay near train,Dorchester,42.31122,-71.06178,Entire home/apt,835,2,291,86,0.89,2026-05-15
1432653310866009935,Fenway Park – Two BR – Walk everywhere! Location!,Fenway,42.3415,-71.0969,Entire home/apt,338,1,241,68,5.44,2026-05-28
1607462391825717975,Sleek Modern 2 Bed: King + Queen | Suite 6,Fenway,42.347315557700185,-71.10453972537654,Entire home/apt,387,1,140,2,2,2026-06-04
963259614875128380,Walk! Walk! Kenmore Square - 2 Beds / 1 Bathroom,Fenway,42.34922,-71.09505,Entire home/apt,282,1,242,140,4.15,2026-05-26
1497505550851767961,Fenway Park! – Walk to all! – 2BR/1BA – Location,Fenway,42.3434,-71.09687,Entire home/apt,731,1,254,46,4.86,2026-06-01
970254183341401847,"Fenway, Berklee College & Shopping Nearby, #303",Fenway,42.34014,-71.09545,Entire home/apt,317,1,343,40,1.27,2026-05-25
1497481859342449740,Fenway Park! - Two BR - 1st Floor! Location! Walk!,Fenway,42.34299681095423,-71.09871326893501,Entire home/apt,238,1,246,41,4.32,2026-06-01
1607428126309408003,Luxury 2BR: Chic Boston Stay for 6 | Suite 4,Fenway,42.34623,-71.10278,Entire home/apt,417,1,128,2,2,2026-06-05
50898544,Fenway Park Vintage Brownstone (4A),Fenway,42.34873,-71.0958,Private room,297,1,308,504,8.45,2026-06-13
1024032191832813325,"(F31) Fenway Park, 2 Beds, Sunny, Simple & Clean!",Fenway,42.342726029626704,-71.09958197662118,Entire home/apt,410,1,232,125,4.07,2026-06-10
1648666173498482331,Kasa Boston at Fenway | Three Bedroom,Fenway,42.3437913,-71.1019092,Entire home/apt,1334,1,281,5,3.49,2026-06-06
47353361,Charlestown Furnished  1 bedroom Apartment M465,Charlestown,42.37473,-71.06101,Entire home/apt,366,1,80,20,0.36,2026-05-07
1078330771019050652,Boston Dream Space,Dorchester,42.316806743059324,-71.06661867964523,Private room,217,1,314,6,0.32,2026-02-16
4089940,Spacious Apt In North End,North End,42.36619,-71.05217,Entire home/apt,378,10,350,62,0.44,2026-06-05
1211601016640075822,North End 1 BR - Steps to Hanover Street,North End,42.3680729678385,-71.05307854413574,Entire home/apt,382,3,233,51,2.35,2026-05-31
220676,Private room off the Freedom Trail.,North End,42.36614,-71.05226,Private room,290,1,109,385,2.15,2026-06-05
30425726,Triple Decker Guesthouse for up to 24 guests!,Dorchester,42.31436,-71.05746,Entire home/apt,1238,1,272,56,0.66,2026-05-08
1284113928583755359,3brm/1bath North End Gem,North End,42.36467,-71.05444,Entire home/apt,526,1,284,40,2.63,2026-05-23
1046015724103910029,Prima Boston North End 2brm,North End,42.36474704062829,-71.05588948386952,Entire home/apt,433,1,253,110,4.08,2026-05-31
14950476,Inn the Moment - Harbor View,Charlestown,42.37006,-71.06159,Private room,375,1,125,66,0.56,2026-05-29
14928081,"Rozinante - Queen, Harbor View",Charlestown,42.37018,-71.06109,Private room,350,1,140,61,0.57,2026-05-28
1319657511921862860,Lux 1st floor 3brm/1bath North End,North End,42.366997315779884,-71.05755722815779,Entire home/apt,631,1,243,45,3.07,2026-06-01
1035464589578010933,II New apartment Luxury inBoston,Dorchester,42.30685358840152,-71.06593783681168,Entire home/apt,251,3,331,40,1.37,2026-04-21
1666808878357606436,Private Room near Andrew Station (Red Line) - H14,Dorchester,42.32467874865244,-71.05765912478148,Private room,84,7,239,0,,
1569329094349848000,H1_ Triple Room Near South Boston Area,Dorchester,42.32265,-71.05924,Private room,170,1,48,13,2.98,2026-05-30
42915815,High-floor Luxury Building with River Views by MGH,West End,42.36548,-71.06833,Private room,220,4,323,29,0.50,2026-05-29
836153649468461318,FIFA World Cup - Boston Home Special,Roxbury,42.33033,-71.07118,Entire home/apt,1284,3,40,13,0.38,2024-10-27
1033995652389074187,Duplex Beacon Hill 1brm,West End,42.36194,-71.06897,Entire home/apt,386,1,78,78,2.63,2026-05-21
6050311,Our Urban Oasis Awaits You (1BDR/BTH),Dorchester,42.31235,-71.0657,Private room,91,3,140,75,0.56,2026-04-20
42487067,Boston Three Bedroom Apartment,Dorchester,42.31129,-71.06447,Entire home/apt,325,2,271,4,0.09,2025-07-13
48080487,North End 1 BR Gem in Little Italy,North End,42.36319,-71.05127,Entire home/apt,266,29,147,85,1.31,2026-03-04
1023901162503341598,"(FB2) Fenway 3 Brm, W/D Near Hospitals!",Fenway,42.34147619289917,-71.09977461148691,Entire home/apt,748,1,257,155,4.98,2026-05-29
1623629759679982554,WX - Double Room In Andrew Station Area,Dorchester,42.32503,-71.05905,Private room,171,1,259,3,0.85,2026-05-09
1547344505016437892,Spacious 10BR/6BA Home – Ideal for Large Groups,Dorchester,42.32261,-71.05954,Entire home/apt,2468,1,49,1,0.16,2025-12-14
1063677148275439417,NEW! Boston Full Home Near MBTA! 3 Mi To Fenway !,Roxbury,42.32044,-71.07531,Entire home/apt,1155,1,306,14,0.48,2026-05-13
1642813789577688857,H4_ Triple Room Near South Boston Area,Dorchester,42.322430237447456,-71.06041836555123,Private room,148,1,131,4,1.41,2026-05-28
1657516978895899999,Luxury 2 Bedroom Apartment @ The Heart of Boston 1,Roxbury,42.32606,-71.06984,Entire home/apt,387,1,240,0,,
1596521817393092192,5 BR Spacious Boston Corporate & Medical Housing!,Roxbury,42.32001,-71.0752,Entire home/apt,612,2,315,3,1.13,2026-05-11
1622842458840316264,Stunning Luxury King Apt 1 Bedroom 1,Roxbury,42.32508924035169,-71.06791180835394,Private room,246,1,262,16,4.44,2026-06-06
1434669654372412159,Stunning Luxury Queen Bedroom with private bath,Roxbury,42.3254303,-71.068862,Private room,195,1,244,10,1.03,2026-06-01
1667722202039064442,"Sunny, historic Charlestown one-bedroom",Charlestown,42.37127,-71.06401,Entire home/apt,437,3,61,0,,
927751278413604000,"(A) Cozy room near Harvard, MIT, BU",Allston,42.35756,-71.12873,Private room,19,91,339,2,0.08,2025-04-07
27074605,FiFA Welcome to Boston 3 Minutes Walk to Train,Dorchester,42.29027,-71.06673,Private room,109,3,79,9,0.10,2026-02-25
1140417514386380768,IV NewApart LuxuryAmenitieBoston,Dorchester,42.30504,-71.0665,Entire home/apt,217,3,129,32,1.26,2026-05-31
1577203221573359240,Nightingale In Boston,Roxbury,42.31638,-71.07944,Entire home/apt,281,1,76,16,3.08,2026-05-28
970254385841933801,"Fenway, Berklee College & Newbury St Just Minutes",Fenway,42.33989,-71.09554,Entire home/apt,317,1,328,62,1.90,2026-05-31
1023431870317596538,A King Bed | Apartment | Middle of Boston,Roxbury,42.32776745773926,-71.08654071441475,Entire home/apt,361,1,29,245,11.00,2026-06-11
1137531457101264262,Cute King Bed | In The Middle of Boston,Roxbury,42.32743877499177,-71.08500299897628,Private room,120,1,47,278,10.60,2026-06-13
1236366556643897548,King Bed | 3rd Floor | Spacious,Roxbury,42.32614,-71.08678,Private room,106,1,29,206,10.15,2026-06-12
1654690234820561686,Fenway Park! – Walk everywhere! – 2nd floor – 2BR!,Fenway,42.34318,-71.09847,Entire home/apt,280,1,259,10,7.50,2026-06-10
970252095443904336,"Fenway Park, Berklee & Newbury at Your Door, #205",Fenway,42.34026,-71.09563,Entire home/apt,224,1,346,38,1.15,2026-06-13
942772741020970813,Walk! Walk! Walk! 1 Bed / 1 Bath - 2 mins from T!,Fenway,42.34955280297618,-71.09576616985966,Entire home/apt,273,1,256,128,3.66,2026-05-30
649227798792183262,Top Floor Fenway 1br w/ Patio | Keyless Entry,Fenway,42.34853335191449,-71.10454676740507,Entire home/apt,329,1,218,183,3.77,2026-05-17
1604461278566562853,Nightingale's Boston Retreat,Roxbury,42.3154637,-71.0800967,Entire home/apt,330,1,86,9,2.23,2026-05-31
1523450654065104546,NEW! LUX 3BR w/ 400 Mbps Wifi | Roku TV & Games!,Roxbury,42.33021,-71.09056,Entire home/apt,339,1,347,42,5.06,2026-06-13
1514714940012290884,NEW! LUX 3BR w/ 400 Mbps Wifi | ROKU TV & Games!,Roxbury,42.32881,-71.09256,Entire home/apt,530,1,310,43,4.94,2026-06-08
1434826471614493006,WorldCup Boston 6BR sleeps 15 near DowntownParking,Dorchester,42.31180548918105,-71.07078347720483,Entire home/apt,972,2,187,19,1.57,2026-06-07
50770780,"Fort Hill Inn, *Designed*  City Loft Studio Apt",Roxbury,42.32845,-71.09435,Entire home/apt,228,1,80,155,2.63,2026-05-21
1604009541522881174,"Cozy 3BD/1BA in Boston | Franklin Zoo, Boston Comm",Roxbury,42.31591,-71.09095,Entire home/apt,308,1,83,14,3.72,2026-06-07
35576389,Alaska Street R52,Roxbury,42.32239,-71.08039,Private room,178,1,189,77,0.92,2026-06-04
921849596380643625,Alaska Street R21,Roxbury,42.32193,-71.08004,Private room,124,1,320,44,1.23,2026-06-01
1597454376067104203,3A2 Private Room Next to Subway - Walk to Food,Dorchester,42.30171,-71.064,Private room,122,3,350,3,1.23,2026-05-25
163941,Fort Hill Inn  2 bed Duplex ApT!  Location!,Roxbury,42.32806,-71.09423,Entire home/apt,446,1,126,345,1.91,2026-05-22
832227322277899919,Spacious multi-level 4 bed /2bath Apt. in Boston,Roxbury,42.31355842721171,-71.08467057133451,Entire home/apt,386,2,145,173,4.37,2025-10-22
43757873,4BR - Visit Boston Like a Local!,Charlestown,42.38102,-71.06814,Entire home/apt,261,7,19,6,0.10,2025-08-31
1036141923934827130,Modern Condo steps from Bunker Hill Monument,Charlestown,42.37537063838112,-71.06237702904673,Entire home/apt,355,2,294,69,2.31,2026-06-08
1420930345205821959,Historic and stylish cottage in Boston,Charlestown,42.38061,-71.06563,Entire home/apt,1391,4,40,0,,
1569557576331512636,"Z Celtics/Bruins, Lil Italy, North End*",North End,42.36522,-71.05701,Entire home/apt,296,1,217,19,3.29,2026-05-31
1666789624036158130,Z*3 TDGarden Celtics/Bruins/Lil Italy/Historic,North End,42.36758,-71.05654919999999,Entire home/apt,404,29,186,5,3.13,2026-05-29
1211190103832728629,North End 1 BR in Little Italy,North End,42.367563314550324,-71.05261702063339,Entire home/apt,427,2,234,48,2.11,2026-05-26
1613230053641034691,Superb 2brm/1bath heart of North End Boston,North End,42.36543801244185,-71.05327668941528,Entire home/apt,422,1,270,12,2.95,2026-05-30
46005070,Chic StudioLux Near Piers Park & Harbor,East Boston,42.36638,-71.04007,Entire home/apt,,29,363,41,0.60,2024-07-22
1413787834722874755,North End Efficient 3 BR | 1 BA in Little Italy,North End,42.36585,-71.0545,Entire home/apt,1353,2,184,25,2.01,2026-05-29
21701419,"Private High-Rise, River-View Bedroom by MGH/MEEI",West End,42.36431,-71.06833,Private room,171,6,211,76,0.73,2026-03-15
40283311,Blue Waters - Harbor View,Charlestown,42.3699,-71.06146,Private room,375,1,60,57,1.21,2026-05-15
1413782160392323820,Fabulous North End 3 BR | 1.5 BA in Little Italy,North End,42.36706,-71.05303,Entire home/apt,1004,3,253,17,1.32,2026-05-25
14204600,North End 2 BR | 1 BA Duplex in Little Italy,North End,42.36704,-71.05376,Entire home/apt,826,2,235,352,2.93,2026-04-21
878794587007595979,Charming South End Farmhouse - Near Northeastern!,Roxbury,42.33467151684205,-71.08334665548122,Entire home/apt,571,1,264,190,4.98,2026-05-30
971237837731938987,Newly Renovated Roxbury Tower,Roxbury,42.32048,-71.07729,Entire home/apt,243,2,348,108,3.21,2026-05-28
1162030325793313072,Alaska Street R40,Roxbury,42.31977,-71.07991,Private room,96,2,347,23,0.93,2026-06-02
28749495,Alaska Street R43,Roxbury,42.32045,-71.07794,Private room,148,1,164,92,0.98,2026-06-01
52637370,Amazing Location in Little Italy with Roof Deck,North End,42.36841,-71.05425,Entire home/apt,440,1,258,79,1.51,2026-06-12
1526069266502538249,City Apt In Heart of Boston,North End,42.36331,-71.05516,Entire home/apt,418,30,358,0,,
565061216401674911,Modern & Cozy 3-BR Condo near Downtown,Roxbury,42.31625,-71.0771,Entire home/apt,312,1,332,239,4.58,2026-06-05
1456161915343235524,Highland Park fun home,Roxbury,42.32121,-71.09197,Entire home/apt,571,1,146,14,1.30,2026-06-13
28867304,Alaska Street R42,Roxbury,42.32142,-71.08007,Private room,116,1,307,119,1.27,2026-06-13
27810970,Alaska Street R53,Roxbury,42.32192,-71.07855,Private room,149,2,51,89,0.94,2026-05-30
1648634963965467692,Kasa Boston at Fenway | One Bedroom King,Fenway,42.3437913,-71.1019092,Entire home/apt,639,1,284,5,3.13,2026-06-06
50085332,StudioLux in Trendy Neighborhood | Pool,East Boston,42.36638,-71.04007,Entire home/apt,,29,363,42,0.70,2024-12-15
897900710964345557,Rebuilding Victorian Room 1,Roxbury,42.3150924,-71.085883,Private room,91,2,143,78,2.28,2026-06-14
1459850634790032942,Historic 2 floor Apt in Boston w/ outdoor deck!,Roxbury,42.32777,-71.0875,Entire home/apt,603,1,343,48,4.34,2026-06-09
1599569589257480748,"Elegant, Spacious 3BD/1BA in Boston",Roxbury,42.31423,-71.08893,Entire home/apt,346,1,80,7,2.23,2026-06-05
1184033060829768866,5 TDGarden Celtics/Bruins/Lil Italy/Historic,North End,42.36573366146302,-71.05616306007353,Entire home/apt,187,1,262,22,1.48,2026-06-01
1561230170619292915,Prime Boston Studio nr Boston Common,Chinatown,42.352093,-71.06081,Entire home/apt,222,30,357,0,,
1508000218078509601,Back Bay Stylish Studio,Back Bay,42.34408,-71.08174,Entire home/apt,207,29,233,9,1.20,2026-02-10
963638294449412751,Chic Fenway 1b Perfect Location!,Fenway,42.34909022215199,-71.09523336919413,Entire home/apt,320,1,99,74,2.16,2026-05-14
1496440589796901002,Furnished 1BR in Downtown,West End,42.36494,-71.06597,Entire home/apt,390,2,295,4,1.32,2026-04-21
29765,Moroccan Decor Suite,Charlestown,42.37754,-71.06642,Entire home/apt,370,2,354,103,0.53,2024-10-27
970255523886035851,"Fenway, Berklee & Newbury St at Your Door, #406",Fenway,42.339688701361496,-71.09537347149856,Entire home/apt,371,1,315,42,1.28,2026-05-25
1042138334458791071,Large 2 BR | 1BA in the North End,North End,42.36672,-71.0556,Entire home/apt,817,3,250,49,1.64,2026-05-31
1642854186076473756,Modern Luxury 2BR | King + Queen | Suite 8,Fenway,42.34571,-71.10427,Entire home/apt,496,1,131,4,4,2026-06-14
1497493607019466537,Fenway Park! - 2BR/1BA- 1st Floor! Location! Walk!,Fenway,42.34149,-71.09814,Entire home/apt,597,1,242,46,4.88,2026-05-26
1496282210699630809,Boston's Alaska Nest | Sleeps 15 | Free Parking,Roxbury,42.3207386,-71.0783905,Entire home/apt,970,1,287,19,2.01,2026-06-07
1280410409858262373,1BR Apartment Full-Kitchen,South End,42.33629,-71.07671,Entire home/apt,399,2,273,22,1.16,2026-05-17
1600133883737438556,Nightingale Boston Hideaway,Roxbury,42.3154637,-71.0800967,Entire home/apt,359,1,76,6,1.49,2026-05-28
589710523815430887,"Art-filled queen room, city views, near T",Roxbury,42.3295,-71.09212,Private room,190,3,52,33,0.65,2024-08-27
49714366,*Fort Hill Inn  *Sunny* Updated Historic Beauty!,Roxbury,42.3234,-71.09018,Entire home/apt,531,2,123,99,1.64,2026-06-11
10132073,Extended stays,East Boston,42.37126,-71.03893,Entire home/apt,414,1,224,86,0.71,2026-05-16
49638279,Fort Hill Inn Uber Cool!  **Modern City Triplex**,Roxbury,42.32829,-71.09404,Entire home/apt,799,2,103,39,0.67,2026-04-10
1295661468741873344,"Blueground | East Boston, AC, nr parks & beach",East Boston,42.3733886,-71.0401856,Entire home/apt,,30,50,0,,
1026789531332469095,Luxury Studio | Conference & Work Spaces,East Boston,42.36638,-71.04007,Entire home/apt,242,29,352,12,0.40,2024-08-09
1654383322865584245,Elegant 2BR 0.09mi Faneuil Hall/Quincy Market,Downtown,42.3617,-71.05567,Entire home/apt,349,30,269,5,2.21,2026-05-17
760402775627338023,"Central, Private Stay in a Boston Victorian Home",Roxbury,42.324499935324376,-71.0821790504146,Private room,,1,362,32,0.82,2026-04-22
1211650469632506754,North End 1 BR + Patio in Little Italy,North End,42.36617,-71.0529,Entire home/apt,298,3,156,49,2.25,2026-05-30
4150640,Historic Brick Apt North End,North End,42.36618,-71.05217,Entire home/apt,273,29,303,28,0.20,2022-06-12
46006469,Luxury Studio w/ Rooftop Deck & Harbor Views,East Boston,42.36638,-71.04007,Entire home/apt,210,29,352,59,0.89,2025-08-23
45999950,Modern Studio Designed for Elevated Living,East Boston,42.36638,-71.04007,Entire home/apt,242,29,352,7,0.15,2026-06-01
1210048479112915739,"5BR TDGarden, Celtics/Bruins, Lil Italy, North End",North End,42.3676,-71.05826,Entire home/apt,1277,1,227,13,0.57,2026-03-16
641394192307018561,Stunning Victorian with Office | Mins to Downtown,Roxbury,42.32441,-71.08664,Entire home/apt,310,2,110,71,1.53,2026-05-25
1193457837974640772,Stay in the Heart of Medical Boston - Parking,Longwood Medical Area,42.33832,-71.10647,Hotel room,402,1,348,7,0.41,2026-05-30
1524074042765693399,Perfect for 1,Brighton,42.3552,-71.16264,Private room,135,1,336,21,2.54,2026-06-14
53195495,Clean room with Free parking,Brighton,42.3478,-71.15407,Private room,107,1,178,305,5.47,2026-06-07
1607379128977813155,Front Row Views: 1BR Suite with King Bed | Suite 3,Fenway,42.34608,-71.10444,Entire home/apt,624,1,163,3,3,2026-06-05
15016872,Washer+Dryer+Parking!*Private suite*Cul de sac*,Brighton,42.34124,-71.15811,Entire home/apt,195,2,35,375,3.52,2026-06-10
1511018819016633007,The Urban Hideout Loft: Sleeps 4 | Suite 1,Fenway,42.3467835,-71.10356089999999,Entire home/apt,279,1,155,0,,
8518237,Executive Garden Apartment,Brighton,42.34196,-71.16095,Entire home/apt,493,2,104,442,3.38,2026-06-03
1176976365746800145,Luxury Charlestown! city home!,Charlestown,42.37675615633171,-71.05792112010776,Entire home/apt,1883,2,246,2,0.14,2025-08-04
731719702200184603,Boston In-law Suite with Private Entrance,Brighton,42.35581,-71.15674,Entire home/apt,240,2,222,101,2.34,2026-06-14
1188736505557817472,*Private Entrance *Central Location *kitchen,Brighton,42.34735,-71.15401,Entire home/apt,316,1,177,73,3.16,2026-06-14
1642857063980613479,Luxury Boston Suite: King + Workstation | Suite 10,Fenway,42.34579471619372,-71.1033189243304,Entire home/apt,387,1,138,1,1,2026-06-14
18876533,The In & Out Room at TPH - Boston,Brighton,42.35457,-71.16684,Private room,212,1,355,139,1.98,2026-04-19
1698630022042235257,cozy room C,Brighton,42.34604,-71.15257,Private room,88,1,365,1,1,2026-06-12
50874201,Modern Studio w/ Pool & Outdoor Lounge,East Boston,42.36638,-71.04007,Entire home/apt,221,29,352,15,0.27,2025-05-12
1339919382635534918,nice and cozy room 2,Brighton,42.35629,-71.15822,Private room,88,1,365,54,3.58,2026-05-30
1648654531546073680,Kasa Boston at Fenway | One Bedroom Queen,Fenway,42.3437913,-71.1019092,Entire home/apt,409,1,299,0,,
679963181191706468,Well-Lit Bedroom near Transit and Charles River,Brighton,42.35151,-71.16219,Private room,138,1,355,25,0.54,2026-06-08
1176699238161408928,Lovely & Quiet 2BR in Brighton,Brighton,42.34527,-71.1607,Entire home/apt,399,1,162,45,2.12,2026-05-23
4662379,Historic House modernized,Brighton,42.34765,-71.15509,Entire home/apt,672,2,266,230,1.64,2026-06-02
1402514724234522779,The Fisher: City Access • Kitchen • Gym • W/D,Brighton,42.34736,-71.14403,Entire home/apt,359,1,265,49,3.50,2026-05-28
27370693,Hola Joy 3,Brighton,42.36015,-71.14233,Private room,78,1,316,98,1.03,2026-06-11
46000458,Elegant Portside Studio by the Water,East Boston,42.36638,-71.04007,Entire home/apt,242,29,352,4,0.07,2025-03-23
53115783,Brand New 2 BR | 1 BA in So. BOS #1,South Boston,42.33488,-71.04432,Entire home/apt,269,29,185,38,0.68,2025-09-02
53555832,Charming Bedroom with private bath.,East Boston,42.37813,-71.03303,Private room,63,29,283,9,0.21,2025-08-11
1334082335306014020,Comfy room in Luxury apartment,East Boston,42.37768,-71.03533,Private room,54,30,48,2,0.16,2025-09-30
776971614888195449,One T stop from Downtown,East Boston,42.36593455069983,-71.0355713888855,Entire home/apt,130,29,279,12,0.30,2025-11-06
1516316017587509956,Modern Apt in E Boston,East Boston,42.374060604136474,-71.03250146472688,Entire home/apt,1040,29,365,21,2.40,2026-01-25
1252393019875245584,Modern Sunny Boston Skyline Apartment near Airport,East Boston,42.38026,-71.0342,Entire home/apt,197,29,116,33,1.63,2025-07-26
850907296135453535,"E. Boston Condo| Airport, Downtown, Convention ctr",East Boston,42.37108,-71.03437,Entire home/apt,98,30,121,101,2.66,2025-10-18
1024009392861605705,Nice Oasis Nr.Downtown & Airport,East Boston,42.37809941816045,-71.03205981485941,Entire home/apt,211,29,269,62,2.07,2025-10-30
32012250,"East Boston- Newly Renovated, Prof. Clean, 1bd Apt",East Boston,42.36935,-71.03215,Entire home/apt,101,29,237,29,0.35,2026-05-04
19310183,Family Home + Near Downtown + Cool Backyard!,East Boston,42.36645,-71.0298,Entire home/apt,685,1,242,247,2.27,2026-06-13
1330470887826461444,"Blueground | East Boston, AC, balcony, nr park",East Boston,42.3772615,-71.0292983,Entire home/apt,,30,319,0,,
1537104912157217028,Exclusive Studio Oasis Near Boston & Airport,East Boston,42.37649414077199,-71.03236083062892,Entire home/apt,166,2,343,3,1.14,2026-06-15
1295661716773323725,"Blueground | East Boston, AC, nr parks & beach",East Boston,42.3772908,-71.0294006,Entire home/apt,,30,259,0,,
1447418648814552213,Cloud 9 Lounge | Aviation-Themed Designer Flat,East Boston,42.38036,-71.03436,Private room,1215,29,37,1,0.10,2025-08-09
3781,Harborside-Walk to subway,East Boston,42.36413,-71.02991,Entire home/apt,115,29,227,27,0.20,2025-09-30
1174555102044481288,"Spacious Home- Master Suite, Private Bath & Office",Roxbury,42.3115020854777,-71.08870089961098,Private room,172,3,75,42,2.07,2026-06-04
1361720071811818396,Modern Home - Bright & Spacious,Roxbury,42.31193,-71.08899,Private room,121,3,36,15,0.98,2026-05-31
1534224463424493532,Modern 1BR Nr Boston w/ Private Entrance + Parking,Dorchester,42.30179,-71.08364,Entire home/apt,146,4,75,1,0.42,2026-04-07
604155121530765682,Historic Boston 3BR | Walk to Transit & Museums.,Dorchester,42.30805,-71.07671,Entire home/apt,265,1,72,62,1.80,2026-06-10
1649524898734197356,FIFA! Direct Train to Gillette | Heart of Boston,Dorchester,42.30911124761797,-71.07775470792009,Entire home/apt,585,2,123,3,1.61,2026-05-31
50009640,Cozy Room on Top Floor!,Dorchester,42.29037,-71.06367,Private room,224,1,241,17,0.30,2025-04-24
1650351657967333022,Cozy 2-bedroom Boston apt near T and airport,East Boston,42.37873,-71.0288,Entire home/apt,137,29,312,0,,
1092092772949307191,Cozy East Boston Apt with Patio,East Boston,42.38246231733909,-71.03013849666957,Entire home/apt,190,29,324,0,,
972577050709299536,Cozy Oasis Near Downtown & Airport,East Boston,42.3771,-71.03226,Entire home/apt,138,29,254,2,0.06,2023-10-31
21769647,Angela’s Comfy 1BR,Dorchester,42.29286,-71.07486,Private room,188,1,106,300,2.89,2026-06-14
1498154917519665846,Fenway Park! – Walk everywhere! – 1st floor – 1BR!,Fenway,42.34276,-71.09645,Entire home/apt,302,1,251,42,4.45,2026-06-10
1693110019899393615,Red Sox 09.8 - Fenway Park. Longwood Medical. NEU.,Fenway,42.34288367002635,-71.10093678954925,Entire home/apt,416,1,337,3,3,2026-06-10
968756887106715089,"Walk to Fenway Park, Berklee & Newbury St, Ground",Fenway,42.3415,-71.09519,Entire home/apt,314,1,295,137,4.22,2026-06-09
13866351,Beautiful and Cozy Entire Apt in Boston,Dorchester,42.30003,-71.0788,Entire home/apt,236,5,300,115,1.09,2026-05-22
50898388,Fenway Park Vintage Brownstone (3C),Fenway,42.34909,-71.0969,Private room,252,1,302,515,8.60,2026-06-11
5825829,Brownstone Luxury Penthouse Condo,Fenway,42.346073150634766,-71.10575866699219,Entire home/apt,616,2,264,126,0.93,2026-06-05
1508297118134358694,Fenway Park-Location-Close to the Subway (T),Fenway,42.34148,-71.09695,Entire home/apt,364,1,322,39,4.35,2026-06-11
970253205610322340,Stay in Style: Fenway Park Around the Corner #201,Fenway,42.34168617543995,-71.09518205208003,Entire home/apt,266,1,291,67,2.07,2026-05-26
709454279559399856,Brand New 1 Private Room East Boston Jeffries Pt,East Boston,42.366,-71.03254,Private room,63,29,288,0,,
1695904526794267397,Fenway Park. 00 03.1 2.0. Longwood Medical. NEU,Fenway,42.34176679999999,-71.0980455,Entire home/apt,530,1,354,3,3,2026-06-14
1648660239283305142,Kasa Boston at Fenway | Two Bedroom,Fenway,42.3437913,-71.1019092,Entire home/apt,744,1,289,19,11.88,2026-06-14
1500287588466469228,Fenway Park! – Walk to all! – 2BR/1BA – Location!-,Fenway,42.34172188639561,-71.09655887619759,Entire home/apt,242,1,251,40,4.35,2026-05-29
52234647,(P-102) Bright 1-Bedroom Apartment in Fenway,Fenway,42.34689,-71.1033,Entire home/apt,317,1,72,200,3.48,2026-06-04
1692092526978280503,Quiet Boston Getaway in Prime Location,Roxbury,42.32578,-71.08603,Entire home/apt,328,2,317,3,3,2026-06-14
1175280357399292317,Modern Single Family Home minutes from Fort hill,Roxbury,42.31590552722961,-71.09311744775373,Entire home/apt,428,2,72,27,1.24,2026-06-12
1508831858074832656,Cozy 1Bed Retreat at Alaska Nest | Free Parking,Roxbury,42.31997,-71.07752,Entire home/apt,254,1,285,15,1.93,2026-06-15
1673953730707870739,Rebuilding Victorian Room 2,Roxbury,42.3150959,-71.0858597,Private room,86,2,192,4,4,2026-06-14
4460532,AKBrownstone: Room w/skyline views by T,Roxbury,42.32942,-71.09149,Private room,181,1,43,561,3.97,2026-06-10
1361815630224289483,Bright & Private Home w/King Bed,Roxbury,42.31312,-71.08901,Private room,188,2,72,24,1.55,2026-06-07
3343428,"AKBrownstone: Room w/10ft ceilings, park view by T",Roxbury,42.32811,-71.09157,Private room,176,1,41,555,4.36,2026-06-01
43899519,New Decor! Cozy Modern Renovated Private Suite!,Roxbury,42.31698,-71.09315,Entire home/apt,179,1,246,276,3.90,2026-06-13
4568116,AKBrownstone: Micro studio by T,Roxbury,42.32967,-71.09328,Entire home/apt,239,1,42,955,6.77,2026-05-30
1574203855635239787,Southie Dream 5BD/2Bath w/Sky Deck | Near Airport,South Boston,42.3387,-71.02816,Entire home/apt,1305,30,269,0,,
6544267,Urban Oasis / Apartment perfect for work & create,Roxbury,42.32932,-71.08925,Entire home/apt,271,3,297,119,1.20,2026-06-11
1295521174375430256,Comfort Inn In my 3rd bedroom,Roxbury,42.314733553774225,-71.0749917522336,Private room,86,1,336,54,3.94,2026-06-06
42355564,The Jazzy Airbnb,Roxbury,42.3218,-71.07452,Private room,109,1,270,364,4.74,2026-06-12
39045406,Beautiful 2 bedroom in historical Fort Hill Boston,Roxbury,42.32756,-71.09474,Entire home/apt,288,1,35,380,5.58,2026-06-12
975276196613469703,Newly Renovated + Spacious Apt w/ Parking,Roxbury,42.32162,-71.07709,Entire home/apt,302,1,340,136,4.06,2026-05-28
3602379,"Modern, Spacious 1BR for 4 - Easy Marathon Access!",Roxbury,42.32843,-71.09369,Entire home/apt,235,2,157,354,2.49,2026-05-17
1389985004569174505,Comfort Inn in my 2nd bedroom.,Roxbury,42.31455,-71.07509,Private room,96,1,79,20,1.44,2026-05-31
1642807906146516124,P5_ Triple Room In Savin Hill Station Area,Dorchester,42.31568,-71.05699,Private room,87,1,348,9,3.14,2026-05-29
1685062129314206334,Renovated Modern 3BR close to Downtown and Fenway,Roxbury,42.31382250886263,-71.07447273418137,Entire home/apt,334,2,162,2,2,2026-06-06
4263736,AKBrownstone: Suite w/private bath by T,Roxbury,42.32971,-71.0931,Private room,192,1,41,661,4.65,2026-06-12
1664871480454739794,Private Room near Andrew Station (Red Line) - H13,Dorchester,42.3247,-71.05761,Private room,101,7,284,1,1,2026-05-21
1193513049860213888,Stylish Condo with Parking/Wi-Fi,Roxbury,42.322900058883235,-71.06823785685711,Entire home/apt,347,1,292,43,2.09,2026-05-18
1653730859674616387,Private bedroom and bathroom in Dorchester,Dorchester,42.3179,-71.0692,Private room,103,1,16,3,2.37,2026-06-14
24783227,"Sunny ocean-view suite nr subway w/kitchen, bathr.",Dorchester,42.31286,-71.06249,Entire home/apt,166,2,280,251,2.55,2026-05-20
48611199,Apartment 1BR mins from JFK/UMASS free parking,Dorchester,42.3163,-71.05873,Entire home/apt,261,1,195,461,7.25,2026-06-09
1403245366171186508,Family Retreat - Stunning 5BR2BA w Parking/ Near T,Dorchester,42.31448490899815,-71.05817219161273,Entire home/apt,805,1,278,34,2.52,2026-06-07
1616380969197736909,Private Room near Andrew Station (Red Line) - H31,Dorchester,42.32655,-71.0578,Private room,99,7,180,2,0.77,2026-05-31
575375554573801359,Spacious Dorchester Retreat | 2-bdrm condo,Dorchester,42.31607,-71.07184,Entire home/apt,395,1,18,119,2.59,2025-08-29
1554649254513764605,2 BDRM Apt Next to Airport/ 5 min to Downtown,Charlestown,42.372367739487714,-71.06019391560694,Entire home/apt,245,1,320,35,5.10,2026-06-13
811115218939361431,Chic 2BR in the heart of Boston,Roxbury,42.32430523674081,-71.06804419511593,Entire home/apt,449,1,290,142,3.51,2026-05-31
1512606514598337043,Apt next to Airport/5 min to Downtown,Charlestown,42.37234,-71.05823,Entire home/apt,291,1,326,65,7.44,2026-06-07
1178276067674629495,"(42L2) Celtics, Bruins! Lets GO!",Downtown,42.36475,-71.06355,Entire home/apt,314,1,245,104,4.42,2026-06-07
619142,Getaway in Historic Charlestown,Charlestown,42.377338,-71.063095,Entire home/apt,211,3,77,203,1.20,2026-06-07
1035386828305538842,III New apartment Luxury Boston,Dorchester,42.30733500140108,-71.06698018804586,Entire home/apt,217,3,308,31,1.15,2026-06-01
671642209257907659,Serenity - 36’ Aft Cabin Carver,Charlestown,42.37017,-71.0614,Entire home/apt,350,1,120,36,1.44,2026-05-30
14950328,"""Port"" View - Queen Ensuite",Charlestown,42.37216,-71.05937,Private room,260,1,104,112,0.94,2026-05-28
1701556133662903784,Private luxury penthouse in Boston downtown.,Downtown,42.36704729576983,-71.063910977,Entire home/apt,677,3,342,0,,
32826985,"SeaClusion- Queen, Harbor View",Charlestown,42.37213,-71.06123,Private room,350,1,130,87,1.01,2026-06-06
3294152,"Garden Suite near subway, beach",Dorchester,42.31281,-71.06098,Entire home/apt,166,2,239,280,1.92,2026-05-24
48357656,"Large 1+bed in historic Charlestown, Boston!",Charlestown,42.38099,-71.07038,Entire home/apt,323,1,296,151,2.50,2026-06-11
700142117741049119,North End/TD Garden Condo w/Rooftop Deck,North End,42.36472,-71.05683,Entire home/apt,565,1,104,179,3.89,2026-05-31
963712891329091474,(42L5) Celtics Bruins TD Garden Outside your door!,Downtown,42.36624,-71.06325,Entire home/apt,311,1,248,136,4.09,2026-06-08
708802,Boston / Charlestown Apartment,Charlestown,42.37826919555664,-71.06332397460938,Entire home/apt,272,2,176,543,3.26,2026-06-12
980483606576205347,(42L4) TD Garden - Perfect Spot!,Downtown,42.36628370697858,-71.06511972252505,Entire home/apt,311,1,239,148,4.41,2026-06-14
13091712,Ideal for Families - Spacious Charlestown Townhome,Charlestown,42.38061,-71.06905,Entire home/apt,862,1,36,82,0.83,2025-08-25
1679624043280183551,Renovated Modern 3BR | Easy Transit to Boston,Roxbury,42.3147303,-71.07553229999999,Entire home/apt,409,2,159,3,3,2026-06-11
962459201032552160,Back-Bay* Boston* Downtown* w/Gym & Parking,Bay Village,42.35044641835193,-71.06818657368422,Entire home/apt,,29,21,17,0.50,2025-11-28
1597367589054901332,Stunning Luxury King Bedroom with private bathroom,Roxbury,42.32611,-71.06791,Private room,194,1,242,10,2.75,2026-05-31
1657520770918389232,Stunning Luxury Apt 1 Bedroom 2,Roxbury,42.324569999529274,-71.06954831210928,Private room,200,1,256,4,2.11,2026-06-09
1650321747243620732,Fenway Park! – Walk to all! – 1bedroom/1bathroom!,Fenway,42.34157313132292,-71.09786438932754,Entire home/apt,284,1,265,12,4.50,2026-06-03
1365425471800019053,Newly Renovated Retreat l Near T,Dorchester,42.31830911103138,-71.05866072455244,Entire home/apt,716,1,310,18,1.18,2026-05-29
968897133097214213,"Stay Close to Fenway, Berklee & Newbury St, #4",Fenway,42.3403,-71.09578,Entire home/apt,336,1,339,59,1.79,2026-06-14
50870667,Fenway Park Vintage Brownstone  (3A),Fenway,42.34914,-71.09555,Private room,297,1,310,480,8.03,2026-06-13
1542130514424571225,*TDGarden/Celtics/Bruins/Bunker Hill-Sleeps 3,Charlestown,42.38131,-71.06976,Entire home/apt,193,1,158,25,3.41,2026-05-31
1459038192283563456,Fenway Park! – 1st Floor! Small bedroom – Walkable,Fenway,42.342870849347314,-71.09835735586621,Entire home/apt,290,1,262,45,4.03,2026-05-31
36977405,Victorian Studio with Kitchen,Dorchester,42.31583,-71.06822,Private room,246,1,157,215,2.56,2026-06-04
1360396771077104263,World Cup Boston Large 5BR Group Stay + Parking,Dorchester,42.29942,-71.06949,Entire home/apt,945,1,355,13,0.82,2025-10-26
6489209,"Large room, excellent access, 27 Dexter Street",South Boston,42.33034,-71.05802,Private room,94,5,240,133,0.99,2026-05-27
781057836995926888,Walk! Location! Steps from the T! 1 bed 1st floor!,Fenway,42.34997,-71.09586,Entire home/apt,216,1,227,169,4.22,2026-06-10
35238309,1🎖Gorgeous tastefully modernized  Victorian suite,Dorchester,42.31686,-71.05746,Entire home/apt,332,1,85,208,2.44,2026-05-29
963783297835812701,(42L3) Celtics Bruins TD Garden Outside your door!,West End,42.36454397802231,-71.06485248264232,Entire home/apt,530,1,230,141,4.20,2026-06-06
17075037,Open Layout+Backyard near Train Downtown Parking,Dorchester,42.31057,-71.06361,Entire home/apt,849,2,254,146,1.28,2025-11-04
1642827508327892343,Cityscape 1BR Plus: King + Qeen Pull-out | Suite 7,Fenway,42.34781,-71.10273,Entire home/apt,352,1,134,4,4,2026-06-12
14950089,"""Casita"" on the Water - Harbor View",Charlestown,42.3713,-71.06154,Private room,260,1,72,197,1.66,2026-06-09
1569595990943338133,2BA 4 BR North End – 7 Min Walk to TD Garden,North End,42.36640095985388,-71.05738647354124,Entire home/apt,364,1,179,16,3.87,2026-05-23
1398849206625563354,Upscale 5BR for Groups Near Train Downtown+Parking,Dorchester,42.2993632840437,-71.06880777164702,Entire home/apt,997,2,356,13,0.98,2026-05-29
1481124301512702817,North End Entire House Downtown/TD Garden,North End,42.36716,-71.05845,Entire home/apt,389,1,295,62,5.94,2026-06-15
1216050613232887897,"3BD TDGarden, Celtics/Bruins, Lil Italy, North End",North End,42.36726564894177,-71.05752231805586,Entire home/apt,308,1,47,63,2.81,2026-05-06
1534854428556084936,"2BR -North End, Little Italy | Walk to TD Garden",North End,42.36679918964836,-71.05767884658792,Entire home/apt,349,1,184,30,3.91,2026-05-22
1402397221258343550,Fenway Park – Studio – Walk everywhere – Location!,Fenway,42.34165,-71.09811,Entire home/apt,225,1,269,64,4.69,2026-05-19
1340686735913018406,Charlestown apartment with private patio,Charlestown,42.38113336330095,-71.06790860913192,Entire home/apt,457,1,320,11,0.90,2026-05-30
1700065875446873370,Luxury 2b2b downtown Boston,Downtown,42.36275,-71.05867,Entire home/apt,685,3,338,0,,
762301524209790810,2 Story Charlestown Gem,Charlestown,42.3775,-71.06687,Entire home/apt,590,2,50,71,1.80,2026-05-26
1286398301926377558,Two Beds Nubian/Dudley Square,Roxbury,42.32032552966211,-71.0815335697989,Entire home/apt,263,4,353,6,0.43,2026-04-22
1120596671720765075,Free Parking | Washer/Dryer | Workspace,Charlestown,42.37675,-71.05916,Entire home/apt,359,1,198,123,4.60,2026-06-14
1319676601312116778,Lux 2nd floor 3brm/1bath,North End,42.36576,-71.05748,Entire home/apt,695,1,330,33,2.24,2026-05-30
1066567991412914854,4-bed / 2-bath Modern Condo Minutes from Downtown,Roxbury,42.31794,-71.0785,Entire home/apt,456,1,286,64,2.32,2026-05-29
1184693833410856063,Close to the Subway- Location-Free parking,Allston,42.35326178636199,-71.12610208358956,Entire home/apt,251,1,353,23,1.14,2026-06-11
1078957209882539476,Near Harvard Business 1-3,Allston,42.35975,-71.13183,Private room,97,1,362,120,4.17,2026-06-04
1649489185884463056,Close to the Subway - Great Location-Free parking,Allston,42.35273,-71.12733,Entire home/apt,354,1,352,0,,
12336281,Spacious loft in the quiet suburbs #3,Brighton,42.34504,-71.15406,Private room,47,31,151,23,0.19,2025-12-08
49362534,Cozy Cabin room in a quiet Boston area,Brighton,42.34313,-71.15594,Private room,81,29,268,81,1.32,2025-10-14
50772498,Boston style bedroom in a quiet Boston area,Brighton,42.34518,-71.15655,Private room,96,29,141,64,1.06,2025-11-30
49499760,New York style bedboom in a quietBoston area,Brighton,42.34368,-71.1546,Private room,81,29,229,34,0.57,2025-08-29
1436290389573710301,Near Harvard Business 1-4,Allston,42.36136,-71.13079,Private room,88,1,361,47,3.93,2026-05-17
1283855168566153755,Cheerful & large 2 bed apt.,Charlestown,42.38395,-71.07739,Entire home/apt,473,1,230,1,1,2026-05-22
989067490968165923,2bd Condo with 2 KING Size Beds,Allston,42.351682651636246,-71.12784399525064,Entire home/apt,428,1,230,69,2.10,2026-05-18
1681278903437739790,Near Harvard Business Full House with FREE Park(2),Allston,42.361114340449035,-71.13108336146388,Entire home/apt,633,1,354,0,,
953750560515431624,cozy and comfy Super Convenient 2BR 1Bath,Brighton,42.35585320000001,-71.1638648,Entire home/apt,141,29,276,1,0.63,2026-04-30
48244238,Cape Cod style bedroom in a quiet Boston area,Brighton,42.34308,-71.15622,Private room,120,29,269,67,1.06,2025-08-06
49364349,Azurite colors room in a quiet Boston area,Brighton,42.34488,-71.15442,Private room,80,29,141,104,1.68,2026-03-05
1051415916563794444,Elegant 1BR | Harbor & Iconic Boston Skyline Views,East Boston,42.36638,-71.04007,Entire home/apt,271,1,341,8,0.28,2026-01-04
1045222780197982243,House on the Hill,Brighton,42.35393,-71.1671,Entire home/apt,1056,1,342,43,1.70,2026-05-31
1198522229039608986,"Two Queen Room, Longwood Inn, Near Medical Centers",Longwood Medical Area,42.33832,-71.10647,Hotel room,419,1,358,14,1.30,2026-05-23
934013376805557008,"Brighton Queen RM#1/ private shower, free parking",Brighton,42.34607,-71.1618,Private room,155,1,14,106,2.99,2026-05-31
1026972650759024099,Luxury 2BR 2BA Condo Fenway Boston Washer&Dryer in,Fenway,42.34698,-71.10188,Entire home/apt,939,2,84,27,0.92,2026-05-30
26130187,North End 1 bdrm-walk to MGH Tufts Subway.,North End,42.36636,-71.05428,Entire home/apt,137,32,365,1,0.01,2019-06-01
1678285616457833878,Elegant 1BR Plus: Sky-High City + King | Suite 9,Fenway,42.34582,-71.10469,Entire home/apt,352,1,153,0,,
1607378841660139930,Luxury 1BR: Sleek Kitchen + City Charm | Suite 2,Fenway,42.34718,-71.10242,Entire home/apt,451,1,130,0,,
1648625371288401536,Kasa Boston at Fenway | Accessible Studio Queen,Fenway,42.3437913,-71.1019092,Entire home/apt,399,1,280,0,,
50084994,"Modern StudioLux, Walk to Eateries",East Boston,42.36638,-71.04007,Entire home/apt,,29,363,39,0.77,2025-07-20
1637176021738001690,cozy room 5,Brighton,42.34799703013245,-71.15233242838036,Private room,88,1,361,6,2.22,2026-05-18
9834727,"Hideaway in Boston's North End-""Little Italy""",North End,42.36594,-71.05669,Entire home/apt,178,29,121,181,1.43,2025-08-03
1509205221669503170,nice and cozy room 5,Brighton,42.35734369705724,-71.15812089919072,Private room,88,1,365,32,3.53,2026-05-27
22886713,Private Entry Suite near BC & Harvard | Parking,Brighton,42.35872,-71.14229,Entire home/apt,208,1,82,389,3.81,2026-06-07
1489820027674052750,Free parking spot – In front of Subway - Location,Allston,42.34753,-71.13956,Entire home/apt,297,1,292,38,3.84,2026-06-12
1232643050909905902,The Lacks: Welcoming • Cozy • W/D,Brighton,42.34791320516399,-71.14721208462687,Entire home/apt,283,1,214,78,3.59,2026-05-27
1177130866076322419,The Franklin: Wellness • Aesthetic • W/D • Gym,Brighton,42.34861,-71.14525,Entire home/apt,259,1,250,117,4.90,2026-05-24
51329008,1 Free parking spot - Harvard School of Business,Allston,42.35493,-71.13795,Entire home/apt,226,1,278,216,3.73,2026-06-05
1402532731920165386,The Blackwell: Workspace • W/D • Gym • Near City,Brighton,42.346,-71.146,Entire home/apt,276,1,272,65,4.63,2026-05-31
1691500896735978029,Luxury24.8 - Boston Landing - Allston Yards,Allston,42.35396790000001,-71.1388308,Entire home/apt,328,1,361,2,2,2026-06-08
874157788088023652,The Holmes : Chic • Sun-soaked • W/D,Brighton,42.3469948,-71.1452694,Entire home/apt,472,1,268,99,2.62,2026-06-01
1111148272162621974,The Murthy : Bright • Spotless • W/D,Brighton,42.348062216049414,-71.14616869948904,Entire home/apt,632,1,254,149,5.46,2026-05-31
1152517706074506494,The Walker : Artistic • Eclectic • Cozy Home • W/D,Brighton,42.34777,-71.1468,Entire home/apt,289,1,270,97,3.82,2026-05-29
1624281609341416503,"Spacious apartment, minutes to green line, parking",Brighton,42.343599555306525,-71.14970361824372,Entire home/apt,524,2,218,7,7,2026-06-14
1402180377923142809,The Finsen: Full Kitchen • City Access • W/D • Gym,Brighton,42.34872376007848,-71.14549430744901,Entire home/apt,655,1,271,50,3.56,2026-05-31
1629216575995882734,"Beautiful 4-Beds House. Walk to HBS, BU, and MIT",Allston,42.36375038855594,-71.1313609234293,Entire home/apt,457,1,94,8,2.73,2026-05-25
20868619,Bright 3BR Boston Gem | Free Parking,Brighton,42.35872,-71.1423,Entire home/apt,350,1,107,480,4.52,2026-06-10
1522612680541982600,Historic Elegance in Brighton,Brighton,42.35577,-71.16409,Private room,153,1,300,34,4.05,2026-06-13
1609617227361446559,"Spacious Sunny Charming Apartment, Patio, Parking",Brighton,42.3429,-71.15185,Entire home/apt,748,1,191,9,2.25,2026-06-01
1137178955892624910,The Williams : Balcony • Zen • W/D,Brighton,42.346061141726416,-71.14480196358258,Entire home/apt,347,1,274,138,5.27,2026-05-19
40919826,The Boxer Traditional Accessible King,Downtown,42.3646,-71.06347,Private room,999,1,280,34,0.58,2025-04-27
1067563969205970886,Renovated Boston Brownstone,Charlestown,42.37750854892392,-71.06135727463014,Entire home/apt,2217,7,263,0,,
989053382143966769,"Large 3 Bed, 2 Bath in North End",North End,42.364953871152416,-71.05490069003484,Entire home/apt,615,9,284,4,0.15,2025-02-15
1492329699079563728,North End TD Gadern Downtown Apt,North End,42.36461,-71.05432,Entire home/apt,1005,29,324,0,,
1289844315187354564,MIRA-Luxury Rental in Eastie.,East Boston,42.378887903035185,-71.04001694897096,Entire home/apt,352,29,277,0,,
1665440314132946685,Classic Antique Boston Home,Brighton,42.3492,-71.16668,Entire home/apt,420,1,153,1,1,2026-05-28
45253366,Cozy apartment in the lively heart of Boston,North End,42.36524,-71.05602,Entire home/apt,159,30,230,23,0.33,2022-10-30
1481157295445011916,Walk to T! 1st Floor - 2 Beds / 1 Bath - Location!,Fenway,42.35037,-71.09574,Entire home/apt,282,1,242,52,5.06,2026-05-26
1384184091107878088,Luxury Private Apt Fenway,Fenway,42.3429115,-71.0990346,Entire home/apt,390,6,351,1,0.08,2025-05-24
28614084,House in Quiet Area–BC/BU/Harvard/Longwood+Parking,Brighton,42.34724,-71.15586,Entire home/apt,369,5,142,39,0.43,2026-05-01
730447098205262414,"Modern, Luxury Apartment Near Downtown Boston",East Boston,42.37628,-71.03818,Entire home/apt,154,30,282,0,,
1247654579084555477,Family Suite Close to Boston Children’s Hospital,Longwood Medical Area,42.33832,-71.10647,Hotel room,478,1,360,0,,
584823910467802819,Central 2 Bed in North End; Near Waterfront &Shops,North End,42.36516,-71.05531,Entire home/apt,431,9,314,14,0.29,2025-01-04
45698782,"Modern Studiolux, Pool + Outdoor Sundeck",East Boston,42.36638,-71.04007,Entire home/apt,,1,363,7,0.10,2026-01-19
1198505319549018777,"Premium King, Longwood Inn, Modern Comfort",Longwood Medical Area,42.33832,-71.10647,Hotel room,401,1,348,0,,
46006191,Upscale Studio with Contemporary Style,East Boston,42.36638,-71.04007,Entire home/apt,221,29,352,9,0.15,2025-09-03
1674048423479319597,Luxury 3BR | Free Parking | Harvard/BU | ROKU TV,Brighton,42.3547429447245,-71.13892238928604,Entire home/apt,775,1,313,5,5,2026-06-11
1614549862272694936,Queen Room Shower at The Inn At Longwood Medical,Longwood Medical Area,42.3383223,-71.1064677,Hotel room,424,1,359,0,,
619452432107274976,Paris style bedroom in a quiet Boston area,Brighton,42.34344,-71.15595,Private room,194,1,204,67,1.38,2026-05-23
51229537,"Comfortable house w parking, close to T",Brighton,42.34446,-71.1492,Entire home/apt,402,1,106,252,4.24,2026-06-04
1614554597119792708,2 Queen Kitchenette at The Inn At Longwood Medical,Longwood Medical Area,42.3383223,-71.1064677,Hotel room,669,1,343,0,,
1152488151302138066,The Weiss : Modern Gallery • Historic Property!,Brighton,42.34628135597334,-71.14536593744064,Entire home/apt,241,1,244,98,3.87,2026-06-01
49945328,"Spacious rm w/BA, queen bd, free parking Brighton",Brighton,42.34629,-71.1602,Private room,166,1,14,122,2.70,2026-05-31
1340641509763797731,nice and cozy room C,Brighton,42.35639,-71.15837,Private room,88,1,363,79,4.78,2026-06-14
1614547098724361051,Superior Two Queen at The Inn At Longwood Medical,Longwood Medical Area,42.33832,-71.10647,Hotel room,775,1,361,0,,
1198521594646750353,"Premium Two Queen, Inn at Longwood, On-Site Dining",Longwood Medical Area,42.33832,-71.10647,Hotel room,419,1,351,0,,
1614545232843405320,King Kitchenette at The Inn At Longwood Medical,Longwood Medical Area,42.3383223,-71.1064677,Hotel room,488,1,359,0,,
1637170109540232829,cozy room 8Y,Brighton,42.347705498452626,-71.15256312405047,Private room,88,1,357,0,,
1240009895144454500,2 Free Parking spots / 4 Bed - 2 Bath / Quiet area,Brighton,42.34326317128834,-71.14953319667529,Entire home/apt,555,1,181,89,4.16,2026-05-31
1382216261729689714,The Reed: Spacious • Private Kitchen • Gym • W/D,Brighton,42.34751,-71.14764,Entire home/apt,392,1,262,62,4.33,2026-05-31
634844184454556559,Charming Getaway with Smart TV and Full Kitchen,Brighton,42.3525,-71.16243,Private room,142,1,351,35,0.72,2026-06-08
1247654400347335787,Welcoming Stay Perfect for Academic Guests,Longwood Medical Area,42.33832,-71.10647,Hotel room,419,1,358,0,,
556918256350139004,Welcoming Boston room with free parking,Dorchester,42.30628,-71.07934,Private room,92,29,269,33,0.63,2023-11-11
1198521786133724567,"Premium 2 Queen, Longwood Inn in LMA - 2 Units",Longwood Medical Area,42.33832,-71.10647,Hotel room,821,1,348,0,,
1454063937061404789,Spacious Home In Boston - Brighton with Pool Table,Brighton,42.33781,-71.15398,Entire home/apt,598,1,31,12,1.08,2025-10-27
1382233645758509718,The Barnard: Eclectic • WFH Desk • Gym • W/D,Brighton,42.34657664271476,-71.14609271353633,Entire home/apt,356,1,250,56,3.84,2026-05-24
44668334,Boston stay with boutique B&B - Venice Style Room,Brighton,42.34301,-71.1562,Private room,115,29,87,12,0.17,2021-05-25
1593752335597497537,Room rental near BC #3,Brighton,42.33993,-71.15713,Private room,229,1,68,0,,
926892327133743093,Cozy & Modern 2BR 2BA unit in fenway heart,Fenway,42.34813705133536,-71.10059262555816,Entire home/apt,869,4,294,0,,
1560309343527925497,nice and cozy room 3,Brighton,42.35606532752757,-71.15806770858126,Private room,88,1,359,0,,
801680,Fort Hill Inn -Cool Space-BOSTON'S BEST-1 bedroom,Roxbury,42.32795,-71.09412,Entire home/apt,319,1,106,76,0.46,2026-03-30
29931687,Sunflower Room/Harvard Business School/ Parking+早餐,Brighton,42.35227,-71.15464,Private room,75,29,48,30,0.32,2026-05-15
1500274626329656844,Fenway Park – Studio – Walk everywhere – Location,Fenway,42.34367,-71.0983,Entire home/apt,176,1,257,41,4.39,2026-05-28
1624246214742435640,Cozy 2BR Suite w/Full Kitchen + In-Unit Laundry,Brighton,42.3462191,-71.1482405,Entire home/apt,196,1,25,0,,
1198522663941913749,2 Comfortable Stays Near Fenway Park - 10 Min Walk,Longwood Medical Area,42.33832,-71.10647,Hotel room,821,1,358,0,,
924145100321265636,Cozy Brighton Apartment near St. Elizabeth’s,Brighton,42.3472763,-71.1514285,Entire home/apt,253,2,328,31,0.91,2026-06-09
1505250415265791157,1 Free parking spot - Nice 2 bedroom - First floor,Allston,42.35301579361514,-71.1396644073331,Entire home/apt,328,1,269,40,4.32,2026-05-30
5782221,"""La Gemma"" - a gem in the North End",North End,42.36726,-71.05424,Entire home/apt,415,1,67,323,2.43,2026-06-03
1509237410750238754,nice and cozy house (2),Brighton,42.35555873387293,-71.15802410539521,Entire home/apt,588,1,361,0,,
1151289930612121374,Sunny Spacious Room,Brighton,42.35243340572185,-71.16174877844398,Private room,165,2,75,12,0.48,2025-01-02
1509229803327422484,nice and cozy room 6,Brighton,42.35691,-71.15847,Private room,149,1,363,23,2.68,2026-04-18
1517698325513886321,Vintage 5BR apt | ROKU HDTV | Sleeps 12,Allston,42.35134,-71.14119,Entire home/apt,881,1,320,35,4.20,2026-05-30
1593771456630525838,Room Rental near BC #2,Brighton,42.34192,-71.1592,Private room,229,1,68,1,1,2026-06-15
1524770411916891195,"Sleek 2BR 2BA in Fenway, High-End Building.",Fenway,42.3482,-71.10026,Entire home/apt,456,2,13,0,,
1247654528635475577,Two Queens in Longwood Medical Area - Parking,Longwood Medical Area,42.33832,-71.10647,Hotel room,411,1,351,1,0.10,2025-08-24
1070535798282431991,Luxury 2BR 2BA apt Fenway Boston Near Hospital,Longwood Medical Area,42.34173,-71.10686,Entire home/apt,1238,4,118,14,0.55,2026-04-21
1611888396684721303,Apartment Rental near Boston College,Brighton,42.34144,-71.15927,Entire home/apt,767,1,21,0,,
753865831658652689,"Cozy Room Near Charles River, Shops, and Dining",Brighton,42.35147,-71.16237,Private room,164,1,359,13,0.32,2026-05-28
1177103248225483462,The Clark : Aesthetic • Clean • Amenities!,Brighton,42.348337107273906,-71.14493626763553,Entire home/apt,258,1,249,84,3.45,2026-06-01
54263774,Best 1 Bedroom Nr. Franklin Park w/ Free Parking !,Dorchester,42.30013,-71.0857,Entire home/apt,96,29,75,25,0.48,2023-10-06
1128911157308963758,Modern Apartment Fenway,Longwood Medical Area,42.3411,-71.10624,Entire home/apt,755,4,269,1,0.04,2024-08-08
1402290879375423868,The Cori: Elegant • Airy • W/D,Brighton,42.348037856474036,-71.14421628647403,Entire home/apt,258,1,276,46,3.28,2026-06-01
1704787051461918651,Spacious Sunny 3BR Loft Near Train,Brighton,42.34349,-71.14964,Entire home/apt,312,3,119,0,,
1261066834119435716,The Pasteur: Comfortable • W/D • Gym,Brighton,42.34771698675335,-71.14634368275163,Entire home/apt,311,1,274,73,3.62,2026-05-10
957168403842245014,"Brighton 2BR Loft | T Access, Near BU and BC",Brighton,42.34524270793829,-71.15029424465831,Entire home/apt,351,2,133,62,2.02,2026-06-08
1632098844057450916,Cozy room 7,Brighton,42.346079809481,-71.15191326164373,Private room,88,1,361,0,,
1344219685697854095,The Barton: Luxe • Comfortable • W/D,Brighton,42.34663670904682,-71.1451367772092,Entire home/apt,530,1,258,76,4.60,2026-05-27
1345877517659431941,The Galen: Luxe Leisure • Elevated • Amenities!,Brighton,42.3486,-71.14702,Entire home/apt,375,1,280,43,2.59,2026-05-16
628297796477850443,"Brookline/Allston/Brighton studio, FREE Parking",Brighton,42.346661,-71.139252,Entire home/apt,188,2,96,105,2.12,2026-06-15
1500319781406687269,Vintage 5BR apt | ROKU HDTV | Sleeps 12,Allston,42.35083,-71.14246,Entire home/apt,800,1,312,47,5.38,2026-06-07
1502528964842004327,Free Parking-Location-Close to the subway,Allston,42.34923165066435,-71.13955728584001,Entire home/apt,297,1,321,53,5.64,2026-06-04
703833733256479071,"BC/BU - Beautifully Renovated Penthouse 
3-BR/2-BA",Brighton,42.34051,-71.14498,Entire home/apt,452,2,270,136,3.04,2026-06-14
1132878289728822353,The Dover : Spacious • Patio • W/D • Gym,Brighton,42.34605,-71.14576,Entire home/apt,1002,2,271,80,3.03,2026-05-14
1210993461266915003,North End 1 BR with Common Roof Deck,North End,42.367207426122924,-71.05453960515766,Entire home/apt,456,3,238,49,2.30,2026-05-16
1352333091793466443,109S2.1 | The Strathmore 2 | 3BR 2B w/AC | Room #1,Brighton,42.33827,-71.15232,Private room,131,28,285,0,,
917656155026492018,The Martin : Groups • Modern • Cozy • W/D,Brighton,42.34595097783863,-71.14637324267545,Entire home/apt,217,1,267,123,3.50,2026-05-27
1382228826947561838,The Kelsey: View • Private Kitchen • Gym • W/D,Brighton,42.34805142525814,-71.14419199221464,Entire home/apt,398,1,266,44,2.98,2026-04-19
1226975433413522035,The Curie: Artistic • Eclectic Warmth • W/D,Brighton,42.34676,-71.14521,Entire home/apt,213,1,274,77,3.49,2026-06-01
1176861035408746030,The Apgar: Cozy • Inviting • Amenities!,Brighton,42.346146199310795,-71.14416052533325,Entire home/apt,337,1,234,99,4.06,2026-05-25
1380446274505356559,The Fleming: Groups • Spacious • Private Patio,Brighton,42.34878,-71.14696,Entire home/apt,492,1,224,49,3.33,2026-06-10
1382209928397882215,The Hunter: Comfortable • Bright • Amenities!,Brighton,42.347099557947836,-71.14559933472655,Entire home/apt,725,1,256,53,3.58,2026-05-27
1351884116357670582,The Watson: Groups • Luxe • Renovated • W/D,Brighton,42.346880760915525,-71.14579564117416,Entire home/apt,525,1,261,54,3.34,2026-05-19
27992316,Boston guest suite,Brighton,42.34121,-71.15163,Entire home/apt,247,2,157,397,4.21,2026-06-04
1143030749872748842,The Jenner : Urban Escape • Inviting • W/D,Brighton,42.34876011823033,-71.1472613547266,Entire home/apt,470,1,252,122,4.69,2026-05-24
1692396144666838222,Luxury21.8 - Boston Landing - Allston Yards,Allston,42.35396790000001,-71.1388308,Entire home/apt,328,1,364,0,,
1494530363203311953,Free Parking- In front of the subway- Location,Allston,42.34938636194351,-71.13842377205413,Entire home/apt,297,1,337,42,4.32,2026-05-29
1637161922459876489,cozy room 4,Brighton,42.347855559398816,-71.15111787531985,Private room,88,1,365,6,1.89,2026-05-26
32197096,Bright Newly Renovated 1 Bed Near Franklin Park !!,Dorchester,42.30082,-71.08595,Entire home/apt,110,29,140,28,0.32,2024-01-30
1642808442560397950,P8_ Double Room In Savin Hill Station Area,Dorchester,42.31530361418575,-71.05694648517816,Private room,87,1,360,0,,
40594409,Spacious 3BR Boston Condo ! | Walk to MBTA,Roxbury,42.32028224048613,-71.07477278128519,Entire home/apt,465,2,325,130,1.65,2026-04-21
644007536145129443,Modern 3BR Boston Stay | Spacious & Private,Dorchester,42.30009,-71.07765,Entire home/apt,130,29,318,20,0.44,2025-04-22
1569332778478143282,H2_ Triple Room Near South Boston Area,Dorchester,42.324045577171695,-71.06070318880995,Private room,170,1,26,12,2.02,2026-04-03
40593640,"NEW! Boston Condo Near MBTA, 3Mi to Fenway ! (U1)",Roxbury,42.32009,-71.07521,Entire home/apt,297,2,326,152,1.93,2025-10-13
36106804,"3BR Condo Near MBTA, 2 Mi to BMC Hospital!",Roxbury,42.32078,-71.07481,Entire home/apt,369,2,318,160,2.04,2025-10-20
1078355999759076905,Boston City Lights,Dorchester,42.31691,-71.06734,Private room,274,1,304,6,0.23,2026-04-20
913633842992669209,2 Bed Condo w/ Parking and W/D in Boston,Dorchester,42.31611406654883,-71.0617305,Entire home/apt,278,5,323,0,,
1642813691174367403,H3_ Double Room Near South Boston Area,Dorchester,42.32474,-71.05867,Private room,148,1,137,0,,
1018394463652385372,Cozy Room close to downtown Boston,Roxbury,42.3167015,-71.09033,Private room,116,2,257,22,0.76,2025-09-20
675261617779677652,Modern 1BDRM | Sleeps 4 | Free Parking & Snacks,Roxbury,42.32001,-71.07952,Entire home/apt,314,1,214,1,0.10,2025-09-04
1074802778101847392,Shared Space In Boston’s Historic Ctr. - NEU & BMC,Roxbury,42.324683673676944,-71.07834288064527,Private room,111,2,192,5,0.19,2024-10-27
1081839772364062968,Boston Breeze Room,Dorchester,42.3185,-71.06844,Private room,285,1,292,4,0.16,2024-11-28
739614638101275517,Sunny Hill Garden Unit 2,Roxbury,42.31123,-71.08625,Entire home/apt,574,29,364,0,,
1078590286483218838,Boston Private Room #5 With 1Full Bed,Dorchester,42.31836,-71.06859,Private room,278,1,290,9,0.40,2025-01-02
1677817851294173660,Spacious Apartment near Downtown Boston,Roxbury,42.32061,-71.08736,Private room,357,1,355,0,,
972382373389698405,Spacious Boston APT w/ parking spot!,Dorchester,42.3189351,-71.0646094,Entire home/apt,382,2,200,0,,
1569337642643954091,H4 - Triple Room Near South Boston Area,Dorchester,42.32300969630857,-71.05843798763526,Private room,171,1,124,0,,
1671465306862362921,Upscale South End Apt | Walk to Northeastern,Roxbury,42.33589087729875,-71.08440436658898,Entire home/apt,415,1,187,0,,
1642807547932755630,P1_Triple Room In Savin Hill Station Area,Dorchester,42.313630468963524,-71.05734652572758,Private room,127,1,113,1,1,2026-05-31
977329599325064066,Brownstone 5 mins from downtown,Roxbury,42.33322,-71.08187,Entire home/apt,1000,1,261,9,0.28,2026-04-30
1663243457940940614,Essential Boston Home | Near South End,Roxbury,42.33065,-71.08719,Entire home/apt,618,2,346,0,,
1569335058502103824,H 3_ Double Room Near South Boston Area,Dorchester,42.32418,-71.0584,Private room,171,1,28,1,0.31,2026-03-12
1545947121114487815,"New Host: 4 Bed Duplex, 3 Miles to Downtown Boston",Roxbury,42.320132,-71.0854384,Entire home/apt,466,1,342,14,2.07,2026-06-07
49114338,La Casa Boheme - Upstairs First Bedroom,Roxbury,42.31921,-71.08924,Private room,150,2,134,3,0.05,2022-09-01
10787333,Garden Apt - Highland Park/Fort Hill (Orange Line),Roxbury,42.32777,-71.09331,Entire home/apt,306,5,348,102,0.84,2026-05-29
1537735246688072707,City Chic Condo,Roxbury,42.31898,-71.09337,Entire home/apt,411,1,216,1,1,2026-06-14
46005073,Stylish StudioLux in Vibrant East Boston,East Boston,42.36638,-71.04007,Entire home/apt,,1,363,28,0.41,2025-09-14
1507226190101963302,Spacious & Modern Sleeps 6 | Free Parking & Snacks,Roxbury,42.32168,-71.07726,Entire home/apt,360,1,214,3,0.36,2025-10-31
1679926372373205750,Private Room Near BMC & Downtown Boston,Roxbury,42.3344141,-71.0761069,Private room,173,1,33,2,2,2026-05-31
1679389813704709226,Private Rooms near Downtown Boston,Roxbury,42.32033330302115,-71.08626954451078,Private room,493,1,363,1,0.94,2026-05-16
1614707563386911006,Heart of the City/Skyline/Prime Location,Roxbury,42.32735,-71.0886,Entire home/apt,560,2,121,1,1,2026-05-17
1590687250542710600,3BR East Boston | Free St Parking | Near T & Logan,East Boston,42.36622771443901,-71.03447363939264,Entire home/apt,375,1,112,36,6.84,2026-06-12
20740079,Classic Eastie 2BR | Steps to Harbor & T,East Boston,42.36657,-71.03562,Entire home/apt,321,2,183,16,0.32,2026-06-06
1622206469839829496,Private Room near Andrew Station (Red Line) - H32,Dorchester,42.3253866,-71.0584176,Private room,99,7,234,2,0.68,2026-03-30
50721021,La Casa Boheme - Upstairs Back Bedroom,Roxbury,42.319327861470235,-71.09013210682868,Private room,127,2,26,9,0.19,2025-01-27
1554478935948694456,"Cozy, Spacious Home Near Downtown Boston",Roxbury,42.31368,-71.08665,Entire home/apt,471,1,64,32,4.75,2026-06-09
1503877505235066342,Spacious 3BR Apartment for 8 | Heart of Boston,Roxbury,42.3273,-71.07729,Entire home/apt,381,1,340,60,6.55,2026-06-13
1135749202231434059,A King Bed | Private Bath,Roxbury,42.32751,-71.08527,Private room,219,1,224,282,10.79,2026-06-12
1180322663446810209,Spacious & Comfy Retreat | 5* Location | Backyard!,Roxbury,42.32396,-71.09028,Entire home/apt,560,1,157,142,5.90,2026-06-04
774611525121651574,Hidden Gem 2 BR/1BA near Zoo 3 mil downtown Fenway,Roxbury,42.32428,-71.07315,Entire home/apt,428,1,94,182,4.58,2026-05-11
1461775764341812880,"5 beds 1 futon Clean, quiet convenient",Dorchester,42.31728,-71.05878,Entire home/apt,360,2,80,6,0.69,2026-05-18
660750253855523277,Modern Apt Central to Logan Airport & Downtown,East Boston,42.36759,-71.03371,Entire home/apt,470,1,328,202,4.34,2026-06-07
40919597,The Boxer Boston Deluxe Double,Downtown,42.3628,-71.06228,Private room,999,1,280,3,0.05,2022-03-17
6780077,"Treetop+Balcony Suite, ocean view, safe, nr metro",Dorchester,42.31392,-71.06137,Entire home/apt,206,2,184,146,1.62,2026-04-26
1625586440152962295,W2_ Double Room Near Andrew Station,Dorchester,42.32555,-71.05883,Private room,187,1,344,10,2.61,2026-05-06
876996002748010842,The Drew : Vibrant • Comfortable • W/D • City View,Brighton,42.34786,-71.14511,Entire home/apt,340,1,268,118,3.19,2026-05-16
1381483704631632142,The Harvey: Large • Near T • Gym • Kitchen • W/D,Brighton,42.34581531467751,-71.14632272124544,Entire home/apt,273,1,227,65,4.37,2026-05-27
958740384258392294,Cozy full condo / Walkable to T,East Boston,42.36743,-71.03544,Entire home/apt,331,1,15,64,1.89,2026-05-25
7310887,"3 bed, in unit laundry, central air, parking",Brighton,42.34532,-71.13829,Entire home/apt,453,2,15,285,2.15,2026-06-08
1692830393723230645,Luxury23.8 - Boston Landing - Allston Yards,Allston,42.35396790000001,-71.1388308,Entire home/apt,644,1,348,2,2,2026-06-07
1351840700721834066,The Lister: Luxurious • Cozy • W/D,Brighton,42.34839373249265,-71.14514389527372,Entire home/apt,259,1,226,56,3.45,2026-05-31
1232867182963290230,The Nightingale: Cozy • Home for Long Stays! • W/D,Brighton,42.34610612787038,-71.14609442207264,Entire home/apt,325,1,265,63,2.91,2026-05-17
1642807440952419165,P7_ Double Room In Savin Hill Station Area,Dorchester,42.31535074447945,-71.05890209176296,Private room,116,1,353,3,1.36,2026-05-25
1623580086541282225,Private Room near Andrew Station (Red Line) - H33,Dorchester,42.32476,-71.05943,Private room,101,7,261,1,1,2026-05-30
35583138,🎖Massive Victorian 1905 mansion❤️🤍💙go back in time,Dorchester,42.31538,-71.05874,Entire home/apt,366,2,77,198,2.33,2026-06-10
32016148,A bit of France in Boston,Dorchester,42.31586,-71.06827,Private room,229,1,163,259,2.93,2026-06-02
39788966,"Apartment w/Parking, minutes to airport / Downtown",East Boston,42.38483796682398,-71.01963708787684,Entire home/apt,359,2,194,238,2.99,2026-06-02
1382223303580141196,The Seacole: Glamorous • City View • Gym • W/D,Brighton,42.34739823944974,-71.14645178817193,Entire home/apt,640,1,242,58,3.97,2026-05-29
966924264198926530,Family-Friendly 2BR + Free Parking | Near park,Brighton,42.34372357126928,-71.15170223466356,Entire home/apt,399,1,96,88,2.79,2026-06-07
642948081362358926,"Cozy Top floor apt by St Elizabeth, BU, BC w/ Park",Brighton,42.352,-71.14877,Entire home/apt,234,2,174,32,0.68,2026-05-28
832012838280777118,Renovated 2 BR Condo + Parking in Brighton/Boston,Brighton,42.35044,-71.14829,Entire home/apt,376,1,232,69,1.78,2026-05-29
1026036520693800417,The Warren : Groups • Elegant • Cozy • W/D • Pool,Brighton,42.3477,-71.14448,Entire home/apt,383,1,277,109,3.50,2026-05-20
1353781914920982962,Ideal Brighton Location with Parking,Brighton,42.3459108551553,-71.14718668162823,Entire home/apt,391,2,167,58,3.58,2026-06-08
1261994732079877932,The Attia: Elevated • Cozy • Amenities!,Brighton,42.34794,-71.14484,Entire home/apt,490,1,183,50,2.44,2026-05-29
1160508336158217903,Modern 3BR in Allston | BU · BC · Green Line,Allston,42.35707968357052,-71.1375612816063,Entire home/apt,440,2,64,45,2.11,2026-05-17
1169582258754862208,Cozy 2 Bundle Rooms near Charles River,Brighton,42.36032,-71.1432,Private room,308,1,229,14,0.79,2026-05-12
1169512758474469869,2 bedroom Modern Condo w/Private Roof Top!,East Boston,42.380056424766956,-71.02840215066864,Entire home/apt,627,1,335,49,2.01,2026-05-17
1122094972808301017,The Watkins : Elevated Cozy • W/D • Amenities,Brighton,42.346668000163774,-71.14443911251824,Entire home/apt,409,1,275,114,4.25,2026-05-31
1620507626227261594,Wonderful Back Bay 1br/1ba | Short walk to Fenway!,Fenway,42.35078,-71.09518,Entire home/apt,370,1,142,1,1,2026-05-22
1183366210963015944,Spacious 4BR Apartment – 2ND Floor,Brighton,42.34321,-71.14698,Entire home/apt,1256,2,355,20,0.86,2026-05-16
17573922,"1st Floor, 1BR Downtown- Walk to Boston Common",Chinatown,42.34986,-71.06197,Entire home/apt,207,29,319,152,1.35,2025-12-01
960243742276636916,(PG03) Cozy Budget-Friendly Studio in Fenway,Fenway,42.34696,-71.10332,Entire home/apt,297,1,83,122,3.59,2026-06-10
21624391,"Clean, spacious condo just steps from the MBTA",Brighton,42.34351,-71.15211,Entire home/apt,657,1,219,171,1.72,2025-11-10
1569313113494410952,P3 - Triple Room In Savin Hill Station Area,Dorchester,42.31512,-71.05927,Private room,74,1,92,7,1.06,2026-05-28
1642807803137280216,P3_Triple Room In Savin Hill Station Area,Dorchester,42.31524,-71.05863,Private room,87,1,330,1,0.37,2026-03-27
1638404578690147852,Near Harvard Stadium | Dining. Gym + On-Site Bar,Allston,42.363976,-71.119664,Private room,486,1,172,0,,
1638406605506356804,By Charles River | Luxe Stay. Fitness + Dining,Allston,42.363976,-71.119664,Private room,897,1,169,0,,
570980045884661327,Cozy Stay Near Harvard/BU/BC With Parking,Brighton,42.3608,-71.14287,Entire home/apt,244,1,204,449,8.65,2026-05-31
631118154967104383,Large Sunny room free parking,Brighton,42.35587,-71.15837,Private room,104,1,106,120,2.43,2026-06-01
1024608820579338357,Charming & Chic | Studio Apt,Downtown,42.35668,-71.06198,Entire home/apt,,29,7,11,0.60,2025-10-24
1609540626531733557,Large and comfortable queen bed room.,Roxbury,42.31734,-71.08993,Private room,52,30,264,0,,
48952329,Artistic Room,Roxbury,42.31583,-71.08992,Private room,60,29,365,51,0.83,2023-10-21
618421869519191726,"Modern Private Room, Minutes from Downtown Boston",Roxbury,42.32633,-71.09019,Private room,78,30,360,14,0.29,2025-10-14
48941504,Gracious room Boston,Roxbury,42.31573,-71.09141,Private room,69,29,89,100,1.58,2025-05-18
53174170,Relaxing Chill Spot with parking on premises.,Dorchester,42.31283,-71.07694,Entire home/apt,135,3,334,126,2.33,2026-06-06
1596664,"Fort Hill Top - 2Bk Private room,  brick townhouse",Roxbury,42.3256,-71.09413,Private room,61,30,196,27,0.27,2025-04-25
52605162,Spacious Private Room in Central Roxbury,Roxbury,42.32781,-71.08983,Private room,73,30,290,33,0.58,2026-01-23
23171291,"Comfortable queen bed, high ceiling Room.",Roxbury,42.31793,-71.09182,Private room,58,31,49,17,0.18,2026-04-01
852056763960452031,Spacious 4BR/4BA • Great for Groups & Long Stays,Roxbury,42.31381,-71.08926,Entire home/apt,647,1,158,87,3.48,2026-06-14
1435222753114510479,NEW! LUX 3BR w/ 400 Mbps Wifi | ROKU TV & Games!,Roxbury,42.328329610921344,-71.09122521381198,Entire home/apt,618,1,347,57,4.54,2026-06-13
970252129528759181,"Perfect Location Near Fenway & Berklee College, #1",Fenway,42.33977,-71.09559,Entire home/apt,371,1,354,26,0.82,2026-05-21
8734707,Charming penthouse suite by T,Roxbury,42.32776,-71.09194,Private room,173,3,47,265,2.04,2026-06-06
834817285518344005,Modern 2 Bedroom in Boston,Roxbury,42.3174703,-71.0801929,Entire home/apt,458,1,169,101,2.62,2026-06-14
49244867,Tasteful & Luminous Refuge | Near T,Roxbury,42.3281455,-71.0933478,Entire home/apt,716,30,354,9,0.16,2021-12-03
23375776,"Comfy, quite room with all you need.",Roxbury,42.31745,-71.09222,Private room,66,30,255,26,0.26,2026-04-04
35079257,*FortHill Special! Clean Comfy & Cozy Guest Suite3,Roxbury,42.32296,-71.09292,Private room,212,2,251,125,1.47,2026-04-22
1452404752971505929,Charlestown Gem | Central & Historic Walkable Stay,Charlestown,42.3773,-71.05951,Entire home/apt,541,3,324,15,1.49,2026-06-01
51190495,Pvt. Bedroom | Co-Live by Thatch™  | 31 #2A,Roxbury,42.32862,-71.09193,Private room,98,30,171,5,0.13,2025-08-21
51709928,Private Room in Vibrant Roxbury Co-Living APT,Roxbury,42.3284,-71.08941,Private room,77,30,360,28,0.50,2026-03-27
16413314,Modern Brownstone - walk to Longwood Medical Area!,Roxbury,42.32676,-71.09364,Private room,79,30,103,127,1.12,2026-05-31
1515625127665544028,Allston Spacious 3B Free Parking Near BU & Harvard,Allston,42.35948,-71.1367,Entire home/apt,674,1,164,8,1.06,2026-06-02
666008134174509650,Sunny 3 bed. Bu BC Harvard Boston landing&Hospit.,Allston,42.35652,-71.13679,Entire home/apt,605,1,156,78,1.85,2026-05-19
1015984680697576747,King Studio Room at Hotel Boston,Brighton,42.3417319,-71.1431193,Private room,309,1,260,4,0.13,2024-06-11
866575005037773478,Fenway Studio Steps to Boston Children's Hospital,Fenway,42.34081347370269,-71.1012587845715,Entire home/apt,296,1,242,17,1.26,2026-04-09
1617847161123314867,"Large Multi-level apartment parking, walk to train",Brighton,42.34417,-71.15133,Entire home/apt,1364,1,187,0,,
1510555729553742673,"Boston Landing Luxury Studio, Roof Deck, Near MBTA",Brighton,42.35687,-71.14243,Entire home/apt,470,2,238,3,0.36,2026-05-18
30533497,Fort Hill top -1Bk Private Room in Brick Townhouse,Roxbury,42.32663,-71.0935,Private room,55,30,168,19,0.22,2026-04-27
23842606,Very comfy room with all you need and more.,Roxbury,42.31611,-71.0921,Private room,67,31,126,25,0.26,2026-05-01
1637205858422843750,cozy room 6,Brighton,42.346260635136844,-71.15096020610014,Private room,149,1,359,1,1,2026-06-06
1671404741280126098,"Stylish 2BR w/ Full Kitchen, Laundry & Cen Air",Roxbury,42.33594,-71.08378,Entire home/apt,302,30,208,2,2,2026-06-06
950826613862878713,One Bedroom Apt in Boston Hotel,Brighton,42.34261,-71.14372,Private room,359,1,260,7,0.20,2024-03-05
1274920765065575996,In-Unit Laundry | Your Family & Friends Space,Roxbury,42.31381207625156,-71.08829177571911,Entire home/apt,526,1,54,43,2.38,2026-05-24
831476534718840596,24-Renovated 2 bedroom only 8 min from the city,Allston,42.3560237,-71.1368711,Entire home/apt,414,1,37,20,0.50,2026-03-16
48394920,Pvt. Floor w/ Bath | Co-Live by Thatch™ | 33 #1G,Roxbury,42.32869,-71.09208,Private room,89,30,41,3,0.06,2024-08-25
1607455208555850565,Elegant 1BR : King and Sleeper Queen| Suite 5,Fenway,42.34561516839249,-71.10469063886008,Entire home/apt,608,1,143,2,2,2026-06-07
48940511,Beautiful Room close to downtown Boston,Roxbury,42.31758,-71.09133,Private room,81,29,269,68,1.07,2025-05-25
35077924,*FortHill Special! Clean Comfy & Cozy Guest Suite1,Roxbury,42.32232,-71.09491,Private room,80,29,213,27,0.32,2022-10-17
1440348220992439046,"Renovated, 2BR, 2BA in Boston",Roxbury,42.33654,-71.08373,Entire home/apt,247,30,216,2,0.19,2026-01-03
1654418292464586061,"South End,2 bed, in unit lau,cen air, Northeastern",Roxbury,42.33613181391537,-71.08351820726685,Entire home/apt,329,30,341,4,1.90,2026-05-16
52060181,"Harvard Campus, Smith Park, Convenient Location",Allston,42.36355,-71.13151,Entire home/apt,121,29,82,113,1.96,2026-06-15
1614552287812006186,Superior King at The Inn At Longwood Medical,Longwood Medical Area,42.3383223,-71.1064677,Hotel room,1004,1,212,0,,
614069307180662598,Modern & Spacious 4-Bedroom Apartment in Roxbury,Roxbury,42.32789,-71.08992,Entire home/apt,286,1,289,21,0.50,2025-11-25
1349470131506710443,"Classic Boston, Penthouse duplex",Roxbury,42.3292148,-71.0949007,Entire home/apt,642,1,111,11,0.72,2026-04-27
44355337,Pvt. Bedroom & Bath | Co-Live by Thatch™ | 33 #2B,Roxbury,42.32981,-71.09388,Private room,103,30,255,4,0.08,2023-12-23
1272462109988889430,Charming two-bedroom in Boston,Roxbury,42.32603188143365,-71.08202251382698,Entire home/apt,244,29,345,6,0.31,2025-07-23
60029,Room in geographical heart of Hub,Roxbury,42.32546,-71.08894,Private room,63,29,221,147,0.78,2026-06-01
1198521990906156274,2 Rooms in LMA - Near Harvard Medical School,Longwood Medical Area,42.33832,-71.10647,Hotel room,821,1,348,0,,
51190850,Pvt. Bedroom & Bath | Co-Live by Thatch™ | 31 #2D,Roxbury,42.32869,-71.09178,Private room,102,30,306,1,0.02,2022-08-16
1065344249090143744,Cozy 2BR in victorian brownstone,Roxbury,42.32428,-71.07963,Entire home/apt,158,9,52,8,0.33,2026-04-09
1675586988844123758,Central King 1BR near Harvard w/GYM W/D Parking,Allston,42.36466,-71.12253,Entire home/apt,386,29,175,1,1,2026-05-18
20858430,"Stylish, Comfortable Luxury | Near T",Roxbury,42.33041,-71.09317,Entire home/apt,432,30,321,107,1.00,2025-03-27
197727,"Great Boston neighborhood , Jamaica Plain",Jamaica Plain,42.31331,-71.12061,Private room,60,30,222,69,0.38,2026-05-30
1013870249352984608,"2BR TDGarden, Celtics/Bruins, Lil Italy, North End",Downtown,42.36629,-71.05851,Entire home/apt,433,1,226,138,4.41,2026-05-30
1638406961613668043,Near Fenway | Gym. Restaurant + Full Kitchen,Allston,42.363976,-71.119664,Private room,897,1,169,0,,
1530025013373394392,Cozy Private Room - Ideal for Professionals,Roxbury,42.32323,-71.08248,Private room,169,29,179,2,0.26,2026-05-28
1088859041194448694,Alaska Street R45,Roxbury,42.32121,-71.07998,Private room,218,1,20,46,1.67,2026-06-09
1218219275551952819,Perfect City Break,Roxbury,42.32608,-71.0818,Entire home/apt,141,29,165,22,1.02,2025-06-25
28302081,La Casa Boheme - Upstairs Middle Bedroom,Roxbury,42.320481,-71.090593,Private room,81,29,339,39,0.42,2025-05-11
6695,"Fort Hill Inn *Sunny* 1 bedroom, condo duplex",Roxbury,42.32802,-71.09387,Entire home/apt,307,1,92,144,0.70,2026-06-01
44681847,Pvt. Bedroom & Bath | Co-Live by Thatch™ | 33 #2E,Roxbury,42.32849,-71.09338,Private room,67,30,89,4,0.07,2026-05-14
650779319023665511,2BR/2BA South End Gem | Steps to Northeastern,Roxbury,42.33563,-71.08578,Entire home/apt,322,30,61,13,0.34,2025-07-31
859692631321104617,Single family home rare gem in the heart of Boston,Roxbury,42.3263693,-71.0918622,Entire home/apt,290,29,316,2,0.10,2025-01-01
5870922,The Nantucket Room near Harvard Square,Allston,42.3605,-71.12633,Private room,114,1,190,432,3.18,2026-05-29
1344815776847810763,Double the Fun: 4BR Allston Stay,Allston,42.35340009999999,-71.12835489999999,Entire home/apt,805,1,192,53,3.31,2026-05-29
1381239110415695526,Sunny 2BR +Futon Allston Escape,Allston,42.35340009999999,-71.12835489999999,Entire home/apt,565,1,203,4,0.38,2026-04-21
35968526,2)BU/Harvard/MIT/pri bath&entrnce/freeprkng/Qn bed,Allston,42.36138,-71.125,Private room,229,1,77,270,3.25,2026-06-14
36113606,3)MIT-Harvrd-BU-pri bathrm/freeprkng/Queenbed,Allston,42.3607,-71.12675,Private room,200,1,125,292,3.52,2026-06-15
1507995740000345989,Luxe apartment in Boston’s Allston Village.,Allston,42.35583,-71.12955,Entire home/apt,656,2,167,24,2.68,2026-05-20
1654646312439421944,Close to the Subway-Safe and clean-Free Parking,Allston,42.35283,-71.12777,Entire home/apt,354,1,354,5,5,2026-06-13
16233671,Garden room next to T stop/bus hub.,Charlestown,42.38185,-71.07693,Private room,172,1,291,131,1.21,2026-06-15
970253956811711528,Bright&Modern Studio in Boston’s Fenway Area #302,Fenway,42.33973,-71.09544,Entire home/apt,254,1,356,93,2.82,2026-05-31
1022432953309125008,Near Harvard Business 2-1,Allston,42.359346922456304,-71.13100193016858,Private room,148,1,363,192,6.11,2026-06-01
1375628247378961322,Spacious 2BR Allston Getaway,Allston,42.35340009999999,-71.12835489999999,Entire home/apt,565,1,205,9,0.74,2026-05-06
16364879,2 beds Garden Apt-calm oasis next to T stop -3 min,Charlestown,42.38379,-71.0783,Private room,356,1,261,190,1.65,2026-05-22
13032590,3 bed apt next to T- fast wifi-off street parking,Charlestown,42.38187,-71.07734,Entire home/apt,413,1,259,667,5.49,2026-05-24
997690707736872700,Near Harvard Business 1-2,Allston,42.36092,-71.13096,Private room,88,1,362,67,3.59,2026-06-01
1649420182328728454,Close to the Subway-Clean and Safe-Free Parking,Allston,42.35495,-71.12767,Entire home/apt,548,1,354,0,,
808605340132686770,Boston Historical Urban Oasis,Allston,42.36003795522229,-71.12327506728496,Entire home/apt,907,1,338,78,1.91,2026-05-29
1642808224256011289,P6_ Double Room In Savin Hill Station Area,Dorchester,42.313976453069635,-71.0573773138158,Private room,87,1,135,1,0.53,2026-04-21
15974807,"Sparkling Boston Home | AC, Parking, Roku, Pets OK",Allston,42.3587157,-71.1326206,Entire home/apt,799,1,43,202,1.73,2026-05-19
24992422,Luxurious Home in Boston's Historic Charlestown,Charlestown,42.37708,-71.0604,Entire home/apt,410,1,3,408,4.16,2026-05-29
22840213,Sleek Private Suite near BC & Harvard | Parking,Brighton,42.35872,-71.14229,Entire home/apt,213,1,91,373,3.65,2026-06-05
1617795776295268097,Close to the Subway-Free Parking-Location,Allston,42.35305223069174,-71.12750047733194,Entire home/apt,320,1,344,18,4.70,2026-06-03
52181213,Spacious & Pet-Friendly Modern Home in Charlestown,Charlestown,42.37761,-71.06649,Entire home/apt,499,1,210,94,3.47,2026-06-14
48971352,Entire Apt near Bos Univ/Bos College Free Parking,Allston,42.34812,-71.13601,Entire home/apt,450,3,75,210,3.33,2026-06-14
988349949154367761,Bright & Updated 2BR in Brighton | Free Parking,Brighton,42.3526215069712,-71.14915567999259,Entire home/apt,262,1,132,73,2.25,2026-05-14
598426987260237935,Recently Renovated Allston 2 Bdr Apt Near Harvard,Allston,42.36079,-71.12893,Entire home/apt,484,2,290,56,1.26,2026-05-30
1667386394959273157,Close to the Subway-Safe and Clean-Free Parking,Allston,42.35477,-71.12619,Entire home/apt,337,1,336,6,6,2026-06-11
1060401518925605316,"Boston Hospitality Homes, Harvard",Allston,42.35925570000001,-71.12491399999999,Entire home/apt,874,2,199,79,2.89,2026-06-07
44740904,"Blueground | Seaport, gym, pool, & doorman",South Boston Waterfront,42.34906,-71.04471,Entire home/apt,,30,313,0,,
47867613,Mins to Seaport/Downtown. Pvt bath & Entrance,South Boston,42.33716,-71.03812,Entire home/apt,413,29,285,83,1.27,2021-12-02
1648158413044520783,Close to the subway-Free Parking-Safe and Clean,Allston,42.35468651580897,-71.12764497096914,Entire home/apt,422,1,355,1,1,2026-06-05
1622024520210030736,Close to the Subway-Free Parking-Great Location,Allston,42.352877028330816,-71.12605445652467,Entire home/apt,382,1,344,23,5.90,2026-06-11
48013642,Furnished Studio by Thatch™ | Highland Ave,Roxbury,42.32923,-71.09184,Entire home/apt,96,32,117,14,0.25,2026-03-04
41708678,"Clean, Contemporary Escape | Near T",Roxbury,42.32815,-71.09335,Entire home/apt,340,30,307,17,0.22,2025-03-07
1545838266629580052,Queen Private Ensuite Bathroom |1847 Heritage Home,Charlestown,42.3829354,-71.07853829999999,Private room,222,1,85,6,3.10,2026-06-12
1164503995320065877,Stylish Private Room in Roxbury Co-Living APT,Roxbury,42.32767,-71.08916,Private room,81,30,348,2,0.08,2025-01-18
1684264070055995848,New! Boston 4 Bedroom - 3 bathroom suite,Allston,42.35789,-71.12959,Hotel room,575,1,23,0,,
1355771094298468061,"Blueground | Seaport, w/d, nr museums",South Boston Waterfront,42.3490262,-71.0446092,Entire home/apt,,30,350,0,,
1280569696433523531,Blueground | Seaport studio apartment,South Boston Waterfront,42.3490262,-71.0446092,Entire home/apt,,30,342,0,,
12409042,Close to Harvard - Zen Room Lic# STR383892,Allston,42.3605,-71.12633,Private room,136,1,178,403,3.28,2026-05-19
45096003,"Blueground | Seaport, gym, pool, & doorman",South Boston Waterfront,42.34906,-71.04471,Entire home/apt,,30,310,0,,
44776967,"Blueground | Seaport, gym, pool, & doorman",South Boston Waterfront,42.34906,-71.04471,Entire home/apt,,30,340,0,,
658765857439531363,"Northeastern,Boston Medical,in unit laundry,C/A",Roxbury,42.3364,-71.08554,Entire home/apt,348,30,339,14,0.37,2023-11-05
780711147103807485,Fort Hill/Highland Park Townhome,Roxbury,42.322700702865255,-71.09304891117581,Entire home/apt,336,29,241,40,0.96,2025-06-20
48942888,Amazing room close to downtown Boston,Roxbury,42.31596,-71.09135,Private room,85,29,269,81,1.30,2025-05-12
47441090,Cozy home away from home in historic Boston,Roxbury,42.32987,-71.08982,Entire home/apt,108,29,231,167,2.54,2025-08-01
23487191,Fort Hill Top - 1Fr - Guest Rm Jamaica Plain/Roxb,Roxbury,42.32564,-71.09406,Private room,50,30,256,29,0.30,2026-06-13
1335499475104438405,"Blueground | East Boston, AC, w/d, nr parks",East Boston,42.3733886,-71.0401856,Entire home/apt,,30,97,0,,
45990475,StudioLux by Parks & Cafés | Steps to Harbor,East Boston,42.36638,-71.04007,Entire home/apt,,29,363,10,0.15,2022-09-10
1636407543457236529,Modern 3BR | 30+ Day Stays | Near Airport & T,East Boston,42.36555,-71.03452,Entire home/apt,817,28,255,0,,
1298328078312021591,Blueground | East Boston 2bd apartment,East Boston,42.3733886,-71.0401856,Entire home/apt,,30,68,0,,
1575400636296344777,Bright 2-Story Townhouse •Near BC• Safe Quiet Stay,West Roxbury,42.29886,-71.15993,Entire home/apt,,29,103,1,0.23,2026-02-28
1353222496997111793,Cozy Private Room in Lower Roxbury,Roxbury,42.32672185818998,-71.07661335121817,Entire home/apt,315,31,275,0,,
1026789522675060376,Premium Waterfront Studio | Modern Luxury,East Boston,42.36638,-71.04007,Entire home/apt,271,29,341,1,0.04,2024-02-18
1447872841098086781,Luxury 2BR North End Retreat,North End,42.3634415,-71.0551778,Entire home/apt,587,10,341,2,0.79,2026-04-25
1392786297729967270,4BR2Bath North End by Subway Downtown,North End,42.36739,-71.05486,Entire home/apt,748,29,364,2,0.14,2025-04-23
1658054393925331259,(Mlb7) Charming and Cozy Back Bay Studio,Back Bay,42.35384270191034,-71.07659316546365,Entire home/apt,334,1,161,5,4.55,2026-06-09
51329497,1 Free parking spot - 1BR/1Bath - Location - Walk!,Allston,42.35297,-71.13949,Entire home/apt,264,1,270,223,3.86,2026-05-31
1688436609644319547,Back Bay Gem | 1BR on Newbury Street,Back Bay,42.3496398,-71.08155599999999,Entire home/apt,280,1,297,1,1,2026-05-24
875929241345531100,Walk to Subway!  1st floor! - Steps from the T!,Fenway,42.35039487296866,-71.09370635747206,Entire home/apt,253,1,250,137,3.66,2026-06-09
1218903578903953898,(3-2) Cozy & Budget-Friendly Back Bay Studio,Back Bay,42.34941,-71.09055,Entire home/apt,248,1,241,73,3.31,2026-06-10
6759004,Iconic Newbury Street at Your Doorstep #10,Back Bay,42.34982,-71.08264,Entire home/apt,378,1,261,294,2.23,2026-06-06
1658135144109725184,(BB-2R) Cozy & Cute Back Bay Studio Near Fenway!,Back Bay,42.34991,-71.08859,Entire home/apt,533,1,101,7,4.04,2026-06-13
926910164877355346,Charlesgate Suites: Contemporary Stay In Style,Fenway,42.34983,-71.09379,Entire home/apt,474,1,291,51,1.44,2026-06-03
846239063484503738,Cozy Back Bay Studio | Close to Fenway!,Fenway,42.35063833281663,-71.09297187157289,Entire home/apt,255,1,56,30,2.02,2026-04-17
1658057925657569643,"(Mlb9) Sleeps 3! 2 Beds, Top Floor, Back Bay!",Back Bay,42.35211,-71.07777,Entire home/apt,606,1,118,1,1,2026-05-28
1513106393445716916,Comodidad,Back Bay,42.35144,-71.08784,Entire home/apt,285,1,267,22,2.70,2026-06-14
19997604,Back Bay Apartment near MIT and Newbury Street,Fenway,42.35095,-71.09009,Entire home/apt,457,2,226,126,1.17,2026-06-13
1658068329935863408,"(Mlb10) 2 Bedroom, Back Bay, Great for Co-Workers!",Back Bay,42.35343,-71.07623,Entire home/apt,372,1,90,4,2.73,2026-05-17
955747356121532736,Bright Back Bay Studio,Back Bay,42.35202976524467,-71.08161956401018,Entire home/apt,388,1,195,126,3.75,2026-05-31
1548674762747089626,"Perfect Location, 3bed, 2 Bedrooms, 2 TVs w/d",Back Bay,42.35087,-71.08903,Entire home/apt,749,1,45,28,5.09,2026-05-26
1420387124346967931,"(3-52) Newly furnish, Back Bay!",Back Bay,42.34971,-71.08902,Entire home/apt,473,1,272,34,2.72,2026-06-01
37630538,"Charming Back Bay, Beacon St. Apt. w/ Private Roof",Back Bay,42.35462,-71.07637,Entire home/apt,498,1,130,159,1.92,2026-06-12
975608550315913057,The Crawford: Spacious • Elegant • W/D,Brighton,42.34745,-71.14425,Entire home/apt,559,1,264,149,4.44,2026-05-25
1314612290824778470,WB Quarters by Thatch | Room 303 | Shared BA,South Boston Waterfront,42.34377,-71.05558,Private room,118,29,191,0,,
45096017,"Blueground | Seaport, gym, pool, & doorman",South Boston Waterfront,42.34906,-71.04471,Entire home/apt,,30,202,0,,
49306861,North End Apt Near Harbor,North End,42.36618,-71.05217,Entire home/apt,,10,349,22,0.39,2026-06-06
1526076760629649294,Modern Harbor Front Apartment,South Boston Waterfront,42.34819,-71.04149,Entire home/apt,337,30,359,0,,
1537171375002640663,nrby Seaport bars & Eateries! 1BR nr DT Boston,South Boston Waterfront,42.34914,-71.04684,Entire home/apt,462,30,335,0,,
1666972948789635189,A Comfortable place close to Boston downtown,South Boston,42.33871,-71.04867,Private room,133,29,288,3,2.20,2026-05-23
1654593861392112317,Monthly Skyline Apartment,East Boston,42.3709361967389,-71.04427176117352,Entire home/apt,3689,29,53,3,1.48,2026-05-22
1593627675837151127,Brand New Condo with Rooftop Steps to T & Boston,Charlestown,42.38374,-71.07882,Entire home/apt,392,1,166,22,4.23,2026-06-14
29929936,Lily Room/Harvard Business School/free parking+早餐,Brighton,42.35398,-71.15464,Private room,95,29,311,27,0.29,2024-11-25
1659498311228698797,Modern Stay near Harvard/MIT | Balcony & Rooftop,Charlestown,42.38423,-71.07851,Entire home/apt,435,2,314,8,4.21,2026-06-15
14153636,King Zen Room near Harvard Biz School - STR383892,Allston,42.36151,-71.12658,Private room,133,1,169,379,3.16,2026-05-24
1682936,Charming 2 level Apartment,Roxbury,42.322804,-71.095182,Entire home/apt,127,30,314,240,1.60,2026-04-18
865457912919196504,Large Private Room Near Longwood | Quiet Home,Jamaica Plain,42.32263152894531,-71.10684266497502,Private room,185,29,260,7,0.19,2023-10-23
45028281,Clean & Modern Apt Close to Public Transportation,Jamaica Plain,42.31768,-71.10568,Entire home/apt,164,29,69,20,0.39,2026-05-03
762385151964696601,Shady Sage Hideaway,Jamaica Plain,42.31346,-71.1084,Private room,66,29,205,7,0.18,2025-08-30
697403072323629904,"Luxury Condo Near DT | Fast Wi-Fi, Gym, Workspace",Charlestown,42.38255,-71.07385,Entire home/apt,188,30,340,5,0.12,2024-08-07
38697559,Large Private Bedroom in Unique and Spacious Condo,Jamaica Plain,42.32021,-71.10979,Private room,166,30,89,2,0.14,2025-05-30
1263161258083624423,Comfy Studio with Flexible Cancelation,Bay Village,42.3484186,-71.0698384,Private room,200,1,260,3,0.50,2026-03-18
11521541,Historic and Charming Brownstone,Charlestown,42.38231,-71.06871,Entire home/apt,1000,29,336,10,0.08,2018-05-04
994918874872075312,Luxury Apt with Balcony In Seaport,South Boston Waterfront,42.3527606,-71.04651439999999,Entire home/apt,446,30,302,1,0.03,2023-11-16
1299196137495871036,"Blueground | Downtown, gym & w/d, nr harbor",Downtown,42.3589214,-71.0541634,Entire home/apt,,30,267,0,,
1658046772327729417,"(Mlb5) Bright Big Studio, Open Concept, Back Bay!",Back Bay,42.35194,-71.07815,Entire home/apt,404,1,151,4,1.94,2026-06-12
31591262,Boutique Hotel Room - Charlesmark Hotel,Back Bay,42.34998,-71.07855,Hotel room,285,1,210,97,1.08,2026-01-03
1026606296170848417,Private Studio in Boston's Bay Village!,Bay Village,42.34837,-71.06989,Entire home/apt,221,1,346,13,0.50,2026-05-29
568692279938660404,"Blueground | Downtown, gym, nr faneuil hall",Downtown,42.35892,-71.05416,Entire home/apt,,30,336,0,,
1050464236680428174,"Blueground | Downtown, gym & w/d, nr waterfront",Downtown,42.3537627,-71.05305440000001,Entire home/apt,,30,319,1,0.81,2026-05-11
17676984,Private room-10 min to downtown15 min to Cambridge,Charlestown,42.38376,-71.07707,Private room,53,29,183,5,0.04,2017-09-02
21925988,Comfy room 3 min to T stop-easy access to Boston,Charlestown,42.38356,-71.07874,Private room,67,29,227,22,0.21,2025-11-20
36036766,Just Darling Efficiency Studio Awaits!,Bay Village,42.34827,-71.069725,Private room,129,1,314,96,1.14,2026-05-30
16692369,Bedroom in large apartment-access to Boston/Camb.,Charlestown,42.38366,-71.0786,Private room,53,29,223,6,0.05,2019-01-11
579173215696247499,Thatch Quarters™ | Pvt. Room in Southie | 405,South Boston,42.34311,-71.05769,Private room,160,1,189,22,0.43,2026-03-17
1026603285534924595,Pefect Studio With Flexible Cancellations!,Bay Village,42.348,-71.07093,Private room,254,1,256,9,0.34,2026-03-23
43071363,"* NEW Listing * A True GEM in South End , Boston!!",South End,42.34488,-71.07195,Entire home/apt,718,1,316,183,2.56,2026-05-25
39700598,Fully Furnished Long Term Bedroom by Downtown,Roxbury,42.3225,-71.06851,Private room,67,29,321,16,0.26,2025-12-15
41624190,Spacious 1st Floor Private Room Close to Downtown,Roxbury,42.32201,-71.07015,Private room,71,29,309,28,0.40,2026-05-21
1388364430965830041,Charming South End apartment,South End,42.34198934072778,-71.07015579999998,Entire home/apt,552,2,354,5,0.57,2026-05-17
1400168570311484235,Studio Awaits Your Next Stay!,Bay Village,42.3485831,-71.0696013,Entire home/apt,219,1,348,22,1.76,2026-05-29
989163,"The Dalton - The Upton Boston, South End",South End,42.34308,-71.07316,Entire home/apt,388,2,334,95,0.61,2026-04-22
1034984412653027516,Luxurious 2BR 2BA unit in Fenway,Longwood Medical Area,42.34108,-71.10539,Entire home/apt,618,29,269,1,0.04,2024-02-17
1032705737424972566,Modern Efficiency Studio Awaits Your Stay!,South End,42.34733504895169,-71.07050985892064,Private room,262,1,341,14,0.57,2026-04-04
39004265,Modern Efficiency Studio Awaits Your Stay!,Bay Village,42.348419,-71.069756,Private room,174,1,274,62,0.76,2026-05-02
1026605989973295704,Gem Studio With Flexible Cancellations!,Bay Village,42.348263,-71.069641,Private room,145,1,267,9,0.36,2025-11-05
54051626,The Dorset Redline ~ Bedroom #3 | 3BR 1B w/AC & WD,Dorchester,42.32318,-71.06123,Private room,125,29,313,3,0.06,2026-05-31
1400167723113027028,"Primo Location, Walk To T & Marathon Finish Line!",Bay Village,42.348419,-71.069839,Private room,215,1,291,7,0.51,2026-05-25
578392527449087828,Thatch Quarters™ | Pvt. Room in Southie | 302,South Boston,42.34241,-71.05772,Private room,211,1,191,39,0.80,2026-03-29
1414461110591044165,Fenway Park. 03.1 4.0. Longwood Medical. NEU,Fenway,42.34265642777779,-71.09906527474867,Entire home/apt,208,29,361,12,0.91,2026-02-28
837439628788914345,"Blueground | Fenway, roof & gym, nr fenway park",Fenway,42.3472723,-71.10130939999999,Entire home/apt,,30,206,0,,
1495831421842464741,Luxury Apt with Kitchen Gym and Lounge,Fenway,42.34291,-71.09904,Entire home/apt,339,30,325,1,1,2026-05-22
726322220210519136,Gorgeous Audubon Circle Studios (4),Fenway,42.34742,-71.10491,Entire home/apt,191,29,283,9,0.20,2025-07-02
1267333003609682690,The Sumner Redline ~ Bedroom #3 | w/AC & W/D,Dorchester,42.31901946004318,-71.06107373250477,Private room,114,28,309,1,0.10,2025-08-12
41645010,The Grand View ~ Twin Bedroom | 5BR 2B w/AC & WD,Dorchester,42.31384,-71.06113,Private room,78,29,288,2,0.09,2025-05-02
579605,The Mayhew Redline ~ Pvt Apt | 3BR 1B w/AC & W/D,Dorchester,42.32212,-71.06095,Entire home/apt,318,29,304,58,0.35,2023-08-14
1688491974420614145,Unbeatable Location! Newbury St. 1BR,Back Bay,42.3496398,-71.08155599999999,Entire home/apt,299,1,335,1,1,2026-05-24
625296513133173647,Lovely Studio | Walk to Prudential & Newbury St,Back Bay,42.35085,-71.08205,Entire home/apt,185,29,89,2,0.04,2022-05-29
1688605394684522055,"Airy & Bright 1BR | Newbury St, Back Bay",Back Bay,42.3496398,-71.08155599999999,Entire home/apt,324,1,324,1,1,2026-05-31
926909419134753198,Charlesgate Suites: Newly Renovated Studio,Fenway,42.34983,-71.09379,Entire home/apt,415,1,332,30,0.88,2026-05-19
1684236520551608634,Spacious 1bed/1bath in Back Bay,Back Bay,42.35071,-71.08036,Entire home/apt,326,1,329,1,1,2026-05-31
12372052,Apartment with 2-3 bedrooms-3 min to subway T stop,Charlestown,42.38348,-71.07678,Entire home/apt,164,29,47,63,0.52,2018-08-31
15819226,Back Bay Condo on Marlborough Street!,Back Bay,42.35125,-71.08667,Entire home/apt,208,31,227,30,0.27,2022-05-29
32302374,"Boston Brownstone Stay, Includes Parking",Back Bay,42.35143,-71.08633,Entire home/apt,3432,1,60,13,0.15,2026-06-09
1553102026508988432,Free Parking 2 Bed Steps from BU | Peapod Rentals,Fenway,42.34946,-71.09567,Entire home/apt,264,29,103,1,0.20,2026-01-19
41645478,The Grand View ~ Parlor Bedroom | 5BR 2B w/AC & WD,Dorchester,42.31384,-71.06113,Private room,139,29,319,3,0.04,2025-11-09
950604189578172753,"Boston 1 bedroom, 7 minutes to T",Dorchester,42.32112909775597,-71.05927640084631,Entire home/apt,142,30,363,0,,
1269029206105129484,"Newly Renovated 2-Bed, Back Bay near MGH, BU, MIT",Back Bay,42.35289724925304,-71.08083884125622,Entire home/apt,304,30,248,2,0.13,2025-07-31
1475666529659436661,Studio with Private Roof Deck,Back Bay,42.34941,-71.08683,Entire home/apt,277,30,343,1,0.12,2025-10-12
1655544209836474907,Luxury Boston Stay|Fenway|Longwood|Easy access,Mission Hill,42.32694,-71.10107,Entire home/apt,896,28,365,0,,
19540224,"Free Parking at 1 Bed Basement Apt, Near BU & MIT",Fenway,42.3494,-71.09566,Entire home/apt,231,29,199,216,1.98,2026-02-13
1553081260338571621,Free Parking 1 Bed Near BU & MIT | Peapod Rentals,Fenway,42.34976,-71.09559,Entire home/apt,221,29,136,0,,
579027527508830274,Thatch Quarters™ | Pvt. Room in Southie | 402,South Boston,42.34348,-71.05727,Private room,174,1,131,42,0.81,2026-05-22
20406376,Private room in Jamaica Plain condominium.,Jamaica Plain,42.32602,-71.10434,Private room,74,29,89,28,0.26,2020-06-25
719990238559489665,"Blueground | Fenway, gym & w/d, nr fenway t",Fenway,42.34313909999999,-71.09659100000002,Entire home/apt,,30,305,0,,
1400168266068372981,Chic Studio For An Affordable Stay,Bay Village,42.3483657,-71.0698862,Private room,200,1,275,11,0.78,2026-05-13
36037367,Explore Boston From This Central Location,Bay Village,42.34827423095703,-71.06961822509766,Private room,262,1,348,63,0.75,2025-06-21
1516685372540823937,"Blueground | Fenway–Kenmore, pool, nr Fenway Park",Fenway,42.3472723,-71.10130939999999,Entire home/apt,,30,353,0,,
735590665820048351,B_Large room easy commute to Boston Downtown.,Dorchester,42.3206,-71.05697,Private room,65,29,303,100,2.24,2026-05-18
1658875810211542422,(M-6) 3 Bedroom! Walkable! Back Bay Gem!,Back Bay,42.35316,-71.08091,Entire home/apt,632,1,164,6,2.81,2026-06-01
46100310,Stunning One Bedroom in Luxury Fenway Building,Fenway,42.34378,-71.09832,Entire home/apt,270,32,280,2,0.10,2025-05-24
1267342041106903165,"The Annabel 3 ~ Bedroom #1, Pvt Bath | w/AC & W/D",Dorchester,42.31912,-71.06306,Private room,125,29,304,1,0.09,2025-07-26
1345166351832780352,The Annabel 2 ~ Bedroom #2 | w/AC & W/D,Dorchester,42.31824049999999,-71.061993,Private room,121,29,318,1,0.17,2025-12-24
1026608803166312816,Bay Village Suites: Looking Forward To Hosting You,Bay Village,42.3485831,-71.0696013,Entire home/apt,216,1,317,14,0.45,2026-05-18
1574144601421775646,Stylish Studio in Boston Back Bay,Back Bay,42.352,-71.08201,Entire home/apt,1056,29,203,0,,
1258134677804088953,Elegant 1Bd/1Ba in Fenway!,Fenway,42.34948440077608,-71.0949444889388,Entire home/apt,643,29,73,6,0.29,2024-11-15
1026605528170927879,Perfect Boston Studio,Bay Village,42.3484186,-71.0698384,Entire home/apt,307,1,282,20,0.70,2026-02-27
49258187,"Long Stays For One, Desk, Wifi, Central Location",Bay Village,42.348426818847656,-71.07017517089844,Shared room,171,1,241,83,1.68,2026-05-30
24168312,Back Bay Apt on Marlborough St (Hereford St block),Back Bay,42.35136,-71.08851,Entire home/apt,174,29,306,19,0.19,2024-09-15
1063177709955666892,The Mayhew Redline ~ Bedroom #3 | 3BR 1B w/AC & WD,Dorchester,42.3221333,-71.0609423,Private room,122,29,310,1,0.63,2026-04-30
1345161432073537477,"The Annabel 2 ~ Bedroom #1, Pvt Bath | w/AC & W/D",Dorchester,42.31726,-71.06233,Private room,128,29,318,3,0.21,2026-05-29
44261204,ONE Bedroom in the Back Bay on Commonwealth Ave,Back Bay,42.35155,-71.08738,Entire home/apt,162,32,313,0,,
1354618376723329714,The Penthouse Redline ~ Bedroom #2 | 2BR w/AC & WD,Dorchester,42.32329552089193,-71.06176734411642,Private room,124,28,339,0,,
1341448893516733755,Spacious 2bd/2ba in Southend Boston 6915,South End,42.33816422629492,-71.06980717219807,Entire home/apt,453,1,329,6,0.41,2026-06-08
46445272,Stylish One Bedroom in Fenway-Kenmore Neighborhood,Fenway,42.34548,-71.098,Entire home/apt,270,32,308,1,0.10,2025-08-23
1627199047570709760,"Central 2BR +Den Fenway | Walk to BU, Longwood, Re",Fenway,42.34577610873516,-71.10135399198546,Entire home/apt,319,29,142,1,0.81,2026-05-11
1128284405176345964,Studio in Boston with Flexible Cancellations!,Bay Village,42.348419,-71.069839,Private room,274,1,293,9,0.37,2026-05-29
9148781,Your Home Base for 1+ Months | The Lincoln Suite,South End,42.34299,-71.07305,Entire home/apt,284,5,201,23,0.18,2025-05-22
1221053627587245519,"Enjoy Boston, Private Patio On Montgomery Park",South End,42.34281,-71.07475,Entire home/apt,756,2,310,46,2.13,2026-06-12
1596024752644877127,The Gallery - South End Designer Condo,South End,42.33939,-71.06512,Entire home/apt,495,2,341,2,1.11,2026-05-25
1654853171395862198,South End Historic Rowhouse | Reunions + World Cup,South End,42.341149381392576,-71.07244612991947,Entire home/apt,770,1,49,12,6.21,2026-06-14
1263167952595160614,Bay Village Suites: Book Now!,Bay Village,42.348419,-71.069916,Private room,184,1,277,9,0.48,2025-11-16
758653948795940077,*NEW* 3 BR South End Duplex with A/C in the city!,South End,42.3460970337773,-71.07256090149903,Entire home/apt,661,1,289,185,4.35,2026-06-15
1023273262818823373,"(T6) Boho Retreat, Prime Location, Food, Walkable!",South End,42.34085,-71.07557,Entire home/apt,299,1,246,66,2.11,2026-05-30
40035442,"Prices Cannot Be Beat, Perfect Boston Apartment",Bay Village,42.348419189453125,-71.06991577148438,Private room,172,1,283,124,1.56,2026-05-29
17567087,Charming South End Duplex (Pets Ok),South End,42.34351,-71.06889,Entire home/apt,557,1,217,413,3.67,2026-06-12
1666684622649268273,Private Room with En-suite Bath near Harvard & MIT,Allston,42.36065,-71.12453,Private room,91,29,93,1,1,2026-06-01
1302199594582251461,Small bedroom near Harvard,Allston,42.35796271076193,-71.12795650992923,Private room,67,29,311,1,0.28,2026-02-28
1477870237715296825,Private loft style townhouse.,Bay Village,42.34877891104717,-71.06860022021358,Entire home/apt,822,1,39,35,3.58,2026-05-27
1666704503205935478,Private Room | 5-min Walk from Harvard & HBS,Allston,42.36147,-71.12637,Private room,69,29,130,0,,
1666692929368390827,Queen Room with Private Bath 5-min Walk to Harvard,Allston,42.36159,-71.12477,Private room,73,29,94,0,,
51731513,G_Sunny room easy commute to Boston Downtown.,Dorchester,42.32251,-71.05736,Private room,78,29,364,148,2.54,2025-12-10
1459421774827943928,StudioDelux Allston,Allston,42.36166,-71.1274,Entire home/apt,119,30,183,2,0.24,2026-05-09
52516299,F_Spacious room easy commute to Boston Downtown.,Dorchester,42.32244,-71.05711,Private room,78,29,364,146,2.55,2025-06-14
1630549108956496957,Fenway Park. 03.1 7.0 Longwood Medical. NEU,Fenway,42.34086,-71.09764,Entire home/apt,369,29,361,18,5.57,2026-05-30
1630525938912651564,Red Sox 09.7 - Fenway Park. Longwood Medical. NEU.,Fenway,42.34239495086422,-71.10000923230832,Entire home/apt,386,29,362,22,7.59,2026-05-30
1460176935278555891,Gorgeous Apt with Kitchen and Sky Terrace,Fenway,42.3429115,-71.0990346,Entire home/apt,449,29,351,1,0.12,2025-09-30
1345171123541695404,The Annabel 2 ~ Bedroom #3 | w/AC & W/D,Dorchester,42.31706323181407,-71.0615866136093,Private room,114,28,318,3,0.18,2026-06-01
45349044,Hotel Ivy Boston Common - Queen Room,Downtown,42.34887,-71.06596,Private room,499,1,349,616,8.78,2026-05-17
1658864871874960109,(M-5) Spacious 2 Bedroom Brownstone in Back Bay,Back Bay,42.352810514571324,-71.07859039693908,Entire home/apt,698,1,119,6,2.86,2026-06-07
1658056397218852005,"(Mlb8) Back Bay, Walk to it all!",Back Bay,42.3539092777137,-71.07790967459226,Entire home/apt,300,1,165,4,2.86,2026-05-27
53124097,"(N2R) Private Deck, Styled Studio, Prime Location!",Back Bay,42.34958,-71.08509,Entire home/apt,448,1,274,261,4.69,2026-06-06
926908978002734152,Charlesgate Suites: Renovated & Ready To Host You!,Fenway,42.34983,-71.09379,Entire home/apt,563,1,329,49,1.40,2026-05-10
1688458848895794310,Prime Location | Newbury Street 1BR,Back Bay,42.3496398,-71.08155599999999,Entire home/apt,417,1,321,1,1,2026-05-30
1413761121900289611,3BR / 2BA + Prvt Deck in Back Bay,Back Bay,42.34962,-71.08499,Entire home/apt,1164,3,237,13,1.16,2026-05-31
1548606569605106964,Back Bay 2Bed 2Bath w/ Patio!,Back Bay,42.35142,-71.08203,Entire home/apt,710,1,156,31,4.54,2026-05-27
715986764385449660,(140R) Bohemian Back Bay Studio Retreat,Back Bay,42.35431,-71.07596,Entire home/apt,342,1,126,196,4.38,2026-06-02
828414752318279232,Monthly Newbury Street Gem,Back Bay,42.35106434619906,-71.0819839547802,Entire home/apt,495,1,255,104,2.64,2026-05-18
1044098234985885176,"Blueground | Charlestown, w/d, close to dining",Charlestown,42.3776776,-71.0504732,Entire home/apt,,30,314,0,,
729597299173881827,"(5G2) Beautiful Duplex, W/D, Best Location!",Back Bay,42.34938,-71.0836,Entire home/apt,582,1,219,226,5.11,2026-05-31
40932844,"Blueground | Downtown, doorman, nr chinatown t",Downtown,42.35892,-71.05416,Entire home/apt,,30,175,0,,
54159081,"Blueground | Seaport, gym, nr harbor",South Boston Waterfront,42.351397,-71.043191,Entire home/apt,,30,152,1,0.03,2024-01-28
1075888097513784274,"Blueground | Downtown, gym, nr restaurants",Downtown,42.3537627,-71.05305440000001,Entire home/apt,,30,77,0,,
1102245751482462997,One-Bedroom with City Views in Boston,Downtown,42.357686142112996,-71.05646123974878,Entire home/apt,270,32,359,0,,
1295184100426715739,1BD/1BA | Boston Harbor,Downtown,42.357312676904215,-71.05259957349048,Entire home/apt,158,29,130,4,0.41,2026-05-07
1318158728328191890,"Blueground | Downtown, gym & w/d, nr harbor",Downtown,42.3589214,-71.0541634,Entire home/apt,,30,311,1,0.08,2025-06-20
1513119806681443837,Spacious Apt Full Kitchen In Seaport,South Boston Waterfront,42.3498534,-71.0443746,Entire home/apt,328,30,296,2,0.44,2026-05-03
1668140191884200953,Luxury Seaport Stay | Rooftop & Pool,Downtown,42.35238,-71.05381,Entire home/apt,358,30,319,0,,
1026784131761453243,Elegant Condo Near Boston Common & Chinatown,Chinatown,42.352093,-71.06081,Entire home/apt,237,30,362,52,1.68,2025-02-12
658610117757260264,Fenway/Back Bay Renovated Studio!,Fenway,42.34997,-71.09185,Entire home/apt,261,1,93,151,3.16,2026-06-07
981123327835096425,Centrally located 1bed | Newbury Street,Back Bay,42.34997392964146,-71.0863109533545,Entire home/apt,249,1,54,84,2.61,2026-05-07
29898702,"Charlesmark, boutique hotel room in Copley Square",Back Bay,42.35006,-71.07858,Hotel room,284,1,208,85,0.92,2026-05-14
7475379,"Vibrant, Chic Newbury St – Stay in Style! #6",Back Bay,42.34982,-71.08264,Entire home/apt,378,1,270,305,2.38,2026-06-06
4500409,Boston’s Top Location: Newbury Street – #1,Back Bay,42.34982,-71.08264,Entire home/apt,368,1,271,183,1.38,2026-05-25
926908733694275846,Charlesgate Suites: Lower Level Suite,Fenway,42.34983,-71.09379,Entire home/apt,358,1,299,46,1.36,2026-05-25
1658037250182411239,(Mlb2) Private Entrance! Back Bay Favorite,Back Bay,42.3521,-71.07731,Entire home/apt,362,1,156,5,3.41,2026-06-05
42980478,Comfy Room Near Harvard BS,Allston,42.36091,-71.13049,Private room,101,1,15,133,2.09,2026-06-14
1035579679611233693,Lux 1BR w/ Amenities in Seaport,South Boston Waterfront,42.350558867087905,-71.04369046697286,Entire home/apt,427,9,65,11,0.39,2026-05-08
1467383841574962968,Come Experience Boston!,Bay Village,42.3482863,-71.0705054,Entire home/apt,263,1,236,11,5.16,2026-05-25
1299195742371255738,"Blueground | Downtown, gym & w/d, nr harbor",Downtown,42.3589214,-71.0541634,Entire home/apt,,30,100,0,,
1513113997176476351,Luxury Apt with Gym in Seaport,South Boston Waterfront,42.3498534,-71.0443746,Entire home/apt,420,30,245,0,,
32861088,"Great For Last Minute Stays, Studio That Sleeps 3",Bay Village,42.34858703613281,-71.06957244873047,Entire home/apt,238,1,333,189,2.16,2026-02-15
33616608,4th Floor room 0.5 mile to Marathon finish line,South End,42.34688,-71.07353,Private room,229,1,48,122,1.40,2026-05-24
1275498,"The Washington - The Upton Boston, South End",South End,42.34294,-71.07304,Entire home/apt,407,2,348,132,0.84,2026-06-07
27639994,Perfect Room in the South End for solo adventurer,South End,42.34504,-71.07375,Private room,229,1,48,302,3.17,2026-05-30
1210125208993708447,Simple & Affordable Efficient Studio Awaits!,Bay Village,42.348278,-71.0705054,Entire home/apt,188,1,290,71,3.12,2026-05-31
1341508095469030489,Luxury 1BR Next to Broadway 0531,South Boston,42.34256107713531,-71.05709737484571,Entire home/apt,264,1,344,33,2.07,2026-06-07
26778714,"The Upton - The Upton Boston, South End",South End,42.34291,-71.07301,Entire home/apt,452,2,316,154,1.69,2026-05-14
573397879029683911,"(T7) Clean, Easy, Prime Location, Walkable to all!",South End,42.34133,-71.0755,Entire home/apt,344,1,246,145,2.79,2026-06-13
27168524,Classic Boston Brownstone - Walk to Everything,South End,42.34637,-71.07145,Private room,286,1,37,475,4.97,2026-05-26
1321377402767361638,Cozy South End Corner,South End,42.3431,-71.07371,Entire home/apt,572,1,26,27,1.66,2026-04-21
1400167579600116084,Great Value For Your Boston Stay,Bay Village,42.348286,-71.069664,Private room,192,1,270,2,0.15,2025-11-02
20229074,Great South End / Back Bay location! 1 bed condo,South End,42.34631,-71.07188,Entire home/apt,568,3,113,160,1.50,2026-05-04
29739809,"Spectacular, luxury Bay Village/Back Bay Condo",Bay Village,42.34867,-71.06685,Entire home/apt,406,1,214,489,5.29,2026-05-14
1263168933100494764,Modern Single Studio at the Heart of Boston!,Bay Village,42.3484037,-71.0697483,Private room,242,1,331,6,0.30,2026-05-02
17559493,"2nd Floor, 2BR Downtown- Walk to Boston Common",Chinatown,42.34903,-71.062,Entire home/apt,342,3,249,350,3.11,2026-05-26
52468803,1 Bedroom Apartment in Boston/South End,South End,42.34417,-71.07051,Entire home/apt,289,1,56,112,2.07,2026-05-31
1140548334162271298,"Large Room w/Private Bath, Near Harvard, BU, MIT",Allston,42.36096,-71.12318,Private room,106,29,233,8,0.36,2026-04-19
1140557705586238160,"Private Room, Walk to HBS/Harvard/MIT",Allston,42.36124351312512,-71.12450899874564,Private room,81,29,235,6,0.25,2026-05-26
1137894060897148200,"Private Room close to HBS, Harvard, BU, MIT",Allston,42.35900148957093,-71.12519092068672,Private room,77,29,62,10,0.42,2026-04-30
1413776794791801526,Brand New One Bedroom in Back Bay,Back Bay,42.3507,-71.08909,Entire home/apt,905,2,183,20,1.62,2026-05-19
1426973108627404078,Private 2BR Apt Walk to Restaurants,South Boston Waterfront,42.3527606,-71.04651439999999,Entire home/apt,423,30,344,0,,
1679625087284549907,Renovated Modern 2BR | Easy Transit to Boston,Roxbury,42.3147303,-71.07553229999999,Entire home/apt,146,5,92,0,,
24484501,Top of the World,Charlestown,42.382173634151435,-71.07929663572756,Entire home/apt,1085,2,269,262,2.66,2026-05-10
18023901,C_Large room easy commute to Boston Downtown,Dorchester,42.32116317572481,-71.05723853260125,Private room,78,29,364,132,1.40,2024-11-23
981125137552921057,Cozy Fenway 1BR,Fenway,42.35093,-71.09503,Entire home/apt,585,29,105,3,0.09,2023-11-15
45689070,Modern 1 Bedroom in Downtown Boston,Leather District,42.35116,-71.05873,Entire home/apt,280,32,343,0,,
1097829098273436150,Seaport District 1 BR | Outdoor Pool | sun deck,South Boston Waterfront,42.3513076,-71.0431838,Entire home/apt,701,30,65,0,,
42870400,The Dorset Redline ~ Bedroom #1 | 3BR 1B w/AC & WD,Dorchester,42.322120666503906,-71.06095886230469,Private room,118,29,313,6,0.10,2025-06-21
630974431440794329,"Boston new one bedroom, close to T and beach",Dorchester,42.31968,-71.0574,Entire home/apt,142,31,363,1,0.02,2022-07-31
45989320,Luxury Two Bedroom in Seaport District,South Boston Waterfront,42.35447,-71.04607,Entire home/apt,417,32,330,0,,
1131372519131531578,Modern and Spacious One Bedroom In Seaport,South Boston Waterfront,42.35303281170163,-71.04811602037844,Entire home/apt,317,32,266,0,,
1354579947641485325,The Penthouse Redline ~ Bedroom #1 | 2BR w/AC & WD,Dorchester,42.32150723148439,-71.06183280853438,Private room,126,28,339,0,,
46261006,Luxury Fenway-Kenmore Two Bedroom with Amenities,Fenway,42.34504,-71.09604,Entire home/apt,386,32,343,0,,
20775116,Gorgeous Audubon Circle Studios (2),Fenway,42.34737,-71.1033,Entire home/apt,214,30,330,130,1.22,2025-08-10
1344889426145990312,The Annabel 3 ~ Private Apt | 2BR 2B | w/AC & W/D,Dorchester,42.31892272500666,-71.06095765097766,Entire home/apt,235,29,304,0,,
1476064484669652817,South End Urban Escape Studio,South End,42.34209,-71.07361,Entire home/apt,346,1,338,58,6.30,2026-06-05
32861086,Modern Single Studio at the Heart of Boston!,Bay Village,42.34904,-71.07007,Private room,148,1,317,107,1.22,2026-05-31
12287958,Copley Vacation Rental on the Park  w/ patio M325,South End,42.34218,-71.07334,Entire home/apt,440,2,78,82,0.67,2026-05-29
51427362,Hip and Chic Studio Awaits Your Stay!,South End,42.3473,-71.06916,Entire home/apt,221,1,285,84,1.45,2026-06-01
683918385793735810,South End Brownstone Duplex,South End,42.34428399999999,-71.0697069,Entire home/apt,1212,1,303,74,1.65,2026-06-13
27935696,Exposed Brick Private Room-  3 min. walk to subway,South End,42.34483,-71.07386,Private room,286,1,60,158,1.67,2026-05-22
17529340,S End/B Bay border! Copley Location- Perfect 1 Br,South End,42.34566,-71.07433,Entire home/apt,489,3,101,305,2.72,2026-06-14
21350397,Astonishing 1 Bed South End Boston's Best Location,South End,42.3440581,-71.0700076,Entire home/apt,828,3,284,260,2.47,2026-05-30
1345148942506139275,The Annabel 2 ~ Private Apt | 3BR 2B w/AC & W/D,Dorchester,42.317666827524704,-71.06106584282365,Entire home/apt,342,29,318,0,,
36036045,Modern Efficiency Studio Awaits Your Stay!,Bay Village,42.3484001159668,-71.06946563720703,Private room,180,1,342,111,1.32,2026-05-28
53733454,"Blueground | Seaport, gym, on harbor",South Boston Waterfront,42.351397,-71.043191,Entire home/apt,,30,256,0,,
40882667,"Perfect Boston Apartment, Book Today & Enjoy!",Bay Village,42.348419189453125,-71.06991577148438,Private room,178,1,278,129,1.65,2026-05-03
52813403,Charming 1 BR apartment in Historic Bay Village,Bay Village,42.34813,-71.06964,Entire home/apt,620,1,216,284,5.02,2026-06-13
14770892,"Victorian Charm, Modern Style w/Private Entrance",South End,42.34338,-71.06874,Entire home/apt,500,2,223,475,3.99,2026-06-13
1137609211803900293,High-End One Bedroom in Luxury Seaport Building,South Boston Waterfront,42.354688491131725,-71.04700161265842,Entire home/apt,317,32,307,0,,
54384571,Thatch™ Newbury Street | One-Bedroom Apt. #1,Back Bay,42.34977,-71.08612,Entire home/apt,575,1,136,60,1.19,2026-04-13
633058908634454665,"Blueground | Downtown, gym & concierge, nr t",Downtown,42.35376,-71.05305,Entire home/apt,,30,312,0,,
1513120836717387389,Full Private Apt Downtown Seaport with Pool,South Boston Waterfront,42.3498534,-71.0443746,Entire home/apt,457,30,292,0,,
1029937731887523436,Quiet City Condo in a Historic Brownstone,Roxbury,42.328316886559094,-71.09606372223317,Entire home/apt,279,29,273,81,2.71,2025-08-05
1420355670893666592,(3-21) A+ Location Back Bay / Fenway Park / 2 Beds,Back Bay,42.34939191478999,-71.08857583454281,Entire home/apt,482,1,259,36,2.86,2026-05-22
39632515,Room at Brigham Circle/Longwood Medical,Mission Hill,42.333168492243,-71.10378551377428,Private room,111,29,286,9,0.11,2025-07-04
926909131529554170,Charlesgate Suites: Enjoy Boston Today!,Fenway,42.34983,-71.09379,Entire home/apt,422,1,323,32,0.89,2026-06-03
926909705378933833,Charlesgate Suites: Urban Chic Delight - Discover,Fenway,42.34983,-71.09379,Entire home/apt,427,1,325,54,1.51,2026-06-11
1401081543408424259,Spacious Room At Brigham & Longwood Medical,Mission Hill,42.33211,-71.10202,Private room,128,29,298,2,0.15,2025-05-25
1251765141237192511,"X34, Near Harvard Medical/Longwood Hospitals",Mission Hill,42.330584248276196,-71.10956327060156,Private room,74,14,227,6,0.30,2026-05-19
926909279527360867,Charlesgate Suites: Restored Elegance,Fenway,42.34983,-71.09379,Entire home/apt,422,1,301,30,0.84,2026-05-30
6908525,"Newbury St Living –Trendy, Vibrant, Unbeatable!#12",Back Bay,42.34982,-71.08264,Entire home/apt,458,1,313,256,1.92,2026-06-07
7475052,Perfectly Placed on Newbury Street #7,Back Bay,42.34982,-71.08264,Entire home/apt,385,1,339,279,2.27,2026-04-21
18070939,The Pulse of Boston – Newbury St Right Outside!,Back Bay,42.34981,-71.08263,Entire home/apt,606,1,315,322,2.89,2026-06-13
6377998,"Family friendly Victorian home, walk to T",Jamaica Plain,42.31584,-71.09932,Entire home/apt,120,29,290,43,0.33,2025-08-15
1513121732390615318,Entire Apt Downtown Seaport with Pool,South Boston Waterfront,42.3498534,-71.0443746,Entire home/apt,309,30,312,0,,
1220538105467806435,Quiet Garden-Level Studio Near Longwood Hospitals,Jamaica Plain,42.32336251442836,-71.10762143057383,Private room,78,30,73,4,0.32,2026-04-15
1086284791906225107,Lux 2br in the Heart of FIDI!,Downtown,42.358393332349436,-71.05300800023029,Entire home/apt,351,29,109,68,2.56,2025-04-13
1131970330889525148,Spacious room near Harvard Stad.,Allston,42.36009619910877,-71.12764886307532,Private room,84,28,217,3,0.26,2025-12-14
658713146354442625,Luxurious Fenway 2BR Penthouse w/ Roof Deck,Fenway,42.34938,-71.09293,Entire home/apt,549,1,221,248,5.15,2026-05-30
52112631,Remodeled Spacious Apartment in Perfect Location,Allston,42.35041,-71.13014,Entire home/apt,661,29,62,19,0.33,2023-06-07
29682500,Cozy Back Bay Boston Retreat!,Back Bay,42.35152,-71.08606,Entire home/apt,444,2,164,530,6.33,2026-05-31
1693734483271713662,Pet-Friendly South End Brownstone,South End,42.341944424530986,-71.0753056593714,Entire home/apt,233,1,346,1,1,2026-06-11
1628382180461744234,"Clean, Comfortable & Connected—South End Living",South End,42.3426382,-71.074685,Entire home/apt,307,1,349,16,5.00,2026-06-07
1296443382136390764,The Sumner Redline | 3BR 3B w/AC & W/D | Bi-Level,Dorchester,42.31723,-71.06137,Entire home/apt,347,29,309,0,,
1528292848372853401,Pet-Friendly South End Studio,South End,42.34344,-71.07588,Entire home/apt,224,1,350,28,3.62,2026-06-06
1628415116013325020,Walkable South End Studio,South End,42.34208,-71.07541,Entire home/apt,233,1,357,5,1.85,2026-05-24
14820482,Historic townhouse in the heart of Boston,Bay Village,42.348731994628906,-71.06843566894531,Entire home/apt,989,2,130,248,2.09,2026-05-29
29904919,H_Sunny room easy commute to Boston Downtown.,Dorchester,42.3225,-71.05734,Private room,76,29,314,144,2.48,2025-08-18
1178267194328619248,"Penthouse, Parking, Private Deck, W/D, Back Bay!",Back Bay,42.3493361,-71.0826586,Entire home/apt,858,1,117,68,2.85,2026-05-25
41666852,The Grand View ~ Blue Bedroom | 5BR 2B w/AC & WD,Dorchester,42.31384,-71.06113,Private room,117,29,318,5,0.07,2025-10-25
52422200,Copley Double Double - Copley Square Hotel,Back Bay,42.34951,-71.07754,Private room,584,1,316,38,0.75,2026-05-26
16517776,Next to T stop-10 min to downtown Boston/Cambridge,Charlestown,42.38183,-71.07888,Private room,134,1,290,125,1.12,2026-06-03
53512907,"(T9) A+ Location, Walkable to All, Budget Friendly",South End,42.3405,-71.07588,Entire home/apt,264,1,247,166,3.02,2026-06-07
1341508076735636308,Luxury 1BR Next to Broadway Southie 3307,South Boston,42.342037287797694,-71.05713422797432,Entire home/apt,261,1,349,38,2.46,2026-05-24
54232345,Welcome to Boston! Book Now,Bay Village,42.348365783691406,-71.06988525390625,Entire home/apt,207,1,256,51,0.97,2026-05-03
47952948,1BR Apartment | Patio | Full-Kitchen,South End,42.33635,-71.07506,Entire home/apt,320,29,319,72,1.12,2024-09-14
38433315,Modern Efficiency Studio Awaits Your Stay!,Bay Village,42.348419,-71.069756,Private room,172,1,267,99,1.21,2026-05-03
1267321993028464851,The Sumner Redline ~ Bedroom #2 | w/AC & W/D,Dorchester,42.318266,-71.0620106,Private room,121,29,311,1,0.09,2025-07-31
1131367826140693855,Spacious One Bedroom in Luxury Boston Building,South Boston Waterfront,42.35238,-71.0475,Entire home/apt,296,32,337,0,,
33162602,Comfort Inn in my home 2nd bedroom,Roxbury,42.31507,-71.07504,Private room,49,29,256,22,0.25,2025-09-06
45989299,Contemporary One Bedroom with Amenities,South Boston Waterfront,42.35438,-71.04797,Entire home/apt,317,32,304,0,,
1426971274650889933,Luxury Apt In Seaport Walk to Restaurants,South Boston Waterfront,42.3527874,-71.0464795,Entire home/apt,344,30,264,0,,
1513122230146321732,Modern Apt with Gym Near Restaurants,South Boston Waterfront,42.3498534,-71.0443746,Entire home/apt,435,30,297,0,,
1526824177409303372,"Blueground | Seaport, rooftop, nr Boston Harbor",South Boston Waterfront,42.35144,-71.043151,Entire home/apt,,30,312,0,,
1139184665907458350,独立房间加独立书房 ｜哈佛工程学院/商学院步行距离,Allston,42.35933215079435,-71.12307710831466,Private room,81,29,220,9,0.39,2026-04-30
16459191,"Stylish, Best Location Back Bay Studio!",Back Bay,42.35349,-71.07595,Entire home/apt,212,29,160,158,1.37,2026-05-16
1024732228158881755,Renovated One Bedroom in Back Bay,Back Bay,42.34977689999999,-71.089541,Entire home/apt,461,3,255,54,1.77,2026-06-01
1666697738570974389,Modern Queen Room near Harvard & MIT,Allston,42.359960056342054,-71.12458790855159,Private room,78,29,135,0,,
1426970218150799697,Luxury Apt Downtown Seaport,South Boston Waterfront,42.3527606,-71.04651439999999,Entire home/apt,346,30,113,0,,
48806117,The Mayhew Redline ~ Bedroom #1 | 3BR 1B w/AC & WD,Dorchester,42.32114,-71.05993,Private room,114,28,311,3,0.17,2025-07-02
14485918,Huge bed  and high ceiling room plus two closets.,Roxbury,42.3165,-71.09535,Private room,49,30,197,24,0.21,2025-12-11
1131372255645787129,Spacious and Modern One Bedroom in Seaport D,South Boston Waterfront,42.35313,-71.0481,Entire home/apt,248,32,168,0,,
1426971579115167590,Modern Apt with Water Views and Gym,South Boston Waterfront,42.3527606,-71.04651439999999,Entire home/apt,345,30,296,0,,
53262928,Amazing spacious city view 2bed 2 bath unit fenway,Fenway,42.34794,-71.10164,Entire home/apt,651,29,166,36,1.03,2026-04-05
20359898,EXTENDED STAY. VERY QUIET. SPACIOUS. NEXT TO TRAIN,Jamaica Plain,42.31808,-71.10706,Entire home/apt,159,29,303,87,0.81,2025-11-12
20926438,Free Parking 2 Bed 1 Bath Steps from BU/Kenmore,Fenway,42.35092,-71.09394,Entire home/apt,284,29,156,125,1.18,2025-10-24
846872271807146973,"Blueground | Fenway, roof & gym, nr fenway park",Fenway,42.3472723,-71.10130939999999,Entire home/apt,293,30,117,0,,
1495784443454005390,Luxury Apt with Kitchen in Fenway,Fenway,42.3429115,-71.0990346,Entire home/apt,337,30,312,0,,
1495783011876972958,Gorgeous Apt with Kitchen,Fenway,42.3429115,-71.0990346,Entire home/apt,332,30,354,0,,
1474850201128216405,X24 Near HMS/Longwood Hospitals,Mission Hill,42.33079787550621,-71.11027525159194,Private room,70,29,219,4,0.53,2026-06-01
1695089558538200933,"X21, Private Room Near HMS/Longwood Hospitals",Mission Hill,42.331594,-71.1098111,Private room,75,29,345,0,,
38134488,Studio with Private Bath-Brigham Circle/Longwood,Mission Hill,42.33312,-71.10272,Entire home/apt,146,29,305,253,3.09,2025-09-30
1298640121336086467,Beautiful home in Allston (3),Allston,42.3589886,-71.12859929999999,Private room,79,29,290,1,0.13,2025-10-24
19103076,Large Private Suite Near Longwood | Private Bath,Jamaica Plain,42.32455,-71.10781,Private room,96,29,236,109,1.00,2025-10-27
11656698,Spacious 2 bedroom Apartment.,Roxbury,42.32378,-71.09648,Entire home/apt,133,30,348,230,1.84,2025-06-15
49458996,Serviced 1 Bedroom Across From Fenway Park,Fenway,42.34516,-71.09652,Entire home/apt,270,32,302,3,0.08,2025-08-11
48825940,Spacious Two-Bedroom Across From Fenway Park,Fenway,42.34335,-71.09736,Entire home/apt,380,32,324,0,,
46085675,1 Bedroom with Floor-to-Ceiling Windows in Fenway,Fenway,42.34485,-71.09832,Entire home/apt,270,32,302,3,0.05,2023-04-10
1495783351597847127,Gorgeous Apt with Kitchen and Gym,Fenway,42.3429115,-71.0990346,Entire home/apt,442,30,340,0,,
41706168,The Grand View ~ Master Bedroom | 5BR 2B w/AC & WD,Dorchester,42.31384,-71.06113,Private room,119,29,349,7,0.12,2025-08-09
42591679,Designed 1st Floor Furnished Bedroom by Downtown,Roxbury,42.32317,-71.06844,Private room,68,29,224,27,0.38,2026-04-30
45989279,Stunning One Bedroom with Luxury Amenitites,South Boston Waterfront,42.35437527208879,-71.04800043840895,Entire home/apt,317,32,310,0,,
1050621348077465245,"Blueground | Downtown, gym & laundry, nr shops",Downtown,42.3537627,-71.05305440000001,Entire home/apt,,30,279,0,,
46142810,Luxury One Bedroom Near Fenway Park with Rooftop,Fenway,42.34501,-71.09595,Entire home/apt,265,32,302,1,0.05,2024-11-12
1684832710499123427,Modern Back Bay Rental Across Charles River & MIT,Back Bay,42.35053141194295,-71.08904172432278,Entire home/apt,628,2,355,1,1,2026-05-30
1655072140959797628,"Back Bay Efficiency Unit, Pvt Bath, Kitchenette",Back Bay,42.35221,-71.08098,Entire home/apt,119,30,287,0,,
1416374818175818169,Oversized Furnished Brownstone Studio in Back Bay,Back Bay,42.35187,-71.08164,Entire home/apt,244,28,215,10,0.77,2026-02-09
1495781506087436149,Gorgeous Apt with Kitchen with Sky Terrace,Fenway,42.3429115,-71.0990346,Entire home/apt,432,30,338,1,0.24,2026-02-13
5203538,Beautiful Townhouse Boston's South End,South End,42.34024,-71.07483,Entire home/apt,1191,5,85,51,0.37,2026-06-06
1673963708054892063,Boston 5BR Near Green Line & BC,Mission Hill,42.33011769138863,-71.11031908943119,Entire home/apt,219,30,188,0,,
1212733465354664676,Stylish Boston retreat in a luxury neighborhood,South End,42.34524,-71.06895,Entire home/apt,613,3,83,14,0.69,2026-04-23
8596566,South End Boston Apartment with Private Garden,South End,42.34587,-71.07257,Entire home/apt,446,1,42,74,0.57,2026-04-21
1382917245459007958,Beautiful 2BD/2BA in Southend Boston 0457,South End,42.33818,-71.06817,Entire home/apt,279,1,220,107,7.36,2026-06-02
1252545039801928516,"X33, Private Room Near HMS/Longwood Hospitals",Mission Hill,42.332646717787895,-71.11076586111461,Private room,63,29,135,5,0.43,2026-04-30
1252147336923412719,"X32, Spacious Room Near HMS/Longwood Hospitals",Mission Hill,42.332125154430905,-71.10887201902342,Private room,62,29,118,2,0.15,2025-08-27
1697495403528279165,"X25, Private Room Near HMS/Longwood Hospitals",Mission Hill,42.33207,-71.11058,Private room,68,29,283,0,,
1566914848932014542,Boston South End  Studio Gem,South End,42.34357,-71.0752,Entire home/apt,429,1,348,8,3.29,2026-06-05
15048978,"Boston South End Penthouse
Loft & Roof Deck",South End,42.33594,-71.07578,Entire home/apt,179,30,240,134,1.15,2026-03-27
633889528816089164,Stylish living in the heart of Backbay new in Abnb,Back Bay,42.35063934326172,-71.08123779296875,Entire home/apt,256,29,106,6,0.13,2025-05-01
882839165476645155,Furnished South Boston • Steps to Red Line T,South Boston,42.3295,-71.05785,Entire home/apt,253,28,263,0,,
10813,The Back Bay Nook  -Brownstone in Prestigious Area,Back Bay,42.35061,-71.08787,Entire home/apt,159,32,289,6,0.07,2025-06-30
926897775916500527,Charlesgate Suites: Premier Oversized One Bedroom,Fenway,42.34983,-71.09379,Entire home/apt,475,1,327,17,0.48,2026-03-15
1635691511424372376,"(Newb1R) 1 Bedroom, Second Floor, Newbury Street",Back Bay,42.35036,-71.0832,Entire home/apt,445,1,284,5,2.94,2026-06-05
955310385881215222,Private Studio In Boston's Bay Village!,Bay Village,42.3483657,-71.0698862,Entire home/apt,269,1,274,60,1.74,2026-04-27
1688584781893238547,Classic Back Bay 1BR on Newbury Street,Back Bay,42.3496398,-71.08155599999999,Entire home/apt,293,1,327,1,1,2026-05-27
7474044,Unbeatable Location on Newbury Street #5,Back Bay,42.34982,-71.08264,Entire home/apt,524,1,287,213,1.76,2026-05-31
1230670657852296431,"X13, Near Harvard Medical/Longwood Hospitals",Mission Hill,42.33127853225833,-71.1088037027337,Private room,68,29,193,5,0.25,2026-06-02
1628322458972971545,Pet-Friendly South End Studio,South End,42.34337428012644,-71.07406891218753,Entire home/apt,263,1,354,11,3.06,2026-06-09
41799161,The Roseclair Redline ~ Bedroom #2 | w/AC & W/D,Dorchester,42.3221321105957,-71.06094360351562,Private room,88,29,297,15,0.20,2025-10-04
1704487081608670047,"Bi-Level 2BR | Parking | Jones Hill, Boston",Dorchester,42.312707691768196,-71.06180962187902,Entire home/apt,247,29,365,0,,
39056629,Spacious Long Term Private Room Close to Downtown,Roxbury,42.32365,-71.06864,Private room,71,29,312,25,0.32,2026-05-23
835418850078504364,Boston Studio walk to T Station,Dorchester,42.31921,-71.05955,Entire home/apt,112,31,361,4,0.11,2024-08-05
1263161840040894002,"Lower Level Studio, Stay Tonight!",Bay Village,42.3483308,-71.0698714,Entire home/apt,264,1,249,22,1.10,2026-05-18
30060158,The Charlesmark Hotel Premium Queen Copley Square,Back Bay,42.35006,-71.07858,Hotel room,299,1,210,10,0.11,2023-02-17
1343043170989200639,Top 1Bedroom in Beacon Hill downtown Boston,Dorchester,42.31661,-71.06665,Private room,73,29,131,0,,
1686467635784592765,Pet-Friendly South End Studio,South End,42.341590697555205,-71.07557368451413,Entire home/apt,315,1,354,3,3,2026-06-03
926908682139595078,Charlesgate Suites: Perfect Lower Level Suite,Fenway,42.34983,-71.09379,Entire home/apt,427,1,320,24,0.68,2026-05-14
1400167944247843401,Private Studio In Boston's Bay Village!,Bay Village,42.3483657,-71.0698862,Entire home/apt,307,1,321,9,0.71,2026-05-24
30037052,Queen Size Bed Boutique Hotel @ The Charlesmark,Back Bay,42.35006,-71.07858,Hotel room,307,1,210,40,0.44,2024-02-29
1683559042425315775,Luxurious 2BR 2BA Back bay heart with amazing view,Back Bay,42.34935,-71.0805,Entire home/apt,1211,4,306,0,,
1471109629707292542,Loft style 3BR unit in Boston Southend 6019,South End,42.34422,-71.06576,Entire home/apt,346,1,331,32,2.99,2026-06-03
16479752,Large bedroom- easy access to Boston and Cambridge,Charlestown,42.38191,-71.07865,Private room,57,29,135,3,0.03,2020-02-07
30036357,"A Boutique Hotel Room in Copley, Charlesmark Hotel",Back Bay,42.35006,-71.07858,Hotel room,285,1,210,90,0.98,2022-03-05
1316351702660228301,"4 min walk to OrangeLine fast to BackBay, Downtown",Jamaica Plain,42.31699363467934,-71.10611149548792,Private room,48,29,214,2,0.24,2026-03-11
13063952,3 min to T stop-Boston/Somerville/Cambridge access,Charlestown,42.38362,-71.07863,Private room,60,29,59,34,0.28,2026-04-01
1106734116750690903,"Modern JP Apartment Near T & Longwood, Quiet, WiFi",Jamaica Plain,42.32184,-71.10216,Entire home/apt,679,29,229,21,0.91,2025-09-27
45987,Garden Studio,Charlestown,42.37424,-71.06081,Entire home/apt,142,29,116,145,0.75,2025-12-17
77681,Waterfall Room: Bunker Hill B&B,Charlestown,42.37865,-71.06373,Private room,155,29,365,71,0.40,2023-11-04
1296167017422848679,"@Orange Line: 12-25min HMS, NEU, BackBay, Downtown",Jamaica Plain,42.31635,-71.10751,Private room,46,29,224,4,0.34,2025-12-29
674200591572524984,"Large Room w/ Bath in Furnished Apt, good Wifi!",Brighton,42.36151,-71.14337,Private room,83,30,325,25,0.55,2026-03-31
1043989177466394716,"Blueground | Burlington, gym, nr dining & shops",Brighton,42.35992,-71.14956,Entire home/apt,,30,154,1,0.06,2025-03-05
1655139869116500751,"Boston Landing Studio - Rooftop Deck, Near MBTA",Brighton,42.35681108977437,-71.14251607680963,Entire home/apt,176,30,260,0,,
1177938268982752936,Free Parking 2 Bed 1 Bath Steps from BU/Kenmore,Fenway,42.35100059907109,-71.09354588542584,Entire home/apt,342,29,156,31,1.27,2025-07-31
1678429283438010266,"4' Orange Line, 12-25' HMS, NEU, BackBay, Downtown",Jamaica Plain,42.31502295706799,-71.1067576729547,Private room,49,29,119,0,,
23109832,"3 mo minimum, 3 br apt in Jamaica Plain - a gem!",Jamaica Plain,42.31734,-71.11375,Entire home/apt,240,30,191,8,0.10,2026-03-21
37823144,Boston Studio Near Downtown,Jamaica Plain,42.31665,-71.0999,Entire home/apt,136,29,304,134,1.65,2024-06-01
4233242,Quiet Artist's Retreat,Jamaica Plain,42.31246,-71.10793,Private room,73,29,321,50,0.35,2025-05-31
5049582,Quiet room - Great location!,Jamaica Plain,42.31327,-71.10811,Private room,103,1,280,39,0.29,2026-03-29
1649744337758666828,"Luxury 2-bed at The Vera – Rooftop Deck, Near MBTA",Brighton,42.35602,-71.14462,Entire home/apt,343,30,212,5,2.31,2026-05-31
19102461,Private Room in very spacious JP House.( Lilac Rm),Jamaica Plain,42.32424,-71.10748,Private room,181,29,247,110,1.01,2026-04-05
745758164210682478,Comfortable Living in Furnished Private Room,Brighton,42.35999,-71.14328,Private room,83,30,324,17,0.40,2026-03-15
1488439163437419001,Cozy Room - First floor - No stairs - Quiet area!,Brighton,42.34477,-71.151,Private room,107,29,32,3,0.83,2026-06-13
1561226660553891176,"Boston Landing Studio - Rooftop Deck, Near MBTA",Brighton,42.35678572198306,-71.14274078802951,Entire home/apt,219,30,282,1,0.18,2026-01-04
904496418825292183,"Private bedroom, shared bath, off-street parking L",Dorchester,42.29326606011727,-71.05967807778376,Private room,45,31,224,7,0.20,2025-12-11
24034961,3 Minutes Walk to the Red Line!,Dorchester,42.28816,-71.06655,Private room,45,30,338,0,,
43673971,Back Bay a few blocks from Boston Public Garden,Back Bay,42.35214,-71.07704,Entire home/apt,142,32,314,2,0.03,2026-05-31
52904633,Bright & Spacious Private Room w/ Shared BTH,Brighton,42.36109,-71.14516,Private room,82,30,231,39,0.71,2024-11-06
1689576344385229782,"Boston Landing Luxury Studio, Roof Deck, Near MBTA",Brighton,42.35694368141175,-71.14417874097418,Entire home/apt,243,30,236,0,,
27429577,Secluded Tower Home in Bright Castle,Allston,42.35134,-71.13871,Entire home/apt,125,29,59,267,2.81,2026-04-30
1632085826391869413,Luxury24.7 - Boston Landing - Allston Yards,Allston,42.35396790000001,-71.1388308,Entire home/apt,533,29,364,22,6.35,2026-06-01
1632061384704847964,Luxury21.7 - Boston Landing - Allston Yards,Allston,42.35396790000001,-71.1388308,Entire home/apt,533,29,364,15,4.59,2026-05-26
1329764435043176489,Spacious 2 Bedroom on Hano St Modern & Cozy Stay,Allston,42.35602,-71.13687,Entire home/apt,163,29,36,0,,
1637197490379819666,cozy room 8,Brighton,42.34599732402628,-71.15100626835496,Private room,98,29,357,9,2.87,2026-06-03
54339966,Perfect For Solo Travelers Or Friends!,Bay Village,42.348419189453125,-71.06983947753906,Entire home/apt,227,1,290,115,2.18,2026-05-17
1689579601890357026,Luxury Studio @ Boston Landing w/ Rooftop Lounge,Brighton,42.35476227118293,-71.14274475238193,Entire home/apt,172,30,259,0,,
1329770004680226388,Spacious 3 Bedroom on Hano St Modern & Cozy Stay,Allston,42.35602,-71.13687,Entire home/apt,176,29,36,0,,
2183117,I bdrm in Boston/Allston/Brookline,Allston,42.34995,-71.13427,Entire home/apt,109,30,102,56,0.40,2025-11-02
35001266,"Spacious Two  Bedroom Apartment Allston, MA.",Allston,42.35157,-71.14026,Entire home/apt,138,30,121,152,1.77,2025-07-05
1689586933778914134,Luxury 1-Bed at The Vera | Boston Landing + MBTA,Brighton,42.35503873960206,-71.14412483183445,Entire home/apt,193,30,321,0,,
50677339,Modern 2+ Bd Harvard/BU/BC Boston Landing!,Allston,42.355499267578125,-71.13740539550781,Entire home/apt,294,29,52,6,0.26,2025-04-23
1008752304965918963,Peaceful 3BR Home w/ Park & close to Harvard/BC/BU,Allston,42.35153,-71.14089899999999,Entire home/apt,295,29,115,13,0.46,2026-05-31
26005227,Full Condo In Brownstone: Heart of the South End!,South End,42.34533,-71.07118,Entire home/apt,1111,5,8,46,0.49,2022-05-29
1595285246673300083,"Luxury 2-bed at The Vera – Rooftop Deck, Near MBTA",Brighton,42.3547703113289,-71.14279998734922,Entire home/apt,665,30,217,4,0.93,2026-03-15
27990441,#B104 Boston Private Two twin BR Central AC,Dorchester,42.30753,-71.06446,Private room,62,29,229,29,0.31,2026-01-31
5371051,Beautiful 3 bedroom Dorchester MA,Dorchester,42.31163,-71.06351,Entire home/apt,124,29,228,269,2.09,2025-11-08
50996124,"AL/R2 Private, simple, classic room close to BU/BC",Allston,42.35075,-71.13473,Private room,215,29,269,37,0.62,2023-11-11
16731118,#103 Boston private AC room 可讲国语禁止吸烟,Dorchester,42.30775,-71.0651,Private room,66,29,255,52,0.46,2025-11-29
972322923270523366,AL/R3 Boston's New Room Central Spot,Allston,42.35007174728618,-71.1347417826025,Private room,201,29,359,13,0.39,2024-11-14
628133487809262501,Sunlit Corner Room in Shared Apt Near Everything,Brighton,42.36149,-71.14515,Private room,81,30,357,19,0.39,2026-03-28
40657915,"Private 1 Bdr, 4 minute walk to T near Reservoir",Brighton,42.3386164,-71.1507462,Entire home/apt,88,29,108,1,0.10,2025-08-15
1352318472051674396,109S3.1 | The Strathmore 3 | 2BR 2B w/AC | Room #1,Brighton,42.34006556316642,-71.15040003337937,Private room,121,28,92,0,,
23152798,#105 Entire FL AC  (4 Br 2 both ) 厨具齐全讲国语,Dorchester,42.2972,-71.06197,Entire home/apt,245,29,192,0,,
592271917630758894,Private Room w/ twin Alcove near Charles River,Brighton,42.36014,-71.14429,Private room,159,29,229,10,0.20,2024-12-15
710061218938630826,"Private bedroom, shared bath, off-street parking",Dorchester,42.29267,-71.06143,Private room,59,32,140,11,0.25,2026-02-26
1016049727705272154,Smart Queen Bedr w/ Ensuite Bathr,Dorchester,42.297296271741395,-71.07495618643411,Private room,69,31,205,5,0.18,2026-04-11
18368646,"M&R - Private Bdrm Living Room, Bathroom & Parking",Dorchester,42.29189,-71.0574,Private room,72,29,201,109,0.99,2026-05-05
16447567,#104 Boston 独立房 全楼禁烟AC room,Dorchester,42.3076,-71.06542,Private room,63,29,282,101,0.88,2025-11-30
38311023,#B202 Private Room Near Umass Boston,Dorchester,42.30977,-71.06435,Private room,56,29,162,10,0.17,2026-04-11
14747561,Fair & Cozy Room with Airbed!,Dorchester,42.30426,-71.07147,Private room,48,30,320,15,0.13,2025-11-22
33467259,109S2 | The Strathmore 2 | 3BR 2B w/AC | Bi-Level,Brighton,42.33931,-71.15122,Entire home/apt,254,29,285,9,0.11,2025-12-28
622413306658128240,"1 Bdrm Condo w Parking, near BU BC, St Elizabeth",Allston,42.34868,-71.13847,Entire home/apt,218,29,338,8,0.23,2026-05-03
23947734,Short Walk to T!,Dorchester,42.28787,-71.06662,Private room,57,30,307,0,,
765120412685249786,"Private bedroom, private bath, off-street parking",Dorchester,42.29318,-71.06116,Private room,64,32,229,7,0.19,2025-08-31
1352324156600246137,109S3.2 | The Strathmore 3 | 2BR 2B w/AC | Room #2,Brighton,42.33888,-71.15023,Private room,121,28,322,0,,
1016073168618373294,Chic Queen Bedr Shared Bathroom,Dorchester,42.29909119250435,-71.07462229640532,Private room,57,31,248,4,0.14,2024-11-01
3193484,Quiet Room Near the Red Line!,Dorchester,42.28814,-71.06889,Private room,51,30,343,15,0.12,2025-09-17
21141934,Vibrant and Spacious Room by the Red Line!,Dorchester,42.29097,-71.06516,Private room,51,30,345,11,0.11,2025-06-22
18945347,#B204 New AC & Heating Boston private room,Dorchester,42.30742,-71.06513,Private room,79,30,359,49,0.45,2025-01-06
1269694784915842768,"Full Condo on Top Floor!  3 Queen bed, near MBTA",Dorchester,42.293378,-71.0587616,Entire home/apt,155,29,318,1,0.07,2025-04-07
928349287890222434,Home Away From Home,Dorchester,42.29902921546571,-71.06776620274428,Entire home/apt,225,29,269,3,0.12,2025-07-12
8947232,Just around the corner from the Red Line!,Dorchester,42.28946,-71.06818,Private room,51,30,350,16,0.12,2024-11-03
34548072,Quick Walk to the Red Line!,Dorchester,42.29111,-71.06451,Private room,43,30,294,3,0.07,2025-08-30
17952482,#101 Boston New heating AC room 全樓禁烟讲国语,Dorchester,42.30752,-71.06525,Private room,57,29,237,32,0.29,2023-06-21
23668146,#102 Boston private AC BR 全楼禁烟厨具齐全适長住,Dorchester,42.30949,-71.06576,Private room,61,29,313,45,0.45,2025-07-27
54051307,109S9 | The Strathmore 9 w/AC | 2BR 1B | Private,Brighton,42.3405,-71.15032,Entire home/apt,290,29,361,2,0.06,2024-06-22
914457661179942537,"Deluxe Apartment, New Furniture, In-Unit Laundry",Brighton,42.34851753562866,-71.14247547809995,Entire home/apt,188,29,31,3,0.09,2026-04-04
38215747,109S15 | The Strathmore 15 | 1BR 1B w/AC | Private,Brighton,42.33931,-71.15122,Entire home/apt,177,29,252,15,0.19,2025-09-06
611688607605715191,Home in family friendly area,Brighton,42.33855,-71.14882,Entire home/apt,439,29,263,4,0.10,2025-09-12
1582033121504657268,"2 bed, in unit laundry, Boston College, balcony.",Brighton,42.341209331055985,-71.14331379312392,Entire home/apt,257,30,225,0,,
574763198852585805,Sun-Filled w/ City Views public transportation,Brighton,42.33808,-71.14987,Entire home/apt,159,29,283,8,0.17,2024-03-15
11759332,Pleasant & Lovely Room Near T!,Dorchester,42.28921,-71.06337,Private room,53,30,288,16,0.16,2025-08-09
695571625983663432,Lovely one bedroom Apartment in Boston.,Dorchester,42.2964,-71.05882,Entire home/apt,116,29,102,2,0.04,2022-10-29
10835494,"2-bedrom loft condo near BC, BU & Fenway w/parking",Brighton,42.33786,-71.15137,Entire home/apt,162,29,258,74,0.62,2025-09-01
24032465,Private Room & Great Location by the Red Line!,Dorchester,42.28853,-71.06631,Private room,57,30,322,2,0.02,2018-07-31
21789235,Ideal 3 BDR to stay by the Red Line!,Dorchester,42.29121,-71.06763,Entire home/apt,158,30,352,1,0.02,2021-08-23
23965606,Lovely 4 Bedroom Apartment by the Red Line!,Dorchester,42.28787,-71.06692,Entire home/apt,174,30,348,1,0.02,2021-08-07
9685085,Peaceful Private Bedroom Near T!,Dorchester,42.28885,-71.07005,Private room,45,30,303,28,0.23,2026-04-11
597524520496132156,The Boston Chateau,Dorchester,42.29725,-71.06725,Entire home/apt,434,29,348,2,0.12,2025-11-03
17223845,Right location & Private Room w/ Airbed Near T!,Dorchester,42.30042,-71.06435,Private room,49,30,290,22,0.21,2026-05-22
28014596,#B102 Boston Private room Cantal AC 全楼禁烟,Dorchester,42.30804,-71.06443,Private room,55,29,223,33,0.35,2025-09-19
17222935,Reasonable  Place for your stay near the T Lines!,Dorchester,42.30042,-71.0642,Private room,44,30,134,15,0.14,2026-01-11
21140575,Near the Red & Commuter T lines!,Dorchester,42.30429,-71.07436,Private room,51,30,319,10,0.14,2025-01-03
14600925,Economical & Accessible Room w/ Airbed Near T!,Dorchester,42.30208,-71.07005,Private room,47,30,323,25,0.21,2026-06-13
19918817,#204 Boston private Central AC 禁烟 Female only,Dorchester,42.30754,-71.06525,Private room,50,29,319,39,0.36,2025-12-11
1680893496923548802,Renovated 2-Bed with Private Deck Near Green Line,Brighton,42.34285,-71.15076,Entire home/apt,317,28,167,0,,
17704067,Great Location for your stay!,Dorchester,42.30656,-71.07173,Private room,46,30,304,22,0.20,2026-05-25
17907229,Great 3 Bdr apartment with Airbeds!,Dorchester,42.30133,-71.0648,Entire home/apt,145,30,334,1,0.04,2024-07-31
51375228,"""Super 3 Bedroom Apartment Near T W/ Free Parking""",Dorchester,42.30393,-71.07488,Entire home/apt,150,30,345,0,,
38301053,#B203 private AC full size bed 全楼禁烟Boston,Dorchester,42.30781,-71.0653,Private room,58,29,119,10,0.13,2025-05-02
11376403,Spacious & Great Private Room Near T!,Dorchester,42.30372,-71.07226,Private room,47,30,317,22,0.18,2026-04-08
32102560,#B101 Boston New Central  AC queen bed 全楼禁烟 厨具齐备,Dorchester,42.30956,-71.06524,Private room,105,29,223,30,0.34,2025-11-30
12103501,Inexpensive & Clean Private Bedroom!,Dorchester,42.30586,-71.07225,Private room,46,30,296,24,0.20,2025-11-04
1639377619379726186,Comfy quaint room. Good for a couple or friends,Dorchester,42.303345418449474,-71.0639563067546,Private room,757,29,364,0,,
1639381708138260332,"Comfy room, Great lighting nice space",Dorchester,42.30200734111099,-71.06393218976862,Private room,849,29,364,0,,
9685076,Workable & Inexpensive Room Near the 2 T lines!,Dorchester,42.30489,-71.07071,Private room,47,30,308,24,0.19,2025-07-11
20269422,"#205 Boston Private Room 双床 ( females, or couple)",Dorchester,42.3077,-71.06489,Private room,65,32,125,43,0.40,2025-10-31
17849739,Suitable & Convenient Private Bedroom Near T!,Dorchester,42.28964,-71.06607,Private room,50,30,351,14,0.14,2025-06-22
1304605265242208963,"11' NEU, 15-25'Longwood, 4'OrangeLine, 15'Downtown",Jamaica Plain,42.31539,-71.10669,Private room,49,29,185,3,0.37,2026-04-30
19373388,Classic New England apartment on MBTA Red line,Dorchester,42.29031,-71.06681,Entire home/apt,139,29,130,125,1.14,2026-06-03
1236497599646948974,"X12, Near Harvard Medical/Longwood Hospitals",Mission Hill,42.33222742897316,-71.10904741343097,Private room,63,29,156,5,0.24,2026-05-31
30268517,#B201 smaller private Boston,Dorchester,42.30724,-71.06438,Private room,63,29,335,16,0.18,2025-10-11
1510566090607598670,Luxury Studio @ Boston Landing w/ Rooftop Lounge,Brighton,42.35692,-71.14448,Entire home/apt,173,2,261,9,1.91,2026-05-16
28054656,#B103 Boston Private room Central AC 全楼禁烟,Dorchester,42.29726,-71.06236,Private room,61,29,214,27,0.29,2025-09-30
1081687195029750355,"Blueground | Brighton, gym & w/d, on the river",Brighton,42.359921,-71.149558,Entire home/apt,,30,311,0,,
1408089499940600402,Private Room / Boston Center,Allston,42.35082,-71.13449,Private room,137,29,365,1,0.08,2025-06-01
1081686756264914083,"Blueground | Brighton, gym & w/d, on the river",Brighton,42.359921,-71.149558,Entire home/apt,,30,159,1,0.04,2024-05-29
1351701407610019441,Extended stay. Quiet. Spacious,Jamaica Plain,42.317606442494835,-71.10613024706043,Entire home/apt,174,29,295,0,,
731257486642956305,"Sunshine, Laundry-in-unit, Designated work area",Jamaica Plain,42.3167812,-71.1068123,Entire home/apt,183,29,110,7,0.18,2026-03-21
19885281,#203 Boston Female only Queen Bed全楼 禁烟,Dorchester,42.3075,-71.06533,Private room,65,29,355,46,0.43,2026-02-14
1597224681241111200,Bright Back Bay Gem | Roof Deck Views,Back Bay,42.35208,-71.08045,Entire home/apt,152,29,70,1,0.73,2026-05-07
1672668820590984925,Back Bay Newbury St | Steps to Shops & Dining 2M,Back Bay,42.34941901369,-71.08378490244672,Entire home/apt,289,29,342,1,0.91,2026-05-15
1352362154592168068,109S2.3 | The Strathmore 2 | 3BR 2B w/AC | Room #3,Brighton,42.34046345192901,-71.15041063901216,Private room,113,28,285,0,,
1506921400208660550,Luxury 1-Bed at The Vera | Boston Landing + MBTA,Brighton,42.35692,-71.14385,Entire home/apt,500,1,321,6,0.73,2026-06-09
1663806928529036702,Boston Apartment,Jamaica Plain,42.3186912,-71.1114815,Entire home/apt,266,14,286,0,,
77691,Private room in Victorian house,Dorchester,42.29871,-71.05954,Private room,55,29,121,304,1.63,2025-01-10
1253680161228943674,"Free Parking at 1 Bed Basement Apt, Near BU & MIT",Fenway,42.34939570407056,-71.09571994275538,Entire home/apt,289,29,199,29,1.39,2025-12-13
47355090,IV New apartment with Luxury amenities in Boston,Dorchester,42.305282560949806,-71.06119774985596,Entire home/apt,178,30,341,84,1.32,2024-08-10
1150977939911878100,Brownstone Oversized Furnished Studio in Back Bay,Back Bay,42.35145301197261,-71.08240416314436,Entire home/apt,193,30,215,1,0.04,2024-06-17
17927755,Master Bedroom/Private Bathroom/Mission Hill/JP,Mission Hill,42.32938,-71.11024,Private room,90,29,265,87,0.78,2026-02-07
51274775,"Blueground | Brighton, gym, nr t, shops & food",Brighton,42.34777380000001,-71.1460998,Entire home/apt,,30,290,0,,
872334269004776154,"1 bed/kitchen, 7 minutes to T",Dorchester,42.31936111146322,-71.0576935235636,Entire home/apt,133,31,320,5,0.13,2025-12-20
5048406,3rd floor room in Victorian House,Dorchester,42.31124,-71.06551,Private room,65,29,344,41,0.30,2023-06-18
205894,Large bedroom in Victorian House/Room D,Dorchester,42.29871,-71.05954,Private room,72,28,254,217,1.21,2024-10-08
1084914743229082161,Classic Boston Home | near T,Dorchester,42.3172247,-71.0598285,Entire home/apt,977,30,344,9,0.32,2025-06-28
13830152,Room w/fast wifi-next to T stop 10 min to downtown,Charlestown,42.38199,-71.07675,Private room,61,29,244,43,0.36,2026-04-10
690101762087547698,AL/R4 Spacious & Sunny Room in Best Boston area!,Allston,42.35147,-71.13247,Private room,191,29,253,65,1.41,2026-04-30
837439944560637250,"Blueground | Fenway, roof & gym, nr fenway park",Fenway,42.3475057,-71.1010258,Entire home/apt,,30,334,2,0.06,2024-06-28
913145507585334187,"Spacious, New Renovation | Near T",Dorchester,42.3172101,-71.0598517,Entire home/apt,653,30,298,25,0.87,2025-11-03
892869396253416584,"Homey 2BR, In-Unit Laundry, Steps to Boston Center",Brighton,42.34677,-71.14316,Entire home/apt,160,29,46,6,0.17,2026-03-21
1390520896623579805,"Blueground | Seaport, gym & w/d, nr restaurants",South Boston Waterfront,42.3490612,-71.04471360000002,Entire home/apt,,30,221,0,,
44776954,"Blueground | Seaport, gym, pool, & doorman",South Boston Waterfront,42.34906,-71.04471,Entire home/apt,,30,333,0,,
763010832921670696,Chic Apt Seaport,South Boston Waterfront,42.34988,-71.04433,Entire home/apt,283,29,166,1,0.03,2023-12-05
1267303097859346005,The Sumner Redline ~ Bedroom #1 | w/AC & W/D,Dorchester,42.31906,-71.06312,Private room,128,29,340,2,0.21,2026-05-31
1299195201712015668,"Blueground | Downtown, gym & w/d, nr harbor",Downtown,42.3589214,-71.0541634,Entire home/apt,,30,361,0,,
1237925267033311662,5BR 3Bth | Redline Subway Access,South Boston,42.32922041712783,-71.05708766039173,Entire home/apt,974,29,364,0,,
561769,The Sky View Redline ~ Pvt Apt | 3BR 1BA w/AC & WD,Dorchester,42.31371,-71.06126,Entire home/apt,270,29,319,67,0.40,2024-02-27
48806121,The Mayhew Redline ~ Bedroom #2 | 3BR 1B w/AC & WD,Dorchester,42.32096,-71.0604,Private room,106,29,308,6,0.10,2025-08-04
41876953,The Roseclair Redline ~ Bedroom #1 | w/AC & W/D,Dorchester,42.32093,-71.05982,Private room,121,29,319,8,0.11,2024-08-24
1462168233941212177,"Blueground | St. Elizabeth's, balcony, nr park",Brighton,42.346069,-71.145748,Entire home/apt,,30,346,0,,
940287599154412651,"Blueground | Brighton, gym, nr groceries & shops",Brighton,42.346069,-71.145748,Entire home/apt,,30,289,0,,
40439006,Bright Spacious Apt w/ Free On Street Parking,Dorchester,42.29144,-71.0664,Entire home/apt,141,29,288,15,0.20,2025-12-20
1466822480796357390,High End Apt Seaport with Pool,South Boston Waterfront,42.3498534,-71.0443746,Entire home/apt,279,30,311,0,,
1135638699692400030,One Bed in Boston High-Rise Building,South Boston Waterfront,42.353986230499544,-71.04690530507646,Entire home/apt,291,32,302,0,,
1495783791211673510,Spacious Apt with Kitchen in Fenway,Fenway,42.34291,-71.09904,Entire home/apt,466,30,258,0,,
1145762023687319244,Stylish Boston Room Perfect for Culture Enjoyers,Bay Village,42.35042,-71.06731,Hotel room,665,1,345,1,0.08,2025-06-22
1145767530075501492,Chic Hotel with Skyline Views! King Bed w/ Balcony,Bay Village,42.35042,-71.06731,Hotel room,494,1,248,3,0.78,2026-04-10
1145753553376715744,2 Stylish Boutique Rooms w/ Rooftop Bar Access,Bay Village,42.35042,-71.06731,Hotel room,1330,1,351,0,,
1462379514764514021,Elite Escapes | Boston Common. Fitness Center,Back Bay,42.35355,-71.07159,Private room,1404,1,166,0,,
1145749055420702928,Downtown Boston Stay: Walk to Prime Attractions,Bay Village,42.35042,-71.06731,Hotel room,800,1,354,0,,
1145755822770851603,4 Back Bay View Units | Revere Hotel |Pet-Friendly,Bay Village,42.35042,-71.06731,Hotel room,2660,1,348,0,,
1145766380640568578,4 Superior Pet-Friendly Stay | Revere Hotel,Bay Village,42.35042,-71.06731,Hotel room,2624,1,326,0,,
1145765015983446489,3 Superior 2 Queens | Revere Hotel | Downtown,Bay Village,42.35042,-71.06731,Hotel room,1968,1,327,0,,
1145753293926550841,2 Back Bay View Rooms |Revere Hotel | Pet-Friendly,Bay Village,42.35042,-71.06731,Hotel room,1330,1,351,3,0.12,2025-07-21
1145759473343417125,3 Urban Lofts Near Fenway Park - 2.3 miles,Bay Village,42.35042,-71.06731,Hotel room,1995,1,351,0,,
1116001674858450357,Studio close to medical center/T,Dorchester,42.32123082518254,-71.05774389947783,Entire home/apt,111,29,364,2,0.08,2025-08-14
1704571806438001194,Prime 4BR | Boston Common & Theater District,Bay Village,42.3496827,-71.06765659999999,Entire home/apt,574,2,99,0,,
1145756854718157687,Modern Boston Stay w/ Authentic New England Dining,Bay Village,42.35042,-71.06731,Hotel room,665,1,314,0,,
1305849801662465272,Brand new fully furnished studio,South End,42.344031560047576,-71.0740655424884,Entire home/apt,155,29,212,2,0.18,2025-10-26
50074883,Historic Downtown Room Near Public Transports,Downtown,42.35109,-71.06981,Private room,402,1,213,0,,
1505897541321979279,Heart of South End • Cozy 1BR Close to All,South End,42.3453703,-71.0744632,Entire home/apt,133,29,241,2,0.26,2026-05-03
1145765321567553804,3 Sleek Condos Near Freedom Trail – 2.5 Miles Away,Bay Village,42.35042,-71.06731,Hotel room,1968,1,327,1,0.06,2025-03-02
1145756656258071731,Deluxe King Bay View | Revere Hotel | Pets OK,Bay Village,42.35042,-71.06731,Hotel room,665,1,314,0,,
1503725199977234886,Downtown Boston Famous Nightlife Central Location,Downtown,42.35126,-71.06355,Entire home/apt,173,1,228,6,1.01,2026-03-29
1210102578043484857,Come Visit Boston and Stay In Our Homey Studio,Downtown,42.3550474,-71.0622106,Entire home/apt,231,1,250,13,0.58,2026-05-20
1679844537573791759,Walk to Boston Common: 3BR Townhome w/ Parking,Downtown,42.35029369689481,-71.06532271245703,Entire home/apt,924,2,94,1,1,2026-05-20
7713815,Ideal Location Near TD Garden and MGH #2,Beacon Hill,42.36017,-71.06346,Entire home/apt,358,1,294,265,2.21,2026-06-10
611884310638250746,Studio in the Heart of Boston!,Downtown,42.355045318603516,-71.06221008300781,Entire home/apt,289,1,237,149,3.07,2026-06-01
7832890,Bright Beacon Hill Rental Close to MGH/TD Garden#7,Beacon Hill,42.36017,-71.06346,Entire home/apt,286,1,248,401,3.28,2026-06-12
45543382,Pet Friendly | Downtown Boston | With W/D,Downtown,42.355235397569416,-71.06091070350858,Entire home/apt,316,1,49,280,4.04,2026-05-18
1505848494449497819,Beacon Hill Nights,Beacon Hill,42.3597441,-71.06426789999999,Entire home/apt,561,1,329,23,2.53,2026-05-21
47374576,Bright + Clean Studio Loft in Downtown Boston!,Downtown,42.35522,-71.05798,Entire home/apt,252,1,154,229,3.59,2026-05-22
1210101379338879422,Studio Ready 4 Students & Traveling Professionals,Downtown,42.355056736770834,-71.06221200170934,Private room,227,1,278,8,0.36,2025-11-16
8732121,Ideal Rental by MGH & TD Garden – Beacon Hill #10,Beacon Hill,42.36017,-71.06346,Entire home/apt,286,1,332,325,2.52,2026-05-22
46983441,4bed Loft | Steps to Boston Common + Beacon Hill,Downtown,42.35575107251281,-71.06242661829393,Entire home/apt,576,1,37,318,4.76,2026-05-25
47408663,Studio walking distance to MGH and Tufts Medical,Downtown,42.35426,-71.0598,Entire home/apt,262,1,179,223,3.46,2026-05-15
1693133639367776139,Theatre District.5 Bost. Common. DownTown.54.8,Downtown,42.352219,-71.06393729999999,Entire home/apt,416,1,356,2,2,2026-06-08
1392997071676445196,1BR apt in Downtown Boston 1459,Downtown,42.35127,-71.0643,Entire home/apt,234,1,342,43,2.98,2026-05-23
1387704808376208039,1BR with a view in Boston 8803,Downtown,42.352066632834294,-71.06526229138109,Entire home/apt,288,1,353,116,8.37,2026-06-08
51595864,Best Location Studio In Downtown Boston,Downtown,42.355056736770834,-71.06221200170934,Entire home/apt,246,1,259,127,2.32,2026-05-10
1393751543041116558,Beautiful 2BR in Boston Theatre District 5146,Downtown,42.35141,-71.06459,Entire home/apt,281,1,353,137,9.49,2026-06-06
47384885,Downtown Luxury Studio | Pets Welcome | WD in Bldg,Downtown,42.35569,-71.06002,Entire home/apt,322,1,99,199,3.22,2026-05-04
7514336,Convenient Beacon Hill Location Near TD Garden #11,Beacon Hill,42.36017,-71.06346,Entire home/apt,284,1,339,208,1.71,2026-06-11
1168848022411382766,Convenient Beacon Hill Rental by MGH & TD Garden#5,Beacon Hill,42.360458438448234,-71.06439709495504,Entire home/apt,286,1,335,108,4.35,2026-06-11
47374978,Boston Fidi Studio  Laundry in Building  Fast Wifi,Downtown,42.35596,-71.05992,Entire home/apt,287,1,106,309,4.70,2026-05-29
7514024,"Beacon Hill Gem, Close to TD Garden & MGH – #14",Beacon Hill,42.36017,-71.06346,Entire home/apt,358,1,296,242,2.16,2026-04-09
1398672395640409895,Studio in Theatre District 5930,Downtown,42.35116322983185,-71.0649843559197,Entire home/apt,280,1,350,46,3.33,2026-05-31
45493951,Luxury Furnished Loft near Park Street Station,Downtown,42.35514,-71.06191,Entire home/apt,623,1,59,328,4.73,2026-05-15
48809197,Perfect Location | Boston Common | Park St Station,Downtown,42.35731,-71.0624,Entire home/apt,338,1,38,348,5.51,2026-05-31
1503779299944362866,Beacon Hill Charm,Beacon Hill,42.3597441,-71.06426789999999,Entire home/apt,433,1,358,19,2.18,2026-06-04
19982161,"Cozy, Bright Studio in Back Bay/South End",Back Bay,42.34728,-71.07585,Entire home/apt,142,29,102,30,0.28,2025-09-01
13378923,Montgomery Place - Studio (Room 6),South End,42.34347,-71.07368,Entire home/apt,200,29,186,178,1.48,2026-05-02
13494185,Montgomery Place - Parlor Room (Room 2),South End,42.34382,-71.07368,Entire home/apt,154,29,43,186,1.54,2026-05-31
1462377865929495468,Classic Charm | Public Garden. Fitness Center,Back Bay,42.35169,-71.07195,Private room,1235,1,168,27,2.53,2026-05-25
3969526,"Sensational South End - no stairs, 2BR, w/d, walk!",South End,42.33765,-71.07434,Entire home/apt,220,29,45,366,2.56,2026-05-05
1680541741257262976,Newbury St Back Bay Condo Prudential Fast WiFi 1M,Back Bay,42.3494765,-71.08383049999999,Entire home/apt,326,29,342,0,,
1097829123363052224,"Perfect, Family Seaport 2BR w. Harbour Views",South Boston Waterfront,42.3513076,-71.0431838,Entire home/apt,701,30,52,1,0.04,2024-05-06
1666689436255131729,"Private Room near Harvard, HBS & MIT",Allston,42.36155739421822,-71.12494319071035,Private room,67,29,121,0,,
1663908878790081197,"Modern Lux Seaport Convention center, 2BR 2BA APT",South Boston Waterfront,42.34985,-71.04535,Entire home/apt,561,29,92,0,,
1426970555747653492,Luxury Apt with Gym In Seaport,South Boston Waterfront,42.35276,-71.04651,Entire home/apt,608,10,307,0,,
828888465289215959,Private cozy bedroom in Boston.,Dorchester,42.30271148580186,-71.06850565262005,Private room,48,30,156,2,0.05,2023-05-14
970255424387491666,"Ideal Location by Fenway, Berklee & Shopping, #404",Fenway,42.33935,-71.09415,Entire home/apt,198,1,325,64,1.95,2026-05-22
15559436,"Charming and sunny 1 Bed Apt. - Allston, Boston",Allston,42.35674547117662,-71.12985878844387,Entire home/apt,122,29,227,401,3.51,2022-12-02
1563249647190491385,(C11) Fenway Back Bay Bright Studio!,Back Bay,42.34899,-71.09068,Entire home/apt,298,1,262,11,1.79,2026-05-31
1228193149412038243,Symphony Suites #4 | Back Bay & Fenway,Fenway,42.344471621496574,-71.08878461045073,Entire home/apt,413,1,147,48,2.38,2026-05-31
30740992,"Charming Studio (Fenway, Back Bay, Symphony)",Fenway,42.34129,-71.08766,Entire home/apt,283,2,106,187,2.09,2026-06-01
981176309557245367,Cozy 1BDR Close to Fenway!,Fenway,42.34932333395925,-71.09343258651612,Entire home/apt,279,1,238,96,2.93,2026-05-29
1420359610385477005,(3-31) Gorgeous newly renovated Back Bay Getaway!,Fenway,42.34744,-71.09072,Entire home/apt,450,1,273,45,3.57,2026-06-06
765269116404294925,Symphony Suites #1 | Back Bay & Fenway,Fenway,42.34450252864977,-71.08865586441802,Entire home/apt,394,1,161,30,1.41,2026-03-29
20785742,Symphony Place,Fenway,42.34132,-71.08615,Entire home/apt,411,1,100,463,4.34,2026-06-15
1024031166284164679,(3-1) Charming Budget Friendly Back Bay Studio!,Fenway,42.34782620453606,-71.09042789612064,Entire home/apt,247,1,249,89,2.83,2026-05-21
1431252437695347658,Luxury 4BR | 2.5BA Back Bay Duplex,Back Bay,42.34920745378893,-71.09054871759881,Entire home/apt,1223,2,241,17,1.50,2026-05-31
970256334776552942,Stay in the Heart of Fenway & Berklee,Fenway,42.34681494729365,-71.09053291074052,Entire home/apt,317,1,353,658,19.94,2026-06-12
548433540428028477,Thatch™ Newbury Street | One-Bedroom Apt. #6,Back Bay,42.34786,-71.08623,Entire home/apt,546,1,111,52,1.03,2026-04-21
12672097,Boston Brownstone,Fenway,42.34626,-71.09049,Entire home/apt,467,1,37,353,3.23,2026-05-26
48093039,"Luxury 2 Bed, 2Bath apartment in Back Bay/Fenway!",Fenway,42.34882420341916,-71.09481479655527,Entire home/apt,597,1,135,316,4.94,2026-05-24
1513118314855183987,Seaport Apt with City Views and Pool,South Boston Waterfront,42.3498534,-71.0443746,Entire home/apt,362,30,263,0,,
1513117944504873553,Apt In Downtown Seaport with Pool and Gym,South Boston Waterfront,42.3498534,-71.0443746,Entire home/apt,341,30,296,0,,
1420227067297491316,"Blueground | FiDi , view, nr Boston Harbor",Downtown,42.3589214,-71.0541634,Entire home/apt,,30,313,0,,
1426971791901508744,Apt Downtown Seaport with Access to Terrace,South Boston Waterfront,42.3527874,-71.0464795,Entire home/apt,242,30,236,0,,
1517410646244176669,"Blueground | Seaport, pool, nr Boston Harbor",South Boston Waterfront,42.35144,-71.043151,Entire home/apt,,30,311,0,,
1513117055347636795,Modern Apt with City Views and Gym,South Boston Waterfront,42.3498534,-71.0443746,Entire home/apt,311,30,323,0,,
47425133,Classic furnished 1BR in Fenway in Brownstone Bldg,Fenway,42.34742,-71.09253,Entire home/apt,441,1,90,136,2.20,2026-04-28
1420393502008465643,"(41A) Direct Access, Private Studio in Beacon Hill",Beacon Hill,42.36068,-71.06966,Entire home/apt,278,1,230,51,4.07,2026-05-24
1461567374453455839,Steps from Fenway Park + Free Breakfast & Pool,Downtown,42.35113,-71.06941,Private room,375,1,128,241,21.91,2026-06-11
970254250921550781,"Prime Location by Berklee College & Fenway, #304",Fenway,42.34159093155845,-71.09413088507534,Entire home/apt,336,1,305,115,3.50,2026-05-24
1103032447847052522,Historic Mayor's Mansion #2,Beacon Hill,42.35846,-71.07213,Private room,194,1,224,224,8.11,2026-06-01
32592761,Stunning BOSTON BROWNSTONE by interior designer,Fenway,42.34918,-71.093,Entire home/apt,303,29,268,14,0.17,2025-11-01
1228186881929324147,Symphony Suites #2 | Back Bay & Fenway,Fenway,42.344492334958915,-71.08887580555724,Entire home/apt,463,1,155,25,1.21,2026-04-05
45531129,Stunning 1 Bedroom in Luxury High Rise with Views,Fenway,42.34481,-71.08792,Entire home/apt,265,32,359,0,,
1043730588496147940,Charming and Historic Apartment,Beacon Hill,42.359827,-71.069176,Entire home/apt,402,1,199,141,5.11,2026-05-29
1462368140919848706,Timeless Stay | Freedom Trail. Fitness Center,Back Bay,42.35169,-71.07082,Private room,749,1,173,137,12.42,2026-06-11
1685683869560056092,C8 Luxury 4 Bed/3.5 Bath in Fenway with Roofdeck!,Fenway,42.34788,-71.09445,Entire home/apt,1006,1,72,1,1,2026-06-01
7527149,Stunning Beacon Hill Boston Townhouse Apartment,Beacon Hill,42.35623,-71.07023,Entire home/apt,1170,1,150,193,1.46,2026-06-06
918851329209115573,Modern 1BRs steps from Boston Common + South End,Downtown,42.351110332172645,-71.06699304116705,Entire home/apt,254,1,190,127,3.52,2026-04-21
15148487,BEAUTIFUL BEACON HILL 2 BEDROOM!,Beacon Hill,42.3575,-71.07138,Entire home/apt,555,1,226,528,4.48,2026-05-30
1035614722596471076,Brand New 1 BR | 1 BA on Charles St,Beacon Hill,42.35862,-71.0707,Entire home/apt,517,3,244,62,2.12,2026-05-29
1569571244622223072,"Beacon Hill MGH Close to Acorn St, Outdoor space*",Beacon Hill,42.35831565404338,-71.07097444327948,Entire home/apt,333,1,228,20,3.17,2026-05-15
51143720,"(63-2) 2BR in Beacon Hill MGH, Children's, Suffolk",Beacon Hill,42.3597,-71.06796,Entire home/apt,533,1,94,123,2.15,2026-06-06
831005655020855662,Studio in Heart of Beacon Hill (Downtown Boston),Beacon Hill,42.359362,-71.0682975,Entire home/apt,374,2,279,29,1.41,2026-05-30
35185474,Stay safe in the heart of Beacon Hill in Boston.,Beacon Hill,42.35844,-71.06763,Entire home/apt,409,1,161,182,2.13,2026-05-23
1673823540897598070,"Your Back Bay HQ: Steps to Pru, Fenway & Newbury!",Fenway,42.34481,-71.0884,Entire home/apt,441,1,75,0,,
970253834535686815,"Steps from Fenway Park, Berklee & Newbury, #301",Fenway,42.34534,-71.09138,Entire home/apt,285,1,249,99,3.04,2026-06-07
970253359117204846,"Perfect Base Near Fenway & Berklee College, #206",Fenway,42.34675,-71.09135,Entire home/apt,323,1,315,86,2.65,2026-06-07
594799813398624561,"Blueground | Symphony, doorman & biz center",Fenway,42.34518,-71.08706,Entire home/apt,,30,256,1,0.02,2022-08-13
828431379798940279,Stunning Back Bay | 1Br / 1Bth,Back Bay,42.34844,-71.08605,Entire home/apt,299,1,108,119,2.98,2026-05-31
985434237035903198,"Walk to Berklee, Fenway & Newbury St",Fenway,42.34658,-71.08952,Entire home/apt,254,1,352,334,10.11,2026-06-06
53124490,"(N3R) Clean and Comfortable Studio, Top Location!",Back Bay,42.34896,-71.08641,Entire home/apt,519,1,226,268,4.83,2026-05-31
1130744115505846334,2 Bedroom Unit w/ Elevator & In-Unit Laundry,Roxbury,42.337246872820245,-71.08557851758722,Entire home/apt,304,30,285,17,0.67,2026-01-18
45531118,Beautiful Two Bedroom near Prudential Center,Fenway,42.34435,-71.08762,Entire home/apt,348,32,295,0,,
991224498169799601,Prime Location by Fenway & Berklee College,Fenway,42.34623680055352,-71.09133845270514,Entire home/apt,227,1,344,117,3.60,2026-06-06
968895944857297752,"Ideal Spot Near Fenway & Berklee College, Ground L",Fenway,42.33964,-71.0938,Entire home/apt,323,1,331,103,3.17,2026-06-11
970253656712625913,"In the Center of Fenway, Berklee & Newbury, #209",Fenway,42.33963722877396,-71.09398343821611,Entire home/apt,224,1,347,81,2.46,2026-05-22
970255334813267456,"Fenway Park & Berklee College Just Steps Away, #40",Fenway,42.33947,-71.09381,Entire home/apt,214,1,344,26,0.79,2026-05-02
48713521,Beautiful 1BR near Fenway Park + Kenmore!,Fenway,42.3493129120797,-71.09268140663436,Entire home/apt,353,1,114,217,3.43,2026-04-10
970253404738966318,"Walk to Fenway, Berklee College & More, #207",Fenway,42.34484487859594,-71.0906269950402,Entire home/apt,323,1,342,65,1.98,2026-06-11
1045997580495005942,"Just Steps to Fenway Park & Berklee College, #107",Fenway,42.344775060259394,-71.0897079080066,Entire home/apt,192,1,326,134,4.48,2026-05-31
970254959601719331,"Steps from Fenway Park, Berklee & Newbury, #401",Fenway,42.34659,-71.0892,Entire home/apt,233,1,251,107,3.25,2026-05-27
970253349165956159,"Central to Fenway, Berklee & Newbury St, #204",Fenway,42.34007,-71.09347,Entire home/apt,302,1,357,48,1.59,2026-05-21
968896521543854465,"Central Location by Fenway & Berklee College, Grou",Fenway,42.33951673701451,-71.09350181962292,Entire home/apt,220,1,321,63,1.95,2026-05-24
1228196988693698602,Symphony Suites #5 | Back Bay & Fenway,Fenway,42.34453028283857,-71.08880070370482,Entire home/apt,437,1,129,29,1.45,2026-06-01
970254498756780127,"Walk to Fenway, Berklee & Iconic Boston Spots, #30",Fenway,42.341708921510254,-71.09485568035703,Entire home/apt,259,1,324,31,0.94,2026-04-20
1228191469933322691,Symphony Suites #3 | Back Bay & Fenway,Fenway,42.344538212604576,-71.08875778836058,Entire home/apt,414,1,154,21,0.99,2026-05-30
970252331842180905,Boston Getaway: Steps to Fenway & Top Sights #103,Fenway,42.33969,-71.09415,Entire home/apt,220,1,316,47,1.42,2026-06-08
970256340308687936,"Stay Near Berklee College, Fenway & Newbury, #402",Fenway,42.34167,-71.09485,Entire home/apt,269,1,318,51,1.56,2026-05-23
828424408884495054,Wonderful Newbury 1 Bedroom!,Back Bay,42.34870643018961,-71.08644605772977,Entire home/apt,474,1,247,73,1.82,2026-05-29
666718114959412512,Lovely Fenway 1br | New to Airbnb!,Fenway,42.34782782682846,-71.09417717227724,Entire home/apt,270,1,248,190,3.97,2026-05-01
828416110846192220,Centrally Located Back Bay 1Br!,Back Bay,42.34819947769173,-71.08644007542718,Entire home/apt,431,1,215,100,2.57,2026-05-26
968898839815162155,"Walk to Berklee College & Fenway Park, #202",Fenway,42.3405182,-71.0945877,Entire home/apt,602,1,326,39,1.19,2026-02-01
828386525464240771,Beautiful Newbury St. 1Br,Back Bay,42.3486,-71.08625,Entire home/apt,299,1,259,103,3.28,2026-06-01
970255487139401897,"Live by Fenway Park & Berklee College, #405",Fenway,42.33941039268015,-71.09387939893679,Entire home/apt,323,1,353,38,1.19,2026-05-27
1108589051665649031,The Bellevue Haven,Downtown,42.35848,-71.06209,Entire home/apt,40,91,187,0,,
1534844486794581791,Charming Beacon Hill 2brm/1.5bath,Beacon Hill,42.36088,-71.06968,Entire home/apt,529,1,300,19,2.57,2026-06-01
1461574612056907090,Steps from MGM Music Hall + Free Breakfast & Pool,Downtown,42.35143,-71.06869,Private room,257,1,131,40,4.38,2026-06-08
761463490529718145,"(63-3) Beacon Hill, Location! near MGH &T station!",Beacon Hill,42.35931,-71.06947,Entire home/apt,401,1,98,96,2.22,2026-05-21
1069761491047844142,Historic Mayor’s Mansion #1,Beacon Hill,42.358874,-71.07106379999999,Private room,212,1,223,191,6.91,2026-05-29
1461573175842836992,Walk to Fenway Park with Free Breakfast & Pool,Beacon Hill,42.35284,-71.06835,Private room,375,1,93,248,24.16,2026-06-14
1022712051180408897,"(MGH7-2) Public Gardens, Hospitals, Dining, Shops!",Beacon Hill,42.36074191274217,-71.06712585168069,Entire home/apt,437,1,149,64,2.45,2026-06-07
50730611,Airy 1BR Walkable to Everywhere in Boston | W+D,Bay Village,42.34971,-71.06718,Entire home/apt,341,1,258,207,3.45,2026-05-28
1462373893574404767,Luxuriant Stay | Freedom Trail. Library,Back Bay,42.3518,-71.07141,Private room,678,1,167,14,1.74,2026-05-30
703775139748348565,Condo in downtown Boston,Bay Village,42.34982,-71.06879,Entire home/apt,728,1,211,159,3.50,2026-05-31
554943232446067139,"Beacon Hill, J. Miller Flats - 1 Bedroom Flat #2",Beacon Hill,42.358532,-71.070816,Entire home/apt,402,1,87,108,2.38,2026-06-07
554364781966575409,"Beacon Hill, J. Miller Flats - Studio Flat #5",Beacon Hill,42.35925,-71.07145,Entire home/apt,405,1,159,70,1.38,2026-05-29
1705078163275113449,Top-Floor 3BR | Walk to Boston Common,Bay Village,42.3496827,-71.06765659999999,Entire home/apt,1124,2,98,0,,
32764882,Beautiful Beacon Hill Home - Amazing Location!,Beacon Hill,42.3607,-71.06916,Entire home/apt,508,1,296,282,3.18,2026-05-25
1145761904038519806,"Deluxe King City View, Revere Hotel, Rooftop Bar",Bay Village,42.35042,-71.06731,Hotel room,665,1,345,7,1.71,2026-06-07
35161089,Gorgeous Beacon Hill 1BR | 1BA,Beacon Hill,42.35784,-71.0712,Entire home/apt,531,1,231,362,4.24,2026-05-22
1632868074461888946,"2BR -North End, Little Italy | Walk to TD Garden",North End,42.36639656206529,-71.05730393572082,Entire home/apt,206,29,184,1,1,2026-05-23
803367130300649396,"Blueground | N Station, w/d & gym, nr td garden",Downtown,42.365947,-71.063473,Entire home/apt,329,30,365,1,0.10,2025-08-31
30981268,"BACK BAY walk to Berklee, Northeastern, Newbury St",Fenway,42.34622,-71.0904,Entire home/apt,155,29,311,3,0.03,2021-06-14
12269155,Boston Apartment (North End),Downtown,42.36332,-71.05897,Entire home/apt,142,29,306,405,3.27,2024-10-01
927504954586144067,Cozy & Modern 1 BDR | Fenway within minutes!,Fenway,42.34751,-71.09374,Entire home/apt,232,29,240,6,0.17,2026-03-04
1462375040620365120,Timeless Journey | Public Garden. Fitness Center,Back Bay,42.35365,-71.07208,Private room,587,1,93,25,2.37,2026-06-09
1375662640245506811,"Classically Elegant, Quiet Beacon Hill Penthouse",Beacon Hill,42.35772,-71.07109,Entire home/apt,1040,1,203,28,1.89,2026-05-04
1658895095513751452,Renovated 2BR | 1.5BA on Charles St,Beacon Hill,42.360872648120726,-71.07072195075777,Entire home/apt,1246,4,237,4,2.11,2026-05-31
909639754097586151,"Spacious, Sun-filled Brownstone in Heart of Boston",Bay Village,42.3498155,-71.068324,Entire home/apt,1339,1,273,127,3.51,2026-06-05
1462375944026987206,Iconic Experience | Aquarium. Library,Downtown,42.35199,-71.07016,Private room,982,1,168,10,1.04,2026-05-18
555701180743803386,"Beacon Hill, J. Miller Flats- 1 Bedroom Flat #8",Beacon Hill,42.358532,-71.070816,Entire home/apt,460,1,162,61,1.24,2026-06-13
36558814,"The Whitney Boston, Classic Double Queen",West End,42.36146,-71.07193,Private room,949,1,317,1,0.29,2026-03-07
1462368981465541902,Timeless Emblem | Boston Common. Fitness Center,Back Bay,42.35206,-71.07198,Private room,666,1,163,23,2.37,2026-04-24
1145758585727918138,2 Pet-Friendly Rooms in Boston Perfect for Groups,Bay Village,42.35042,-71.06731,Hotel room,1330,1,351,1,0.94,2026-05-16
1618649998622846225,"Large single room. Clean, conveniently located.",Dorchester,42.28428,-71.07,Private room,28,91,365,0,,
45680010,"Blueground | Symphony, doorman, nr t stop & mfa",Fenway,42.34518,-71.08706,Entire home/apt,,30,326,1,0.03,2023-05-07
1437094411449057729,One-bedroom apartment in Boston's central Back Bay,Fenway,42.34429,-71.08678,Entire home/apt,265,32,281,0,,
598404279154016952,"Blueground | Symphony, doorman & biz center",Fenway,42.34449,-71.08671,Entire home/apt,,30,330,0,,
1145752512396971229,Historic Suites - Infused w/ Boston's Rebel Spirit,Bay Village,42.35042,-71.06731,Hotel room,665,1,351,2,0.20,2026-05-15
1618741540488363209,Boston West End 1BR Retreat with Washer and Dryer,West End,42.36409,-71.07033,Entire home/apt,427,14,66,0,,
695608646617952363,"Beacon Hill, J. Miller Flats - 3 Bedroom Flat #1",Beacon Hill,42.35738,-71.07152,Entire home/apt,1529,1,159,97,2.11,2026-05-05
1145766208520174151,4 Vibrant Stays Close to Newbury Street – 0.5 Mi.,Bay Village,42.35042,-71.06731,Hotel room,2624,1,326,3,0.23,2026-02-22
1384136265758595294,Welcoming Room in the Heart of Boston's History,Downtown,42.3510893,-71.0698111,Hotel room,334,1,158,1,0.12,2025-10-06
49541030,Simple 1BR steps to Boston Common and South End!,Bay Village,42.34997,-71.0672,Entire home/apt,287,1,181,223,3.64,2026-04-24
1484350017732443089,Back-Bay 2BR Downtown & Parking 9100,Bay Village,42.3506193,-71.06774899999999,Entire home/apt,748,1,283,19,1.88,2026-05-29
1381149023615393580,Historic Boston Stay | Spacious Family Room,Downtown,42.3510893,-71.0698111,Hotel room,570,1,152,2,0.17,2025-07-06
19308245,"Beacon Hill, J. Miller Flats - Studio Flat #9",Beacon Hill,42.35956,-71.07184,Entire home/apt,466,1,167,142,1.31,2025-11-01
555679630501138101,"Beacon Hill, J. Miller Flats - 1 Bedroom Flat #4",Beacon Hill,42.358532,-71.070816,Entire home/apt,425,1,147,58,1.15,2026-06-09
1145757458387555192,Modern Boston Stay w/ Authentic New England Dining,Bay Village,42.35042,-71.06731,Hotel room,665,1,351,2,0.24,2026-05-25
1145763221330817914,2 Modern Suites w/ Authentic New England Dining,Bay Village,42.35042,-71.06731,Hotel room,1312,1,329,25,1.08,2026-06-07
1145762772573085189,Superior 2 Queens | Revere Hotel | Pets Allowed,Bay Village,42.35042,-71.06731,Hotel room,656,1,338,4,0.29,2026-02-15
555694101481790337,"Beacon Hill, J. Miller Flats - Studio Flat #7",Beacon Hill,42.358532,-71.070816,Entire home/apt,288,1,131,48,0.96,2025-12-15
1029841788256905786,Central Beacon Hill 2brm,West End,42.36142206052489,-71.06718317321649,Entire home/apt,630,1,68,90,3.01,2026-05-24
1145757720673204162,Deluxe 2Q City View |  Revere Hotel | Pets OK,Bay Village,42.35042,-71.06731,Hotel room,665,1,351,10,0.66,2026-05-17
1538146120724232818,Stylish Boston Getaway | Rooftop & Fireplace,Bay Village,42.34954,-71.06912,Entire home/apt,455,1,32,39,5.15,2026-06-14
1700859219215641737,Adults-only property in Downtown Boston,Back Bay,42.35066,-71.07126,Private room,,1,0,0,,
1145750192429408467,Sophisticated Stay w/ Rooftop Bar! Pet-friendly,Bay Village,42.35042,-71.06731,Hotel room,685,1,354,4,0.18,2025-07-21
1265190265531865044,(MGH9-4) Bright Beacon Hill Studio,Beacon Hill,42.35861,-71.06574,Entire home/apt,325,1,47,54,2.68,2026-06-06
32330630,Near T & Everything You Need!,Downtown,42.35505676269531,-71.06221008300781,Entire home/apt,291,1,252,94,1.06,2025-12-14
1210101847859646885,Temple Place Suites: Book Today!,Downtown,42.355056736770834,-71.06221200170934,Private room,274,1,265,15,0.76,2026-04-21
875636434000056617,Ottoman Cot in Beacon Hill,Beacon Hill,42.3581736763962,-71.06559134916827,Shared room,109,2,337,139,3.69,2026-06-14
7635616,"Beacon Hill – Prime Location, Near MGH #9",Beacon Hill,42.36017,-71.06346,Entire home/apt,286,1,317,383,2.97,2026-05-30
49024263,Beacon Hills Studio next to State house,Beacon Hill,42.35891,-71.06615,Entire home/apt,244,1,188,475,7.77,2026-05-29
555687465826158315,"Beacon Hill, J. Miller Flats - 1 Bedroom Flat #6",Beacon Hill,42.358532,-71.070816,Entire home/apt,402,1,161,102,2.01,2026-05-18
616252860883053851,"Boston Studio, Ready For Long & Short Stays",Downtown,42.355045318603516,-71.06221008300781,Private room,227,1,232,89,1.84,2025-12-07
1624641620115852821,306B HUGE Downtown Boston Studio | Walk Everywhere,Downtown,42.35731,-71.06106,Entire home/apt,472,2,56,6,3.16,2026-06-14
53801849,Experience Boston At It’s Finest!,Downtown,42.35505,-71.06221,Entire home/apt,252,1,263,99,1.86,2026-05-24
11202183,Second Oldest Home in Beacon Hill,Beacon Hill,42.35786,-71.06482,Entire home/apt,451,1,175,862,7.08,2026-06-09
1076589985818740025,"Blueground | N Station, w/d & gym, nr restaurants",Downtown,42.365947,-71.063473,Entire home/apt,,30,128,0,,
1081084560972670695,"Blueground | North Station, gym & w/d, nr shopping",Downtown,42.365947,-71.063473,Entire home/apt,,30,138,0,,
48361088,"Long OR Short Term Stays, Affordable Boston Stay",Downtown,42.355056736770834,-71.06221200170934,Private room,227,1,289,418,6.73,2026-05-26
46385021,"Blueground | N. Station, gym, w/d, doorman",Downtown,42.364773,-71.063143,Entire home/apt,,30,60,1,0.02,2022-10-26
45502178,Luxury Loft | Boston Common | Monthly Discount,Downtown,42.35558323953741,-71.0605228734014,Entire home/apt,390,1,34,389,5.61,2026-05-24
46135135,"Studio w/ Parking Near MGH, TD Garden & Waterfront",North End,42.36745,-71.05735,Entire home/apt,253,29,346,26,1.23,2025-08-09
1432661102324453444,Luxury Apt with City Views and Pool,Downtown,42.3655039,-71.0621412,Entire home/apt,362,30,283,0,,
1110247883520872149,Spacious Private Brownstone Apt,Roxbury,42.32197,-71.07767,Private room,14,91,282,1,0.08,2025-06-16
46984210,Just Perfect Studio For Your Next Stay,Downtown,42.355056736770834,-71.06221200170934,Entire home/apt,228,1,238,104,1.70,2026-05-16
1145752166427766606,Deluxe 2Q Bay View | Revere Hotel | Pet-Friendly,Bay Village,42.35042,-71.06731,Hotel room,665,1,351,30,1.69,2026-06-07
48231177,Stylish Studio in Downtown Boston!,Downtown,42.35505294799805,-71.06218719482422,Entire home/apt,291,1,251,130,2.04,2026-05-02
9133627,Beacon Hill Rental Close to MGH & TD Garden – #4,Beacon Hill,42.36017,-71.06346,Entire home/apt,335,1,296,326,2.78,2026-06-06
1503701734227604929,Beacon Luxe Suites,Beacon Hill,42.3597441,-71.06426789999999,Entire home/apt,491,1,333,25,2.71,2026-06-01
1036342258423737388,"Couple Room, Pets Are Allowed | Historic Stay",Downtown,42.35104,-71.06971,Private room,343,1,51,1,0.03,2023-12-10
50074897,Steps from Boston’s Theater Scene | Couple Stay,Downtown,42.35109,-71.06981,Private room,402,1,230,0,,
32330134,"Peaceful Retreat In Boston Near T, Easy Commuting!",Downtown,42.355056736770834,-71.06221200170934,Entire home/apt,234,1,257,77,0.87,2026-04-25
50074878,Stay in the Heart of Boston Theater District,Downtown,42.3510893,-71.0698111,Private room,433,1,194,0,,
1145767388513799958,Superior King | Revere Hotel | Near Restaurants,Bay Village,42.35042,-71.06731,Hotel room,494,1,248,0,,
53787344,Downtown Stylish Boston Studio,Downtown,42.355045318603516,-71.06221008300781,Entire home/apt,237,1,264,92,1.75,2026-05-31
1694431446368342440,305B 1BR Loft Steps from Boston Common Centralized,Downtown,42.3573386,-71.06158049999999,Entire home/apt,337,2,110,1,1,2026-06-04
47374701,Downtown Studio | Students Welcome | W/D in unit,Downtown,42.35392,-71.05954,Entire home/apt,279,1,145,223,3.48,2026-05-23
47373862,"Simple Studio -Walk to MGH, Beacon Hill, North End",Downtown,42.35573,-71.05994,Entire home/apt,277,1,190,267,4.07,2026-04-21
48805748,Centralized Downtown Location | On-site Parking,Downtown,42.35528350930719,-71.06044446350509,Entire home/apt,253,1,61,357,5.68,2026-05-31
21182192,"Dream Location! Private Deck, Parking for Rent",Bay Village,42.34971,-71.06862,Entire home/apt,744,1,94,516,4.88,2026-06-07
1145763502409930730,2 Superior 2 Queens | Revere Hotel | Pet-Friendly,Bay Village,42.35042,-71.06731,Hotel room,1312,1,329,1,0.94,2026-05-16
1700859714297784828,Near Fenway Park & Attractions | Adults Only,Back Bay,42.35019,-71.0719,Private room,,1,0,0,,
32330465,Stylish Affordable Downtown Boston Studio!,Downtown,42.35505676269531,-71.06221008300781,Entire home/apt,264,1,269,141,1.58,2026-06-01
875616931050269215,Private Double Bedroom in Beacon Hill (Bedroom #2),Beacon Hill,42.360177705013044,-71.06564076074733,Private room,246,2,325,142,3.79,2026-06-15
1341387295792885955,Loft style 2BR unit in Boston Southend 4759,South End,42.34267,-71.06416,Entire home/apt,240,29,328,12,0.76,2025-07-13
1115799055101261306,Boston Private Room | Public Transport 3 min walk,South Boston,42.32985,-71.05543,Private room,,29,0,2,0.07,2024-04-16
1495784150868118716,Gorgeous Apt with Kitchen and Lounge,Fenway,42.3429115,-71.0990346,Entire home/apt,306,30,359,0,,
46982433,Pet Friendly |  3bd 2ba Flat steps to Beacon Hill,Downtown,42.35721,-71.06153,Entire home/apt,401,1,52,393,5.90,2026-05-30
1498753968907890683,"(MGH9-1) First Floor, W/D, Hospitals, Dining, More",Beacon Hill,42.36061730578153,-71.06707555441325,Entire home/apt,366,1,150,30,3.28,2026-06-09
1145759377433974582,3 Deluxe 2Q City View | Revere Hotel | Rooftop Bar,Bay Village,42.35042,-71.06731,Hotel room,1995,1,351,5,0.26,2025-11-02
1210117867434037810,"Boston Studio, Ready For Long & Short Stays",Downtown,42.355087,-71.062149,Private room,184,1,254,15,0.67,2026-03-17
1573904418043161389,"Blueground | Shawmut, pool, nr Boston Common",South End,42.3438825,-71.0639425,Entire home/apt,,30,349,1,1,2026-05-17
1097831716091077315,Stylish 1BR w/  Resort-Style Pool + City Views,South End,42.3452156,-71.064448,Entire home/apt,701,30,52,1,0.04,2024-07-29
23166408,Luxury 2BR Penthouse in heart of Boston North End,North End,42.36525,-71.05702,Entire home/apt,229,29,72,6,0.07,2025-08-10
1550281870004484422,Central 2BR Boston w/Pool views near Public Garden,South End,42.34560955210607,-71.06374936753377,Entire home/apt,755,29,178,1,0.15,2025-11-30
1595264940312034426,Roomy 1-bedroom - Faneuil Hall and Quincy Market,Downtown,42.361977818435676,-71.057806082895,Entire home/apt,153,30,233,1,0.28,2026-03-01
873655282217473344,"Blueground | S End, rooftop & gym, nr dining",South End,42.3452369,-71.0639399,Entire home/apt,,30,289,0,,
585231785977398127,"Blueground | N Station, gym & w/d, nr td garden",Downtown,42.365947,-71.063473,Entire home/apt,,30,352,1,0.02,2022-07-02
1432661343251260518,Luxury Apt Downtown with Pool,Downtown,42.3655039,-71.0621412,Entire home/apt,288,30,311,0,,
1091910929862542803,"Blueground | N Station, gym, close shops & dining",Downtown,42.365947,-71.063473,Entire home/apt,,30,360,0,,
684624691343264937,"Blueground | N. Station, w/d & gym, nr td garden",Downtown,42.365947,-71.063473,Entire home/apt,,30,138,0,,
1697955635585355838,Luxury 33rd floor 2BR/2BA Near North Station,West End,42.36544139999999,-71.0648186,Entire home/apt,392,30,364,0,,
674339474531785753,"Blueground | N. Station, w/d & gym, nr td garden",Downtown,42.365947,-71.063473,Entire home/apt,,30,350,1,0.03,2023-08-25
17559846,"New B, 1BR Downtown- Walk to Boston Common",Chinatown,42.34835,-71.06039,Entire home/apt,120,29,311,218,1.94,2025-09-27
1087454043618310061,"Blueground | North Station, gm & w/d, nr dining",Downtown,42.365947,-71.063473,Entire home/apt,,30,350,0,,
1145755720477131208,4 Pet-Friendly Rooms Perfect for Family Vacation!,Bay Village,42.35042,-71.06731,Hotel room,2660,1,348,0,,
50074888,Romantic Couple Stay | Getaway in Historic Boston,Downtown,42.35109,-71.06981,Private room,841,1,226,0,,
1145759772640686004,4 Room Stays | Ideal Boston Exploration | Pets OK,Bay Village,42.35042,-71.06731,Hotel room,2660,1,351,0,,
1145754213890236655,3 Edgy Rooms Steps from Boston Public Garden,Bay Village,42.35042,-71.06731,Hotel room,1995,1,351,2,0.11,2025-06-08
1145760106825146280,4 Pet-Friendly w/ City View Room | Revere Hotel,Bay Village,42.35042,-71.06731,Hotel room,2660,1,351,0,,
1145754430067164771,3 Back Bay View Rooms at Revere | Boutique Style,Bay Village,42.35042,-71.06731,Hotel room,1995,1,351,0,,
45680039,"Blueground | W. End, gym, nr mgh & t stop",West End,42.3657336,-71.0669497,Entire home/apt,,30,198,1,0.10,2025-08-23
1595052108653566385,"Blueground | South End, pool, nr Boston Common",South End,42.3438825,-71.0639425,Entire home/apt,,30,302,0,,
1424532732932401747,"Blueground | Shawmut, pool, nr Boston Common",South End,42.3449322,-71.0641516,Entire home/apt,,30,312,0,,
1595051755075122225,"Blueground | South End, pool, nr Boston Common",South End,42.3438825,-71.0639425,Entire home/apt,,30,335,0,,
1128191467112755359,"Blueground | N Station, gym & w/d, nr T & shops",Downtown,42.365947,-71.063473,Entire home/apt,,30,301,0,,
810754807767282735,"Blueground | N Station, w/d & gym, nr td garden",Downtown,42.365947,-71.063473,Entire home/apt,,30,351,0,,
1089613946790496049,"Blueground | North Station, gym, nr dining & T",Downtown,42.365947,-71.063473,Entire home/apt,,30,318,1,0.04,2024-08-10
627996566570185451,"Blueground | Somerville, gym & w/d, nr green line",Downtown,42.36595,-71.06347,Entire home/apt,,30,290,1,0.03,2023-04-02
597199337806607917,Private 1 Queen Bed S.End Sunroom (no smoke/pet),South End,42.343246607901605,-71.076681302475,Entire home/apt,509,2,202,43,0.91,2026-03-17
807720320430482194,"Blueground | N Station, w/d & gym, nr td garden",Downtown,42.365947,-71.063473,Entire home/apt,,30,320,0,,
53602315,"Blueground | N Station, gym, nr boston landmarks",Downtown,42.365947,-71.063473,Entire home/apt,,30,335,1,0.03,2023-11-06
1089613283213713903,"Blueground | North Station, gym, nr restaurants",Downtown,42.365947,-71.063473,Entire home/apt,375,30,365,0,,
50074898,Stay Historic in the Heart of Boston Theater Dist,Downtown,42.3510893,-71.0698111,Private room,451,1,223,0,,
1145749261336654698,Revere Hotel | King Suite | 2.3 Miles from Park,Bay Village,42.35042,-71.06731,Hotel room,800,1,354,0,,
1145762418372500996,Revere Hotel | 0.4 Mi from Theater District,Bay Village,42.35042,-71.06731,Hotel room,656,1,338,0,,
1145758860184170300,2 Deluxe City View Rooms | Revere Hotel Boston,Bay Village,42.35042,-71.06731,Hotel room,1330,1,351,0,,
51812329,"Blueground | Back Bay, gym, nr newbury st",Back Bay,42.348633,-71.074088,Entire home/apt,,30,116,0,,
793442721651271774,Luxurious & Spacious Townhouse!,Bay Village,42.34846902477936,-71.06763537817953,Entire home/apt,1286,29,365,0,,
48298464,"UNION PARK, South End - sunny, historic 2B/2B",South End,42.34146,-71.07185,Entire home/apt,308,30,226,18,0.49,2023-11-25
47385123,Modern Smart 1Bdr Private Entry Historic South End,South End,42.34406280517578,-71.06999969482422,Entire home/apt,244,29,278,18,0.31,2025-11-22
704062264957785423,"Blueground | N Station, w/d & gym, nr td garden",Downtown,42.365947,-71.063473,Entire home/apt,,30,182,0,,
1353197158319868713,Nice 1Bedroom in Beacon Hill,West End,42.361865859944594,-71.06529999710295,Private room,70,29,74,0,,
1700109845674816689,Modern & Bright Back Bay Studio,Back Bay,42.3429186,-71.08294049999999,Entire home/apt,298,1,217,0,,
1628502967031883291,Luxury Penthouse Room at Alcott | MGH | TD Garden,West End,42.3650027,-71.0648338,Private room,417,30,268,0,,
1618671726916295451,Boston 2Br Apartment Overlooking the Charles River,West End,42.36525,-71.06805,Entire home/apt,567,14,43,0,,
25770647,"Naturally Lit, Modern Loft in Heart of Downtown!",Downtown,42.35529,-71.06087,Entire home/apt,590,1,143,466,4.77,2026-06-09
1661193232705369254,Cozy & Convenient 1-Bedroom Close to Downtown,West End,42.3645578,-71.0692521,Private room,179,30,303,1,1,2026-05-25
1503790533673250442,The Beacon Hill Residence,Beacon Hill,42.3597441,-71.06426789999999,Entire home/apt,476,1,336,15,1.80,2026-06-05
7854872,Perfect Beacon Hill Location – Near TD Garden #12,Beacon Hill,42.36017,-71.06346,Entire home/apt,272,1,305,244,1.89,2026-05-30
846941854165910381,4bed 2bath Apartment in Downtown Boston,Downtown,42.35546,-71.06294,Entire home/apt,938,1,187,151,4.00,2026-05-11
48883519,Amazing Location | Theater District | Pet Friendly,Downtown,42.35131,-71.06531,Entire home/apt,248,1,188,234,3.78,2026-05-15
53148483,Beautiful 4br 2br | Downtown Xing | High Ceilings,Downtown,42.35532045908428,-71.06090927153579,Entire home/apt,593,1,145,241,4.35,2026-05-31
1341363706627938599,2BR in Downtown 7438,Downtown,42.352937861698905,-71.06309006726089,Entire home/apt,461,1,337,53,3.71,2026-06-09
49516205,"Comfy 1br, Minutes to Boston Common, 99 Walk score",Downtown,42.35097,-71.06539,Entire home/apt,547,1,255,212,3.55,2026-04-27
7728499,Close to TD Garden and MGH – Beacon Hill Living #8,Beacon Hill,42.36017,-71.06346,Entire home/apt,368,1,340,405,3.09,2026-05-31
27669626,"Downtown Boston, Near South Station Bus Terminal",Chinatown,42.35034,-71.0619,Entire home/apt,361,2,68,179,1.90,2026-05-30
52615817,Large Ceilings | Centrally Located 4bed 2bath,Downtown,42.35395,-71.06111,Entire home/apt,741,1,140,273,4.78,2026-06-01
1689937580610689466,Exposed Brick Stylish 3 Bedroom Apartment,Downtown,42.3550827,-71.06209729999999,Entire home/apt,647,1,196,0,,
1693120423302333690,Theatre District.6 Bost. Common. DownTown.63-8,Downtown,42.352219,-71.06393729999999,Entire home/apt,416,1,361,2,2,2026-06-14
1556608655631676097,2BR in Downtown Boston 6676,Downtown,42.35292,-71.06348,Entire home/apt,412,1,348,18,3.18,2026-05-25
1338602616771131308,Cozy 1Bedroom in Beacon Hill Area,Beacon Hill,42.36036887161803,-71.06906904052897,Private room,68,29,65,0,,
1269029121495990686,Spacious 2BR/2BA overlooking Boston Common,Downtown,42.351138942013,-71.06566911718635,Entire home/apt,1053,2,125,4,0.25,2025-08-16
13378936,Montgomery Place - One Bedroom,South End,42.34347,-71.07368,Entire home/apt,197,29,196,148,1.22,2026-05-12
1025420770925726257,"Airy, Pet-friendly, FiDi studio",Downtown,42.35524926271063,-71.05802316807171,Entire home/apt,235,1,207,107,3.43,2026-05-31
1557979766001397015,Simple Studio Downtown Boston,Downtown,42.35544,-71.05811,Entire home/apt,285,1,165,10,2.75,2026-05-30
35988307,Downtown Loft Boston - Close to everything,Downtown,42.34978,-71.05821,Entire home/apt,424,3,58,190,2.31,2026-06-05
23128943,"High-Rise, River Views, Doorman Condo by MGH/MEE",West End,42.36558532714844,-71.06755065917969,Private room,100,29,252,46,0.46,2025-08-14
17559756,"3rd Floor, 2BR Downtown- Walk to Boston Common",Chinatown,42.3503,-71.06037,Entire home/apt,359,3,169,323,2.87,2026-05-21
1700090550209334083,Wonderful Studio | South End,Back Bay,42.3427014,-71.0831321,Entire home/apt,363,1,216,0,,
45493742,Large Loft Steps From Boston Common | Short Stays,Downtown,42.35538,-71.06196,Entire home/apt,394,1,31,388,5.60,2026-05-31
1423462132158776620,Huge Studio in Downtown Boston 1736,Downtown,42.352845476812796,-71.06317174650717,Entire home/apt,186,1,274,38,3.03,2026-06-05
47384475,Downtown Loft | Walk Anywhere | Ideal for Nurses!,Downtown,42.35519,-71.05994,Entire home/apt,312,1,176,231,3.67,2026-05-05
935449412872030856,Wonderful Studio in the South End,South End,42.34174,-71.08232,Entire home/apt,84,29,216,44,1.26,2026-04-21
51879873,Stylish Studio in Historic Row House,South End,42.34276,-71.07928,Entire home/apt,394,1,345,92,1.61,2026-06-10
47408174,Downtown Boston | Nurses Welcome | W/D in bldg,Downtown,42.35397,-71.05805,Entire home/apt,268,1,200,250,3.82,2026-05-22
6426364,Great city views top floor one bed #7,South End,42.34144,-71.0763,Entire home/apt,138,30,277,88,0.66,2025-09-03
45676233,200mbps speeds - Laundry - Discounted Long Stays,Downtown,42.35512,-71.06247,Entire home/apt,305,1,46,343,4.94,2026-05-22
880668314027190648,Private Room Near Boston University Medical Campus,Roxbury,42.33734830810711,-71.07831660658121,Private room,93,29,48,10,0.27,2024-07-31
4364925,large & grand 2 bedroom South End by Copley Sq #3,South End,42.34128,-71.07607,Entire home/apt,221,30,261,153,1.09,2026-04-30
1260311293764409040,"(G) Stylish Apt in Back Bay, A+ Location, w/d",Back Bay,42.34512593370852,-71.0809787026459,Entire home/apt,320,1,262,42,2.08,2026-05-17
1413769268985927301,Sparkling New 2BR / 2BA in Back Bay,Back Bay,42.34769611496782,-71.0830740434685,Entire home/apt,989,4,207,16,1.28,2026-05-11
7694559,"Heart of South End, Convenient, Comfy Studio #32",South End,42.34441,-71.07633,Entire home/apt,306,1,320,226,2.00,2026-06-14
7916575,"Centrally located Studio in Boston ,#35",South End,42.34441,-71.07633,Entire home/apt,320,1,320,276,2.44,2026-05-22
5768819,"Near Fenway Park, South End, and Newbury St #4",South End,42.34447,-71.07644,Entire home/apt,277,1,336,199,1.52,2026-06-06
945007017207961802,Stellar South End Studio,Back Bay,42.3434,-71.08432,Entire home/apt,341,1,108,29,1.04,2026-05-30
44064171,Charming 1 bed S End Freshly painted new mattress!,South End,42.34324049937066,-71.07724019857797,Entire home/apt,462,2,269,25,0.95,2026-05-15
1556608394703072789,Huge Studio in Boston Commons 5bg7,Downtown,42.35108,-71.064,Entire home/apt,234,1,318,19,2.78,2026-06-03
1341536141350055833,1BR in Theatre District Boston 1065,Downtown,42.35321,-71.06312,Entire home/apt,361,1,325,47,3.18,2026-06-04
50174682,1br in Heart of Theater District | Walk Anywhere!,Downtown,42.35141,-71.06564,Entire home/apt,288,1,239,261,4.33,2026-05-30
1558073757710854494,Serene Studio | Close to MGH,Downtown,42.35389,-71.05964,Entire home/apt,241,1,80,6,1.20,2026-05-09
47487652,Simple 1br |  Financial District | Keyless Entry,Downtown,42.35387599921967,-71.05848406519874,Entire home/apt,360,1,133,230,3.54,2026-05-04
1222381031303342473,Stylish South End Studio with Private Kitchenette,South End,42.34101,-71.08018,Entire home/apt,327,1,348,0,,
1431369035818053598,Prime Downtown Location | 2BR 2BA  Boston Common,Downtown,42.350215162601884,-71.06467171777187,Entire home/apt,778,3,123,22,1.96,2026-05-17
47407478,Bright & Bold Loft | Fast Wifi | Downtown Boston,Downtown,42.35451,-71.0579,Entire home/apt,292,1,230,193,2.97,2026-06-01
1508038373981189887,Sleek Studio Apartment in the South End,Back Bay,42.34205,-71.08342,Entire home/apt,212,29,76,9,1.16,2026-03-15
1542197353416621189,Studio Nestled in Back Bay!,Back Bay,42.34231,-71.08399,Entire home/apt,294,1,156,9,1.43,2026-05-31
1254230035554141404,South End Victorian Brownstone,South End,42.341127512167205,-71.07742611984403,Entire home/apt,644,2,100,37,2.38,2026-05-10
45675549,Lavishly Designed Home | With Office | Close to T,Downtown,42.35531,-71.06071,Entire home/apt,536,1,30,282,4.06,2026-05-17
947846318188738138,Peaceful Studio | Close to Fenway,Back Bay,42.34211322463612,-71.0835579706857,Entire home/apt,279,29,245,22,0.65,2025-05-13
1414157045565050845,The Ellie House 9- Cozy Studio Near Prudential!,Back Bay,42.343153406752215,-71.08382851064717,Entire home/apt,344,1,276,35,2.80,2026-06-03
1653103895036810314,King Room Steps to Northeastern Uni | Pet Friendly,Back Bay,42.3437765,-71.083342,Hotel room,319,1,351,0,,
1654717508258398625,Super location! Walk everywhere! Clean studio,South End,42.3427,-71.08117,Entire home/apt,425,1,278,1,1,2026-06-12
1029545665213050410,"Modern,0.2 mile to Northeastern, in unit laundry",Roxbury,42.337738979566495,-71.08352599689171,Entire home/apt,192,30,213,16,0.58,2024-08-31
41397978,1863 House Bed and  Breakfast M307 Room 1,South End,42.34387,-71.07619,Private room,247,1,74,79,1.03,2026-06-06
749957818849456669,"(5G1) 2 Bedroom, BackBay, Newbury Street, Location",Back Bay,42.3491,-71.08513,Entire home/apt,699,1,136,149,3.40,2026-06-06
8403945,Steps Away from Back Bay's Best Spots #33,South End,42.34441,-71.07633,Entire home/apt,285,1,321,175,1.54,2026-05-29
820388470001096909,Best central Boston 3 bed Apt,Beacon Hill,42.35902,-71.06542,Entire home/apt,189,29,234,6,0.18,2025-10-04
6762011,Perfect Spot Near Boston's Cultural Hub #22,South End,42.34441,-71.07633,Entire home/apt,306,1,297,204,1.74,2026-06-08
5718801,"Heart of South End, Convenient, Comfy Studio #42",South End,42.34441,-71.07633,Entire home/apt,237,1,264,172,1.29,2026-05-06
1176190010322666921,2BR in Downtown Boston 7690,Downtown,42.351128445515585,-71.0642076371811,Entire home/apt,385,1,330,39,1.63,2026-06-10
4461846,South End Studio Perfect for Work Travel #36,South End,42.34441,-71.07633,Entire home/apt,237,1,334,116,0.86,2026-03-20
947785851072519783,Peaceful South End Studio!,Back Bay,42.343215714583415,-71.08403995728031,Entire home/apt,359,1,185,74,2.17,2026-05-24
1341370893360717950,2BR in Downtown Boston 6439,Downtown,42.35312,-71.06311,Entire home/apt,385,1,330,45,2.85,2026-06-04
51284572,Downtown Boston Studio | Keyless Entry | Fast Wifi,Downtown,42.35395,-71.05996,Entire home/apt,307,1,225,193,3.26,2026-05-18
7476340,"Charming Studio in Boston Brownstone, #44",South End,42.34441,-71.07633,Entire home/apt,285,1,270,233,2.08,2026-06-10
6810723,Minutes from Boston Common & the Public Garden #23,South End,42.34441,-71.07633,Entire home/apt,285,1,339,183,1.68,2026-05-31
1551556466158273490,Beautiful 1BR in Downtown Boston 1655,Downtown,42.35157,-71.06358,Entire home/apt,392,1,341,23,3.27,2026-06-07
918198811733110218,"(W-13) Newly Furnished, South End, Walkable to all",South End,42.33971421344498,-71.0778527595802,Entire home/apt,303,1,241,116,3.20,2026-06-04
958065425063050341,"(476-9) Queen Studio, Back Bay/ South End, W/D",South End,42.34226,-71.07925,Entire home/apt,329,1,267,110,3.24,2026-06-10
51346962,Modern Studio in South End!,South End,42.34286,-71.07921,Entire home/apt,380,1,325,70,1.19,2026-06-09
1086474577114877443,"(476-4)  2Beds, South End/ Back Bay, Roof Deck!",South End,42.341952294075185,-71.0778000853439,Entire home/apt,441,1,273,76,2.66,2026-05-19
1023457086605341031,Skyline 2BR 2BA downtown overlooking Boston common,Downtown,42.351618662155424,-71.06497084709838,Entire home/apt,777,1,109,0,,
1690209725282456299,Penthouse 2BR/2BA | Epic Boston City View,Downtown,42.3511915,-71.0640258,Entire home/apt,1007,3,223,0,,
1669712358909458272,Modern 2BR 2BA unit downtown Boston,Downtown,42.35052,-71.06341,Entire home/apt,1121,2,304,0,,
1683592443473951512,Chic 2BR/2BA Apartment Near Downtown Boston,Downtown,42.35038,-71.0636,Entire home/apt,1121,3,317,0,,
1640133074994291603,Spacious 2br 2ba unit in prime location downtown,Downtown,42.35049,-71.06334,Entire home/apt,1064,2,299,2,0.91,2026-04-21
1542187529572491937,Cozy Garden Level Studio,Back Bay,42.34334,-71.08403,Entire home/apt,327,1,240,5,1.69,2026-05-30
933353827077307497,Old Charm Studio Apt near Back Bay,Back Bay,42.34366672808913,-71.08386691907516,Entire home/apt,400,1,190,65,1.85,2026-04-09
1678296047014069302,(New2f) Bright 1BR in Back Bay,Back Bay,42.34845,-71.08303,Entire home/apt,368,1,88,0,,
1653103899621089119,Twin Stay Steps to Symphony Hall & Copley Square,Back Bay,42.3437765,-71.083342,Hotel room,328,1,290,0,,
929710002319897075,Tranquil South End Studio,Back Bay,42.34382660197117,-71.08222208744212,Entire home/apt,295,1,258,20,0.56,2026-01-04
17962385,"Heart of Boston- Large Studio, private entrance",South End,42.34417361700382,-71.07598677488207,Entire home/apt,333,2,51,82,0.75,2025-09-01
7694365,"Stylish Downtown Studio in the SouthEnd, C.Ave# 41",South End,42.34441,-71.07633,Entire home/apt,492,1,330,193,1.59,2026-06-08
634865431273183644,"Cozy, adorable 1 bedroom private apartment M365-2",South End,42.344771,-71.0790105,Entire home/apt,514,1,86,45,0.93,2026-06-10
935428048832345840,Lovely Studio Apt | South End,Back Bay,42.34369,-71.08373,Entire home/apt,204,1,182,29,0.82,2026-04-23
933386897867092013,Spacious Studio! | Back Bay,Back Bay,42.343784143440516,-71.08290022500243,Entire home/apt,264,1,165,49,1.40,2026-04-21
929296438531439701,Retro Studio on Quiet Street,South End,42.34183238862012,-71.08212672872108,Entire home/apt,161,1,184,67,1.87,2026-05-16
6851460,Explore Newbury Street Just Moments Away # 21,South End,42.34441,-71.07633,Entire home/apt,492,1,291,181,1.40,2026-04-18
548373258905551128,Thatch™ Newbury Street | One-Bedroom Apt. #2,Back Bay,42.34929,-71.08407,Entire home/apt,546,1,125,45,0.89,2026-05-10
1503651221831990289,Beacon Hill Charm - Prime Boston Stay,Beacon Hill,42.3597441,-71.06426789999999,Entire home/apt,433,1,347,23,2.48,2026-06-10
1079818238289992752,Downtown Designer Home| Keyless,Downtown,42.35710781906268,-71.06094766093314,Entire home/apt,427,1,14,64,2.24,2025-03-06
1186863117320927934,Modern Greenhouse Duplex Apartment with Garden.,South End,42.34048147534292,-71.07626382589629,Entire home/apt,1056,1,357,1,0.34,2026-03-20
53233645,The 1863 House Bed and Breakfast Room 3,South End,42.34173,-71.07639,Private room,304,3,64,2,0.04,2026-05-31
820073,"Modern Loft, 1700 SqFt. Location!",Downtown,42.3558,-71.06104,Entire home/apt,648,1,274,275,1.72,2026-06-02
13378987,Comfort and peace in the South End.,South End,42.34114,-71.07948,Entire home/apt,1303,2,46,16,0.13,2019-07-14
1528327068172382834,Charming Brownstone Studio,South End,42.3414410191373,-71.08070691724954,Entire home/apt,320,1,314,9,2.20,2026-05-25
48466008,Boston - 3 Bedrooms Patio Full-Kitchen,South End,42.33836,-71.07613,Entire home/apt,682,29,319,41,0.65,2024-09-04
1437767705126254186,"(T8) Budget Friendly, Prime Location, South End!",South End,42.3416617,-71.07641439999999,Entire home/apt,315,1,249,32,2.62,2026-05-17
947884085061009785,Quaint Studio Apt | Close to Fenway,Back Bay,42.3418,-71.08347,Entire home/apt,374,1,262,53,1.54,2026-03-17
929571338607197143,Sunkissed Studio near South End,Fenway,42.342008804636386,-71.08411850981184,Entire home/apt,180,1,123,18,0.52,2026-03-20
914540815710828653,"(W-12) South End, Walkable, Explore, Dine! W/D",South End,42.33779,-71.07638,Entire home/apt,246,1,251,89,2.47,2026-05-29
54399467,Stylish studio with shared kitchen,South End,42.34218,-71.07845,Entire home/apt,283,1,340,14,0.42,2026-05-29
1563261767739559908,Brownstone Studio Retreat,South End,42.34112,-71.0803,Entire home/apt,466,1,344,5,1.23,2026-06-05
614662890482582714,(T5) Prime Location! Great Restaurants! SE Studio!,South End,42.34074,-71.07696,Entire home/apt,299,1,249,148,2.99,2026-06-03
932671112961379601,Modern studio apartment!,Back Bay,42.34348985925966,-71.08423327597426,Entire home/apt,276,1,185,84,2.36,2026-05-28
6759439,South End Studio Perfect for Work Travel #26,South End,42.34441,-71.07633,Entire home/apt,261,1,344,129,1.17,2026-05-17
1653103913274735568,2 Rooms in Back Bay | Steps to Symphony Hall,Back Bay,42.3437765,-71.083342,Hotel room,754,1,363,0,,
947825716567982665,Lovely South End Studio,Back Bay,42.34376,-71.08188,Entire home/apt,370,1,265,87,2.52,2026-05-14
947768183186382957,Modern Simple Studio | South End,Back Bay,42.34376175238195,-71.08199789552447,Entire home/apt,383,1,186,68,1.95,2026-05-29
1663925219130023216,Back Bay Heart 2BR 2BA Next to prudential &Newbury,Back Bay,42.34757,-71.07938,Entire home/apt,1168,1,86,0,,
6763409,"Minutes to Chinatown, Boston Common & Fenway Park",South End,42.34447,-71.07644,Entire home/apt,277,1,331,268,2.06,2026-06-04
946502964614002590,Compact Back Bay Studio,Back Bay,42.34399414329803,-71.08190357954153,Entire home/apt,271,1,165,41,1.19,2026-04-06
1653103894867068097,King Room in Boston Back Bay | Free Breakfast!,Back Bay,42.34378,-71.08334,Hotel room,319,1,351,0,,
934106825257933879,Vibrant Studio! | Minutes from Back Bay,Back Bay,42.34266082692078,-71.08216115823868,Entire home/apt,169,1,246,24,0.74,2026-05-21
1348742580845531330,"(W8) Front Facing, W/D, Dining, Shopping, Walking!",South End,42.33779958314626,-71.0780944822195,Entire home/apt,381,1,243,56,3.68,2026-06-05
1699305054193476881,The Chester: Sleek Garden Studio,Roxbury,42.33794,-71.08056,Entire home/apt,365,1,292,0,,
1681980191875217657,Modern 3BR 2BA Back Bay Near to prudential,Back Bay,42.34348,-71.08297,Entire home/apt,641,3,298,0,,
934129197245327334,Chic Metro South End Studio,Back Bay,42.34238,-71.0837,Entire home/apt,278,1,187,48,1.36,2026-05-16
7511737,"Steps from South End, Tufts Medical Center & More,",South End,42.34447,-71.07644,Entire home/apt,409,1,317,249,1.91,2025-11-14
23304442,The Boston Christopher Studio Suite,South End,42.3431,-71.07848,Entire home/apt,166,29,158,23,0.23,2020-03-01
889981292721825976,Upscale South End Apt | Walk to Northeastern,Roxbury,42.33726387317135,-71.0835430418494,Entire home/apt,322,30,186,5,0.14,2025-11-21
1432617914906276302,Sunny Studio Apartment with Private Kitchenette,South End,42.34264,-71.07861,Entire home/apt,524,1,340,7,0.60,2026-05-28
1348746812228516015,"(W11) Vibrant Area, Pizza, Shopping, Parks W/D",South End,42.33776070534613,-71.07720197086991,Entire home/apt,333,1,248,41,2.73,2026-06-05
929770452264597730,Harmonious South End Studio,Back Bay,42.34436,-71.0821,Entire home/apt,295,1,263,44,1.24,2026-04-21
929307593955725334,Cozy Studio near Prudential Ctr,Back Bay,42.342438994258224,-71.0821252927106,Entire home/apt,279,1,241,38,1.07,2026-05-29
13959444,Beautiful Boston Brownstone,Roxbury,42.34042,-71.08363,Entire home/apt,477,29,301,57,0.47,2020-11-20
1542884706436627613,Loft Bed Studio | Prudential Area,South End,42.34204,-71.08253,Entire home/apt,288,1,76,5,0.72,2026-05-23
934851456902808387,Peaceful Back Bay Studio,Back Bay,42.34221,-71.08316,Entire home/apt,337,1,193,24,0.69,2026-05-30
929285770816969080,Quiet Studio Circa South End,South End,42.34149086490141,-71.08211337458772,Entire home/apt,218,1,107,52,1.46,2026-05-28
1699470712855639168,"The Concord, Garden Level Stay Near T",South End,42.34056,-71.07777,Entire home/apt,318,1,288,0,,
1699468773612806845,"South End Boutique Retreat, Near Restaruant Row",South End,42.34086,-71.07842,Entire home/apt,318,1,283,0,,
1700095547645525410,Prudential Area Spacious Studio,Back Bay,42.3429186,-71.08294049999999,Entire home/apt,228,1,182,0,,
933361695796947206,Centrally Located Basic Studio,South End,42.34192427441922,-71.0823934312471,Entire home/apt,198,1,260,32,0.90,2026-03-08
1439950737462089453,Cozy South End Studio Retreat,South End,42.34252603581394,-71.08077596745684,Entire home/apt,279,1,317,3,1.20,2026-06-12
649153675516551663,"(T1) Budget Friendly, South End Studio, Crowd Fav!",South End,42.34253,-71.07674,Entire home/apt,380,1,242,176,3.61,2026-06-05
45494260,Downtown Luxury | Students Welcome | W/D in unit,Downtown,42.35726395973094,-71.06179395619714,Entire home/apt,619,1,26,322,4.64,2026-05-28
52422480,Copley King - Copley Square Hotel,Back Bay,42.34748,-71.07794,Private room,417,1,319,2,0.05,2026-01-01
1653103918740102942,4 Relaxing Rooms Near Boston Attractions & Museums,Back Bay,42.3437765,-71.083342,Hotel room,1508,1,362,0,,
1023462139711300165,Bright Stunning View 2BR 2BA unit |downtown Boaton,Downtown,42.350661486541696,-71.06316483085874,Entire home/apt,891,2,116,0,,
1437192291610932206,Spacious 2BR 2BA Downtown Boston,Downtown,42.35232907698496,-71.06462867139705,Entire home/apt,755,4,152,6,1.98,2026-05-27
1668296016091039023,Cozy modern 2BR 2BA unit overlooking Boston Common,Downtown,42.35006,-71.06347,Entire home/apt,1040,4,347,0,,
1220559061762913883,Boston Penthouse Skyline View - Whole Apartment,Chinatown,42.35192,-71.05904,Entire home/apt,3557,3,364,3,0.16,2025-04-22
638235027182813304,Cute and Cozy Studio!,South End,42.34132,-71.07847,Entire home/apt,193,14,365,0,,
1669705950147446542,Prime Downtown 2BR/2BA Location Boston common,Downtown,42.35018,-71.06349,Entire home/apt,1097,4,360,0,,
1699470341818966688,"The Concord, Steps to Dining & Transit",South End,42.33906,-71.07975,Entire home/apt,318,1,292,0,,
1022697149341928950,Back Bay Heart 3BR 2BAA Condo,Back Bay,42.34383,-71.08303,Entire home/apt,1025,1,207,27,0.90,2026-05-19
10427199,The Boston Christopher Studio Suite,South End,42.3431,-71.07854,Entire home/apt,244,29,158,103,0.82,2020-02-29
548393136882554658,Thatch™ Newbury | One Bedroom | Apt #3,Back Bay,42.348644,-71.085091,Entire home/apt,575,1,132,85,1.68,2026-06-10
1161669854998140409,"(476-1) 1st Flr, Roof Deck, Sleeps 4, A+ Location!",South End,42.34365,-71.0773,Entire home/apt,461,1,259,70,2.92,2026-06-04
4364989,newly furn one bedroom by Copley #6,South End,42.34128,-71.07607,Entire home/apt,195,31,250,87,0.64,2024-11-27
1503747673198280493,The Lantern on Beacon Hill,Beacon Hill,42.3597441,-71.06426789999999,Entire home/apt,497,1,317,26,2.87,2026-06-07
1503678981772499828,Beacon Hill Boutique,Beacon Hill,42.3597441,-71.06426789999999,Entire home/apt,399,1,333,18,1.96,2026-06-04
1071963662695339531,South End's Pet-Friendly Gem,South End,42.342466610977255,-71.0806584039758,Entire home/apt,439,1,314,4,0.87,2026-03-10
934813646994772468,Stylish South End Studio,South End,42.34196079667983,-71.08244915742726,Entire home/apt,261,1,188,41,1.19,2026-05-28
1641505834157370140,Stylish South End Studio,South End,42.34225,-71.08038,Entire home/apt,371,1,325,0,,
1420415665240430140,(SB) Cozy & Charming little Studio. BackBay,Back Bay,42.3437930653526,-71.08159402892012,Entire home/apt,305,1,95,43,3.43,2026-06-11
1384812420942030519,Historic Brownstone Studio,South End,42.34140623631877,-71.0785634655803,Entire home/apt,392,1,320,2,0.91,2026-04-26
1557342256575897515,Historic Brownstone Studio Retreat,South End,42.34231,-71.08077,Entire home/apt,310,1,308,6,0.89,2026-05-27
934867025660571832,Cozy Central South End Studio,Back Bay,42.34211704773742,-71.08394470499259,Entire home/apt,427,1,324,16,0.45,2025-10-17
45539554,"Monthly Discounts -Fully Furnished 4br, 2ba Loft",Downtown,42.35708,-71.06228,Entire home/apt,676,1,27,308,4.45,2026-05-03
1503686334647530834,Cedar & Brick on the Hill,Beacon Hill,42.3597441,-71.06426789999999,Entire home/apt,393,1,342,20,2.18,2026-06-06
30390378,"Blueground | Back Bay, gym, nr the common",Bay Village,42.34992,-71.06943,Entire home/apt,289,30,365,1,0.01,2019-12-12
46983650,"Parking Available-Fully Furnished 4br, 2ba-Hami509",Downtown,42.3571,-71.06069,Entire home/apt,613,1,30,357,5.48,2026-05-24
669596090655013207,Copley House Premium Studio,South End,42.34408,-71.07934,Entire home/apt,330,1,311,32,0.72,2026-05-10
1539203778432200553,Chic 1 Bed Apartment! | Steps from Boston Common!,Downtown,42.35165,-71.0671,Entire home/apt,220,29,173,3,0.52,2026-01-10
997853258342980032,"(T4) Pizza, Nails, Shopping, South End Studio!",South End,42.34277828280088,-71.07696181995313,Entire home/apt,406,1,246,113,3.47,2026-05-24
22627198,The Boston Christopher Grand Studio Suite,South End,42.34291,-71.07848,Entire home/apt,145,29,274,3,0.03,2019-08-13
625824021434996394,"Blueground | Back Bay, laundry & gym",Bay Village,42.34992,-71.06943,Entire home/apt,,30,108,0,,
1528250882590090953,Simple Theater District 1 Bedroom,Bay Village,42.3495,-71.06734,Entire home/apt,171,29,321,5,0.73,2026-01-01
8206536,Prime Location in Boston's South End #25,South End,42.34441,-71.07633,Entire home/apt,237,1,255,355,3.16,2026-06-07
6758462,"Stylish Downtown Studio in the SouthEnd, C.Ave# 43",South End,42.34441,-71.07633,Entire home/apt,325,1,327,208,1.86,2026-06-08
1595246708230006996,"Modern,0.2 mile to Northeastern, in unit laundry",Roxbury,42.3378662700455,-71.0835112178364,Entire home/apt,276,30,327,1,0.32,2026-03-15
947830113876875286,Charming South End Studio Apt,Back Bay,42.34336,-71.08395,Entire home/apt,249,1,261,30,0.89,2026-05-28
45539765,Keyless Entry | Laundry in Unit | Pet Friendly,Downtown,42.35722807237734,-71.06149157569895,Entire home/apt,306,1,51,368,5.30,2026-05-29
8082512,"Stylish Downtown Studio in the Boston, C.Ave# 34",South End,42.34441,-71.07633,Entire home/apt,285,1,280,191,1.47,2026-06-14
13993185,Charming Beacon Hill One Bedroom,Beacon Hill,42.35948,-71.06747,Entire home/apt,136,29,224,234,1.94,2025-12-03
1074086511886697406,Charming 1 Bedroom Apartment in Downtown Boston,Beacon Hill,42.35877,-71.06785,Entire home/apt,141,29,215,7,0.27,2025-08-13
929777947659855829,Cozy South End Loft,Back Bay,42.344438876900405,-71.08347546066226,Entire home/apt,349,1,183,30,0.84,2026-05-27
828386531456139949,Cozy Back Bay | 1Br / 1Bath!,Back Bay,42.348301150228934,-71.08446960340625,Entire home/apt,307,1,147,74,2.47,2026-04-04
1653103910767685212,2 Pet-Friendly Rooms in Boston w/ Free Breakfast!,Back Bay,42.3437765,-71.083342,Hotel room,754,1,363,0,,
30104396,Copley House King Studio,South End,42.34412,-71.07927,Entire home/apt,300,1,311,13,0.16,2024-06-22
8025718,"Close to the North End, Fenway & Boston Common, #6",South End,42.34447,-71.07644,Entire home/apt,409,1,334,117,0.89,2025-07-24
781698350065782786,"Blueground | Back Bay, gym & concierge, nr t",Bay Village,42.3504464,-71.06818659999999,Entire home/apt,,30,332,0,,
904194014030747377,"Blueground | Back Bay, gym & w/d, nr restaurants",Bay Village,42.34992,-71.06943,Entire home/apt,,30,329,1,0.04,2024-06-07
1018956196236343821,Roomy 4bed loft | Family Friendly,Downtown,42.35515,-71.06029,Entire home/apt,490,1,37,147,4.65,2026-06-01
4623114,South End Studio Perfect for Work Travel #46,South End,42.34441,-71.07633,Entire home/apt,306,1,343,193,1.47,2026-03-31
50563099,"Blueground | Back Bay, gym, nr the common",Bay Village,42.34992,-71.06943,Entire home/apt,,30,303,1,0.03,2023-12-07
1503759327389925188,The Hill House (Beacon Hill),Beacon Hill,42.3597441,-71.06426789999999,Entire home/apt,229,1,344,24,2.65,2026-06-05
1019496762697723930,"Blueground | Back Bay, gym & w/d, nr shopping",Bay Village,42.34992,-71.06943,Entire home/apt,,30,303,0,,
52384026,ADA Copley Queen - Copley Square Hotel,Back Bay,42.34782,-71.07748,Private room,294,1,317,0,,
45543316,"Monthly Discounts - Furnished Luxury 3br, 2ba Loft",Downtown,42.35576,-71.06202,Entire home/apt,530,1,27,329,4.77,2026-05-31
1653103915615292316,3 Pet-Friendly Units | 2.7 mi to Franklin Zoo,Back Bay,42.3437765,-71.083342,Hotel room,1131,1,363,0,,
1653103915669793749,3 Rooms for Family w/ Pets! | Free Breakfast,Back Bay,42.3437765,-71.083342,Hotel room,1131,1,363,0,,
1653103917841793795,4 Rooms near Museum of Science - 1.8 miles,Back Bay,42.3437765,-71.083342,Hotel room,1508,1,362,0,,
1678291976108733895,(New1f) Front-Facing 1BR on Newbury Street,Back Bay,42.34875,-71.08144,Entire home/apt,287,1,73,2,2,2026-06-04
929274223001610653,Back Bay Simple Studio Apartment,South End,42.34167,-71.08246,Entire home/apt,312,1,259,44,1.23,2026-05-07
1699469161421221262,"Modern South End Stay, Stay Tonight!",South End,42.33944319338426,-71.07788080676814,Entire home/apt,318,1,288,0,,
1654383365993117137,"Tri-level, Skylighted, Faneuil Hall/Quincy Market",Downtown,42.359673934107285,-71.05721650533116,Entire home/apt,302,29,305,4,2.55,2026-06-02
1663425921699152738,305M Spacious 1BR Boston | Prime Location + Dining,Downtown,42.3572442,-71.06097989999999,Entire home/apt,202,29,275,1,1,2026-05-21
52883886,Spectacular views in a spacious Beacon Hill 2bd2ba,Downtown,42.35819625854492,-71.06234741210938,Entire home/apt,406,29,258,13,0.24,2025-12-14
779875059629800062,Beacon Hill 2 bed apt affordable,Beacon Hill,42.35824311593556,-71.06601636102484,Entire home/apt,149,29,214,7,0.31,2025-11-25
48807191,Boston Common Loft w/ in-unit washer dryer,Downtown,42.35524,-71.06022,Entire home/apt,431,1,48,292,4.64,2026-05-28
34936983,Beacon Hill Home,Beacon Hill,42.35923,-71.06602,Entire home/apt,166,29,219,13,0.20,2026-05-01
914597481157436053,"(W1) Prime Area, Best Restaurants, W/D, South End!",South End,42.33771319476956,-71.07617773563585,Entire home/apt,252,1,195,73,2.01,2026-05-18
1699470003331668276,"The Concord, Boutique Stay Near the T",South End,42.33873,-71.07823,Entire home/apt,405,1,293,0,,
21369962,Beacon Hill Designer Suite with Roof deck,Downtown,42.35748,-71.06156,Entire home/apt,221,29,263,67,0.64,2026-06-01
1684248127422224797,Sun-Filled 1BR Steps from Public Garden,Back Bay,42.34876,-71.08176,Entire home/apt,326,1,352,0,,
46982246,Designer Lux 4bed Loft | Steps to the State House,Downtown,42.35746,-71.06085,Entire home/apt,581,1,42,352,5.32,2026-05-18
1539235503251432260,Stylish Exposed Brick 3BR!,Downtown,42.35613,-71.06153,Entire home/apt,843,29,196,4,0.70,2026-02-09
669738658809306751,Most attractive 1 bedroom apt with 2 beds Boston,Beacon Hill,42.35974,-71.06582,Entire home/apt,149,29,195,12,0.32,2026-05-10
1073358649239417965,Beautiful 1Bedroom Apartment in Beacon Hill Boston,Beacon Hill,42.358629296698794,-71.06915347405202,Entire home/apt,163,29,42,4,0.18,2026-05-04
1329952956052871934,Amazing 1Bedroom in Beacon Hill,Beacon Hill,42.35824,-71.07058,Private room,81,29,62,4,0.39,2026-05-31
27323777,Vintage Studio in Beacon Hill. Walk Everywhere,Beacon Hill,42.35945,-71.06551,Entire home/apt,184,29,176,86,0.90,2026-05-02
901710601502074888,Best 1 bed 1 living r with extra sofa bed Boston,Beacon Hill,42.35916,-71.06762,Entire home/apt,174,29,236,5,0.23,2026-04-02
41360515,Delightful Beacon Hill 1 Bed | 1 Bath,Beacon Hill,42.35803,-71.0711,Entire home/apt,178,29,228,34,0.44,2026-05-21
602328498990797248,Affordable Cozy 2 bed room apt Beacon Hill Boston,Beacon Hill,42.36038,-71.06589,Entire home/apt,146,29,165,13,0.27,2026-05-16
1179675541955500778,Elegant Beacon Hill Apt by MBTA,Downtown,42.3581485,-71.0624814,Entire home/apt,283,29,200,5,0.46,2026-04-27
770557500197301585,Amazing 1 bedroom apt in Boston,Beacon Hill,42.35936740577958,-71.06949858833637,Entire home/apt,144,29,211,9,0.26,2026-05-31
1036352598067186112,Marathon 5 minutes Away!  Large Garden Level Room,Back Bay,42.3449329085284,-71.07987972069864,Private room,247,5,364,8,0.26,2026-06-15
616616290168209593,City Studio | Wake Up to Public Garden & Back Bay,Beacon Hill,42.35624,-71.07335,Entire home/apt,138,29,67,13,0.26,2026-05-04
29982429,Copley House Queen Studio,Back Bay,42.3452,-71.07911,Entire home/apt,290,1,312,94,1.06,2026-05-18
685264730379800426,Top three bed apt in heart of Boston Beacon Hill,Beacon Hill,42.3595,-71.06517,Entire home/apt,183,29,233,2,0.07,2024-11-13
4461901,"Explore Newbury St, Fenway, and Chinatown Nearby,",South End,42.34447,-71.07644,Entire home/apt,441,1,338,191,1.42,2026-05-25
638978335989826229,Wonderful 2 Bedroom in Beacon Hill Boston,Beacon Hill,42.35862,-71.06927,Entire home/apt,155,29,173,3,0.07,2025-09-07
1295019990282542486,Sweet 1Bedroom in Beacon Hill area,Beacon Hill,42.36098,-71.06669,Private room,78,29,80,2,0.56,2026-05-07
60356,Bookcase 1bd facing Boston Common,Beacon Hill,42.35894,-71.0631,Entire home/apt,162,32,231,20,0.13,2026-04-30
1242160619398844400,"Room + 2 Bath | Beacon Hill, Walk to MGH, Back Bay",Beacon Hill,42.35698,-71.07214,Private room,73,29,259,4,0.20,2026-04-30
571845113465671243,Most lovely 3 Bedroom apt in Beacon Hill Boston,Beacon Hill,42.36103090207266,-71.06517672302819,Entire home/apt,207,29,245,9,0.23,2026-04-30
1291585132679609700,Attractive 1Bedroom in Beacon Hill Area,West End,42.36123817262358,-71.06718287861436,Private room,136,29,45,2,0.50,2026-06-01
1073404636765576866,Super Cozy 2-Bedroom apartment in downtown Boston,Beacon Hill,42.36005,-71.06669,Entire home/apt,194,29,256,6,0.26,2025-11-03
1290797208478230439,Comfortable 1Bedroom in Beacon Hill,Beacon Hill,42.35978,-71.06751,Private room,107,29,34,4,0.24,2026-03-30
1595279857938417957,"Renovated Studio, steps to MGH, Suffolk, Sleeps 4",Beacon Hill,42.360856302996915,-71.06547843029482,Entire home/apt,558,29,259,3,0.72,2026-03-08
638473569363708335,Lovely 1 bedroom apartment in Beacon Hill Boston,Beacon Hill,42.35849,-71.06928,Entire home/apt,163,29,42,10,0.24,2025-11-06
1502373680075815207,Cozy&Modern 2Br 2Ba unit downtown Boston /King Bed,Downtown,42.35034,-71.06369,Entire home/apt,1097,2,237,8,0.98,2026-05-25
1289377475491297913,Cozy 1 Bedroom in Beacon Hill,Beacon Hill,42.35848,-71.06554,Private room,109,29,34,5,0.30,2026-05-26
1356695493318804992,Boston 2Bedroom Apartment,Beacon Hill,42.35925064268014,-71.06740485853419,Entire home/apt,196,29,245,1,0.12,2025-10-08
1662463260715119547,308M Modern Spacious Studio Near Boston Common TD,Downtown,42.35700970299691,-71.06202085250342,Entire home/apt,273,29,349,3,1.58,2026-05-16
1592039677348594226,"Blueground | Downtown Crossing, view, nr Park",Downtown,42.3568745,-71.06073909999999,Entire home/apt,,30,185,0,,
623029409486034434,Modern Boston One Bedroom with Luxury Amenities,Downtown,42.357354481600005,-71.05793654164002,Entire home/apt,274,32,343,0,,
1136149976587613974,Penthouse luxury suite.  Huge great room. 3 beds.,Downtown,42.3563603,-71.0617784,Entire home/apt,1168,29,256,35,1.33,2025-02-05
1585625790860294348,701M NEW Luxury Boston Studio By Hospitals Subway,Downtown,42.35598,-71.06017,Entire home/apt,264,29,168,0,,
769614253675332089,Rare Beacon Hill Gem,Beacon Hill,42.3585533,-71.06614259999999,Entire home/apt,1177,29,224,6,0.17,2024-08-04
1680034445442023695,303M Boston Airbnb | Downtown Corporate Stay Wifi,Downtown,42.3572442,-71.06097989999999,Entire home/apt,263,29,254,0,,
1136158151999510243,Downtown Loft perfect for group 3 bed 3 bath,Downtown,42.35602,-71.06094,Entire home/apt,1168,29,256,12,0.47,2025-02-09
1592046971009840236,"Blueground | Downtown Crossing, view, nr Park",Downtown,42.3568745,-71.06073909999999,Entire home/apt,,30,318,0,,
1134789334489832039,Luxury 3 bedroom 3 bathroom downtown loft,Downtown,42.3563603,-71.0617784,Entire home/apt,993,29,256,20,0.76,2025-02-23
1592038926035386075,"Blueground | Downtown Crossing, view, nr Park",Downtown,42.3568745,-71.06073909999999,Entire home/apt,,30,325,0,,
1680531246259619504,308M Boston Corporate Housing | Fast WiFi Spacious,Downtown,42.35681,-71.06192,Entire home/apt,273,29,349,0,,
47052910,One Bedroom Apartment In Luxury Boston High Rise,Downtown,42.35943,-71.05776,Entire home/apt,265,32,293,2,0.03,2022-06-04
1680497815663366834,307M Corporate Housing Boston | Best Downtown Stay,Downtown,42.3572442,-71.06097989999999,Entire home/apt,272,29,353,0,,
20152689,Cozy Room in the Heart of Boston (MGH/Downtown),Beacon Hill,42.36019,-71.064,Private room,81,29,163,203,1.89,2025-05-07
1592039423392763427,"Blueground | Downtown Crossing, view, nr Park",Downtown,42.3568745,-71.06073909999999,Entire home/apt,,30,311,0,,
1680478323113114529,305M Downtown Boston MTR | King Bed + Fast Wi-Fi,Downtown,42.3572442,-71.06097989999999,Entire home/apt,258,29,275,0,,
7513906,"Sleek Rental in Beacon Hill, Near TD Garden/MGH #6",Beacon Hill,42.36017,-71.06346,Entire home/apt,239,29,299,225,1.74,2023-11-15
1600116812391318227,805M Luxury One Bedroom Downtown Boston Commons,Downtown,42.35623,-71.05959,Entire home/apt,273,29,237,0,,
1598976050553025559,703M Brand NEW Luxury Studio Near Hospitals Subway,Downtown,42.35598,-71.06012,Entire home/apt,264,29,223,0,,
1599441772887184739,702M NEW Huge Studio Downtown Boston Extended Stay,Downtown,42.35805,-71.06039,Entire home/apt,275,29,223,0,,
20137476,Cozy Room in Beacon Hill/MIT/MGH! (Room A),Beacon Hill,42.35966,-71.06538,Private room,117,29,131,187,1.74,2026-03-07
1600071580051991697,802M NewPrivateStudio|DowntownBoston|500ft to T,Downtown,42.35621,-71.06168,Entire home/apt,276,29,192,0,,
53146859,Newly Designed Loft - Fast Wifi - Pet Friendly,Downtown,42.35575,-71.05828,Entire home/apt,287,1,86,156,2.82,2026-05-29
1271333272016630031,Renovated Studio Government Center/Quincy Market,Downtown,42.36119978540695,-71.05766733166148,Entire home/apt,319,30,222,0,,
7837202,"Beacon Hill – Prime Location, Near TD Garden #15",Beacon Hill,42.36017,-71.06346,Entire home/apt,358,1,288,196,1.59,2026-06-14
1598841999611990403,706M New Huge Studio in Boston By Subway Hospitals,Downtown,42.35756,-71.06185,Entire home/apt,264,29,223,0,,
1700120364257276465,South End Studio | Close to Hospitals,Back Bay,42.3431998,-71.08314659999999,Entire home/apt,271,1,158,0,,
1558065213185887383,Pet Friendly Studio | Walk to MGH,Downtown,42.35439,-71.05775,Entire home/apt,300,1,84,17,2.51,2026-05-31
1068856744515000133,Cozy Room in Beacon Hill. Walk to MGH/Downtown/MIT,West End,42.361462016223996,-71.06394908771946,Private room,188,29,364,0,,
1600089975962997132,804M Luxury Downtown Boston 1Bed Walk to T ExtStay,Downtown,42.3573,-71.05972,Entire home/apt,273,29,223,0,,
1700153233863142244,Airy Studio Boston's South End!,Back Bay,42.3431998,-71.08314659999999,Entire home/apt,312,1,195,0,,
41186382,Cozy Room in Beacon Hill/MIT/MGH. Walk Everywhere!,West End,42.36145,-71.06411,Private room,79,29,214,12,0.26,2026-03-28
1653103897594848209,Pet-Friendly Stay near Newbury Street - 0.5 miles,Back Bay,42.34378,-71.08334,Hotel room,328,1,290,0,,
1595272585629229507,"Tri-level, Skylighted, Faneuil Hall/Quincy Market",Downtown,42.361615317116005,-71.0571027072441,Entire home/apt,911,29,257,0,,
7911936,Beacon Hill Rental Steps to MGH & TD Garden – #1,Beacon Hill,42.36017,-71.06346,Entire home/apt,286,1,335,256,1.97,2026-05-18
1561683040197921576,Luxury 1BR | South End | Walk Score 99!,South End,42.34778,-71.07192,Entire home/apt,191,30,162,0,,
51872976,"Blueground | Back Bay, gym, nr newbury st",Back Bay,42.348633,-71.074088,Entire home/apt,,30,323,1,0.04,2024-06-17
604223920210757772,"Blueground | S. End, w/d & Gym, nr sowa district",South End,42.33856,-71.06907,Entire home/apt,,30,300,0,,
967177743613744573,"Southend PH w/Roofdeck
World Cup/4th of July",South End,42.34309827458531,-71.07708044350147,Entire home/apt,913,1,262,21,0.80,2026-06-06
7531700,Prime Rental by MGH & TD Garden – Beacon Hill #3,Beacon Hill,42.36017,-71.06346,Entire home/apt,365,1,334,226,1.72,2026-06-10
542466980559114057,"Blueground | Back Bay, w/d & gym, nr copley sq",Back Bay,42.34863,-71.07409,Entire home/apt,,30,351,1,0.02,2023-01-21
1342270874989888039,Fantastic 1bedroom apt + 1 bed @living room Boston,Beacon Hill,42.35910380670795,-71.06906096246558,Entire home/apt,174,29,254,0,,
1335809409414167467,Wonderful 1Bedroom in Beacon Hill,Beacon Hill,42.360295447238194,-71.06941311268804,Private room,90,29,224,1,1,2026-06-01
13188501,Cobblestone Way on Beacon Hill-walk to MGH Subway,Beacon Hill,42.36104,-71.07129,Entire home/apt,117,32,119,16,0.13,2025-12-31
676257209720573421,Top quality 3 bed apt in heart of Boston,Beacon Hill,42.35907,-71.06728,Entire home/apt,160,29,195,11,0.25,2026-05-11
689607534898158572,"Blueground | Back Bay, gym & roof, nr copley sq",Back Bay,42.348633,-71.074088,Entire home/apt,,30,279,0,,
1462184658651827341,"Blueground | South of Washington, nr Boston Common",South End,42.33855729999999,-71.06907079999999,Entire home/apt,,30,320,0,,
1326112732218254961,"Stately on Cedar - Unit 1, near MGH - NEW",Beacon Hill,42.36005,-71.0714,Entire home/apt,471,29,284,0,,
695918936959621754,Most affordable 2 room studio Boston beacon hill,Beacon Hill,42.36017,-71.07099,Entire home/apt,162,29,226,19,0.42,2026-04-30
1337267500325551546,Enjoyable 1Bedroom in Beacon Hill,Beacon Hill,42.35838,-71.06782,Private room,93,29,71,1,0.11,2025-09-29
724887655271565890,Amazing 3Bedroom Apartment in Beacon Hill,Beacon Hill,42.36003,-71.06897,Entire home/apt,169,29,202,3,0.07,2025-10-31
1337222955913746210,Amazing 1Bedroom in Beacon Hill,Beacon Hill,42.35869,-71.06927,Private room,97,29,192,3,0.25,2026-01-12
47775251,Room w/ 2 Shared Baths. Walk to MGH/Tufts/Back Bay,Beacon Hill,42.35638,-71.07139,Private room,89,29,295,9,0.15,2025-07-02
611835367254543088,Comfortable 2-bedroom apartment in downtown Boston,Beacon Hill,42.35823565460668,-71.06924159274057,Entire home/apt,152,29,158,5,0.12,2025-02-23
1662491884371392277,303B Downtown Boston Studio Steps to Shops & Parks,Downtown,42.35642630261165,-71.06024240981438,Entire home/apt,455,2,56,1,1,2026-05-19
1409368735581082096,Queen Room Next to Public Garden,Beacon Hill,42.35683,-71.07134,Private room,125,29,89,0,,
47492421,"Downtown Central Studio w Fast WIFI, Keyless Entry",Downtown,42.35533,-71.05769,Entire home/apt,214,1,245,234,3.73,2026-05-18
1689950476594446272,Spacious and Simple 3BR Apartment,Downtown,42.3550827,-71.06209729999999,Entire home/apt,593,1,194,0,,
47384208,Prime Location | Beacon Hill & Financial District,Downtown,42.35427,-71.05991,Entire home/apt,244,1,201,233,3.59,2026-05-31
1426782635677572891,Downtown Boston Famous Nightlife Theater District,Downtown,42.35209915609022,-71.0652082740621,Entire home/apt,269,1,320,46,3.88,2026-06-12
1024653749331420285,Boston Central Location Famous Nightlife Chinatown,Downtown,42.35053530592508,-71.06397943403081,Entire home/apt,360,1,265,83,2.71,2026-05-30
1263156175523555614,Best Location Studio In Downtown Boston,Downtown,42.355056736770834,-71.06221200170934,Entire home/apt,304,1,276,6,0.31,2025-10-01
611624616309990699,Lovely 1 bedroom apartment in downtown Boston,Beacon Hill,42.35805,-71.06792,Entire home/apt,141,29,214,9,0.19,2024-02-10
1290810952888918279,Nice 1Bedroom in Beacon Hill Area,Beacon Hill,42.3595,-71.06692,Private room,137,29,33,0,,
1617627523291500034,Best location; short walk to points of interest!,Beacon Hill,42.3588921,-71.07148029999999,Private room,199,29,156,0,,
1074740335760498573,Beautiful 2 Bedroom in Beacon Hill Boston,Beacon Hill,42.36003,-71.06735,Entire home/apt,157,29,148,1,0.07,2025-03-19
772147697509231116,Nicest 1bedroom apt with 2beds in Boston,Beacon Hill,42.36017967439299,-71.06712181856926,Entire home/apt,168,29,225,5,0.18,2025-10-10
772490458038747328,Boston 2 Bedroom Apartment,Beacon Hill,42.358534336470825,-71.06795589245175,Entire home/apt,157,29,173,4,0.11,2024-12-26
1142802454227750655,Beacon Hill Pied ~a~Terre,Beacon Hill,42.3593,-71.06664,Private room,145,29,136,9,0.35,2024-08-25
1074683137531183017,Cozy 2-Bedroom Apartment in Downtown Boston,Beacon Hill,42.36012,-71.06878,Entire home/apt,146,29,175,0,,
594797282646385297,"Blueground | Symphony, doorman & biz center",Fenway,42.34449130000001,-71.086708,Entire home/apt,,30,278,0,,
1437079335042286417,One-bedroom apartment in Boston's central Back Bay,Fenway,42.34498794768727,-71.08758718471219,Entire home/apt,265,32,302,0,,
1024726941744490674,Stunning 1BR | Steps to Fenway!,Fenway,42.34875257267978,-71.09304196081419,Entire home/apt,294,29,88,57,1.82,2025-01-25
49512414,Bay Village Charm | 99 WalkScore | Short/Long Stay,Downtown,42.34979,-71.06544,Entire home/apt,279,1,211,215,3.48,2026-05-20
1292909012280747979,Best 1Bedroom in Beacon Hill Area,Beacon Hill,42.35992,-71.06967,Private room,70,29,43,0,,
46982800,4br/2ba | 200mbps Internet | Luxury Keyless Entry,Downtown,42.35666,-71.06026,Entire home/apt,469,1,37,288,4.64,2026-05-26
1668178236113199075,Safe Studio near Hospitals in Boston,Downtown,42.35256,-71.06399,Entire home/apt,1322,1,365,0,,
48805065,Luxury at a Discount | 3br/2ba | 200mbps Internet,Downtown,42.35533065332528,-71.06073938142121,Entire home/apt,381,1,25,322,5.18,2026-05-30
1476228381905125230,2BR Penthouse Boston Common DT,Chinatown,42.351576458355645,-71.06278286983643,Entire home/apt,1315,1,166,6,0.71,2026-05-17
47384597,Luxury at a Discount!!  2br/2ba | 200mbps Internet,Downtown,42.35397,-71.05798,Entire home/apt,349,1,238,266,4.27,2026-04-21
34133759,"Blueground | Back Bay, gym, doorman, nr t station",Back Bay,42.348633,-71.074088,Entire home/apt,,30,303,1,0.02,2022-05-11
604951714437257587,"Blueground | Back Bay, gym, nr newbury st",Back Bay,42.348633,-71.074088,Entire home/apt,,30,316,1,0.04,2024-03-03
1700106502826715801,Private Studio | Back Bay,Back Bay,42.3426474,-71.0831951,Entire home/apt,204,1,263,0,,
1181310032137804996,The Chester: Penthouse One Bedroom,Roxbury,42.339042,-71.0803574,Entire home/apt,592,1,255,69,2.89,2026-06-06
34974052,"Blueground | Back Bay, gym, doorman, nr t station",Back Bay,42.348633,-71.074088,Entire home/apt,,30,303,0,,
1563107013526803287,Cozy Studio in the South End,Fenway,42.34182,-71.08417,Entire home/apt,226,1,186,7,1.26,2026-05-25
1659850825607717468,Welcome One Bed One Bath next to Commercial  Area,Back Bay,42.34726,-71.07899,Entire home/apt,257,1,355,3,2.73,2026-05-28
1518939235152258912,Comfortable  Studio next to Prudential Center,Back Bay,42.34619,-71.08116,Entire home/apt,198,1,230,47,5.38,2026-06-05
1181310150835395666,The Chester: Urban Chic Stay In South End,Roxbury,42.339042,-71.0803574,Entire home/apt,443,1,274,27,1.14,2026-05-20
1206563557370155347,Stylish Studio in Historic Row House,South End,42.34288111977049,-71.07874188009886,Entire home/apt,336,1,331,34,1.53,2026-06-11
1419572511823380490,"Blueground | Prudential, gym & w/d, nr library",Back Bay,42.348247,-71.0805179,Entire home/apt,361,30,365,0,,
44132493,Sophisticated 1BR in Downtown Boston,Chinatown,42.352093,-71.06081,Entire home/apt,258,30,362,3,0.06,2023-07-09
51621253,Historic Meets Modern | 2BR in Central Boston,Chinatown,42.352093,-71.060806,Entire home/apt,,29,341,14,0.25,2023-07-09
964946317221888957,"Blueground | Back Bay, rooftop & gym, nr shops",Back Bay,42.34603,-71.07867759999999,Entire home/apt,,30,318,0,,
10427882,The Boston Christopher One Bedroom,South End,42.3432,-71.07846,Entire home/apt,218,29,158,69,0.55,2021-04-11
615627054340788049,"Blueground | Theatre District, gym, nr boylston t",Downtown,42.3511858,-71.06401699999999,Entire home/apt,,30,333,0,,
8553163,"Boston, Back Bay Condo w/Private Roof Deck",Back Bay,42.34542,-71.08055,Entire home/apt,268,29,215,119,1.06,2022-04-30
53307955,"Blueground | Downtown, amenities & rooftop views",Downtown,42.3511858,-71.06401699999999,Entire home/apt,,30,285,0,,
1044093859255714308,"Blueground | Chinatown/Theater Dist, gym, nr t",Downtown,42.3511858,-71.06401699999999,Entire home/apt,,30,308,0,,
759893468198280917,"Blueground | Theatre District, gym, nr theaters",Downtown,42.3511858,-71.06401699999999,Entire home/apt,,30,304,0,,
1318860237602136411,"Blueground | Back Bay, gym, doorman, nr Esplanade",Back Bay,42.348129,-71.080849,Entire home/apt,,30,53,0,,
754921465460632358,"Blueground | Downtown/Financial Dist, w/d & gym",Chinatown,42.3522851,-71.05910879999999,Entire home/apt,,30,108,0,,
1335492000920169037,"Blueground | Chinatown, gym & w/d, nr restaurants",Downtown,42.3511858,-71.06401699999999,Entire home/apt,,30,356,0,,
802781307558619461,"Blueground | Chinatown/Theater Dist, gym, nr t",Downtown,42.3511858,-71.06401699999999,Entire home/apt,,30,305,0,,
1026784173862325672,Elegant FIDI 1BR in the Theater District,Chinatown,42.352093,-71.06081,Entire home/apt,263,30,362,1,0.03,2024-01-13
765841775181131141,"Blueground | Chinatown/Theater Dist, gym, nr t",Downtown,42.3511858,-71.06401699999999,Entire home/apt,,30,312,0,,
828014040320230036,"Blueground | Financial District, gym, nr greenway",Chinatown,42.3522851,-71.05910879999999,Entire home/apt,,30,358,1,0.03,2023-05-11
821501113985650809,"Blueground | Chinatown/Theater Dist, gym, nr t",Downtown,42.3511858,-71.06401699999999,Entire home/apt,,30,304,0,,
1318863747566361341,"Blueground | Back Bay, w/d, nr Prudential Center",Back Bay,42.3491652,-71.0807758,Entire home/apt,,30,319,0,,
1167128067512157867,"Blueground | Chinatown/Theater Dist, gym, nr food",Downtown,42.35119,-71.06402,Entire home/apt,,30,305,0,,
1090545,ExclusiveBackBayBostonCtr-EntireFloorBrick townhse,Back Bay,42.34475,-71.08204,Private room,216,29,365,117,0.74,2019-12-06
1167125077761442714,"Blueground | Chinatown/Theater Dist, gym, nr bars",Downtown,42.3511858,-71.06401699999999,Entire home/apt,,30,290,0,,
1197060872511521171,"Blueground | Theater Dist, gym, lounge & A/C",Downtown,42.3511858,-71.06401699999999,Entire home/apt,,30,45,0,,
757022023725678837,"Blueground | Back Bay, gym, nr Prudential Center",Back Bay,42.3491652,-71.0807758,Entire home/apt,,30,305,0,,
2701124,Charlesview Suites Back Bay,Back Bay,42.34492,-71.08482,Entire home/apt,310,29,365,74,0.52,2022-07-06
1561230161267326078,Elegant Furnished Studio | Complete Kitchen,Chinatown,42.352093,-71.06081,Entire home/apt,235,30,357,0,,
775261963711450110,"Blueground | Downtown, w/d & gym, nr greenway",Chinatown,42.3522851,-71.05910879999999,Entire home/apt,,30,304,0,,
580340188480812217,"Blueground | Downtown, gym & w/d, nr sth station",Chinatown,42.35229,-71.05911,Entire home/apt,,30,295,0,,
43277439,"Prime Boston 2BR w Balcony in FIDI, nr Tufts",Chinatown,42.352093,-71.06081,Entire home/apt,,29,341,61,0.94,2025-02-23
580336513335041407,"Blueground | Downtown, gym & w/d, nr sth station",Chinatown,42.35229,-71.05911,Entire home/apt,,30,345,0,,
756324133930417059,"Blueground | Downtown/Financial Dist, w/d & gym",Chinatown,42.3522851,-71.05910879999999,Entire home/apt,,30,259,0,,
1222321840761148771,"Blueground | FiDi, parking, w/d, gym & a/c",Chinatown,42.3522851,-71.05910879999999,Entire home/apt,,30,341,0,,
1318861742512764409,"Blueground | Back Bay, w/d & gym, nr T & shops",Back Bay,42.348129,-71.080849,Entire home/apt,,30,335,0,,
1419573144690598488,"Blueground | Prudential, gym & w/d, nr library",Back Bay,42.348645,-71.0793489,Entire home/apt,,30,320,0,,
1558832071785719114,Unmatched Downtown Boston | Steps to It All,Chinatown,42.352093,-71.06081,Entire home/apt,220,30,357,1,0.68,2026-05-04
12899321,Sleek 1 Bedroom in Boston's Financial District,Chinatown,42.35184,-71.06003,Entire home/apt,265,32,310,4,0.03,2023-10-14
44060070,Historic Meets Modern | 1BR in Central Boston,Chinatown,42.352093,-71.06081,Entire home/apt,258,30,362,2,0.03,2026-02-28
580339876979371264,"Blueground | Downtown, gym & w/d, nr sth station",Chinatown,42.35229,-71.05911,Entire home/apt,,30,77,0,,
43267987,Elegant FIDI 1BR | Premium Amenities,Chinatown,42.352093,-71.06081,Entire home/apt,263,30,362,80,1.22,2023-11-27
787547697386254974,"Blueground | Financial District, gym, nr greenway",Chinatown,42.3522851,-71.05910879999999,Entire home/apt,,30,282,0,,
786807008620011176,"Blueground | Downtown, w/d & gym, nr greenway",Chinatown,42.3522851,-71.05910879999999,Entire home/apt,,30,306,0,,
51633385,High-Floor Modern 1BR | Boston Theater Area,Chinatown,42.352093,-71.060806,Entire home/apt,289,30,361,8,0.15,2025-10-17
1289265010583150116,Cozy Studio Steps from Boston Common and Theaters,Downtown,42.35056,-71.06409,Entire home/apt,143,30,346,4,0.59,2026-03-23
1431225044591479722,Modern Apartment Back Bay,Back Bay,42.3459685,-71.0847361,Entire home/apt,365,30,288,0,,
41785889,"Blueground | Downtown, gym, doorman, nr chinatown",Chinatown,42.35229,-71.05911,Entire home/apt,,30,351,0,,
38168575,Evon | Back Bay Convention CTR | Cozy Studio S9,Back Bay,42.34373,-71.08324,Entire home/apt,275,29,118,18,0.22,2020-03-23
704785038887176281,"Blueground | Back Bay, gym, nr Copley Sq",Back Bay,42.348129,-71.080849,Entire home/apt,,30,335,0,,
1318863300761922605,"Blueground | Back Bay, gym & w/d, nr Copley Sq",Back Bay,42.348129,-71.080849,Entire home/apt,,30,318,0,,
1318861362696113305,"Blueground | Back Bay, w/d & gym, nr T & shops",Back Bay,42.348129,-71.080849,Entire home/apt,,30,297,0,,
683768558849092912,"Blueground | Back Bay, w/d, nr Newbury St",Back Bay,42.3491652,-71.0807758,Entire home/apt,,30,305,0,,
776610853880546976,"Blueground | Downtown, w/d & gym, nr greenway",Chinatown,42.3522851,-71.05910879999999,Entire home/apt,,30,148,0,,
1167376221611564356,"Blueground | Chinatown, w/d, nr green line & bars",Downtown,42.35119,-71.06402,Entire home/apt,,30,180,0,,
1618877150048011347,"Great Beacon Hill location, close to Mass General.",Beacon Hill,42.35848,-71.0704,Private room,141,29,156,0,,
22627055,The Boston Christopher Grand Studio Suite,South End,42.34291,-71.07848,Entire home/apt,223,29,364,4,0.04,2020-03-01
1583274153530895477,"Blueground | Downtown Crossing, view, nr Park",Downtown,42.3568745,-71.06073909999999,Entire home/apt,,30,295,0,,
2126053,"Studio, w kitchenette, in owner's Beacon Hill home",Beacon Hill,42.35771,-71.06978,Entire home/apt,99,29,235,134,0.90,2026-05-01
1585596595608495826,704M New Apartment Downtown Near Hospitals Subway,Downtown,42.35606138609535,-71.06173410275468,Entire home/apt,277,29,160,2,0.77,2026-05-31
849316099483773204,Charming Theater District 1Br | Walk Anywhere!,Bay Village,42.34974,-71.06737,Entire home/apt,230,29,184,39,0.99,2023-12-07
46791156,One-Bedroom in Back Bay with Boston Skyline Views,Fenway,42.34353,-71.08747,Entire home/apt,265,32,359,1,0.03,2023-08-08
1503695076978927816,Beacon Hill - Historic Elegance,Beacon Hill,42.35974,-71.06427,Entire home/apt,547,1,339,24,2.61,2026-06-05
23127262,Single family home on historic Winthrop Square.,Charlestown,42.37489,-71.05995,Entire home/apt,,2,0,36,0.38,2024-08-05
50074885,Comfortable Downtown Retreat Near Public Garden,Downtown,42.3510893,-71.0698111,Private room,,1,0,0,,
8231382,Sunny Studio near Airport & Train station,East Boston,42.37594,-71.03634,Entire home/apt,51,31,247,165,1.28,2026-03-17
23287236,Lrge 2 Bed/Bath by MGH | Modern Bldg | Safe Area,West End,42.3643198,-71.068221,Entire home/apt,255,29,325,11,0.12,2024-07-06
39199659,Private Designed Bedroom Long Term by Downtown,Roxbury,42.32351,-71.06885,Private room,95,12,13,19,0.25,2026-04-05
8112652,Boston University Harvard MIT,Allston,42.35602,-71.13658,Private room,15,91,303,12,0.09,2022-12-22
23289684,Large 1BD Apt by MGH | Modern Bldg I Quite | Safe,West End,42.3645578,-71.0692521,Entire home/apt,,29,308,16,0.17,2024-11-16
40481158,Hospital Haven,Mission Hill,42.32787,-71.10877,Private room,76,30,54,24,0.32,2025-09-30
36237250,"Staypineapple Boston, Back Bay King",South End,42.34692,-71.07065,Private room,,1,0,791,9.82,2025-11-09
8552338,Sunny Room  Allston,Allston,42.36019,-71.13518,Private room,,91,0,27,0.21,2018-07-02
23147024,"Clean, cozy, and close to everything!",Longwood Medical Area,42.33837,-71.10728,Entire home/apt,,91,0,26,0.25,2018-09-27
23316169,Charming Boston Condo - 5 Stars & Superhost!,Roxbury,42.33031,-71.09377,Entire home/apt,42,91,200,56,0.58,2026-04-26
23380501,Private room with Queen bed and two closets.,Roxbury,42.31672,-71.09001,Private room,17,40,312,11,0.11,2024-12-11
7664646,Large Luxury Condo near Boston T,Jamaica Plain,42.31399,-71.10814,Entire home/apt,58,180,362,0,,
8584276,Furnished Back Bay 345,Back Bay,42.34904,-71.08749,Entire home/apt,,180,0,9,0.07,2021-12-18
23800657,Luxurious Back Bay Studio,Back Bay,42.35364,-71.07666,Entire home/apt,,29,55,68,0.67,2026-04-04
40023655,Steps away from the Shawmut station!!(room 2),Dorchester,42.29158,-71.06867,Private room,,30,61,8,0.11,2025-11-22
40538985,Contemporary South End Condo,South End,42.33943,-71.07558,Entire home/apt,,60,0,7,0.10,2023-04-18
23801768,Cozy Studio in East Boston 2120,East Boston,42.36603,-71.04077,Entire home/apt,,91,89,1,0.01,2019-09-03
8908145,"Elegant, spacious boudoir with fireplace.",Jamaica Plain,42.30932,-71.11197,Private room,60,91,365,15,0.12,2019-10-21
8645254,"Lovely, Quiet Room",Hyde Park,42.25933,-71.11792,Private room,15,91,220,18,0.15,2026-05-10
41262612,Guest Room and Private Bath in Meeting House Hill,Dorchester,42.30409,-71.0647,Private room,,7,0,87,1.10,2024-09-21
41785294,"Blueground | Downtown, gym, doorman, nr chinatown",Chinatown,42.35229,-71.05911,Entire home/apt,,30,7,0,,
8923817,"Elegant studio,kitchn, soaking tub",Jamaica Plain,42.30918,-71.11283,Private room,69,91,365,23,0.18,2018-10-21
24090510,D room,Dorchester,42.31105,-71.05139,Private room,,29,0,114,1.13,2020-03-10
24094681,LARGE studio in heart of Back Bay Marathon closeby,Back Bay,42.34978,-71.07918,Entire home/apt,,91,0,1,0.01,2018-04-16
24087726,C room,Dorchester,42.31012,-71.05149,Private room,,29,0,131,1.30,2020-03-15
41876957,The Roseclair Redline ~ Bedroom #3 | w/AC & W/D,Dorchester,42.3228,-71.06016,Private room,53,29,285,4,0.05,2025-08-16
9216838,"Big, Bright, and Spacious Bedroom",Allston,42.35295,-71.12866,Private room,,91,0,10,0.08,2018-02-25
9301075,Double in Arts & Crafts Bungalow,West Roxbury,42.2779,-71.14423,Private room,,29,0,66,0.51,2019-10-30
24600107,Entire Home in JP! Perfect for families!,Jamaica Plain,42.29836,-71.11046,Entire home/apt,,29,0,10,0.10,2020-08-28
9340410,Two rooms in Arts & Crafts Bungalow,West Roxbury,42.2779,-71.14423,Private room,,29,0,133,1.07,2020-02-03
24265005,Eclectic 2 bd. apt in Victorian artist home.,Jamaica Plain,42.30561,-71.11643,Entire home/apt,,2,0,54,0.56,2025-05-26
24563107,Sunny 2Bed Apt River View By Mass General Hospital,West End,42.3645578,-71.0692521,Entire home/apt,296,29,308,23,0.28,2025-01-22
40299766,Back Bay-Around corner from Famous Newbury St,Back Bay,42.3504,-71.08411,Entire home/apt,54,91,309,0,,
24219094,Private Home,Jamaica Plain,42.3008,-71.11699,Entire home/apt,,180,0,113,1.13,2021-07-09
24412927,Cozy Colonial (entire home) near Lower Mills,Mattapan,42.27528,-71.08823,Entire home/apt,,91,0,3,0.03,2018-09-03
9941923,"Big, Bright, Boston Brownstone",Fenway,42.3507,-71.09611,Entire home/apt,,91,0,0,,
9616816,Stunning triplex loft style condo - Quiet building,Roxbury,42.33445358276367,-71.07862854003906,Entire home/apt,96,91,362,0,,
24969609,Beautiful Private Two Bedroom Apt in Boston,Brighton,42.33911,-71.14733,Entire home/apt,,91,0,0,,
47954520,Cozy studio in Bay Village near Public Garden,Downtown,42.35063,-71.06822,Entire home/apt,,3,0,115,1.75,2026-06-21
40173876,Luxurious Boston Penthouse w/roof deck and hot tub,Bay Village,42.34791,-71.07216,Entire home/apt,178,75,122,0,,
10299047,"2BR w deck near subway, downtown & hospitals",Jamaica Plain,42.31442,-71.1046,Entire home/apt,81,45,137,55,0.44,2026-06-03
10524872,Spacious loft in the quiet suburbs #1,Brighton,42.34488,-71.15435,Private room,,60,35,17,0.14,2026-05-31
25025114,Perfect Location in an All Female's Floor,Dorchester,42.29125,-71.06643,Private room,,91,90,8,0.08,2018-08-24
41992786,Home Sweet Home,Dorchester,42.28883,-71.06714,Entire home/apt,48,91,177,4,0.06,2024-12-22
24965806,Back Bay Apartment near MIT and Newbury Street - G,Back Bay,42.35016,-71.09055,Entire home/apt,208,29,47,88,0.89,2025-07-12
25775084,Comfortable & Convenient in Boston w Free Parking!,West Roxbury,42.28065,-71.16837,Private room,26,91,365,27,0.27,2022-08-26
26104302,Studio Apartment at East Pier Near Water,East Boston,42.3663,-71.04144,Entire home/apt,,91,0,1,0.01,2019-05-20
11973196,630 Washington,Downtown,42.35158,-71.0636,Entire home/apt,,91,0,0,,
25416313,Newly renovated Female floor Center of Boston,Dorchester,42.29058,-71.06868,Private room,19,91,365,11,0.11,2023-10-05
12170576,The Metropolitan - in Roslindale,Roslindale,42.28015,-71.1313,Private room,,91,89,3,0.03,2018-10-28
26104687,Lovely Studio Apartment at East Pier,East Boston,42.36682,-71.03979,Entire home/apt,,91,0,7,0.08,2019-11-04
11739985,Two Room Master Suite with Spa Bath,Jamaica Plain,42.31912,-71.10675,Private room,,29,0,180,1.44,2021-01-24
12320063,room in beautiful house,Mission Hill,42.33279,-71.10945,Private room,,91,0,3,0.02,2016-08-14
42708089,"Blueground | Allston, laundry in basement",Brighton,42.3496531,-71.14948140000001,Entire home/apt,,30,1,1,0.02,2021-03-22
25476466,"River Location, City Views-Safe, Walkable,Central!",Fenway,42.3508,-71.09509,Entire home/apt,85,92,362,0,,
26105250,Studio Apartment at East Boston Pier Near Water,East Boston,42.36853,-71.04053,Entire home/apt,,91,0,7,0.07,2019-09-18
11871190,Spacious loft in the quiet suburbs #2,Brighton,42.34423,-71.15483,Private room,,60,0,20,0.16,2025-08-22
26109264,Beautiful Executive Studio in East Boston EB2-31,East Boston,42.36811,-71.04018,Entire home/apt,,91,0,0,,
26109200,Lovely Executive Studio in East Boston EB2-29,East Boston,42.36639,-71.04165,Entire home/apt,,91,0,4,0.05,2019-06-15
12343708,Walk/Bus to Redline Renovated Easy to MIT/Harvard,Dorchester,42.30536,-71.07221,Private room,13,91,365,9,0.07,2017-10-19
41907280,The Grand View ~ Yellow Bedroom | 5BR 2B w/AC & WD,Dorchester,42.31322,-71.06005,Private room,49,29,227,6,0.08,2025-02-06
26131758,Nice Executive Studio in East Boston EB2-33,East Boston,42.36786,-71.04024,Entire home/apt,,91,0,0,,
26132566,Cozy Studio In East Boston EB2-39,East Boston,42.36784,-71.0415,Entire home/apt,,91,0,1,0.01,2019-10-20
12492474,Stay with Fun Family (queen size bed),Mattapan,42.2727,-71.07064,Private room,35,45,305,17,0.14,2025-08-15
26132354,Wonderful Studio In East Boston EB2-37,East Boston,42.36831,-71.04189,Entire home/apt,,91,0,0,,
13044229,"Andrew Sq, South Boston - Modern Condo",South Boston,42.32949,-71.0552,Entire home/apt,,91,0,18,0.15,2017-10-27
43566910,Fort Point Corner of Windows brick & beam loft,South Boston Waterfront,42.34923,-71.0492,Entire home/apt,83,29,220,9,0.18,2026-05-06
26130154,"Spacious Boston Bedroom, Free Parking, next to T!",Jamaica Plain,42.32661,-71.10743,Private room,,2,0,50,0.52,2022-09-18
12949270,"Elegant room, colorful artist home",Jamaica Plain,42.3211,-71.11429,Private room,,91,67,14,0.11,2025-09-28
43977877,Lovely Boston Back Bay/BVTownhouse  Heartof City,Bay Village,42.34871,-71.06951,Entire home/apt,,91,37,2,0.18,2025-12-20
26109078,Executive Studio in East Boston,East Boston,42.36681,-71.04119,Entire home/apt,67,91,269,5,0.06,2019-12-08
44906627,Ultra Comfy Modern in the Center of the South End,South End,42.3425,-71.07495,Entire home/apt,180,29,43,16,0.27,2026-04-09
44242670,"Blueground | Back Bay, gym, nr esplanade",Back Bay,42.348633,-71.074088,Entire home/apt,,30,113,0,,
44549370,"Sunny & Bright 1BR, Longwood Medical Hospitals",Brighton,42.34004,-71.14526,Entire home/apt,,180,170,1,0.01,2021-01-03
45133862,Cozy Studio,Brighton,42.34411,-71.15613,Entire home/apt,,91,113,9,0.14,2026-05-09
26395595,Separate entrance in-law suite in heart of JP,Jamaica Plain,42.30534,-71.11785,Entire home/apt,,1,0,117,1.20,2026-04-20
12351909,Freshly Renovated Studio close to T,Roxbury,42.32659,-71.09618,Entire home/apt,34,91,180,191,1.54,2019-11-13
1697995430464457571,"Historic trolley
Scenic trails
Fenway Park/Boston",Mattapan,42.2698,-71.09032,Entire home/apt,354,1,365,1,1,2026-06-14
45095953,"Blueground | Downtown, doorman, nr boston common",Downtown,42.3522052,-71.06442279999999,Entire home/apt,,30,2,0,,
26849307,Apartment near transit/free parking/self check-in,Hyde Park,42.2506,-71.11746,Entire home/apt,,36,37,64,0.66,2026-06-26
27501160,Classic Boston:  lovely 1br renovated condo!,East Boston,42.37294,-71.03854,Entire home/apt,,29,3,92,0.96,2025-08-31
13239143,Small Room Renovated House Walk/Bus to Redline,Dorchester,42.30536,-71.07221,Private room,12,91,365,7,0.06,2018-06-20
27404136,"2 Bed Apt By Boston Childrens Hosptial, Brigham Hp",Mission Hill,42.33351,-71.10182,Entire home/apt,211,29,311,19,0.23,2023-09-01
27784901,"3br house in S. Boston, near Seaport,BCEC&downtown",South Boston,42.33404,-71.04539,Entire home/apt,,29,0,86,0.90,2020-03-08
27661676,"Luxury 3bd/2ba Townhouse S. Boston, BCEC, Seaport",South Boston,42.33541,-71.04086,Entire home/apt,,29,0,59,0.62,2020-08-09
50879406,Simple Studio on Beacon Hill,Downtown,42.35892,-71.06152,Entire home/apt,227,29,310,23,0.39,2026-04-30
45680018,"Blueground | Symphony, doorman, nr mfa",Fenway,42.34518,-71.08706,Entire home/apt,,30,37,2,0.06,2024-05-31
27879776,"Room w/ private bathroom, near public transit",Hyde Park,42.24936,-71.1174,Private room,25,60,72,45,0.47,2026-06-28
26532751,For students/business Pro Awesome roommate needed,Dorchester,42.28968,-71.06634,Private room,18,91,124,3,0.03,2019-07-25
50573372,"(G) Cozy comfortable room near Harvard, MIT & BU",Allston,42.35695,-71.1304,Private room,19,91,199,2,0.05,2023-06-14
13166405,Spacious loft in the quiet suburbs #4,Brighton,42.34636,-71.15563,Private room,25,60,202,13,0.11,2026-05-03
45354534,"Cozy room in Allston near Harvard, MIT, BU",Allston,42.35767,-71.13035,Private room,18,91,236,7,0.12,2026-05-31
45863993,1 Bedroom City Bungalow close to Downtown Boston,East Boston,42.38007,-71.03074,Entire home/apt,,29,0,3,0.04,2021-02-15
13239882,Off-St. Parking Large Room Clean Renovated House,Roxbury,42.31676,-71.08,Private room,13,91,365,0,,
13249923,"Walk/Bus to Redline/Rail stations, Private Balcony",Dorchester,42.30536,-71.07221,Private room,13,91,365,3,0.02,2017-10-29
27904192,Large 2 Bed/ 2 Bath | Modern Building | Across MGH,West End,42.364629,-71.069212,Entire home/apt,,29,119,10,0.11,2024-10-19
863788,South End | 2BR 2BA | Pet OK | Walk Everywhere!,South End,42.344162,-71.070381,Entire home/apt,,3,0,25,0.16,2024-05-21
3463914,4th of July Dream Spot!,Back Bay,42.35229,-71.08762,Entire home/apt,,91,0,27,0.19,2016-07-17
4757808,Romantic Beacon Hill Studio,Beacon Hill,42.35645,-71.07088,Entire home/apt,,91,0,5,0.04,2015-10-25
5856633,Condo overlooking Boston Harbour,South Boston,42.33073,-71.04691,Entire home/apt,,91,0,1,0.01,2016-05-13
7913309,Studio apartment conveniently located in Downtown,Downtown,42.35419,-71.06178,Entire home/apt,,91,0,21,0.18,2017-08-13
9750118,BACKBAY!!!,Back Bay,42.34867,-71.08432,Entire home/apt,98,91,365,0,,
12599820,North End Furnished Condo!,North End,42.36665,-71.05626,Entire home/apt,,91,0,2,0.02,2016-08-27
13083058,Sunny Studio at Fenway,Fenway,42.34552,-71.10481,Entire home/apt,,91,0,12,0.10,2016-08-27
13249829,Sunny and renovated 2 BDR in Beacon Hill,Beacon Hill,42.36047,-71.06828,Entire home/apt,,60,0,7,0.06,2019-08-28
15085512,Cozy private  room,Roxbury,42.32394,-71.07377,Private room,,91,201,46,0.39,2024-07-27
15660279,Lrg 4 Bdrm Prvt. Patio Quiet Top Location Parking,Bay Village,42.34897,-71.06817,Entire home/apt,,2,0,365,3.10,2026-06-13
18240259,"Cozy, comfortable, and convenient.",Jamaica Plain,42.31947,-71.10335,Private room,,91,0,12,0.11,2017-06-01
18159981,Sunny Boston Apartment,Dorchester,42.29048,-71.0676,Entire home/apt,46,91,313,77,0.69,2025-06-24
19996537,Cozy studio in Fenway,Fenway,42.3406,-71.09712,Entire home/apt,,91,0,0,,
21006936,One bedroom apartment in Beacon Hill/MGH,Beacon Hill,42.36006,-71.06883,Entire home/apt,,91,89,6,0.06,2021-12-31
23502271,"Comfy, cozy and perfect location.",North End,42.36665,-71.05569,Entire home/apt,,29,0,10,0.10,2019-11-11
25324358,"The Small room Aka ""The Affordable room""",Hyde Park,42.26313,-71.12141,Private room,23,91,270,8,0.08,2019-03-05
26127318,RIVER & CITY VIEWS! LOCATION!  Parking Available+,Fenway,42.35088,-71.09431,Entire home/apt,105,91,362,1,0.01,2018-08-15
27641994,Furnished room in city with free parking,Brighton,42.3619,-71.13613,Private room,26,91,365,0,,
29010062,1 Bedroom in 4B2B apartment for short stay,Allston,42.36019,-71.13086,Private room,,91,0,5,0.05,2019-07-07
32632691,Cozy private room w/ priv. Entrance GREAT LOCATION,Allston,42.35097,-71.12687,Private room,,91,0,32,0.37,2019-11-07
36687285,Private condo great for work trips,South End,42.33755,-71.07502,Entire home/apt,,91,0,1,0.01,2019-08-14
37749165,LUxury condo in downtown Boston best location,Beacon Hill,42.35504,-71.06365,Entire home/apt,137,91,358,0,,
38382899,Lovely place in Jamaica Plain,Jamaica Plain,42.32249,-71.10845,Entire home/apt,,29,0,3,0.04,2020-02-23
41949812,Riverway the best of Boston and Brookline!,Mission Hill,42.33355,-71.11133,Entire home/apt,15,180,358,0,,
41474462,Boston Brownstone Gem GREAT location on Silverline,South End,42.33849,-71.07491,Entire home/apt,34,91,91,2,0.05,2024-12-13
45354353,(B) Cozy & comfortable room in Allston,Allston,42.35741,-71.13022,Private room,18,91,206,2,0.03,2022-05-01
48131435,3 Bdrm 2BA Apt Quiet Spotless Parking Top Location,Bay Village,42.34869,-71.06858,Entire home/apt,901,2,23,215,3.29,2026-06-15
51644354,"(E) Cozy bedroom near Harvard, MIT and BU",Allston,42.35765,-71.13002,Private room,18,91,305,3,0.06,2023-07-05
544750698666940056,"(C) Cozy bedroom near BU, Harvard & MIT",Allston,42.3577,-71.13048,Private room,20,91,279,3,0.07,2023-07-21
681783562025076195,"(F) Cozy room near Harvard, MIT, BU",Allston,42.35866,-71.12894,Private room,19,91,248,5,0.12,2025-04-24
723597701376842186,Lovely 420 friendly home,Dorchester,42.28705,-71.07101,Private room,27,91,365,0,,
690399625055881984,Divine Studio  suburb of Boston,West Roxbury,42.27171,-71.1627,Entire home/apt,36,91,365,3,0.08,2024-10-15
794844467165235714,"Light-filled, stylish JP home",Jamaica Plain,42.31652,-71.10153,Entire home/apt,,3,0,16,0.40,2024-07-23
838766480218443526,Bed:King + Bath:Down The Hall,South End,42.34564,-71.07154,Private room,,1,0,383,4.77,2023-08-27
863829091185949070,"Room Available, Jamaica Plain, Roomate + 2 Cats!",Jamaica Plain,42.30708,-71.10523,Private room,,29,0,3,0.08,2023-09-02
883551925352400121,"Boston 1bed/living, 7minute to T",Dorchester,42.31935,-71.05806,Entire home/apt,,31,30,0,,
960827063707223984,3BD House on Subway,Dorchester,42.281,-71.0578,Entire home/apt,56,91,362,0,,
1003531679355880592,Best location Beacon Hill 2b apt,Beacon Hill,42.35815,-71.06946,Entire home/apt,170,29,46,6,0.26,2026-02-21
1015868677826243857,Two queen kitchenette studio suite,Longwood Medical Area,42.3383407,-71.1066156,Private room,329,1,279,1,0.12,2025-10-26
1096275080117536971,Accessible king bed plus bath down the hall room,South End,42.346155,-71.070907,Private room,186,1,197,24,1.68,2026-07-02
1096276251054025035,Queen bed plus bath in room,South End,42.346155,-71.070907,Private room,208,1,344,8,0.59,2026-07-03
1105789386751288163,One bedroom ADA queen suite,North End,42.366842,-71.05097,Private room,266,1,353,0,,
1105789776965283602,Deluxe ADA two double beds,North End,42.366842,-71.05097,Private room,294,1,291,1,0.65,2026-05-22
1132565368755767770,Superior room,Downtown,42.3564,-71.05731,Private room,221,1,362,0,,
1220614735671380681,Private Bed & Bath | Downtown/Seaport/BCC + Subway,South Boston,42.32963,-71.05607,Private room,,29,0,0,,
1314661038454845476,Cozy 1Bedroom in Beacon Hill area,Dorchester,42.31566,-71.06648,Private room,,29,0,0,,
1337960307181275066,Top Quality 1Bedroom in Beacon Hill,Beacon Hill,42.36028,-71.06916,Private room,,29,0,3,0.92,2026-06-01
1434205589350054340,Outdoor Fireplace & Harbor Views! 1BR nr Airport,South Boston Waterfront,42.35144,-71.043151,Entire home/apt,434,30,365,0,,
1476397356828357471,Charming 1BR Apt in Boston w/ free parking!,Allston,42.3519,-71.1423,Entire home/apt,174,1,327,70,6.19,2026-06-24
27906365,Alaska Street R51,Roxbury,42.32047,-71.08017,Private room,117,2,53,63,0.66,2025-05-28
28202522,FiFA Boston 3 Minute Walk to train Station Stadium,Dorchester,42.28977,-71.06858,Private room,,3,0,1,0.01,2019-05-19
13298137,EZ to Downtown/Longwood Off-St Parking Renovated,Roxbury,42.31676,-71.08,Private room,12,91,365,2,0.02,2017-01-24
13578425,"Small Room near Redline & Commuter Rail, Renovated",Dorchester,42.30536,-71.07221,Private room,12,91,365,2,0.02,2017-11-23
13675884,Near Redline & Commuter Rail Renovated Clean Sunny,Dorchester,42.30536,-71.07221,Private room,13,91,365,2,0.02,2016-10-09
28298193,Luxury North End (Waterfront) walk to MGH Subway,North End,42.36602,-71.05232,Entire home/apt,82,60,364,0,,
50919398,Near Train Station Gorgeous Apartment with Patios,Dorchester,42.28048,-71.06898,Entire home/apt,,2,0,49,0.85,2025-05-26
28635984,Beautiful apartment in the area of Dorchester,Dorchester,42.30318,-71.08325,Entire home/apt,,400,364,0,,
601750,145R1 | The Redlands 1 | 2BR 1BA w/AC | Private,West Roxbury,42.29082,-71.15339,Entire home/apt,178,28,36,0,,
28161172,"Room w/ Private Bathroom, near MBTA transit",Hyde Park,42.24922,-71.11594,Private room,48,32,115,35,0.37,2026-03-18
18711,The Dorset Redline ~ Pvt Apt | 3BR 1BA | w/AC & WD,Dorchester,42.32212,-71.06096,Entire home/apt,138,29,224,51,0.26,2023-08-19
530983,The Grand View ~ House! | 5BR 2BA w/AC & WD,Dorchester,42.31368,-71.0612,Entire home/apt,283,29,227,65,0.39,2019-10-29
45632722,Charming 2 Bed-Charlestown Gaslight/Freedom Trail,Charlestown,42.38155,-71.06613,Entire home/apt,,29,0,45,0.97,2023-11-04
13951579,TWO FLOOR CONDO W/ PRIVATE DECK & ROOF DECK,Charlestown,42.38211,-71.07146,Entire home/apt,,91,0,17,0.15,2017-11-19
13422887,"Small Room, Off-St. Parking, AC, Renovated Clean",Roxbury,42.31676,-71.08,Private room,12,91,365,1,0.01,2016-08-28
42870430,The Dorset Redline ~ Bedroom #2 | 3BR 1B w/AC & WD,Dorchester,42.32237,-71.05982,Private room,45,29,224,6,0.10,2023-05-02
14220964,Serenity Room near Harvard Square,Allston,42.36181,-71.12706,Private room,,55,32,67,0.55,2026-03-20
29037205,Entire Place 2 Bedrooms near BU & BC,Allston,42.34718,-71.13543,Entire home/apt,,29,0,48,0.51,2021-01-18
14071446,Twins in a peaceful room.,Jamaica Plain,42.32221,-71.11273,Private room,24,91,363,9,0.07,2025-09-13
45717383,Tucked-away Home in Boston’s Historic Charlestown,Charlestown,42.38054,-71.06865,Entire home/apt,,3,0,46,0.69,2023-08-29
29489346,Downtown Boston Moontower Loft!,Downtown,42.35376,-71.05897,Private room,,91,90,0,,
14091605,One Month in a Shared Loft Apartment,South End,42.33959,-71.07446,Private room,,29,0,118,0.97,2022-11-14
1092093,Duplex Penthouse in Longwood Area,Mission Hill,42.33395767211914,-71.10222625732422,Entire home/apt,66,91,309,32,0.20,2026-01-04
753446,6 miles away from downtown Boston!,Roslindale,42.28596,-71.12386,Private room,19,91,365,141,1.07,2019-07-27
46117175,Contemporary 1 Bedroom in Fenway Cultural District,Fenway,42.34335,-71.09668,Entire home/apt,280,32,350,0,,
14686119,Stay with Fun Family ( twin size bed),Mattapan,42.27366,-71.07243,Private room,,45,28,12,0.10,2026-02-18
14452500,1 Bedroom in prime North End,North End,42.36654,-71.05573,Entire home/apt,,91,0,17,0.14,2017-07-04
30397078,"Blueground | Back Bay, gym, nr newbury st",Back Bay,42.348633,-71.074088,Entire home/apt,,30,187,0,,
46332155,West Roxbury Tree House Condo - Entire Unit,West Roxbury,42.29058,-71.15306,Entire home/apt,,45,0,2,0.03,2021-04-30
14470701,Renovated near Redline/Commuter Rail 4 Harvard MIT,Dorchester,42.30555,-71.0723,Private room,13,91,365,3,0.03,2017-09-06
1252489,Beacon Hill 1-Bed,Beacon Hill,42.3597,-71.06571,Entire home/apt,,91,0,64,0.40,2017-08-28
973695,Best Location Luxury Beacon Hill North End Condo,Downtown,42.359764099121094,-71.06116485595703,Private room,67,91,365,61,0.39,2022-09-11
46078424,A place that speaks on your behalf,Roxbury,42.32148,-71.07629,Private room,30,91,365,0,,
29831173,Rose Room/Harvard Business School/free parking早餐方便,Brighton,42.3525,-71.15275,Private room,62,29,31,21,0.23,2026-05-09
30273160,"Bed, Bath and Beyond in Jamaica Plain",Jamaica Plain,42.29658,-71.11295,Private room,18,91,309,48,0.52,2019-12-21
30286717,"Bed, Bath and Beyond II in Jamaica Plain",Jamaica Plain,42.2961,-71.11156,Private room,17,91,365,49,0.55,2019-12-20
15177273,Renovated House Clean Room near Orange line & Park,Roxbury,42.31313,-71.09335,Private room,13,91,365,2,0.02,2017-11-21
1596470,4-story Central Luxury-two blocks to Boston Common,Bay Village,42.34988,-71.06918,Entire home/apt,,29,0,172,1.42,2024-02-13
29878773,NONE SMOKING 1:Spacious & clean.SUPER Safe & Quiet,Dorchester,42.28796,-71.05572,Private room,51,29,229,72,0.77,2024-11-27
31161436,A minute walk from the Red Line (Shawmut) Room 3,Dorchester,42.29036,-71.06707,Private room,,30,22,6,0.07,2026-05-12
15251516,Sunny 1-bed apt in central Boston's Bay Village,Bay Village,42.35016,-71.06705,Entire home/apt,399,2,44,142,1.22,2020-03-01
1545185,Large Studio Apt w/ Full Kitchen & Bath + Parking!,Brighton,42.34701,-71.15764,Entire home/apt,86,55,310,317,2.04,2025-12-15
1819994,"RIVERVIEWS-Walk Everywhere! Central, Safe LOCATION",Fenway,42.35048,-71.09317,Entire home/apt,102,91,362,2,0.02,2018-05-24
16545081,"Renovated, Clean, Quiet & Safe Near Orange Line",Roxbury,42.31341,-71.09356,Private room,13,100,365,3,0.03,2019-10-18
31484506,"Blueground | Beacon Hill, nr state house",West End,42.365516,-71.067291,Entire home/apt,,30,339,0,,
47576607,"Blueground | Back Bay, roofdeck, nr commons",Back Bay,42.35066,-71.07739,Entire home/apt,,30,1,1,0.02,2022-01-18
32281287,Master Suite: Whole house + Parking in JP,Jamaica Plain,42.29713,-71.10935,Entire home/apt,,29,0,3,0.04,2020-12-27
30955485,Luxury apt in the heart of Boston,Leather District,42.35054,-71.05952,Private room,,91,0,25,0.28,2019-11-10
2141306,Modern 2Bd1BA in Downtown Boston,Downtown,42.35475,-71.06026,Entire home/apt,,91,0,7,0.05,2017-06-18
47355116,Updated 1-Bed near Harvard w/ parking and office!,Allston,42.36106,-71.12807,Entire home/apt,,2,0,13,0.19,2026-02-13
15714436,Family Home Near Downtown + Beautiful Harbor Views,East Boston,42.36515,-71.03113,Entire home/apt,,29,0,32,0.33,2021-04-28
51562101,Serene Private Room for Extended Stay in Allston,Brighton,42.3589,-71.14161,Private room,16,91,191,10,0.18,2025-07-01
32546785,Quiet getaway in a Boston home,West Roxbury,42.26407,-71.16367,Entire home/apt,315,91,269,2,0.02,2019-05-09
48120609,"(I) Cozy room near Harvard, MIT, BU",Allston,42.35848,-71.12906,Private room,20,91,214,7,0.13,2026-05-16
32924105,Charming 19th Century Boston Home  Private Unit,Roxbury,42.32129,-71.07872,Entire home/apt,,29,47,38,0.46,2025-10-06
17210305,Renovated House Clean room,Roxbury,42.31313,-71.09335,Private room,13,91,365,3,0.03,2017-12-01
1472520,Andrea's Private Bath T Downtown,Dorchester,42.30856,-71.04646,Private room,148,2,11,764,4.87,2026-07-04
52928607,"Blueground | South End, laundry & gym",South End,42.33856,-71.06907,Entire home/apt,,30,14,0,,
17430142,Renovated Clean Quiet House near Orange line,Roxbury,42.31341,-71.09358,Private room,8,150,180,2,0.02,2017-06-22
33446838,Studio 1 Bedroom 1 Bath at East Boston,East Boston,42.3895263671875,-71.00364685058594,Entire home/apt,,4,0,1,0.01,2019-08-18
34020206,"Private, Quiet, Comfy, Clean Apartment in Boston",Roxbury,42.32385,-71.07626,Entire home/apt,,91,0,5,0.06,2019-08-04
2723274,Lofty Modern 2BD Apt 800 sq ft,Bay Village,42.34868,-71.07043,Entire home/apt,,29,0,26,0.18,2019-10-27
16040760,Artist Luxury Apt in Boston Free Park & Walk to T,Allston,42.35248,-71.13269,Entire home/apt,113,91,365,67,0.58,2019-08-10
34342016,Quiet Pondside Room Near Boston College,Brighton,42.34295,-71.16633,Private room,57,29,49,47,0.54,2025-09-29
2754975,Perfect Location to Explore Boston,Beacon Hill,42.3592,-71.06306,Entire home/apt,,365,308,99,0.68,2018-10-10
2864688,Beautiful 3 bedroom 2 bath apt in Charlestown,Charlestown,42.38093,-71.06966,Entire home/apt,,91,79,0,,
17588460,Fenway/Back Bay Luxury Apt-,Fenway,42.34607,-71.09009,Entire home/apt,51,91,364,4,0.04,2024-12-21
34670613,CAILLOU ESTATES,Hyde Park,42.26784,-71.10634,Private room,,91,89,1,0.01,2019-05-19
46580146,"Smart House in Boston, comfy beds, dogs OK",Brighton,42.34886169433594,-71.16592407226562,Entire home/apt,,3,0,9,0.21,2023-06-17
2395326,* Brownstone Classic South End,South End,42.34568,-71.07169,Entire home/apt,,29,0,407,2.74,2020-09-20
48285608,"Downtown Crossing, Large Lofted Condo, Location!",Downtown,42.35529,-71.06087,Entire home/apt,,3,0,107,1.66,2025-04-22
17942707,Newly Renovated 1 BR close to T & Longwood Med!,Roxbury,42.32817,-71.09671,Entire home/apt,38,91,270,98,0.87,2019-11-24
2886933,BEAUTIFUL SINGLE FAMILY VICTORIAN in Hyde Park!,Hyde Park,42.25985,-71.11945,Entire home/apt,392,2,4,147,1.00,2026-06-28
18170647,"Steps to public transport, Boston Coll, Roof Deck",Brighton,42.33959,-71.14526,Entire home/apt,,30,24,4,0.04,2023-01-03
17791011,Back Bay Cozy Studio In Brownstone first floor,Back Bay,42.351228418558804,-71.08858946710825,Entire home/apt,,29,16,218,4.48,2025-08-29
17969508,Renovated House Large Bay Windows Near Orange Line,Roxbury,42.31343,-71.09345,Private room,8,150,365,0,,
3441982,Urban Travelers Modern Studio,Roxbury,42.31902,-71.09303,Entire home/apt,,28,29,153,1.62,2026-06-23
18220200,Near Orange Line Renovated Clean AC Easy Parking,Roxbury,42.31337,-71.09339,Private room,9,120,365,1,0.01,2017-09-01
17541222,Room for up to 4 in Updated 1 BR apt by T!,Roxbury,42.32847,-71.094,Entire home/apt,39,91,269,159,1.40,2019-12-09
18526885,"Spacious, stylish, modern apartment on Orange Line",Roxbury,42.31565,-71.0951,Private room,23,90,362,17,0.15,2024-10-31
35547817,"Allston village, Boston University, near Harvard",Allston,42.35861,-71.12674,Private room,24,91,363,10,0.12,2024-01-06
19071875,Big newly renovated 2 bedroom condo in East Boston,East Boston,42.37863,-71.03866,Entire home/apt,,2,0,9,0.08,2019-07-31
18886077,"Stylish, modern duplex near Orange Line, Downtown",Roxbury,42.31735,-71.09588,Private room,25,60,362,8,0.07,2022-02-15
34422276,🎖The Boiler Room | Close to Subway + Downtown🎖,Dorchester,42.28879,-71.06708,Entire home/apt,115,30,43,271,3.17,2026-04-21
17779084,Huge rm Renovated Clean Subway Safe neighborhood,Roxbury,42.31333,-71.09339,Private room,13,91,365,0,,
33682929,Perfect BiG Space for Couples near Red Line,Dorchester,42.28973,-71.06773,Private room,19,91,274,11,0.13,2026-06-07
19100282,"Large, sunny hilltop home, nature lovers' paradise",Jamaica Plain,42.30262,-71.13228,Entire home/apt,970,2,35,39,0.40,2026-06-27
3656168,Parking Close 2 Downtown Renovated,Roxbury,42.31676,-71.08,Private room,13,91,365,6,0.05,2018-12-17
33586214,1 SINGLE ROOM-in Shared Decorator's Gorgeous home,Jamaica Plain,42.31928,-71.11145,Private room,,91,0,32,0.36,2019-11-30
19593368,COZY THEATRE DISTRICT STUDIO NEAR BOSTON COMMON,Downtown,42.35145,-71.06461,Entire home/apt,,91,365,49,0.45,2023-07-30
35027638,Private Bedroom & Bath in Brand New Luxury Condo,East Boston,42.37455,-71.03218,Private room,,29,0,83,0.96,2023-06-05
3705824,Small Rm +walk-in closet Easy to Longwood/Downtown,Roxbury,42.31676,-71.08,Private room,12,91,365,0,,
3520353,Luxury Beacon Hill Apartment 1-BR,Beacon Hill,42.35884,-71.06332,Entire home/apt,45,91,140,254,1.75,2024-10-31
20035860,"Private Studio on top floor, (yellow tulip room)",Jamaica Plain,42.32464,-71.10553,Entire home/apt,,2,0,40,0.37,2024-08-30
20055667,Newly Renovated Private Bedroom Close to  Airport,East Boston,42.37934,-71.03915,Private room,,1,0,37,0.34,2019-11-03
35714054,"Bright & Airy BR- Driveway Parking, Commuter Rail",Hyde Park,42.25599,-71.13004,Private room,,29,0,39,0.45,2020-03-14
36040459,Walk to Copley or Prudential & Historic Locations,South End,42.34686,-71.07493,Private room,102,60,180,2,0.02,2019-07-28
18617002,Artist's loft in the South End,South End,42.34289,-71.0671,Entire home/apt,,91,0,6,0.05,2017-08-17
19182289,"Renovated House, Sunny & Clean room, New Window AC",Roxbury,42.31343,-71.0935,Private room,8,150,365,2,0.02,2018-11-23
36145390,Pet-Friendly Top Floor Suite w/ a Deck!,Dorchester,42.31054,-71.06366,Entire home/apt,99,35,155,36,0.42,2025-10-04
3890373,Beacon Hill Fabulous One Bedroom Apartment,Beacon Hill,42.3591,-71.06602,Entire home/apt,173,29,169,261,1.81,2026-05-10
18736738,Spacious pet friendly 1BD APT w/ Devoted Entrance.,West Roxbury,42.29312,-71.15977,Entire home/apt,22,91,228,21,0.20,2025-10-06
20268369,Large Private Bedroom Close to Airport,East Boston,42.37966,-71.03981,Private room,,2,0,16,0.15,2019-10-20
4173285,"Bright, cozy bedroom in Victorian",Dorchester,42.28398,-71.06747,Private room,19,91,268,14,0.10,2024-12-01
20420751,Sunny Private Room in Beautiful Chestnut hill,Brighton,42.33814,-71.14802,Private room,,91,0,11,0.10,2019-08-17
20446955,Your Other Home in a Different Town,Hyde Park,42.26724,-71.10521,Private room,29,91,179,18,0.17,2019-05-21
20588785,The Moontower Apartment,Downtown,42.35452,-71.05865,Private room,,91,0,61,0.57,2018-11-18
52747167,"Blueground | S. Boston, e broadway",South Boston,42.33569,-71.04285,Entire home/apt,,30,1,0,,
20547874,Sunny Private Room in Chestnut hill,Brighton,42.33975,-71.14919,Private room,,91,0,5,0.05,2018-06-25
50017083,"Blueground | Back Bay, near prudential center",Back Bay,42.34449,-71.08237,Entire home/apt,,30,187,0,,
36829501,Drastic price reduction 6 month rental-IN BACK BAY,Fenway,42.34586,-71.09128,Entire home/apt,38,120,364,0,,
20417844,Private Suite in South Boston | Convenient to BCEC,South Boston,42.33905,-71.05183,Private room,,1,0,115,1.07,2024-04-16
36033983,Cozy bedroom in the middle of Allston,Allston,42.35071,-71.13619,Private room,,2,0,11,0.13,2024-10-14
4593974,Parking EZ 2 Downtown/Longwood Larg,Roxbury,42.31676,-71.08,Private room,13,91,365,7,0.05,2018-02-15
19655960,Nice clean room to stay,Roxbury,42.323,-71.08627,Private room,16,91,263,11,0.10,2018-11-11
4602191,Large Comfortable 2 Bed 2 Bath Across Mass General,West End,42.3645578,-71.0692521,Entire home/apt,272,30,317,17,0.14,2021-06-04
4593985,Parking Renovated Close to Downtown,Roxbury,42.31676,-71.08,Private room,13,91,365,1,0.01,2015-06-20
4624582,Parking Easy to downtown/Longwood,Roxbury,42.31676,-71.08,Private room,13,91,365,4,0.03,2016-10-31
4410765,"Grt Location, Big 3 Bed, Nr all Colleges, parking",Brighton,42.35474,-71.14764,Entire home/apt,99,45,270,16,0.12,2025-08-03
37092569,"Cute, quiet 2br house near South End",Roxbury,42.32488,-71.08376,Entire home/apt,,3,0,26,0.31,2026-06-16
49380252,Entire Apartment - 1BR - Near Downtown Boston,Dorchester,42.3249,-71.05919,Entire home/apt,,29,0,0,,
4630071,Charming studio,Brighton,42.34232,-71.15504,Entire home/apt,22,91,193,22,0.20,2026-05-31
4710583,Cozy Attic Bedroom in Allston,Allston,42.3606,-71.13498,Private room,,91,0,3,0.02,2018-06-19
4737304,Cosy Celtic Retreat,Brighton,42.34946,-71.16377,Private room,16,91,214,31,0.23,2025-11-03
51654389,Private small bedroom with balcony in shared Apt,Brighton,42.36117,-71.14011,Private room,13,91,133,4,0.07,2024-07-01
38148436,Private bedroom in South Boston nr Downtown 130-1A,South Boston,42.33536,-71.05459,Private room,,91,90,3,0.04,2021-05-08
50397482,Close to everything - parking/downtown/airport,East Boston,42.38001,-71.02969,Entire home/apt,,29,0,90,1.48,2026-06-07
36733785,Master bedroom w/ private bath - close to airport,East Boston,42.37876,-71.04014,Private room,,1,0,1,0.01,2019-08-11
38164617,Private bedroom in South Boston nr Downtown 130-1C,South Boston,42.33473,-71.05396,Private room,,91,90,1,0.01,2019-10-16
38384895,"Lovely place in Jamaica Plain, Room #1",Jamaica Plain,42.32236,-71.11014,Private room,,29,0,21,0.25,2020-03-08
37768013,Casa de Benny,Roxbury,42.32689,-71.08739,Private room,,29,0,27,0.32,2022-09-03
5746844,Share South End Multi-level Loft/ with parking,Roxbury,42.33523,-71.07916,Private room,33,91,247,9,0.07,2015-08-21
5495267,Parking Renovated Close to Downtown,Roxbury,42.31676,-71.08,Private room,13,91,365,2,0.02,2016-08-30
50074895,"Iconic Historic Hotel, Near Boston’s Theater Scene",Downtown,42.3510893,-71.0698111,Private room,,1,0,0,,
48748471,City apartment with parking Logan/Downtown,East Boston,42.37995,-71.03032,Entire home/apt,,29,0,91,1.41,2025-08-01
51402086,Peaceful Spacious Private Room in Allston,Brighton,42.36037,-71.14087,Private room,16,91,197,7,0.12,2026-01-06
6646604,"Cozy 1B, Green Line, Boston Coll, Elev, Roof Deck",Brighton,42.33942,-71.14549,Entire home/apt,,180,0,41,0.31,2025-06-30
38385513,"Lovely place in Jamaica Plain, Room #5",Jamaica Plain,42.32364,-71.10983,Private room,,29,0,15,0.18,2020-04-02
6800522,"Small room Easy to Downtown, Longwood Clean Sunny",Roxbury,42.31676,-71.08,Private room,12,91,365,11,0.09,2016-09-21
21454153,Minion? *Family*Tourist/Convention/Subway 130-1,South Boston,42.33612,-71.0535,Entire home/apt,,91,90,43,0.41,2019-08-11
38385157,"Lovely place in Jamaica Plain, Room #3",Jamaica Plain,42.32247,-71.10797,Private room,,29,0,8,0.10,2020-03-03
21444743,Back Bay Studio on Marlborough St-min 3 months,Back Bay,42.35218,-71.07747,Entire home/apt,66,91,233,0,,
6921672,French Country 2bd/2bth Heart of JP,Jamaica Plain,42.32081,-71.10922,Entire home/apt,,91,0,1,0.01,2016-08-08
50393798,City place with roof top deck/parking/downtown,East Boston,42.37993,-71.03111,Entire home/apt,,29,0,101,1.64,2024-10-04
21698478,Angel’s room in Boston,Dorchester,42.31934,-71.05806,Private room,,91,0,4,0.04,2018-07-01
7093184,Easy to downtown/Longwood Free Parking Clean House,Roxbury,42.31676,-71.08,Private room,12,91,365,7,0.05,2017-05-01
21683291,Richmond's Cozy Colonial near Lower Mills,Mattapan,42.27601,-71.08963,Private room,,91,0,28,0.27,2019-06-07
21484706,Spacious for Friendly Female Roommates all utility,Dorchester,42.29068,-71.0637,Private room,18,91,304,39,0.37,2025-12-27
7298966,"Big Monthly Discount: Quiet, sunny studio on the T",Brighton,42.343,-71.14416,Entire home/apt,,80,14,18,0.16,2026-05-17
7499960,Safe Central City Location! WalkToWork/Everywhere!,Fenway,42.34906,-71.09384,Entire home/apt,71,91,362,15,0.11,2021-07-24
46037756,3 BR/3 BA In Historic Charlestown Neighborhood,Charlestown,42.37917,-71.06547,Entire home/apt,,29,0,9,0.15,2021-08-24
50467770,Luxury Listing *free parking* #3,Brighton,42.35013,-71.14904,Private room,,29,0,8,0.13,2021-08-01
7161203,Cozy Rm Off-Street Parking EZ 2 downtown/Longwood,Roxbury,42.31676,-71.08,Private room,12,91,365,6,0.05,2017-06-21
38845207,"One If By Land, Two If By Sea... this is the place",North End,42.36481,-71.05503,Entire home/apt,,2,0,32,0.40,2024-06-02
38385300,"Lovely place in Jamaica Plain, Room #4",Jamaica Plain,42.32351,-71.10868,Private room,,29,0,18,0.22,2020-04-11
53056956,"Blueground | S. End, gym, nr dining & bumc",South End,42.33764,-71.07248,Entire home/apt,,30,0,0,,
38923194,"Room near MBTA Forest Hills, keyless self check-in",Roslindale,42.29157,-71.12322,Private room,46,29,38,22,0.28,2026-02-06
21202475,"❤Boston Medical,NU,BU,Berkeley, Hynes, Public T",Roxbury,42.33669,-71.08262,Entire home/apt,,30,0,86,0.82,2019-10-06
7618925,Modern Classic Boston Brownstone by LMA & T,Roxbury,42.3289,-71.09201,Entire home/apt,,2,0,3,0.02,2016-10-09
7920759,"Beacon Hill- 2br, 2 bath Personal Home",Beacon Hill,42.357753697635744,-71.07018581917023,Entire home/apt,,29,0,35,0.29,2022-10-26
6843795,A Fenway Getaway,Fenway,42.34315,-71.09551,Entire home/apt,,91,60,99,0.74,2026-05-04
39984676,Country home in the city of Boston.,Jamaica Plain,42.30429,-71.12877,Entire home/apt,,300,179,5,0.06,2020-03-09
22581254,"Brighton, MA Guesthouse for rent, Unit 1 (2nd Fl)",Brighton,42.35759,-71.15669,Private room,16,91,168,2,0.02,2025-03-02
22714438,Stunning South End Loft! Walk to Restaurants,South End,42.34167,-71.07539,Entire home/apt,,29,0,99,0.98,2025-08-16
23183205,The Brownstone Nook  -in Prestigious Back Bay Area,Back Bay,42.35009,-71.08737,Entire home/apt,51,91,365,0,,
8055839,Updated South Boston Condo,South Boston,42.33606,-71.05356,Entire home/apt,,91,0,5,0.04,2015-10-12
1458792961723413941,Huge Bedroom with Walk in Closet,Allston,42.36112,-71.12563,Private room,64,29,257,2,0.29,2026-05-01
1451451655045291532,4 Mi to Fenway Park: Pet-Friendly Dorchester Apt!,Dorchester,42.29785,-71.07148,Entire home/apt,,2,0,20,1.66,2026-06-14
53558400,Loaded Condo! 15-min from City - Laundry & Parking,Dorchester,42.28293,-71.05628,Entire home/apt,,2,0,8,0.26,2025-05-26
1472861201388588370,"Remodeled 3 bdrm, close to Ashmont Station",Dorchester,42.28497,-71.06934,Entire home/apt,,91,256,1,0.14,2025-12-01
53079400,Modern Apt near Downtown and Airport,East Boston,42.38073,-71.03142,Entire home/apt,,365,0,67,1.28,2023-07-27
1489063794374547491,Apartment in Boston's North End,North End,42.36442027081523,-71.05658300220966,Entire home/apt,323,1,79,47,4.53,2026-07-01
53574233,near Longwood Medical Area/Harvard Med School,Mission Hill,42.32715,-71.1062,Private room,,29,0,4,0.16,2024-11-30
1470435359197778489,Lux Apt Downtown Seaport with Pool,South Boston Waterfront,42.3498534,-71.0443746,Entire home/apt,,30,0,0,,
1476791388297561656,West End Lux L3BR 2BA Condo Historic West End,Downtown,42.36139,-71.05984,Entire home/apt,,29,53,6,0.75,2026-04-05
53195225,Sunny room with Free parking,Brighton,42.356388,-71.159355,Private room,106,1,3,161,2.88,2026-06-27
547969758798128722,Cozy Bedroom in an Upscale Apartment,East Boston,42.37806,-71.03513,Private room,,29,33,22,0.42,2026-04-18
557094168867486125,"Blueground | S. Boston, nr restaurants & shops",South Boston,42.34273169999999,-71.05663919999999,Entire home/apt,,30,3,0,,
557094454595424536,"Blueground | S. Boston, nr restaurants & shops",South Boston,42.34273169999999,-71.05663919999999,Entire home/apt,,30,2,0,,
1487754165893380978,Peaceful 2BR 2BA Oasis Close to Boston Downtown,Brighton,42.3483,-71.14126,Entire home/apt,,29,0,4,0.40,2026-06-30
568694788908431933,"Blueground | S. End, gym, w/d & pool, nr sowa",South End,42.33855729999999,-71.06907079999999,Entire home/apt,,30,5,0,,
1495786066062982376,Private Apt with Kitchen & Gym,Fenway,42.3427866,-71.0986693,Entire home/apt,,30,0,0,,
569407505309687319,"Blueground | N. Station, roofdeck, nr td garden",Downtown,42.36504,-71.06029,Entire home/apt,,30,2,0,,
1495782269899729567,Gorgeous Apt with Kitchen and Gym,Fenway,42.3429115,-71.0990346,Entire home/apt,355,30,326,0,,
592638086409776058,"Blueground | N Station, gym & w/d, nr td garden",Downtown,42.365947,-71.063473,Entire home/apt,,30,6,0,,
53062424,2500 sqft artist condo steps from Copley/Back Bay,South End,42.34679,-71.0751,Entire home/apt,,29,0,37,0.72,2023-08-19
595621385126373803,Lovely two bedroom apartment on a 2 floor unit.,Roxbury,42.32628,-71.09516,Entire home/apt,45,91,199,5,0.10,2025-04-27
604234472085817955,"Blueground | Allston, gym, nr green line",Allston,42.34767,-71.13383,Entire home/apt,,30,2,0,,
1498125312410287168,Private Guest Suite.,Dorchester,42.30976,-71.07,Entire home/apt,18,91,263,0,,
595021507855065483,Spacious 4+ bedroom in central Jamaica Plain,Jamaica Plain,42.31138,-71.11633,Entire home/apt,,5,0,2,0.04,2023-07-17
1505777983725850383,"Spacious Bedroom with Office, Lounge & Walk In 1B",Dorchester,42.283338,-71.052397,Private room,,90,56,0,,
608359496810075683,"Blueground | Downtown/Financial Dist, w/d & gym",Downtown,42.35892,-71.05416,Entire home/apt,,30,4,0,,
1503747263849309005,2BR Heaven - In-Unit Laundry - Parking - Gym,Brighton,42.34745,-71.14219,Entire home/apt,,29,0,2,0.27,2026-05-30
640790592484842073,Stunning 1 Bedroom Victorian | Mins to Downtown,Roxbury,42.32489,-71.08683,Private room,,29,0,2,0.04,2022-07-26
1502411493237341277,Luxurious 1BD Loft Steps From South Station!,Leather District,42.35009,-71.05682,Entire home/apt,25,180,358,0,,
635678610308167658,Private floor with home office in a house w/ dogs,Roslindale,42.28227,-71.12364,Private room,,2,0,55,1.11,2024-11-09
1507276092088713355,Cozy Bedroom with Workspace 1D,Dorchester,42.28252,-71.0521,Private room,,90,0,1,0.23,2026-02-28
552878688771211713,Lovely bedroom in the heart of Boston.,Dorchester,42.29468,-71.08052,Private room,13,91,281,6,0.12,2026-02-25
1507350386065696162,Sunny Bedroom with Lounge and Workspace 1C,Dorchester,42.28362,-71.05154,Private room,,90,0,0,,
623619726219332946,"Blueground | S. End, w/d & gym",South End,42.33856,-71.06907,Entire home/apt,,30,2,0,,
647924022015612987,Historic Home with Parking in East Boston,East Boston,42.38047,-71.03239,Entire home/apt,,3,0,2,0.05,2024-04-15
663554848165356274,"Blueground | N Station, gym & w/d, nr td garden",Downtown,42.365947,-71.063473,Entire home/apt,,30,172,0,,
633275399907669824,Private room in a cheerful home with dogs,Roslindale,42.28142,-71.12395,Private room,,2,0,94,1.90,2025-07-16
666383993088270320,"Blueground | Longwood, nr mission park",Mission Hill,42.32992410000001,-71.1043268,Entire home/apt,,30,2,0,,
1511928728787720092,Stunning Modern Apartment in the heart of Boston!,Dorchester,42.31437,-71.0686,Entire home/apt,255,60,270,3,0.34,2026-04-21
638924072026713547,"Back Bay Cute Studio, Walk to Prudential & Newbury",Back Bay,42.35067,-71.08276,Entire home/apt,,29,29,101,2.15,2026-02-07
1513117370211694748,Luxury Apt Steps to Shops and Restaurants,South Boston Waterfront,42.34985,-71.04438,Entire home/apt,386,30,363,0,,
668818916257742515,Bright & Cozy Studio w/free Parking and Wifi,Hyde Park,42.26798,-71.12513,Private room,81,29,92,7,0.15,2026-05-17
675147276041216943,"Blueground | N. Station, w/d & gym, nr td garden",Downtown,42.365947,-71.063473,Entire home/apt,,30,1,1,0.03,2023-06-12
652014243703538999,Upscale Unit 1 at Perrin Place.,Roxbury,42.32112,-71.07781,Entire home/apt,,29,23,33,0.73,2024-06-06
674134270871376710,Back Bay Gem: Cozy 1 bedroom Condo (main floor),Back Bay,42.35442865544264,-71.0755918174982,Entire home/apt,42,91,187,3,0.15,2026-04-30
1513118645962792397,Luxury Apt in Seaport with Gym and Pool,South Boston Waterfront,42.34985,-71.04438,Entire home/apt,,30,0,0,,
1513114395130729869,Gorgeous Apt Walk to Restaurants,South Boston Waterfront,42.3498534,-71.0443746,Entire home/apt,,30,0,1,0.13,2025-11-26
1513113656539459930,Luxury & Bright Apt Downtown Seaport,South Boston Waterfront,42.3498534,-71.0443746,Entire home/apt,338,30,358,0,,
680165867255183002,"Blueground | N. Station, w/d & gym, nr td garden",Downtown,42.365947,-71.063473,Entire home/apt,,30,287,0,,
681600270846334337,"Blueground | N. Station, w/d & gym, nr td garden",Downtown,42.365947,-71.063473,Entire home/apt,,30,330,0,,
692231084096208961,Lovely 2 bed room apt in heart boston beacon hill,Beacon Hill,42.35858,-71.06981,Entire home/apt,144,29,61,3,0.14,2025-09-29
663557367450319424,"Blueground | N. Station, w/d & gym, nr td garden",Downtown,42.365947,-71.063473,Entire home/apt,,30,340,0,,
690400586934454556,"Blueground | Back Bay, w/d, nr copley t",Back Bay,42.3496958,-71.081231,Entire home/apt,,30,1,1,0.03,2023-08-28
753864604867041831,Charm & Relaxing Studio near MGH,Downtown,42.3581,-71.06232,Entire home/apt,,30,0,26,0.58,2026-02-28
1273825139062685760,""" Stay at Burbank"" Fenway/Berklee/Symphony",Fenway,42.344564310161935,-71.08898106962442,Entire home/apt,,180,83,1,0.07,2025-05-31
747055377955571433,Transit friendly condo on quiet street,Roslindale,42.28632,-71.14067,Entire home/apt,307,1,71,137,3.11,2026-06-12
772245719782019151,3 Bed Large Boston home for groups with parking,Hyde Park,42.27083,-71.10783,Entire home/apt,,29,0,138,3.17,2025-12-07
776039493275240855,Lux 2Bed/2Bath in Seaport,South Boston Waterfront,42.35098,-71.04459,Entire home/apt,,29,0,2,0.05,2024-03-02
788431140364663238,Renovated 3Br/1.5baths. Parking. Great location.,Brighton,42.3466629,-71.1516072,Entire home/apt,58,91,351,3,0.09,2024-12-15
1513119413444338988,Luxury Apt Downtown Seaport,South Boston Waterfront,42.3498534,-71.0443746,Entire home/apt,,30,0,0,,
1513121422444223363,Exclusive 2BR Apt Downtown Seaport,South Boston Waterfront,42.34985,-71.04438,Entire home/apt,,30,0,1,0.16,2026-01-01
776357275298272961,5 Bed Boston Home with free parking,Roslindale,42.2824,-71.1145,Entire home/apt,,31,1,36,0.85,2025-03-02
755549554190811005,"Blueground | Back Bay, w/d, nr copley t",Back Bay,42.3496611,-71.0814631,Entire home/apt,,30,1,0,,
791873378629717247,"Blueground | N Station, gym, nr boston landmarks",Downtown,42.365947,-71.063473,Entire home/apt,,30,325,0,,
1515349239566519344,Sun-drenched expansive tastefully furnished oasis.,Jamaica Plain,42.31899,-71.10823,Entire home/apt,52,98,362,0,,
1513119104755601198,Luxury Apt Heart of Seaport with Gym,South Boston Waterfront,42.3498534,-71.0443746,Entire home/apt,,10,0,0,,
805804339902031542,1850s Charlestown Cottage,Charlestown,42.37736,-71.05931,Entire home/apt,,2,0,29,1.03,2026-06-16
802780781022731649,"Blueground | N Station, w/d & gym, nr td garden",Downtown,42.365947,-71.063473,Entire home/apt,,30,340,1,0.04,2024-03-31
1292108033290321888,145R1.1 | The Redlands 1 | 2BR 1B w/AC | Room #1,West Roxbury,42.2927,-71.15508,Private room,96,29,36,0,,
1513122937704158669,Luxury Apt with Kitchen and Pool,South Boston Waterfront,42.3498534,-71.0443746,Entire home/apt,,30,0,0,,
1518173748955695652,Fully furnished-utilities included. 4 bed/3 baths.,Brighton,42.352795827674875,-71.15921052209015,Entire home/apt,122,91,340,0,,
804444851986787690,StudioDeluxe near Harvard Business School,Allston,42.3607929,-71.1262631,Entire home/apt,102,28,216,10,0.26,2026-04-30
831183455213858108,Cozy and Spacious Urban Oasis w/ Patio!,Dorchester,42.32667,-71.05764,Entire home/apt,,3,0,5,0.13,2026-06-14
797634392623375373,"Blueground | Allston, nr boston u & green line",Allston,42.3527433,-71.12187410000001,Entire home/apt,,30,1,2,0.07,2025-06-23
807100202775921535,"Cozy Private Room with TV,Co-living Apt near BOS",South Boston,42.33416,-71.03581,Private room,,29,0,5,0.13,2024-03-01
838765078792830910,Accessible Bed: Queen + Bath: Down the Hall,South End,42.34529,-71.07112,Private room,,1,0,33,0.42,2024-01-02
794842805414477219,Gorgeous Victorian House in JP,Jamaica Plain,42.31717,-71.10152,Entire home/apt,,3,0,6,0.15,2025-05-26
835694068257078387,Private Study Room,West Roxbury,42.27185,-71.1526,Private room,,2,0,74,2.20,2026-06-20
838763668660670089,Accessible Bed: King + Bath: Down the Hall,South End,42.34526,-71.07013,Private room,,1,0,89,1.14,2022-08-07
838775412112470886,Revolution Loft:Accessible Queen,South End,42.34651,-71.07069,Private room,,1,0,1,0.01,2020-02-08
838781939154266184,Revolution Loft: King,South End,42.34704,-71.07032,Private room,,1,0,16,0.20,2022-06-29
838784537837664266,Revolution Loft: One Bedroom Suite,South End,42.34643,-71.07182,Private room,,1,0,6,0.10,2022-07-21
838786293292910788,Revolution Loft: Queen,South End,42.34538,-71.07,Private room,,1,0,13,0.17,2022-04-12
1537787044584012957,"Blueground | West End, rooftop, nr Boston Common",Downtown,42.3659167,-71.0634338,Entire home/apt,,30,1,0,,
1531525074015987343,Modern Luxury Comfort in Fenway Kenmore Longwood,Fenway,42.3465004,-71.102746,Entire home/apt,,91,362,0,,
1533740720979767340,6 Luxury North End Condo Free Valet Walk to Harbor,Downtown,42.35627,-71.05218,Entire home/apt,1704,2,10,11,1.35,2026-06-17
838776642994805648,Revolution Loft: Junior Suite,South End,42.34685,-71.0698,Private room,,1,0,6,0.09,2022-03-20
850765909224271702,Spacious Savin Hill Apt mins from Redline,Dorchester,42.31512,-71.05673,Entire home/apt,,29,66,2,0.08,2025-04-25
805985491369734223,Sunlit 1BR top floor condo in historic South End,South End,42.34085,-71.06891,Entire home/apt,,3,0,12,0.31,2023-11-13
851622176051437463,Duplex Apartment in South Boston - 3BR/2BTH/2Decks,South Boston,42.3353,-71.04838,Entire home/apt,,29,0,69,1.81,2024-05-31
847346704941478843,Charming Private Room Close to Red Line and Beach,South Boston,42.33307,-71.05278,Private room,,29,0,3,0.08,2024-07-20
1548503787324771160,Newly renovated studio on beautiful street,Dorchester,42.29564,-71.06583,Entire home/apt,,91,1,1,0.81,2026-05-31
864290529050408845,Stylish and Spacious 2-Bedroom Plus Office,Dorchester,42.28877,-71.05672,Entire home/apt,,2,0,45,1.17,2024-11-10
1547337646366313732,5b/3b family friendly 29 days min stay,Dorchester,42.32397,-71.05878,Entire home/apt,,29,0,0,,
865503096848277888,Quiet Private Room Near Longwood | Shared Bath,Jamaica Plain,42.32255,-71.1045,Private room,138,29,213,9,0.23,2025-02-16
1546503661430681864,Backbay 1bed/1bath Condo,Back Bay,42.34957,-71.0766,Entire home/apt,92,91,277,0,,
881255998576454199,Victorian Home in Boston,Roslindale,42.29236,-71.13471,Entire home/apt,,3,0,2,0.05,2024-12-27
873477040969697726,Spacious Apt - Newly Renovated - Private Parking!,Dorchester,42.30316,-71.07405,Entire home/apt,,1,0,73,2.08,2024-08-25
1549373258536164946,"Studio near MGH, TD Garden, Shops | Peapod Rentals",North End,42.36709,-71.05697,Entire home/apt,209,30,323,1,0.17,2026-01-13
892823240169717754,Cozy Oasis Minutes From Logan,East Boston,42.36476,-71.03046,Entire home/apt,,2,0,28,0.83,2025-05-30
899216971894283310,Modern 2 bedroom/2 bathroom Condo (Free Parking),Roxbury,42.32122,-71.08218,Entire home/apt,,4,0,8,0.22,2024-05-23
899257714523301486,Sunny Apt - Historic Beacon Hill,Beacon Hill,42.35918900000001,-71.0672568,Entire home/apt,,91,1,4,0.12,2026-04-28
1551635991875950058,Oasis in Brighton!,Brighton,42.33906,-71.15159,Entire home/apt,,91,363,0,,
901704896907262133,Spacious Private Room Near Longwood Medical Area,Jamaica Plain,42.32236,-71.10675,Private room,,29,0,4,0.11,2024-03-25
904970320098449606,Private Room and bathroom w/patio near down town,Roxbury,42.3263,-71.08593,Private room,,1,0,63,1.74,2025-04-12
908403198727910931,Deluxe Room - Addison Residence,East Boston,42.38323,-71.00125,Private room,14,150,364,0,,
1551705717523136081,Beautiful Centrally located 3 bedroom Apt,Downtown,42.36687,-71.06228,Entire home/apt,,29,244,2,0.92,2026-05-10
922408906158692278,Apt Downtown Seaport Near Restaurants,South Boston Waterfront,42.34988,-71.04433,Entire home/apt,325,29,325,1,0.05,2024-12-18
1553821337867758378,Room 2 in Spacious Modern Apartment in Boston,Roxbury,42.3207,-71.08738,Private room,371,1,349,1,0.38,2026-04-20
1556168668631568618,Spacious Boston Condo,Roxbury,42.31876,-71.09524,Entire home/apt,,1,0,1,1,2026-06-21
846449916697294381,JP Gem: Near Orange Line & Food,Jamaica Plain,42.3152,-71.10237,Private room,,5,0,78,2.48,2025-08-11
1559562135722635497,Luxury Apt Back Bay | Near Prudential Center,Back Bay,42.34597,-71.08474,Entire home/apt,,30,21,0,,
937865990648492956,Spacious Charlestown single family home w/ parking,Charlestown,42.37759,-71.0614,Entire home/apt,,180,0,5,0.14,2023-10-24
939980174256820791,Modern Rooftop Retreat | Boston,Roxbury,42.31742,-71.09039,Entire home/apt,,1,0,1,0.03,2023-11-27
943923789049606336,"Blueground | Back Bay, gym & w/d, nr dining",Bay Village,42.34992,-71.06943,Entire home/apt,,30,329,0,,
947048477211720567,Modern Condo in Beacon Hill,Beacon Hill,42.3600668,-71.0667461,Entire home/apt,,365,363,2,0.06,2023-12-23
946429720712542961,Walk to ALL in 5 Min! Boston Dining/Boston Garden,North End,42.36583,-71.05631,Entire home/apt,43,91,221,0,,
947324219916375764,M. Large room easy commute to Boston Downtown.,Dorchester,42.32271,-71.05545,Private room,45,59,364,35,1.03,2025-10-26
1567499658801743443,"Single Twin Room Near HBS, Harvard, BU",Allston,42.36338,-71.13113,Private room,,2,0,1,0.18,2026-01-23
949154671772958720,Spacious Apartment Back Bay,Back Bay,42.3459685,-71.0847361,Entire home/apt,,30,1,1,0.04,2024-04-01
957865467562485470,"One Bed + Office, 2nd Floor & Steps to Orange Line",Jamaica Plain,42.31581,-71.10748,Entire home/apt,,29,2,11,0.38,2026-04-25
950250466870034563,"Roslindale Room near MBTA, self check-in",Roslindale,42.29117,-71.12169,Private room,43,29,48,12,0.35,2025-07-20
954908713931175650,"DowntownBoston,Nearly everything",Chinatown,42.3481,-71.0612,Entire home/apt,45,60,278,26,0.85,2026-06-20
974108478241634667,"Back Bay Historic Sunny near hospitals, businesses",Back Bay,42.353319888698614,-71.07674818485975,Entire home/apt,67,91,358,0,,
970923638522576532,Private Apt Downtown Walk to Harbor,South Boston Waterfront,42.3527606,-71.04651439999999,Entire home/apt,358,30,340,3,0.10,2026-05-03
973150249750755722,2BR walking distance to seaport/downtown,South Boston,42.33816,-71.04858,Entire home/apt,434,1,5,58,1.73,2026-06-30
975355188657429434,Private Room in the North End,Downtown,42.36702,-71.0592,Private room,,29,0,0,,
970182278615303492,My city sunshine apt,Brighton,42.33701,-71.1509,Entire home/apt,29,91,227,3,0.11,2025-12-20
1567551015690674804,"Room+Bath. Walk to HBS, Quick to Downtown",Allston,42.36338,-71.13115,Private room,,1,0,0,,
992981917510641760,Cozy Boston Getaway Apartment,West Roxbury,42.27338,-71.15045,Entire home/apt,42,91,204,0,,
989426037045600878,Longwood/Fenway Hill Top 2-Levels Loft 1BR Apt,Mission Hill,42.33017,-71.10808,Entire home/apt,307,1,4,90,2.68,2026-06-27
1010659956299296553,"Blueground | Back Bay, gym, close to garden",Bay Village,42.34992,-71.06943,Entire home/apt,,30,326,0,,
1569318337520969932,P5 - riple Room In Savin Hill Station Area,Dorchester,42.31472,-71.05709,Private room,74,1,98,3,0.64,2026-04-08
1014290973000187924,"Blueground | Downtown, concierge, w/d & gym",Downtown,42.3537627,-71.05305440000001,Entire home/apt,,30,312,0,,
1569320327559988064,P 6- Double Room Near Savin Hill Station,Dorchester,42.3152,-71.05869,Private room,74,1,108,6,0.88,2026-02-22
1013926815356332202,Beautiful Rental Unit in Fort Hill (Boston),Roxbury,42.32675,-71.09478,Entire home/apt,,2,0,135,4.22,2026-05-28
1021753022081406253,Modern Apartment in Boston's Best Neighborhood,Jamaica Plain,42.30548,-71.11775,Entire home/apt,,2,0,59,1.92,2026-05-29
1569301579068501483,P1 - Triple Room In Savin Hill Station Area,Dorchester,42.314,-71.05792,Private room,85,1,88,5,0.80,2026-05-16
1569308860853926438,P2 -Triple Room In Savin Hill Station Area,Dorchester,42.31409,-71.05784,Private room,85,1,102,8,1.62,2026-06-13
1024778648677679058,Classic & Chic Apartment | 1 Bedroom,Downtown,42.35743,-71.06165,Entire home/apt,,29,7,6,0.36,2026-01-01
1029205665203211474,"Sunlit 1BR, Near Longwood Medical Hospitals",Brighton,42.34129,-71.14615,Entire home/apt,,180,170,11,0.42,2025-12-13
1569323644985474461,P7 - Double Room Near Savin Hill Station,Dorchester,42.31518,-71.05787,Private room,85,1,109,3,0.80,2026-05-04
1036342753760669033,Spacious Room w/ Living Area | Downtown Stay,Downtown,42.35104,-71.06971,Private room,,1,0,0,,
1036342933806513367,Spacious Suite w/ Private Terrace & Living Area,Downtown,42.35104,-71.06971,Private room,,1,0,0,,
1572690041293742025,Central Comfortable Airport Train Parking,East Boston,42.36921,-71.03787,Entire home/apt,,29,0,0,,
1042997769409524618,Puddingstone Palace on the Hill,Jamaica Plain,42.31148,-71.09894,Entire home/apt,,2,0,2,0.14,2025-05-25
1046911896708234351,"Blueground | S Boston, gym, nr red line & shops",South Boston,42.341136,-71.049587,Entire home/apt,,30,2,0,,
1577011717907245139,Fenway Park View + On-Site Dining. Bar. Gym.,Fenway,42.34964,-71.09597,Private room,333,1,253,4,0.85,2026-03-29
1062426200153203900,luxurious and comfortable room(shared house),East Boston,42.3660348,-71.0392373,Private room,,1,0,14,0.50,2024-10-13
1569315790493014897,P4- Double Room Near Savin Hill Station 4,Dorchester,42.31537,-71.05747,Private room,74,1,108,11,2.00,2026-05-25
1577015034365828172,Direct Fenway Park View + On-Site Dining. Bar. Gym,Fenway,42.34924,-71.09436,Private room,333,1,259,2,0.36,2026-03-15
1577014918868052341,Steps to MGM Music Hall + On-Site Dining. Bar. Gym,Fenway,42.34804,-71.09467,Private room,,1,265,9,1.58,2026-05-28
1577014805282672899,Walk to Boston University + Dining. Bar. Gym.,Fenway,42.34774,-71.0947,Private room,333,1,263,1,0.22,2026-02-21
1074497198772804188,"Blueground | Seaport, gym, close to shops & dining",South Boston Waterfront,42.3490612,-71.04471360000002,Entire home/apt,,30,0,0,,
1577011431630143293,Near Fenway Park + On-Site Dining. Bar. Gym.,Fenway,42.34794,-71.09496,Private room,333,1,262,14,2.58,2026-05-28
1058544895983755433,Jamaica Plain apartment for travel nurses,Jamaica Plain,42.30985,-71.10193,Private room,27,91,267,0,,
1072469352994023958,Roh Needs copywriter review,South End,42.346155,-71.070907,Private room,,1,0,5,0.17,2024-02-29
1077633125861184573,Longwood/Fenway Hill Top 1BR Garden Apt,Mission Hill,42.33141,-71.10772,Entire home/apt,,3,0,71,2.60,2026-05-30
1577011180264415568,Steps to Fenway Park + On-Site Dining. Bar. Gym.,Fenway,42.34965,-71.09637,Private room,333,1,265,23,3.90,2026-05-28
1074710686544766697,Rooms in Modern Appartment| Near Subway|Local,Dorchester,42.2904438,-71.06052489999999,Private room,,2,0,0,,
1081687562991773732,"Blueground | Brighton, gym & w/d, on the river",Brighton,42.359921,-71.149558,Entire home/apt,,30,2,0,,
1569326468007825708,P8 - Double Room Near Savin Hill Station,Dorchester,42.315,-71.05753,Private room,74,1,114,5,0.74,2026-05-15
1592046459796823372,"Blueground | Downtown Crossing, lounge, nr Park",Downtown,42.3568745,-71.06073909999999,Entire home/apt,,30,309,0,,
1081085744407800538,"Blueground | Fenway, gym, nr green line & dining",Fenway,42.3475057,-71.1010258,Entire home/apt,,30,264,1,0.30,2026-03-28
1096277062565052148,Revolution loft accessible queen room,South End,42.346155,-71.070907,Private room,399,1,333,0,,
1606634730988004441,Large Private Room| 90-Day Min Stay,Roxbury,42.32042,-71.0747,Private room,22,91,365,0,,
1609590725482776128,Boston Beacon Hill Historic Charm 1BD/1BA (#3),Beacon Hill,42.35978,-71.06969,Entire home/apt,,29,22,0,,
1580892107729943285,Spacious 3-Story Boston Condo | 4 Beds | 1.5 Baths,Jamaica Plain,42.32686634407932,-71.10751531216432,Entire home/apt,,91,6,0,,
1604757295678653680,Boston Apartment Prime location,Fenway,42.3432086,-71.0866605,Entire home/apt,,91,310,0,,
1613986393459221262,Private Furnished Ensuite Room at Brighton Boston,Brighton,42.3473731,-71.1459656,Private room,24,91,228,0,,
1103709153535062526,Park-Side Home in Jamaica Plain,Roxbury,42.30787626880737,-71.09994233862305,Entire home/apt,,2,2,38,1.81,2026-06-20
1096274183725080649,Quad bed plus bath down the hall room,South End,42.346155,-71.070907,Private room,399,1,355,60,2.24,2026-06-29
1101474215168877109,Standard 2 doubles,Downtown,42.36079,-71.05584,Private room,423,1,312,32,1.80,2026-06-30
1096277776384583070,King bed plus bath in room,South End,42.346155,-71.070907,Private room,280,1,360,7,1.62,2026-06-23
1096278140915229488,Revolution loft king bed room,South End,42.346155,-71.070907,Private room,399,1,358,2,0.55,2026-04-16
1613961009745090266,Cozy Furnished Room w/ Private Bath at Brighton,Brighton,42.3473731,-71.1459656,Private room,24,91,211,0,,
1105789922891764882,Premier double water view,North End,42.366842,-71.05097,Private room,229,1,358,1,1,2026-06-27
1627005058808343843,1 bed/1 bath apartment in Oak Square Brighton MA.,Brighton,42.35133,-71.168,Entire home/apt,,91,86,0,,
1600199682574519335,"3BR Back Bay Townhouse-Marathon, FIFA & City Stays",Back Bay,42.34432,-71.08074,Entire home/apt,189,91,365,0,,
1115566855500310000,5BR 3BATH LUX | Walk to Subway,South Boston,42.331,-71.05547,Entire home/apt,528,29,176,52,1.87,2025-03-09
1105789764990376221,Deluxe two double beds,North End,42.366842,-71.05097,Private room,229,1,329,5,0.21,2026-06-28
1624090891243523876,2BR/2BA Downtown | Skyline Views + Luxury Comfort,Downtown,42.35294,-71.0626,Entire home/apt,,29,251,1,0.23,2026-03-01
1115785771141188385,King Bedroom Downtown  10 min Sbwy 1 min,South Boston,42.3313,-71.05559,Private room,,29,0,2,0.07,2024-10-18
1126126576247614696,Top floor charmer overlooking Charles Street,Beacon Hill,42.3569413,-71.069678,Private room,,1,0,0,,
1126126479996095931,Each room has a unique layout and distinct artwork,Beacon Hill,42.3569413,-71.069678,Private room,,1,0,0,,
1126126480033568201,Classy dining with locally sourced ingredients,Beacon Hill,42.3569413,-71.069678,Private room,,1,0,2,0.09,2025-08-03
1126126662837408595,Renovated boutique find in 19th century gem,Beacon Hill,42.3569413,-71.069678,Private room,,1,0,0,,
1118900044886008739,Sunny South Boston Condo,South Boston,42.3325797,-71.04840709999999,Entire home/apt,,5,3,13,0.50,2026-05-10
1135784438724088835,Petite Bedroom | 3rd Floor | Fort Hill,Roxbury,42.32745,-71.08636,Private room,,28,0,146,5.48,2026-04-05
1126126589036966513,Cocktails on the seasonal open air rooftop,Beacon Hill,42.3569413,-71.069678,Private room,,1,0,0,,
1620778913563923703,Second bedroom in large shared 3BR/1.5BA apartment,Brighton,42.3472,-71.15053,Private room,21,91,261,0,,
1153575179370338634,Lively spot near the Children’s Museum & more,South Boston Waterfront,42.34703,-71.04371,Private room,196,1,4,61,2.37,2026-06-30
1167455136455978542,Modern Two Bedroom Apartment in Boston's Back Bay,Back Bay,42.34768,-71.0811,Entire home/apt,406,32,349,0,,
1132565540164388501,Club room,Downtown,42.3564,-71.05731,Private room,221,1,332,6,0.38,2026-06-25
1164522880416809577,Comfy Private Room with WiFi near Tufts/UMass,South Boston,42.33392,-71.03629,Private room,,1,0,6,0.24,2024-10-12
1178652628649113792,Private room 2A,West Roxbury,42.2698,-71.15098,Private room,76,2,9,21,1.21,2026-06-19
1138521185034260588,Bright Boston Two Bedroom Near Iconic Fenway Park,Fenway,42.34335,-71.09652,Entire home/apt,386,32,344,0,,
1211549629381798870,"Renovated 2.5 BR near the City, Harvard, BU, BC",Allston,42.35623,-71.13677,Entire home/apt,,29,32,4,0.18,2024-11-30
1599693545777364865,Clean Room. Convenient Ashmont Station location.,Dorchester,42.28515,-71.06839,Private room,14,91,225,0,,
1189829925948068202,Coziness and Convenience of Home!,Dorchester,42.31428,-71.07224,Private room,19,91,182,4,0.21,2026-05-06
1220594044212441608,Private Room near Public Transport,South Boston,42.33149,-71.0575,Private room,,29,0,0,,
1214413178116610424,"Blueground | FiDi, gym, coffee bar, security, w/d",Chinatown,42.3522851,-71.05910879999999,Entire home/apt,,30,5,0,,
1220619427971292950,2Bed 1Bath in the Room | Redline Subway,South Boston,42.3301,-71.05629,Private room,,29,0,0,,
1189829506115257733,Comfort and Convenience of Home in Boston!,Roxbury,42.3152811,-71.0732458,Private room,15,91,173,1,0.05,2024-12-18
1220603541757574357,Modern KING Room | Subway 3 mins,South Boston,42.32978,-71.05707,Private room,,29,0,0,,
1690188540904049516,Swanky updated Unit close 2 City & Airport,Dorchester,42.30972,-71.06132,Entire home/apt,269,1,9,4,3.00,2026-06-20
1220608183874062831,Private Bedroom in Boston,South Boston,42.3295,-71.05684,Private room,,29,0,0,,
1232793066423022018,Bright cozy apartment in Boston - Private Parking!,Roxbury,42.32086,-71.09092,Entire home/apt,,2,0,22,1.06,2025-09-28
1217700333000674447,The Harvard Room,Allston,42.36122,-71.12766,Private room,28,58,212,3,0.32,2026-05-17
1224214300598445552,Beautiful bright room,Brighton,42.3372541,-71.14780329999999,Private room,17,91,179,3,0.16,2025-12-30
1279530713574142195,"Blueground | Longwood, parking, w/d, a/c",Mission Hill,42.3295719,-71.1040886,Entire home/apt,,30,2,0,,
1279531014398412297,"Blueground | Longwood, elevator, w/d, a/c",Mission Hill,42.3295719,-71.1040886,Entire home/apt,,30,1,0,,
1254430336062999677,"Stylish 2BR, In-Unit Laundry, Close to Downtown",Brighton,42.34743,-71.14184,Entire home/apt,,29,0,1,1,2026-06-18
1292116524756474540,145R1.2 | The Redlands 1 | 2BR 1B w/AC | Room #2,West Roxbury,42.29243,-71.15338,Private room,91,29,36,0,,
1289108342843334314,Blueground | Dorchester 2bd apartment,Dorchester,42.29549919999999,-71.0471404,Entire home/apt,,30,2,0,,
1292899675103262834,Comfortable 1Bedroom in Beacon Hill,Beacon Hill,42.3601102,-71.0660903,Private room,69,29,33,2,0.11,2025-05-01
1229122043730849462,Walk to Faneuil Hall & the Freedom Trail!,Downtown,42.3616439,-71.0556778,Private room,404,1,4,77,3.42,2026-06-21
1287842499954127508,*NEW* Ultra-Luxury 4bd Boston Designer Brownstone,South End,42.34484,-71.07215,Entire home/apt,2988,3,31,6,0.41,2026-03-31
1303007329769147797,Free street parking - Laundry - Close to Hospitals,West Roxbury,42.29472,-71.15743,Entire home/apt,,91,0,0,,
1305298199185838831,Bright 2BR/2BA Downtown Gem by Boston Common.,Downtown,42.35196,-71.06479,Entire home/apt,1569,29,138,9,0.65,2025-09-02
1352271515655517652,25A1.2 | The Alameda 1 | 2BR 1B w/AC & WD | Room 2,West Roxbury,42.29154,-71.15438,Private room,62,28,204,0,,
1403116550830434393,"Large Modern 1BR: Office, BCEC",South Boston,42.33131,-71.04146,Entire home/apt,,1,0,3,0.21,2025-09-07
1432660883620615074,Stunning Apt with City Views,Downtown,42.3655039,-71.0621412,Entire home/apt,,30,0,0,,
1295275743299306712,One room Boston/2Bedroom 2 Bathroom/T stop-Andrew,South Boston,42.32765,-71.05651,Private room,30,91,207,0,,
1426972067389836145,Private Apt Seaport Walk to Restaurants,South Boston Waterfront,42.35276,-71.04651,Entire home/apt,,30,0,0,,
1444987445304680997,Roh Needs copywriter review,Downtown,42.364208,-71.061363,Private room,,1,0,47,3.87,2025-11-21
1447874180555680660,Luxury Apt Near TD Garden,Downtown,42.3655039,-71.0621412,Entire home/apt,,30,0,0,,
1460909989375420752,The Nantucketer,Allston,42.36099,-71.12553,Private room,32,55,233,2,0.30,2026-05-17
1458388764096393455,Private BR - Shared Lux Apt | North End,North End,42.36478,-71.05823,Private room,,29,0,0,,
1310240194487500126,Stylish Downtown 2 Bedroom,Downtown,42.35593,-71.06226,Entire home/apt,,29,17,4,0.22,2025-02-05
1310941534895821763,Elegant 2BR-Prime Location!,Beacon Hill,42.35663,-71.06223,Entire home/apt,,29,4,2,0.13,2025-07-20
1311989661367529796,Colorful home in Jamaica Plain,Jamaica Plain,42.31757,-71.10842,Entire home/apt,,91,90,0,,
1310206953746318737,Luxurious Downtown 1 Bedroom!,Downtown,42.35681,-71.06054,Entire home/apt,,29,5,3,0.17,2026-01-14
1313804991960918153,Phenomenal 1 Bedroom in Beacon Hill Area,Dorchester,42.31466,-71.06698,Private room,,29,0,0,,
1296701558985565239,Beacon Hill 4-Unit House: Historic&Modern Charm,Beacon Hill,42.35823,-71.07019,Entire home/apt,,91,57,0,,
1318860607462343387,"Blueground | Back Bay, gym & w/d, nr Newbury St",Back Bay,42.348129,-71.080849,Entire home/apt,,30,2,0,,
1323971633834734079,Downton Boston Luxurious 2 Bed!,Downtown,42.35697,-71.06107,Entire home/apt,,29,15,7,0.38,2025-11-03
1330479430857710833,"Blueground | Jamaica Plain, AC, gym, nr pond",Jamaica Plain,42.300862,-71.1118753,Entire home/apt,,30,1,0,,
1331564791264557892,"Beacon Hill Apt with Balcony, Fast WiFi, Near MGH!",Beacon Hill,42.3594106,-71.0704413,Entire home/apt,,29,0,5,0.40,2026-06-01
1331236418204728653,"Stylish Back Bay Retreat, Steps from Prudential",Back Bay,42.35137,-71.07831,Entire home/apt,158,91,302,0,,
1335499045184313829,"Blueground | Theater Distr, gym, nr shops & T",Downtown,42.3511858,-71.06401699999999,Entire home/apt,,30,327,0,,
1331564624307058245,Historic Beacon Hill Apt with Patio and Fast WiFi!,Beacon Hill,42.3594106,-71.0704413,Entire home/apt,,29,31,0,,
1326639835259500872,Modern Studio Across Boston State House,Downtown,42.35902,-71.06217,Entire home/apt,,1,0,10,0.59,2025-03-17
1329724013282084988,"Blueground | East Boston, AC, balcony, nr park",East Boston,42.3772615,-71.0292983,Entire home/apt,,30,283,1,0.12,2025-11-01
1335593934349496438,"Quiet Twin Room, City Center, Walk to MGH",Beacon Hill,42.35468,-71.07048,Private room,,29,0,0,,
1335565622712858485,Cozy Twin Room Near Harvard & MIT,Allston,42.36323,-71.13288,Private room,,3,0,2,0.16,2026-01-02
1338523960427919439,Affordable 1Bedroom in Beacon Hill,Beacon Hill,42.35881,-71.06928,Private room,,29,0,1,0.07,2025-04-27
1337947389332714220,Wonderful 1 Bedroom in Beacon Hill,Beacon Hill,42.3585,-71.06733,Private room,,29,0,5,0.37,2026-05-15
1338450386422122183,Luxury Two Bedroom Apartment in Boston's Back Bay,Back Bay,42.34904,-71.08199,Entire home/apt,400,32,301,0,,
1338585680566778841,Superior 1Bedroom in Beacon Hill,Beacon Hill,42.35987,-71.06822,Private room,,29,3,2,0.14,2025-06-10
1343663043519090250,Wonderful 1Bedroom in Beacon Hill,Dorchester,42.31655,-71.06477,Private room,,29,0,0,,
1345180827271165604,Best 1Bedroom in Beacon Hill,Dorchester,42.31501,-71.06662,Private room,,29,0,0,,
1340902446838629906,Amazing Beacon Hill penthouse,Beacon Hill,42.35892,-71.06874,Entire home/apt,,4,0,2,0.14,2025-05-26
1345035725273819435,Spacious bedroom near Logan,East Boston,42.37856,-71.03351,Private room,,29,17,3,0.45,2026-05-12
1357953937679549232,"Large Room Near Harvard, MIT, HBS",Allston,42.36214,-71.1328,Private room,,1,0,0,,
1352475873636408336,Charming 1Bedroom in Beacon Hill,West End,42.36128,-71.06714,Private room,,29,34,0,,
1352256858363743361,25A1.1 | The Alameda 1 | 2BR 1B w/AC & WD | Room 1,West Roxbury,42.29172,-71.15342,Private room,62,28,204,0,,
1363746247718388497,Luxury 3 Bed 3 Bath Condo Eagle Hill East Boston,East Boston,42.38016,-71.03271,Entire home/apt,153,100,358,0,,
1370434405601054381,North End TD Garden Walk to Downtown,North End,42.36572,-71.05424,Entire home/apt,,29,0,7,0.43,2025-04-28
1365540105909575205,5BR3B | Walk to Subway + Downtown,South Boston,42.32969,-71.0558,Entire home/apt,,29,0,4,0.25,2025-03-19
1384136267143703638,Historic Room Retreat – Among Cultural Treasures,Downtown,42.3510893,-71.0698111,Private room,,1,0,0,,
1411626125182621340,Studio in the Heart of Southie with Garage Parking,South Boston,42.33931,-71.04726,Entire home/apt,46,91,253,0,,
1410931989862533200,Beautiful Back Bay 1BR Apartment,Back Bay,42.3525,-71.08639,Entire home/apt,65,91,365,0,,
1414474806290933353,"(S2R) Back Bay, Near Fenway, Cozy Studio, Reno!",Back Bay,42.35022,-71.08871,Entire home/apt,,29,0,32,2.35,2026-05-07
1419988018627726960,Private Modern 1BR Southie,South Boston,42.33295,-71.03976,Private room,,1,0,3,0.22,2025-07-05
1424605259692577263,Entire Apt Downtown Seaport with Gym,South Boston Waterfront,42.3535161,-71.0474239,Entire home/apt,342,30,359,0,,
1426971810432319146,Luxury Apt with Water Views,South Boston Waterfront,42.3527606,-71.04651439999999,Entire home/apt,,30,0,0,,
1426970799985772384,Luxury Apt In Heart of Seaport,South Boston Waterfront,42.3527606,-71.04651439999999,Entire home/apt,,30,0,1,0.40,2026-04-23
1431225984103637170,Luxury Apt Near Prudential Center,Back Bay,42.3459685,-71.0847361,Entire home/apt,,30,0,0,,
1424605024338355843,Private Downtown Seaport Apt with Pool,South Boston Waterfront,42.3535161,-71.0474239,Entire home/apt,,30,0,0,,
1426972276869079694,Luxury Apt with Harbor Views and Gym,South Boston Waterfront,42.3527606,-71.04651439999999,Entire home/apt,,30,0,0,,
1431224577519176471,Spacious Apt In Back Bay,Back Bay,42.3459685,-71.0847361,Entire home/apt,477,30,335,0,,
1431224202832436792,Luxury Apartment Back Bay,Back Bay,42.3459685,-71.0847361,Entire home/apt,429,30,333,0,,
1447873185024884170,Chic North End Escape Near Waterfront,North End,42.3634415,-71.0551778,Entire home/apt,,30,0,0,,
1450228205793718101,Great room with a private bath,Brighton,42.34848,-71.14431,Private room,24,91,365,0,,
1685888866788620547,Habitación individual tranquila,Jamaica Plain,42.3259486,-71.1049506,Private room,70,29,352,0,,
21779767,BACK BAY ONE BEDROOM ON COMMONWEALTH AVE-MONTHLY,Back Bay,42.35078,-71.08389,Entire home/apt,152,32,305,2,0.02,2024-12-23
1703433478356642548,"A New Lower Unit, 2 Bedroom, Apt 19B",Hyde Park,42.2497886,-71.1319206,Entire home/apt,306,1,351,0,,
630270496932782519,Boston New One bedroom close to JFK station,Dorchester,42.31967,-71.05772,Entire home/apt,136,31,363,1,0.03,2023-05-30
775968020896070018,"Boston Studio, 7 minute walk to T",Dorchester,42.31971,-71.05937,Entire home/apt,108,31,362,2,0.07,2025-02-09
684685835346260348,The Ellie House 5- Cozy Back Bay Getaway!,Back Bay,42.34252,-71.08402,Entire home/apt,291,1,262,145,3.09,2026-06-11
1053473433861729173,Conveniently located in Boston,Jamaica Plain,42.31813,-71.10067,Entire home/apt,853,29,222,0,,
691827220063553170,Walk everywhere! Location! Location! Cute studio!,Back Bay,42.34433,-71.08268,Entire home/apt,187,1,241,189,4.11,2026-06-01
17616603,Charming South-End condo with large outdoor patio,South End,42.33959,-71.08015,Entire home/apt,524,1,221,392,3.50,2026-05-29
21445050,LUXURY BACK BAY STUDIO NEAR BERKLEY & Northeastern,Fenway,42.34651,-71.0899,Entire home/apt,147,32,311,3,0.03,2025-05-01
1292893398040848139,Convenient 1Bedroom in Boston,West End,42.361927431762,-71.06526306970092,Private room,70,29,170,0,,
1670431129222484546,Modern Apartment in Boston’s Back Bay,Back Bay,42.3454786,-71.07931049999999,Entire home/apt,238,30,365,0,,
610021158527991851,Central 4 Bed 2 Bath near MGH and Waterfront,Downtown,42.36611,-71.05918,Entire home/apt,539,29,342,0,,
1300419422153555822,2 BR 2 bath duplex steps from Back Bay Station,South End,42.34647,-71.07081,Entire home/apt,696,29,364,0,,
1305199473392141372,Super 1 Bedroom in Beacon Hill Area,Beacon Hill,42.3594256,-71.069931,Private room,71,29,254,5,0.35,2026-05-11
1131963649788157316,Best Boston Beacon Hill 2Bedroom Studio,Beacon Hill,42.36033286357713,-71.07095370041846,Entire home/apt,163,29,178,6,0.27,2026-04-26
52253773,Boston Beacon Hill Charming 4 bed room apt close T,Beacon Hill,42.359,-71.06649,Entire home/apt,170,29,82,10,0.18,2026-05-16
571988432134426101,Beacon Hill studio1queensizeBed downtown boston,Beacon Hill,42.36025332704906,-71.0673913389887,Entire home/apt,166,29,216,16,0.32,2026-05-02
620556935741785812,Lovely studio in downtown boston,West End,42.36153,-71.06487,Entire home/apt,121,29,197,12,0.26,2025-08-07
1322570830910433084,Prime Central Boston 2BR – South End w/ Workspace,Roxbury,42.340221615518885,-71.08165763318539,Entire home/apt,303,29,322,2,0.14,2025-09-05
1297299074129220337,Comfortable 1Bedroom in Beacon Hill Area,Beacon Hill,42.3594256,-71.069931,Private room,73,29,162,0,,
775659358800865129,Boston 3bed apt with an office,Beacon Hill,42.35927181161496,-71.06496319938758,Entire home/apt,162,29,116,0,,
1335801845926999821,Cozy 1 Bedroom in Beacon Hill,Beacon Hill,42.35839602181556,-71.0701858839737,Private room,77,29,73,0,,
1339226504786293584,Wonderful 1Bedroom in Beacon Hill,Beacon Hill,42.35968,-71.06898,Private room,70,29,74,0,,
1571086448479002776,1BR in Downtown nv8u,Downtown,42.35142,-71.06338,Entire home/apt,283,1,334,39,6.29,2026-05-30
1303750719040309054,Affordable 1Bedroom in Beacon Hill,Beacon Hill,42.3595002,-71.06847379999999,Private room,75,29,43,0,,
35916196,Copley House Budget Studio,Back Bay,42.34458,-71.08019,Entire home/apt,342,1,308,438,5.48,2026-05-23
849408,Perfect & Practical Boston Rental,Roslindale,42.29038,-71.13919,Entire home/apt,548,3,145,121,0.80,2026-05-26
932667738850269074,Quaint studio apartment! Back Bay Area,South End,42.34153,-71.0828,Entire home/apt,371,1,328,73,2.05,2026-05-20
6851459,"Stylish Downtown Studio in the SouthEnd, C.Ave# 31",South End,42.34441,-71.07633,Entire home/apt,464,1,341,272,2.08,2026-06-12
909901104136401529,Nicely furnished single family in boston,Hyde Park,42.24348,-71.13853,Entire home/apt,170,30,250,0,,
44821182,Non smoking Room S:Specious Super Safe QuietClean,Dorchester,42.28583,-71.05558,Private room,53,29,269,18,0.25,2025-07-05
1698799064730513243,"A New 3 Bedroom 4 Beds 2 Bath, Apt 2",Hyde Park,42.2497886,-71.1319206,Entire home/apt,421,1,334,0,,
1703568548786250094,"A New Lower Unit, 2 Bedroom, Apt 19A",Hyde Park,42.2497886,-71.1319206,Entire home/apt,306,1,350,0,,
1688589645032871335,Victorian Sapphire Stay,Hyde Park,42.25784,-71.1174,Entire home/apt,543,1,267,0,,
1630559410065963821,Theatre District.5 Bost. Common. DownTown.54.7,Chinatown,42.351225727115065,-71.06289983186629,Entire home/apt,386,29,363,8,3.24,2026-05-20
958943626506580294,Peace love humility and safety,Hyde Park,42.25749571383021,-71.11875652965605,Entire home/apt,364,29,360,7,0.26,2024-10-27
1048073482993646187,Beautiful peaceful and safe,Hyde Park,42.2584698,-71.1198095,Entire home/apt,399,29,360,2,0.10,2024-10-21
1703084534848493727,Luxury Studio near Harvard psv5,Allston,42.363998266740275,-71.13502430583266,Entire home/apt,256,1,356,0,,
1553050844630738889,hiawatha Place Room 3,Mattapan,42.2768699,-71.0956465,Private room,103,29,365,3,0.42,2025-11-25
1050663785008931194,Modern/Clean Condo - Full Condo 15 min walk to T,Roslindale,42.27556,-71.13127,Entire home/apt,188,29,269,3,0.14,2024-10-27
1678302510559213200,"(New3f) 1BR w/Pull Out Newbury St, Street Views",Back Bay,42.34863357635378,-71.08334151494378,Entire home/apt,291,1,84,3,2.65,2026-06-07
548409183091048221,Thatch™ Newbury Street | One-Bedroom Apt. #4,Back Bay,42.348644,-71.085091,Entire home/apt,546,1,121,67,1.32,2026-05-09
662231064185723309,Walk to Seaport/FiDi- Leather District 2BR Loft,Leather District,42.3504614,-71.0579946,Entire home/apt,282,29,292,4,0.10,2025-11-09
23304072,The Boston Christopher One Bedroom,South End,42.3432,-71.07848,Entire home/apt,189,29,303,9,0.09,2020-08-01
42384526,"Luxurious Boston Rooftop Views, Walk Everywhere.",Back Bay,42.34396743774414,-71.08158874511719,Entire home/apt,1484,1,224,99,2.56,2026-06-06
1431225330076153144,Luxury Apt In Heart of Back Bay,Back Bay,42.3459685,-71.0847361,Entire home/apt,359,30,246,0,,
50042062,"Blueground | Back Bay, near prudential center",Back Bay,42.34449,-71.08237,Entire home/apt,,30,238,1,0.02,2022-10-06
1371956583652528205,Modern One Bedroom in Boston High-Rise,Back Bay,42.34855987676379,-71.07899588368507,Entire home/apt,275,32,293,0,,
947814132068385867,Serene South End Studio,Back Bay,42.343985241791366,-71.0824229492576,Entire home/apt,226,1,250,44,1.28,2026-05-16
1365311920620211675,Best Quality 2 Bedroom Apt in Beacon Hill,Beacon Hill,42.358609074581615,-71.06803864756066,Entire home/apt,182,29,220,0,,
23304141,The Boston Christopher One Bedroom,South End,42.3432,-71.07846,Entire home/apt,167,29,306,13,0.14,2020-02-29
32835031,"Boston Studio, Ready For Long & Short Stays",Downtown,42.355056736770834,-71.06221200170934,Private room,168,29,245,103,1.21,2023-12-11
1528261693694880950,Bay Village Charming 1 Bedroom Apartment,Downtown,42.34978,-71.06515,Entire home/apt,187,29,342,4,0.52,2025-12-07
641974199506692966,Exquisite 1bedroom apartment Boston,Beacon Hill,42.35864,-71.06899,Entire home/apt,177,29,220,7,0.21,2025-03-02
670559820149361567,Great 3bedroom apt in downtown Boston,Beacon Hill,42.36023,-71.0711,Entire home/apt,169,29,202,7,0.15,2025-03-28
41953381,"Blueground | Back Bay, gym, doorman, nr Esplanade",Back Bay,42.348129,-71.080849,Entire home/apt,,30,47,1,0.02,2022-10-02
1115816138265936219,5-min walk to Prudential Ctr & 3 blocks to Fenway,Back Bay,42.34655,-71.08497,Private room,384,1,30,210,7.86,2026-02-21
1346468315974613995,One Bedroom Apartment in Back Bay Building,Back Bay,42.347,-71.08089,Entire home/apt,285,32,301,0,,
35915047,Copley House 1 Bedroom Suite,Back Bay,42.34458,-71.08019,Entire home/apt,625,1,314,299,3.82,2026-05-27
1406047034731918852,"Boston South End 2BR,Back Bay, Pru, Copley, Fenway",South End,42.34324,-71.07814,Entire home/apt,734,1,145,45,3.29,2026-06-05
577093755825945609,Beacon Hill Room Next to Public Garden | Back Bay,Beacon Hill,42.35664,-71.07152,Private room,125,29,101,7,0.13,2026-01-31
54278398,"(T2) Bay Windows, Delicious Pizza, Prime Location!",South End,42.34264,-71.07674,Entire home/apt,368,1,224,255,4.89,2026-06-12
1414147388334077396,"The Ellie House 10- Crowd Favorite, Back Bay!",Back Bay,42.342508685228985,-71.08211158413741,Entire home/apt,444,1,274,33,2.63,2026-06-06
1542201551999311510,Vibrant Studio | Prudential Area,South End,42.34224,-71.08182,Entire home/apt,241,1,211,5,0.71,2026-05-06
1653103909580083789,Modern Double Queen Room | Pet Friendly Stay,Back Bay,42.34378,-71.08334,Hotel room,377,1,363,3,3,2026-05-25
1539241018274447187,Simple & Spacious Apartment!,Downtown,42.35415,-71.06158,Entire home/apt,661,29,194,4,0.69,2026-01-01
933238026788932430,Modern South-End Studio Apt!,Back Bay,42.34300085036171,-71.08404904011313,Entire home/apt,315,1,157,34,0.96,2026-04-28
1339930863354537673,Copley House Superior Queen Studio,Back Bay,42.34564,-71.07987,Entire home/apt,378,1,313,85,7.22,2026-05-27
873911041827061745,South End Stunner/Walk to NE/Back Bay/ the Charles,South End,42.34268619963691,-71.07805605844173,Entire home/apt,1641,3,315,29,0.84,2026-05-30
45689038,"Beautiful 1 Bed, Adjacent to Rose Kennedy Greenway",Leather District,42.35122,-71.05838,Entire home/apt,270,32,281,1,0.51,2026-04-19
1341364697160900701,2BR Apt in Downtown Crossing 6370,Downtown,42.3552,-71.06033,Entire home/apt,313,29,296,6,0.38,2025-08-02
1700119843302737829,Polished South End Studio,Back Bay,42.3429186,-71.08294049999999,Entire home/apt,238,1,159,0,,
1462953387314720153,"Blueground | Fenway–Kenmore, view, nr Fenway Park",Fenway,42.3437753,-71.0863087,Entire home/apt,,30,56,0,,
1474090413103345579,Central 2BR Condo in Downtown Boston & T-Station,Chinatown,42.35154466228414,-71.06083319999999,Entire home/apt,526,29,148,2,1.33,2026-05-30
1025437304700254406,Prime Location Boston Stay | Steps to Common,Chinatown,42.352093,-71.06081,Entire home/apt,222,30,357,4,0.14,2026-05-03
1438417548692401463,Perfectly located Back Bay studio,Back Bay,42.34567047506077,-71.07976198095092,Entire home/apt,171,28,309,1,0.13,2025-10-20
43300494,Upscale Studio with Modern Kitchen Essentials,Chinatown,42.352093,-71.06081,Entire home/apt,222,30,357,78,1.13,2025-02-23
1138479050138541651,One Bedroom Apartment W/ Luxury Amenities,Back Bay,42.347582874101285,-71.07896338066085,Entire home/apt,275,32,302,0,,
934846903887237232,South End Serene Studio,Back Bay,42.34378,-71.08451,Entire home/apt,273,1,185,32,0.96,2026-04-14
51320323,Super location! 1st Floor! Walk everywhere!,South End,42.34265,-71.08161,Entire home/apt,319,1,260,280,4.81,2026-06-10
1292909119009816278,Amazing 1Bedroom in Beacon Hill,Beacon Hill,42.35984,-71.06941,Private room,79,29,45,0,,
785800229499535002,Exquisite 1 bedroom apartment in Beacon Hill,Beacon Hill,42.35951,-71.06762,Entire home/apt,216,29,176,0,,
1337926269671650140,Wonderful 3Bedroom Apartment in Beacon Hill,Beacon Hill,42.36061,-71.06799,Entire home/apt,164,29,136,0,,
50205719,Upscale Boston Studio with Modern Elegance,Chinatown,42.352093,-71.06081,Entire home/apt,222,30,357,44,1.06,2023-11-13
23302890,Luxury High-Floor 1BR in Downtown FIDI,Chinatown,42.352093,-71.06081,Entire home/apt,289,30,361,38,0.43,2026-04-04
1508059100879053529,Light-filled Studio | Back Bay,Back Bay,42.34391389301513,-71.08307754261031,Entire home/apt,223,29,324,9,1.21,2026-02-14
935480741617045500,Sleek Back Bay Studio,Fenway,42.34188,-71.08378,Entire home/apt,199,1,185,46,1.30,2026-06-01
1138474734579494420,Stylish One Bedroom Apartment in Back Bay,Back Bay,42.34722,-71.08026,Entire home/apt,285,32,280,0,,
1699469117999876721,"South End, Studio, Upscale Stay Near the T",South End,42.34052,-71.07771,Entire home/apt,351,1,290,1,1,2026-06-13
1352483854073233068,Wonderful 1Bedroom in Beacon Hill,Beacon Hill,42.36097313475994,-71.06671301497447,Private room,70,29,43,0,,
1181310286178284057,"The Chester: Hip, Renovated, South End",Roxbury,42.339042,-71.0803574,Entire home/apt,402,1,275,24,1.02,2026-05-04
23302453,High-End 1BR | Heart of Theater District,Chinatown,42.352093,-71.06081,Entire home/apt,289,30,361,35,0.39,2023-07-14
1181121091793554837,Cozy Studio in Historic Brownstone,South End,42.34273,-71.08052,Entire home/apt,420,1,349,25,2.54,2026-05-23
705014899720892075,The Ellie House 8- Fan Favorite! Back Bay! W/D,South End,42.34244,-71.08176,Entire home/apt,403,1,277,109,2.58,2026-05-30
1018290267718030960,Back-Bay Penthouse Downtown & Parking & GYM,Bay Village,42.3504464,-71.06818659999999,Entire home/apt,583,29,132,34,1.08,2025-02-16
51279945,South End 1800sqft 2BR Audiophile Paradise,South End,42.3413200378418,-71.0804443359375,Entire home/apt,454,1,167,252,5.76,2026-05-31
1181310640039457019,"The Chester: Modern Luxury, Historic Charm",Roxbury,42.339042,-71.0803574,Entire home/apt,358,1,260,25,1.04,2026-04-25
1138307658954412215,"The Ellie House 6 -Back Bay, Shopping, Dining, W/D",Back Bay,42.34277681925472,-71.08390136209393,Entire home/apt,325,1,266,58,2.28,2026-06-04
41953347,"Blueground | Back Bay, gym, doorman, nr mall",Back Bay,42.3491652,-71.0807758,Entire home/apt,,30,89,1,0.02,2021-12-21
776419658774901321,Art Penthouse / Roofdeck in the Heart of Boston,Back Bay,42.34925,-71.0841,Entire home/apt,1256,29,362,28,0.71,2025-10-27
51324293,Super location! One free parking spot! Walk Walk!,South End,42.34284,-71.08127,Entire home/apt,301,1,241,250,4.30,2026-05-23
958063393323060265,"(476-2) Clean & Cozy, South End / Back Bay!",South End,42.34214779250125,-71.07909586835892,Entire home/apt,350,1,253,109,3.22,2026-06-03
1671368913543286781,"Northeastern, Boston Medical, In unit laundry, C/A",Roxbury,42.33791,-71.08416,Entire home/apt,378,30,343,0,,
1298655083293226266,Wonderful 1 Bedroom in Beacon Hill,Beacon Hill,42.3607286,-71.06588049999999,Private room,134,29,49,3,0.22,2026-04-30
914594515559273013,"(W-14) Budget Friendly, A+ Location Studio! W/D",South End,42.33833,-71.07799,Entire home/apt,276,1,249,127,3.50,2026-05-13
45531759,Luxury 4 Bdrm Penthouse Brownstone Duplex,Fenway,42.34163,-71.08367,Entire home/apt,1450,1,215,51,0.76,2026-04-21
11799953,Pristine private apt South End Walk everywhere,South End,42.3428,-71.07836,Entire home/apt,522,2,230,87,0.99,2026-05-18
947863403518702980,Spacious Studio Apt | South End,Back Bay,42.34259,-71.08393,Entire home/apt,348,1,237,64,1.84,2026-04-13
1272612531127769773,Chinatown Central Upscale Condo w/Pool & Parking,Chinatown,42.3512,-71.0617,Entire home/apt,638,29,365,4,0.20,2025-03-17
1136154358791638137,Family friendly 3 bed 3 bath,Downtown,42.35718015235457,-71.06255274199684,Entire home/apt,1168,29,256,30,1.14,2025-02-09
1138479655459786671,"Modern 1 Bed Apartment in Central Back Bay, Boston",Back Bay,42.34735001011338,-71.07892405459607,Entire home/apt,285,32,293,0,,
50283962,Stay near the T & Tufts | 2BR in Prime Boston,Chinatown,42.352093,-71.06081,Entire home/apt,,29,354,11,0.28,2023-11-26
1683540364360027433,Bright Newbury Street 1 Bedroom Apartment,Back Bay,42.34881,-71.08205,Entire home/apt,433,1,354,2,2,2026-05-29
934067944826518229,Charming Studio Apt! | Back Bay,Back Bay,42.34425,-71.08264,Entire home/apt,306,1,261,48,1.37,2026-05-14
960685883806728060,Super location! Walk everywhere! 1 bed / 1 bath,Back Bay,42.34445218198396,-71.08105165816404,Entire home/apt,289,1,269,133,3.92,2026-05-31
7513605,"Walk to Chinatown, Boston Common, and South End",South End,42.34447,-71.07644,Entire home/apt,271,1,281,289,2.23,2026-06-07
1653103905059007621,Family-Friendly Stay | New England Aquarium-2.1 mi,Back Bay,42.34378,-71.08334,Hotel room,377,1,363,1,1,2026-05-31
28360335,"Blueground | Back Bay, gym, nr the common",Bay Village,42.34992,-71.06943,Entire home/apt,,30,33,1,0.01,2019-04-27
1364527542466260897,"Beacon Hill Room. Walk to MGH, Tufts Medical, MIT",Beacon Hill,42.357,-71.07268,Private room,63,29,129,2,0.21,2025-10-01
791467696621552585,Boston 2-bedroom apt w living room,Beacon Hill,42.35882959382679,-71.06726795707483,Entire home/apt,174,29,209,12,0.33,2026-06-01
39686073,Luxury Beacon Hill Condo With Private Patio/Garden,Beacon Hill,42.35847,-71.07298,Entire home/apt,214,32,71,4,0.13,2025-05-03
52367950,Copley Queen - Copley Sq. Hotel,Back Bay,42.34804,-71.07758,Private room,284,1,318,77,1.58,2026-04-27
