id,name,neighbourhood,latitude,longitude,room_type,price,minimum_nights,availability_365,number_of_reviews,reviews_per_month,last_review
37676,Mt. Hood View in the Pearl District,Pearl,45.52564,-122.68273,Entire home/apt,117,30,342,135,0.70,2026-05-31
61893,Perfect Portland Place,Goose Hollow,45.52258,-122.69955,Entire home/apt,93,30,149,26,0.22,2026-02-23
67036,Historic Home Located in Central City,Sullivan's Gulch,45.53103,-122.64448,Entire home/apt,557,4,336,90,0.48,2026-04-19
93613,Sunny Queen Room in FUN Alberta Arts,Sabin,45.55536,-122.65106,Private room,43,30,313,72,0.40,2026-05-31
99355,Beautiful Apt near City Center!,Irvington,45.53836,-122.65159,Entire home/apt,377,1,305,353,2.02,2026-05-28
114086,Sunny Peaceful Home in Walkable Arts District,Sabin,45.55593,-122.65029,Private room,40,30,127,74,0.41,2026-05-14
117969,Beautiful Remodeled Apartment,Richmond,45.51022,-122.63088,Entire home/apt,141,2,214,396,2.94,2026-05-31
134282,Daylight Foodie's Paradise & Everyone's Fun Zone,Boise,45.55273,-122.67524,Entire home/apt,80,31,161,35,0.20,2023-06-15
143483,Garden Hideaway near City Center!,Irvington,45.54005222601903,-122.64988089596142,Entire home/apt,202,1,300,197,1.11,2026-04-19
145199,Two private bedrooms with bath and kitchenette,Montavilla,45.52959,-122.59081,Private room,166,3,365,92,0.51,2026-04-27
182450,"Luminous, Cosy Home near lively SE Division Street",Richmond,45.50529,-122.63201,Entire home/apt,,5,5,38,0.23,2025-10-21
182465,Quiet room next to lively Division St,Richmond,45.50582,-122.63389,Private room,84,2,35,377,2.08,2026-05-04
195632,Foodie's Paradise & Everyone's Playground!,Boise,45.55083,-122.67567,Entire home/apt,26,85,177,89,0.49,2024-04-14
218708,Vintage Charm *King* at Opal 28 Apt 3,Kerns,45.5236,-122.63458,Entire home/apt,77,30,103,276,1.54,2025-10-06
222298,"Blues, Brews & Bicycle Guesthouse",Overlook,45.55815,-122.69218,Private room,75,2,52,125,0.70,2026-04-19
231732,"large, sunny room in farmhouse",Overlook,45.55629,-122.69042,Private room,34,30,55,48,0.28,2022-02-07
231734,"Private, sunny room in farmhouse",Overlook,45.55748,-122.69207,Private room,75,2,54,83,0.47,2026-06-13
236108,Large COMFY Room in Alberta Arts,Sabin,45.55645,-122.64854,Private room,48,30,288,59,0.34,2022-10-15
264248,Victorian Retreat near Hawthorne,Buckman,45.51268,-122.6493,Entire home/apt,133,30,208,19,0.11,2025-12-01
269339,Sweet Apartment in Alberta St. Area,King,45.55033,-122.65798,Entire home/apt,,2,0,375,2.12,2022-12-11
317797,Condo in the Courtyard,Mt. Tabor,45.510918377814114,-122.61128317425442,Entire home/apt,83,30,133,48,0.28,2026-04-13
332420,"Vintage Artist's Home, walk/bike everywhere!",Sunnyside,45.518,-122.6322,Entire home/apt,,3,0,67,0.41,2026-06-14
345650,GUEST SUITE SURROUNDED BY NATURE,Hayhurst,45.48203,-122.71903,Entire home/apt,403,2,267,139,0.82,2022-12-12
357732,"Cheerful, musical, eclectic home",Multnomah,45.46518,-122.71617,Private room,36,30,287,38,0.22,2026-03-03
362775,Kuza Cabin + Fine-Dining Village,Alameda,45.54903,-122.63423,Entire home/apt,240,1,347,571,3.30,2026-06-01
383701,Sellwood Music Suite,Sellwood-Moreland Improvement League,45.46846,-122.65395,Entire home/apt,155,2,193,459,2.66,2026-06-14
386687,The Heart of Multnomah Village,Multnomah,45.4692,-122.71497,Entire home/apt,152,30,365,236,1.38,2024-12-26
402130,Vintage Charm *Queen* at Opal 28 Apt 1,Kerns,45.52949,-122.63449,Entire home/apt,77,30,43,235,1.37,2024-09-03
402191,Vintage Charm *King* at Opal 28 Apt4,Kerns,45.52671,-122.63666,Entire home/apt,77,30,41,325,1.89,2024-10-05
408577,Eclectic cottage & sauna bath house/SE Portland,Richmond,45.50964,-122.61787,Entire home/apt,,2,0,198,1.15,2026-05-01
413956,"Beautiful, Clean 1920 NoPo Bungalow",Overlook,45.56557,-122.67893,Entire home/apt,,3,0,162,0.96,2024-12-30
448195,The Wisteria… Portland Craftsman,Rose City Park,45.546532,-122.612953,Entire home/apt,503,1,154,302,1.76,2026-05-25
450488,"Alberta Arts Rm - fast Wifi, hd TV, Great area!",King,45.56061,-122.6565,Private room,55,31,48,109,0.64,2024-08-10
450660,"Cozy Alberta Arts Rm - hd TV, A/C, fast Wifi, Desk",King,45.56186,-122.65834,Private room,45,31,241,109,0.65,2026-06-02
483614,House w/ Wood Burning Stove and A/C - NE Portland,Cully,45.55794,-122.61679,Entire home/apt,75,22,33,219,1.29,2026-01-08
522334,A sunny separate studio w/skylights,Sellwood-Moreland Improvement League,45.47402,-122.6439,Entire home/apt,74,4,18,573,3.38,2026-04-20
525395,Gorgeous Bungalow with Hot Tub close to Downtown,South Portland,45.47187,-122.67422,Entire home/apt,303,3,226,85,0.54,2026-05-11
531553,Garden Oasis in Walkable Mississippi District,Boise,45.55232,-122.67048,Entire home/apt,177,2,223,430,2.54,2026-06-01
543988,Quaint English Cottage Garden Private Apt.,Laurelhurst,45.52417,-122.61865,Entire home/apt,160,1,281,368,2.17,2026-05-24
548557,NE  Concordia Cabin,Concordia,45.56995,-122.63151,Entire home/apt,153,2,349,139,0.82,2024-09-29
557948,"Pretty house, perfect location, EV-friendly",Hosford-Abernethy,45.50857,-122.64463,Entire home/apt,535,2,52,19,0.13,2026-06-07
566103,Old Portland SE Clinton/Division,Hosford-Abernethy,45.50535,-122.64138,Entire home/apt,,30,0,54,0.32,2024-06-27
580155,Victorian House in NE Portland Oregon,Eliot,45.53912,-122.66097,Entire home/apt,105,4,284,101,0.60,2025-10-26
584676,NW Portland Condo on Street Car Line,Northwest District,45.52972,-122.69269,Entire home/apt,60,30,189,83,0.49,2026-01-01
600976,Cozy SW 2 Bedroom/Private Bath Near Lewis & Clark,South Burlingame,45.46519,-122.68488,Private room,97,1,341,496,2.94,2026-06-08
604270,Mt. Tabor studio with Mt. Hood view,Montavilla,45.51425,-122.58372,Entire home/apt,,1,0,675,4.02,2026-06-05
633385,Charming SW Portland Room – Super Clean & Cozy,South Burlingame,45.4705,-122.68506,Private room,62,2,352,267,1.60,2026-05-31
637011,"Eclectic, cheerful, musical home",Multnomah,45.46671,-122.71559,Private room,41,30,257,21,0.13,2022-05-29
637362,Sellwood Sanctuary Guest House,Sellwood-Moreland Improvement League,45.46549,-122.65551,Entire home/apt,199,3,317,388,2.38,2026-05-29
674866,Fantastic Loft in the Pearl (short or long term),Pearl,45.52667,-122.68242,Entire home/apt,77,90,365,61,0.64,2024-09-03
687927,"Heart on Hawthorne ,  SE Portland",Sunnyside,45.51365,-122.62041,Private room,46,1,228,202,1.21,2026-04-28
696955,Alberta Arts House - Hip Portlandia,Vernon,45.55888,-122.64747,Entire home/apt,161,30,196,217,1.30,2026-01-21
697115,Classic Bedroom/Private Vanity,Hillsdale,45.48678,-122.68989,Private room,59,30,350,3,0.02,2014-10-01
699605,Adorable Alberta Arts Bungalow,King,45.56611,-122.65743,Entire home/apt,136,30,341,47,0.28,2024-09-15
704753,Near OHSU. Choice of Clean Rooms. Private Baths.,Hillsdale,45.48699,-122.69223,Private room,64,30,364,11,0.07,2021-07-31
760737,Remodeled basement studio in central Portland,Buckman,45.51851,-122.64196,Entire home/apt,124,2,256,325,3.37,2026-06-11
762386,"Urban Treehouse in Portland, OR! - 1 bedroom",Creston-Kenilworth,45.49113,-122.62199,Private room,109,1,250,954,5.77,2026-05-31
774924,For humanitarian aid or medical vacations only,Grant Park,45.54292,-122.62822,Entire home/apt,,2,0,59,0.36,2022-03-21
775426,Incredible Location in Alberta Arts District,King,45.55841,-122.65152,Entire home/apt,552,1,291,289,1.79,2026-06-10
784126,"Portland condo near OHSU, VA Hospital & downtown!",Homestead,45.49608,-122.68884,Entire home/apt,65,30,222,62,0.47,2025-11-07
789798,"Artsy, private lower level. Minutes from downtown.",Ashcreek,45.45631,-122.73765,Entire home/apt,149,1,342,258,1.63,2026-06-10
798113,Kinley Manor Coach House Experience,Irvington,45.53693,-122.65713,Entire home/apt,143,1,198,152,0.97,2026-01-01
801318,"Ideally Located, Modern & Artistic Large House",Vernon,45.55845,-122.64999,Entire home/apt,466,1,284,133,0.81,2026-06-10
838961,Studio Apartment - Private Entry,Parkrose Heights,45.54385,-122.54355,Entire home/apt,82,30,333,44,0.30,2025-10-28
857220,"Spacious, Comfy Downstairs Suite & Garage parking!",Foster-Powell,45.49162,-122.58212,Private room,115,1,314,439,2.69,2026-05-26
921597,Pearl District Loft: Urban Oasis,Pearl,45.52959,-122.68424,Entire home/apt,117,30,120,20,0.13,2022-05-05
927432,"Spacious, charming, & well-located Portland house",Humboldt,45.56463,-122.66894,Entire home/apt,152,30,204,9,0.06,2021-07-19
929954,"Authentic Portland, Levity Lodge #3",Rose City Park,45.54433,-122.60348,Private room,58,31,345,14,0.09,2022-08-15
938257,Pink House off Mississippi-ask for DEALS 4-6nights,Boise,45.55039,-122.67497,Entire home/apt,129,2,237,600,3.76,2026-06-08
938283,Green House Mississippi-ask for DEALS on 4-6nights,Boise,45.55039,-122.67494,Entire home/apt,135,2,258,565,3.55,2026-05-24
951387,Quiet Private Studio in Inner NE near Bus & Bike,Boise,45.553,-122.66629,Entire home/apt,114,2,238,674,4.17,2026-06-08
967959,Authentic Alberta Arts Abode,King,45.55715,-122.65553,Entire home/apt,155,2,313,745,4.71,2026-06-12
993073,PDX Eco Cottage,Hosford-Abernethy,45.50661,-122.64996,Entire home/apt,234,1,261,415,2.62,2026-06-01
1003617,The Portland Villa on Alberta St,Concordia,45.55856,-122.63717,Entire home/apt,747,1,301,342,2.39,2026-06-08
1006381,Mid Century Modern,King,45.5622,-122.66176,Entire home/apt,42,45,128,99,0.62,2024-10-01
1007277,Feels Like Home,Woodstock,45.48719,-122.62161,Entire home/apt,57,30,118,435,2.82,2026-04-01
1036774,"""The Portland Purple House 1""",Roseway,45.55121,-122.59294,Private room,157,2,175,35,0.23,2022-08-28
1046001,"Alberta Arts Bsmt Rm  fast Wifi, hd TV,Great area!",King,45.55965,-122.65729,Private room,42,31,213,88,0.55,2026-05-24
1086146,Spacious Urban Retreat,Parkrose,45.55796,-122.55871,Entire home/apt,329,2,352,193,1.21,2026-01-04
1100793,"Walker’s Paradise w/ projector, kitchenette",Sellwood-Moreland Improvement League,45.47911,-122.64506,Entire home/apt,161,3,249,77,0.56,2026-06-08
1103529,The Hen House: Private unit in NE,King,45.55192,-122.65726,Entire home/apt,177,1,293,994,6.22,2026-05-25
1107789,Cozy Portland Studio Apartment,Buckman,45.51904,-122.64412,Entire home/apt,129,1,166,915,5.74,2026-06-14
1119763,Maple Cottage PDX/ Fun Historic Mississippi Ave.,Boise,45.55146,-122.67292,Entire home/apt,109,3,255,451,4.11,2026-06-03
1123780,Airport~Private Entrance~Garden View,Concordia,45.56028,-122.62061,Entire home/apt,95,1,118,613,3.86,2026-06-13
1151857,Vintage Charm *Queen* at Opal 28 Apt 2,Kerns,45.52709,-122.63826,Entire home/apt,90,30,153,190,1.27,2024-08-17
1182675,Private room in Southeast Portland,Creston-Kenilworth,45.49214,-122.63455,Private room,84,30,365,0,,
1193068,Rosie Room at Farmhouse Cottage,Marshall Park,45.45793,-122.68985,Private room,116,3,330,18,0.11,2025-07-28
1194370,Cozy mud hut with big bridge view,Cathedral Park,45.58991,-122.76046,Private room,56,30,89,498,3.20,2019-12-29
1194589,Artisan Sanctuary,Humboldt,45.56055,-122.66786,Entire home/apt,313,2,364,405,2.55,2020-03-08
1209612,"WATERFRONT, NW  DISTRICT CONDO",Old Town/Chinatown,45.52622,-122.67284,Entire home/apt,966,30,365,54,0.36,2015-07-21
1213052,Alberta Arts Bungalow - 4 Bedroom,Vernon,45.5585,-122.65001,Entire home/apt,440,1,277,240,1.52,2026-05-18
1242928,Modernist Loft in NE Portland | 2 beds 2 full bath,Humboldt,45.55915,-122.66811,Entire home/apt,,30,24,108,0.83,2026-01-24
1242968,"Urban Sanctuary near Shops, Dining & Downtown!",Boise,45.55398,-122.67583,Entire home/apt,204,1,205,987,6.24,2026-06-11
1243615,Captain's Bed at Portland Farmhouse Cottage,Marshall Park,45.45711,-122.69127,Private room,126,3,240,7,0.05,2024-12-18
1248994,Creative Charmer in NE Portland,Irvington,45.54725,-122.65495,Entire home/apt,52,30,213,110,0.70,2026-05-31
1261196,Vintage Portland Home—10 Minutes to Downtown!,Kerns,45.52415,-122.64208,Entire home/apt,145,30,94,247,1.60,2025-07-05
1288320,Thompson Hideaway - walk to Convention Center,Eliot,45.54057,-122.66377,Entire home/apt,112,2,279,671,4.25,2026-06-08
1297869,5th Ave Townhouse,Portland Downtown,45.51032,-122.68208,Entire home/apt,543,2,312,454,2.89,2026-05-31
1313694,Work & Stay at The Green Fairy Victorian farmhouse,Boise,45.55014,-122.67192,Entire home/apt,129,30,339,122,0.77,2024-09-12
1332422,Salmon Street Farmhouse,Buckman,45.51333,-122.64342,Entire home/apt,,30,0,15,0.10,2018-07-04
1386922,Mississippi Ave Basement Studio,Humboldt,45.56328,-122.67523,Entire home/apt,73,30,180,212,1.35,2025-08-01
1408895,Charming Roseway craftsman-ideal for 30+ day stays,Roseway,45.54872,-122.58744,Entire home/apt,92,30,249,81,0.52,2025-12-20
1411299,"Cozy, yet Spacious Division 1BR Apt",Richmond,45.50152,-122.62856,Entire home/apt,,1,265,301,2.39,2026-05-30
1429073,Lovely Private Room & Bath in SE (South Tabor),South Tabor,45.49991,-122.60654,Private room,81,2,274,243,1.55,2026-06-09
1438618,One block from everything. Purely Portland stay :),Cully,45.54883,-122.61489,Entire home/apt,218,2,25,242,2.50,2026-05-31
1525272,The Premier Irvington off Broadway Studio Condo,Irvington,45.5373,-122.65571,Entire home/apt,81,31,221,20,0.16,2025-11-17
1539452,The Hermitage at the Historic Hafner Haus 2nd unit,Portland Downtown,45.51614,-122.68598,Entire home/apt,221,30,365,166,1.18,2024-09-12
1542659,Bright Beautiful Mid-Century Style Loft in N.E.,Eliot,45.5425,-122.66028,Entire home/apt,254,2,320,408,2.69,2026-05-10
1560267,Pearl District Private Suite,Pearl,45.52894,-122.68338,Private room,143,2,92,695,4.48,2026-06-13
1584433,Historic Northwest Portland Home,Northwest District,45.53702,-122.69974,Private room,149,2,351,116,0.78,2026-06-04
1641735,Zen Suite Private Bath-Alberta Arts,Concordia,45.56696,-122.63339,Private room,80,30,365,57,0.38,2016-08-30
1641774,Walk to OHSU/15-min drive to Intel. Pristine Room!,Hillsdale,45.48954,-122.69262,Private room,71,30,365,1,0.01,2016-01-06
1646847,Urban Zen Retreat,Mt. Tabor,45.51512,-122.60498,Entire home/apt,103,30,364,147,1.00,2024-02-21
1661004,Irvington Cottage - Moda & Convention Center close,Irvington,45.53847,-122.65533,Entire home/apt,168,2,144,341,2.78,2026-05-18
1677299,Urban Gardens Woodsy-Loungey Vibe in SW Portland,Ashcreek,45.45808005478371,-122.71948915149193,Entire home/apt,220,1,35,85,0.57,2026-06-13
1703888,"Cool tiny home near wooded park, transit, dining",Mt. Tabor,45.51064,-122.60206,Entire home/apt,,31,0,128,0.83,2022-05-13
1717606,Clean Luxury Condo in Pearl of Portland,Pearl,45.53267,-122.6821,Entire home/apt,126,30,78,42,0.45,2023-09-09
1732272,Hollywood One Bedroom Home,Rose City Park,45.5404,-122.61099,Entire home/apt,133,3,287,106,0.78,2025-10-26
1751672,NE Portland Craftsman,Rose City Park,45.5443,-122.61122,Entire home/apt,532,1,228,17,0.12,2025-12-27
1826250,Urban Garden Studio,Richmond,45.50769,-122.62844,Private room,64,30,358,161,1.05,2019-05-21
1850556,The Nest,Hollywood,45.5367,-122.6223,Entire home/apt,182,1,325,596,3.96,2026-05-22
1851090,Inn Off Hawthorne,Sunnyside,45.51256,-122.62489,Entire home/apt,145,30,288,40,0.27,2025-11-10
1851145,Hawthorne/Division Beautiful Suite,Richmond,45.50969,-122.61779,Entire home/apt,160,1,289,343,2.26,2026-06-02
1856414,Comfortable Hip Downtown Loft,Portland Downtown,45.51462,-122.68498,Entire home/apt,95,30,338,91,0.60,2026-05-31
1880649,Cozy/Modern Casita,Eastmoreland,45.46473,-122.62499,Entire home/apt,111,30,365,242,1.58,2023-08-27
1887261,"Clean, private suite w/garden entry",Piedmont,45.57657,-122.67554,Entire home/apt,143,2,145,76,1.24,2026-05-24
1917726,Northeast Portland Studio with Private Entrance,North Tabor,45.52777,-122.61113,Entire home/apt,75,30,335,618,4.07,2024-02-13
2003568,Historic Irvington Basement Apt,Irvington,45.53642,-122.6486,Entire home/apt,94,30,363,101,0.67,2025-08-01
2020429,"Modern Apt. Close in SE, LOCATION!",Hosford-Abernethy,45.50453,-122.65446,Entire home/apt,63,30,267,339,2.23,2024-12-01
2020615,Sellwood Detached Studio Loft,Sellwood-Moreland Improvement League,45.46587,-122.65336,Entire home/apt,132,1,102,636,4.74,2026-05-31
2033589,"Cozy Room Near Airport, Alberta",Cully,45.56069,-122.59966,Private room,52,1,48,639,4.41,2026-06-09
2038802,"2 story, 2 bath View Condo Downtown",Portland Downtown,45.51564,-122.6844,Entire home/apt,116,30,132,172,1.14,2025-07-31
2101856,Cute Overlook Studio Cottage,Overlook,45.56142,-122.68037,Entire home/apt,99,1,286,849,5.92,2026-06-03
2114753,Sunny Room in Historic Laurelhurst,Laurelhurst,45.521,-122.62128,Private room,86,2,301,216,1.43,2026-02-15
2241274,Modern Artistic Three Bedroom Bungalow,Grant Park,45.53523,-122.6353,Private room,,30,0,29,0.20,2025-06-11
2281775,1 Bed Apt W/Laundry. Close to Moda & Convention,Irvington,45.53826,-122.65799,Entire home/apt,181,1,321,735,4.98,2026-06-02
2349023,"Cozy Williams Ave Victorian. 
 Walk to Everything!",Boise,45.55194,-122.66569,Entire home/apt,292,2,134,66,1.99,2026-06-06
2360923,Bright Wooded Apartment SW Portland,Collins View,45.45718,-122.68622,Entire home/apt,135,7,152,26,0.17,2021-04-04
2390685,Portland Tiny House,Concordia,45.56341,-122.63465,Entire home/apt,142,2,295,934,7.05,2026-06-03
2407080,Luxury Modern Newer Townhouse w/views in the hills,Forest Park,45.52335739135742,-122.74468231201172,Entire home/apt,,30,0,1,0.01,2015-06-16
2458957,Alberta Arts Hideaway,King,45.55619,-122.65703,Entire home/apt,329,2,302,228,1.53,2026-05-29
2460265,Modern condo in heart of Downtown,Portland Downtown,45.51622,-122.68524,Entire home/apt,84,31,272,30,0.32,2025-10-31
2545810,Fully Restored 4-Level Grand Craftsman,Piedmont,45.56952,-122.66532,Entire home/apt,580,3,358,60,0.41,2024-07-21
2546099,Sunny spot on N. Mississippi Ave.,Boise,45.55228,-122.6758,Entire home/apt,79,31,208,239,1.62,2025-11-02
2559470,"""The Portland Purple House"" 2",Roseway,45.55121,-122.59294,Private room,194,2,175,30,0.20,2022-11-12
2569391,Portland-1000sf basement apt./queen,Arbor Lodge,45.57134,-122.68781,Entire home/apt,,1,0,742,5.00,2025-09-20
2575775,"Walk to Se Division from a Sleek, Architect Designed Space",Hosford-Abernethy,45.50754,-122.63693,Entire home/apt,289,1,308,452,4.32,2026-06-07
2593314,"Guesthouse w/ Private Entry, Close to Alberta",Overlook,45.56039,-122.68515,Entire home/apt,205,1,54,631,4.90,2026-06-05
2637265,"Modern Ranch, close to everything",Overlook,45.56039,-122.68515,Entire home/apt,256,1,25,94,0.63,2026-06-10
2637543,Mt. Tabor 1 Bdrm Apt. private comfortable and big,Mt. Tabor,45.52276,-122.59806,Entire home/apt,,30,0,48,0.47,2023-03-31
2660141,"Portland Bungalow, A Happy House",Vernon,45.56608,-122.64608,Private room,101,2,279,287,1.98,2026-04-20
2735985,Charming Southeast Portland Private Studio,Buckman,45.52169,-122.64762,Entire home/apt,140,1,246,413,3.85,2026-05-30
2838013,Quiet Modern Getaway w Deck + BBQ Near Sellwood,Ardenwald-Johnson Creek,45.46226,-122.62886,Entire home/apt,234,3,216,55,0.38,2026-06-14
2919433,"Quiet, Private Apartment Retreat",Hillsdale,45.48261,-122.68722,Entire home/apt,190,1,281,324,2.20,2026-05-24
2950282,Portland Cottage with Kitchenette,West Portland Park,45.44743,-122.72158,Entire home/apt,99,1,118,707,4.80,2026-06-04
2975954,Apartment in 1911 craftsman home,Sabin,45.55383755928416,-122.65544674909276,Entire home/apt,78,30,257,120,0.83,2025-07-31
2988721,Urban Charm - NW Pearl/Nob Hill,Northwest District,45.52983,-122.69503,Entire home/apt,186,3,318,162,1.10,2026-05-15
3011519,"Sweet Home/Walk to Bars, Restaurant, Downtown",Buckman,45.5196,-122.64994,Entire home/apt,,2,0,21,0.14,2023-08-26
3059314,420 Friendly: Tiny House Living with A/C,Cully,45.56161,-122.60821,Entire home/apt,112,2,227,480,4.00,2026-06-02
3075414,Modern 2 Bedroom 2 Bath SE Hawthorne House,Sunnyside,45.51248,-122.62083,Entire home/apt,124,30,327,4,0.03,2014-07-18
3104395,~..++ Sweet N. Portland Loft ++.._~,Humboldt,45.56187,-122.66762,Entire home/apt,213,30,365,5,0.03,2014-10-27
3122190,Studio Apartment PandaCrystalCave,Mt. Tabor,45.51569,-122.59269,Entire home/apt,120,1,2,690,4.77,2026-05-25
3133331,"Guest-suite,king bed,near downtown, free-parking",Southwest Hills,45.5079,-122.69002,Entire home/apt,158,1,343,939,6.42,2026-05-31
3147877,Bright & Modern 2bdrm House In Kenton Neighborhood,Kenton,45.58557,-122.69488,Entire home/apt,,30,0,8,0.06,2017-11-23
3186591,Bright and Cozy Home in NE Portland,Woodlawn,45.57378,-122.65878,Entire home/apt,,2,0,19,0.13,2024-08-04
3246662,Entire 3rd floor in historic home,Northwest District,45.53066,-122.7031,Private room,72,30,287,117,0.80,2024-06-30
3280928,Onsen oasis + Portland's finest at your feet,Concordia,45.56312,-122.63596,Entire home/apt,403,1,317,590,4.07,2026-06-01
3282776,"Comfy room near Alberta, Airport",Cully,45.56197,-122.60037,Private room,63,1,61,446,3.05,2026-06-08
3340282,"Modern, updated, quiet Suite. Trained dogs ok!",Rose City Park,45.53435,-122.59838,Entire home/apt,177,2,333,213,1.50,2026-05-16
3378558,Modern Corner Unit Condo at 34th and Hawthorne,Richmond,45.51067,-122.63064,Entire home/apt,134,30,164,0,,
3395521,The Cottage. Close-in. Near River/Downtown/MAX,Brooklyn Action Corps,45.49211158502245,-122.648358219535,Entire home/apt,157,2,46,222,1.90,2026-05-27
3431587,Private Studio Mount Tabor/Division,South Tabor,45.50174,-122.59021,Entire home/apt,,30,0,181,1.24,2025-10-08
3433479,Cozy basement art studio,Hosford-Abernethy,45.51117,-122.64579,Entire home/apt,141,1,178,1380,9.49,2026-04-09
3439204,Wooded Getaway w/City Access,Southwest Hills,45.49662,-122.71143,Entire home/apt,,30,0,502,3.51,2024-11-15
3441025,Updated Woodland Garden Retreat & Spa,South Tabor,45.49888,-122.58735,Entire home/apt,207,2,303,278,1.91,2026-06-01
3448571,Peaceful studio space.,Rose City Park,45.53612,-122.60432,Entire home/apt,103,2,117,335,2.53,2026-06-10
3476238,Bright and Beautiful One Bedroom Apartment,University Park,45.58251,-122.73612,Entire home/apt,,2,0,65,1.35,2024-11-25
3480082,"Trendy, walkable neighborhood; permitted, no fees",Boise,45.54817,-122.67047,Private room,87,1,39,611,4.20,2026-06-12
3498642,"Artsy, Lofty, Open 1BR comfort in Converted Church",Humboldt,45.55757,-122.66546,Entire home/apt,215,1,312,631,4.35,2026-06-10
3562068,Sunrise studio with Mt. Hood view,Homestead,45.49216,-122.6805,Entire home/apt,117,2,307,452,3.21,2026-06-12
3562307,Navajo Suite,Northwest District,45.5329704284668,-122.7051773071289,Private room,42,30,329,278,1.91,2025-07-07
3617607,"Private studio Casita - walkable, Sellwood, SE PDX",Sellwood-Moreland Improvement League,45.4776,-122.64782,Entire home/apt,146,1,159,102,0.74,2026-06-01
3627515,The Downtowner,Portland Downtown,45.50792,-122.68358,Entire home/apt,543,2,322,431,3.00,2026-05-24
3635579,Art Filled Historic Craftsman • Inner Eastside,Sullivan's Gulch,45.53204,-122.64758,Entire home/apt,410,1,331,525,3.62,2026-06-09
3646070,Private Garden Studio in great location!,Irvington,45.54198,-122.648,Entire home/apt,,30,32,608,4.19,2026-03-13
3666651,5BD in the Heart & Soul of Portland,Richmond,45.50935,-122.63333,Entire home/apt,,1,0,85,0.59,2026-01-02
3667515,Great Space in Heart of Hawthorne,Richmond,45.50917,-122.63595,Private room,100,1,120,738,5.10,2026-06-08
3677614,Cozy Charming Apartment Ladd's/Hawthorne sleeps 4,Hosford-Abernethy,45.51186,-122.65171,Entire home/apt,172,1,240,859,5.95,2026-06-14
3696524,Purple bedroom in cute artsy Home,Boise,45.54935,-122.66253,Private room,76,1,41,113,0.78,2026-05-03
3698451,The Serene Hideaway,Eliot,45.53598,-122.66452,Entire home/apt,160,1,291,493,3.66,2026-05-31
3738840,Private King Studio w/fireplace in great location!,Irvington,45.54085,-122.65023,Entire home/apt,75,30,233,574,3.98,2026-06-01
3755902,Bright Modern ADU • FastWiFi • Walk to Mississippi,Overlook,45.56547,-122.68705,Entire home/apt,153,1,334,467,3.35,2026-05-26
3774635,Cozy for 1 in Portland's Safe Central NE Portland,Beaumont-Wilshire,45.54796150286919,-122.63007201249582,Private room,72,1,338,426,2.97,2026-06-05
3775190,Beautiful house in Portland Heights,Southwest Hills,45.50697,-122.69905,Entire home/apt,268,30,358,0,,
3821966,Humboldt Apartment,Overlook,45.55758,-122.68392,Entire home/apt,128,1,54,38,3.57,2026-06-14
3842427,Woodlawn Retreat,Woodlawn,45.5714,-122.64785,Entire home/apt,212,1,286,713,7.19,2026-05-31
3844595,Great Two Bedroom Apt. in Portland!,Portsmouth,45.58493,-122.70797,Entire home/apt,199,3,133,167,1.25,2025-10-12
3875448,Blue FoPo House,Foster-Powell,45.4958,-122.60454,Private room,53,7,320,73,0.51,2026-06-01
3884940,Arbor Lodge Guest Suite,Arbor Lodge,45.57226,-122.68504,Entire home/apt,175,2,346,22,0.71,2026-06-06
3898216,"SE PDX Apt, great location, full kitchen, private!",Richmond,45.50307,-122.62072,Entire home/apt,111,2,166,741,5.16,2026-06-05
3898931,Downtown Views- 1B/ 1.5b PDX Condo (dog friendly),Pearl,45.53293,-122.67978,Entire home/apt,32,90,199,27,0.22,2026-04-11
3939886,Beautiful apartment near the heart of Sellwood,Sellwood-Moreland Improvement League,45.46295,-122.64759,Entire home/apt,162,2,160,224,3.56,2026-06-12
4025399,Clinton / Division -the best of SE!,Hosford-Abernethy,45.50518,-122.64288,Entire home/apt,134,2,282,220,1.62,2026-06-01
4026064,"Custom Studio w/AC , Alberta Arts District",Concordia,45.55896,-122.63895,Entire home/apt,139,1,304,1239,8.66,2026-06-08
4041500,Heart of Southeast - Spacious 2 bedroom Craftsman,Richmond,45.50744,-122.62127,Entire home/apt,228,2,273,534,3.75,2026-06-14
4084311,"Convenient, Comfortable and Private",King,45.564092046398784,-122.66287918412279,Private room,100,2,257,309,2.16,2025-04-13
4145092,private one bedroom apartment,Alameda,45.54943,-122.64026,Entire home/apt,97,30,288,143,1.00,2023-04-20
4198752,Live like a local in Laurelhurst—family friendly,North Tabor,45.52113,-122.61685,Entire home/apt,197,2,295,602,4.23,2026-06-14
4204652,Soothing Studio Among the Trees (1),Buckman,45.51278,-122.65087,Entire home/apt,68,30,212,88,0.62,2026-04-26
4210084,Portland Belmont House—Main Floor,Sunnyside,45.51555,-122.63253,Entire home/apt,242,1,304,262,1.88,2026-06-07
4210881,Portland Belmont House—Eco Studio,Sunnyside,45.51794,-122.63292,Entire home/apt,191,1,281,289,2.04,2026-06-07
4256044,Thoughtfully Detailed & Appointed Guest Studio,Beaumont-Wilshire,45.54846954345703,-122.62928009033203,Entire home/apt,91,1,342,361,2.56,2026-06-12
4257909,"Private Studio, Lofted Bed, Soaking Tub & Patio",Sunnyside,45.51741,-122.6204,Entire home/apt,226,30,319,396,2.94,2024-07-21
4264248,"No Cleaning Fee, Private-bath, Free Parking for 2!",Kenton,45.58717,-122.69465,Private room,67,1,24,628,4.41,2026-06-03
4276758,Zen Modern in Historic N Miss. area/ Sanitized!!,Humboldt,45.56497,-122.67565,Entire home/apt,467,1,200,86,0.61,2026-06-09
4325619,"Mt Tabor, Lincoln Suites ~ Private and comfortable",Mt. Tabor,45.50857,-122.60111,Entire home/apt,156,1,235,481,3.62,2026-06-14
4341988,Bright Hawthorne Cottage Available,Richmond,45.50896,-122.63088,Entire home/apt,137,30,365,194,1.47,2024-07-10
4412762,"Clean, cozy ""mother-in-law"" apt. in newer home!",Kenton,45.57983,-122.68648,Entire home/apt,,30,0,237,1.69,2022-09-24
4436750,Cozy Close-In NE Cottage,King,45.55486,-122.66086,Entire home/apt,94,30,234,253,1.79,2026-05-20
4440990,Multnomah Village Studio,Multnomah,45.46628,-122.71092,Entire home/apt,142,1,273,396,2.84,2026-06-05
4457868,Modern Garden Studio Self Check & Private Entrance,Richmond,45.50583,-122.61383,Entire home/apt,159,1,115,872,6.17,2026-06-09
4469025,Cozy bedroom in N. Portland ranch,Portsmouth,45.58538,-122.72375,Private room,76,30,87,102,0.72,2023-10-09
4483736,"Cozy, bright, spacious studio house",Arbor Lodge,45.57474,-122.68913,Entire home/apt,205,30,364,12,0.09,2019-07-17
4491259,"Bright Mississippi AC MAX 2 Dwntwn Portland, OR",Overlook,45.55214,-122.67943,Entire home/apt,76,31,219,75,0.54,2026-01-18
4493001,Mad Court House - Private Apartment,Sylvan-Highlands,45.51292,-122.73847,Entire home/apt,194,2,126,106,0.76,2026-05-26
4494541,Modern Home - KING BED - 15 Minutes to Everything,Hazelwood,45.50649,-122.55702,Entire home/apt,771,2,263,48,0.34,2025-11-28
4512241,"2,000 Great Reviews Can't Be Wrong!",Sellwood-Moreland Improvement League,45.46443,-122.65275,Private room,80,1,167,487,3.45,2026-05-26
4512280,"1,615 Great Reviews: Heart of Sellwood",Sellwood-Moreland Improvement League,45.46589,-122.65358,Private room,80,1,64,432,3.06,2026-05-25
4536608,"The Historic Hafner Haus, monthly rental option.",Portland Downtown,45.51527,-122.68647,Private room,,30,0,54,0.42,2026-04-18
4558343,Moving to Portland Central,Hillsdale,45.48306,-122.68612,Entire home/apt,87,30,144,135,0.99,2024-11-05
4559235,Great Reviews! Heart of Sellwood,Sellwood-Moreland Improvement League,45.46636,-122.65195,Private room,86,1,195,507,3.60,2026-05-24
4572931,St. Johns Farmhouse,Cathedral Park,45.58494,-122.74654,Private room,72,2,36,204,1.45,2026-05-17
4606242,SE MidCentury Artist Retreat,Sunnyside,45.517526878886024,-122.6361269756842,Entire home/apt,,3,0,106,0.76,2025-07-28
4623759,Serene Alberta Arts Garden Casita.,Vernon,45.5593,-122.64603,Entire home/apt,142,2,294,217,1.70,2026-06-08
4623988,"Ate my way through Portland, Oregon",Eliot,45.53926,-122.66074,Entire home/apt,43,30,44,486,3.50,2026-04-29
4624844,"The Private Room, entrance + bath monthly option",Portland Downtown,45.51668,-122.68769,Entire home/apt,110,30,287,83,0.59,2026-05-01
4638242,Belmont Dairy - Portlandia Central,Sunnyside,45.51585,-122.627,Private room,,30,0,14,0.10,2017-10-10
4644858,Central Historic NE Portland - Irvington Suite,Irvington,45.53994,-122.65787,Entire home/apt,105,1,60,943,6.82,2026-06-13
4648534,The perfect spot!,Sellwood-Moreland Improvement League,45.46287,-122.65442,Entire home/apt,111,30,254,17,0.22,2026-02-02
4742398,"Cozy/quiet house, walkable to all things great!",Woodlawn,45.56914,-122.65323,Entire home/apt,217,2,307,379,2.86,2026-06-03
4787390,Terry Street Retreat - Kenton Studio near MAX,Kenton,45.58071,-122.68322,Entire home/apt,,60,19,150,1.08,2026-05-16
4794805,Cozy charming room quiet neighborhood.,Rose City Park,45.54337,-122.60031,Private room,144,2,251,115,2.43,2026-06-02
4795239,Exquisite Historic Suite- uptown,Southwest Hills,45.50761,-122.69855,Private room,143,1,265,487,3.55,2026-06-06
4862779,Private Garden Suite • Walkable • Cozy,Buckman,45.52235,-122.65012,Entire home/apt,184,1,147,335,2.42,2026-06-04
4863271,Private guest suite in central Brooklyn,Brooklyn Action Corps,45.49752,-122.65793,Private room,,1,1,238,1.76,2026-05-30
4896417,IRVINGTON urban RETREAT,Irvington,45.54233,-122.65685,Entire home/apt,149,2,145,120,0.87,2026-06-10
4907548,Sellwood Luxury Studio Home,Sellwood-Moreland Improvement League,45.45962,-122.6544,Entire home/apt,192,1,291,254,1.82,2026-05-25
4914388,"Artful studio, Ladd's Addition, PDX",Hosford-Abernethy,45.50479,-122.65127,Entire home/apt,177,1,119,459,3.36,2026-05-31
4921212,North Tabor Charming and Restful,North Tabor,45.52614,-122.59658,Private room,112,2,70,74,0.53,2026-06-14
4923100,"Cozy 2 Bed Basement Suite, Private Entry Hawthorne",Mt. Tabor,45.5114,-122.60498,Entire home/apt,181,1,295,883,6.58,2026-06-14
4935985,"Beautiful, Meditative House",Boise,45.55022,-122.67132,Entire home/apt,127,1,103,658,4.72,2025-12-31
4958064,"Portland, OR steps to Oregon Health and Sciences U",Homestead,45.49694,-122.68854,Entire home/apt,72,30,144,172,1.28,2026-04-03
4963976,Handbuilt Alberta Arts Cottage,Concordia,45.55716030353737,-122.63480357971446,Entire home/apt,267,1,212,879,6.51,2026-05-31
4975966,Cozy SE Portland Apartment,Woodstock,45.4855,-122.61527,Entire home/apt,,1,0,194,1.50,2020-03-08
5012460,Cozy 2 Bdrm In Popular SE Hawthorne,Sunnyside,45.51395,-122.62442,Entire home/apt,109,31,165,190,1.37,2025-12-31
5041164,The Green Door Garden Cottage,Concordia,45.56938,-122.62927,Entire home/apt,183,2,246,384,2.79,2026-06-04
5103651,Graham Street Garden Suite,Eliot,45.54383,-122.6646,Entire home/apt,123,2,38,145,1.10,2026-06-03
5127548,Sweet Suite in Alberta Neighborhood,King,45.56101,-122.66292,Entire home/apt,143,1,169,555,4.20,2026-06-11
5159896,Charming Four Square.   Pet friendly.,Sunnyside,45.5181,-122.6319,Entire home/apt,301,5,159,18,0.19,2024-07-26
5159912,"Fenced yard, covered patio, and pet friendly",Sunnyside,45.5181,-122.6319,Entire home/apt,182,1,329,291,2.32,2026-06-02
5185383,Casa Mágica / Walk Everywhere!,Richmond,45.51024,-122.62256,Entire home/apt,113,1,1,497,3.98,2026-06-10
5205479,❤ Vintage Jewel in Historic Mississippi!,Boise,45.5483,-122.67164,Entire home/apt,144,30,162,120,0.87,2021-10-01
5221169,Alberta hideaway,Sabin,45.55627,-122.64373,Entire home/apt,109,2,178,95,0.69,2026-06-07
5267715,Portland Farmhouse with Character,Ardenwald-Johnson Creek,45.46331,-122.62667,Entire home/apt,145,30,311,6,0.04,2025-01-15
5269402,Private Garden Suite for 1 or 2 Guests.,Woodlawn,45.56943,-122.65643,Entire home/apt,120,1,292,793,6.95,2026-05-22
5294566,Sunny  Digs-Walk to HIP Montavilla-Mt Hood view!,Mt. Tabor,45.51307,-122.58795,Private room,,2,263,569,4.12,2019-12-08
5309890,"""The Getaway"" modern cottage SE Portland Division",Hosford-Abernethy,45.50359,-122.64289,Entire home/apt,137,2,330,286,2.09,2026-05-31
5393534,Beautiful Treetop Loft,Kerns,45.52625,-122.63636,Entire home/apt,171,2,234,554,4.04,2026-06-05
5404297,En Suite Room in Lovely Neighborhood,Concordia,45.56845,-122.64105,Private room,111,2,161,229,1.66,2026-06-05
5404942,Updated Mid Century Modern Close-In,Hillsdale,45.47624,-122.6881,Entire home/apt,1171,30,365,11,0.08,2022-08-27
5434216,Downtown  Nest,Portland Downtown,45.51106,-122.67838,Entire home/apt,100,30,287,40,0.30,2026-01-15
5477710,Rose Garden Room! Amazing Location!,Arlington Heights,45.52113,-122.70881,Private room,169,1,317,700,5.12,2026-05-29
5536388,"Pearl District Condo | Quiet, clean, contemporary",Pearl,45.53353,-122.68159,Entire home/apt,139,30,236,26,0.24,2025-09-18
5551409,The Artist's Retreat in NW Portland,Northwest District,45.53614,-122.71085,Entire home/apt,114,30,272,39,0.28,2016-04-25
5589595,Cozy 1Br apt. beautiful park view,Portsmouth,45.58124,-122.71235,Entire home/apt,124,3,296,446,3.25,2026-04-13
5604467,The Perch - Relax in style/Walkable Location!,Boise,45.55406,-122.67662,Entire home/apt,210,1,322,1270,9.27,2026-06-12
5607847,The East Wing,Mt. Tabor,45.51627568649434,-122.60418478399515,Entire home/apt,,2,0,37,1.16,2024-09-12
5630762,Charming SW     Artist's Retreat,South Burlingame,45.4638,-122.68952,Entire home/apt,70,8,213,195,1.44,2026-05-15
5632832,Airy and Light filled 1 Bd in a newer Home,Sabin,45.5498,-122.65159,Private room,59,30,268,54,0.40,2023-07-06
5641892,Forest Park Room! Spacious and Comfortable!,Arlington Heights,45.52309,-122.70864,Entire home/apt,212,1,326,641,4.69,2026-05-30
5762158,Cozy Nest in the Heart of Portland,Goose Hollow,45.52071,-122.68734,Entire home/apt,65,30,257,15,0.11,2024-09-26
5820909,Light & bright-Close to EVERYTHING!,Overlook,45.55781,-122.68059,Entire home/apt,129,5,128,260,1.92,2026-06-07
5912939,Lyle Room @ 1234 HOUSE in SE PDX,Buckman,45.51307,-122.6462,Private room,116,1,146,440,3.31,2026-05-24
5914549,Close in - Southeast Belmont/Hawthorne Home,Sunnyside,45.51917,-122.62782,Entire home/apt,2765,30,89,0,,
5964484,Private room with shared bath,Northwest District,45.53027,-122.70493,Private room,45,30,81,36,0.27,2024-09-30
5979427,Private Apt. Comfy & Clean in a Great neighborhood,Montavilla,45.52579,-122.59055,Entire home/apt,200,2,333,173,1.27,2025-09-08
5988930,Upscale 1 bdrm /Apart/ SW Hills- Util incl.,Southwest Hills,45.499610900878906,-122.71192932128906,Entire home/apt,85,31,99,43,0.32,2023-06-01
6073029,Guest Suite in Amazing Walking Neighborhood!,Richmond,45.50279,-122.62543,Private room,133,2,98,152,1.13,2026-05-17
6132497,Charming! Great location!,Northwest District,45.53245,-122.70705,Entire home/apt,212,3,76,561,4.16,2026-02-16
6165708,Your Portland Bungalow Apartment,Piedmont,45.57596,-122.67135,Entire home/apt,111,2,22,718,5.37,2026-06-08
6169982,Mississippi Guest Room,Boise,45.55279,-122.67393,Entire home/apt,90,3,16,311,2.30,2026-06-04
6181499,Room for rent in 2 Bedroom home,Kerns,45.52678,-122.6325,Private room,146,30,173,3,0.02,2015-10-21
6210573,Modern apartment at a fantastic location,Kerns,45.52502,-122.63904,Entire home/apt,131,3,180,145,1.08,2026-04-13
6255911,Private Mt. Tabor Guest Quarters,Mt. Tabor,45.5061534,-122.607831,Entire home/apt,114,2,197,174,4.15,2026-05-24
6262850,Quite Upstairs Studio in NE PDX.,Rose City Park,45.53396,-122.61039,Entire home/apt,,3,0,357,2.65,2023-05-23
6277852,2+ Bedroom Urban Home in SE Portland,Mt. Scott-Arleta,45.47964,-122.58028,Entire home/apt,,2,0,23,0.21,2022-03-22
6290791,Spacious Sellwood 2 bedroom Suite,Sellwood-Moreland Improvement League,45.46558,-122.65133,Entire home/apt,155,1,294,449,3.34,2026-06-14
6293687,The Oasis in the City,Eliot,45.53614,-122.66575,Entire home/apt,,1,0,318,2.41,2024-12-18
6364401,Modern Cozy Home - Pet Friendly - Walkscore90+,King,45.55518787676244,-122.65971725317026,Entire home/apt,448,1,122,115,3.06,2026-05-30
6376373,Waterfront Pearl District Condo w/ Bridge Views,Old Town/Chinatown,45.5281,-122.67391,Entire home/apt,127,30,316,6,0.13,2026-06-01
6389996,La Petite- BRAND NEW!,Richmond,45.50823,-122.61571,Entire home/apt,142,2,270,190,1.41,2026-05-31
6402773,The Hawthorne Hideaway,Buckman,45.51296,-122.65083,Entire home/apt,176,2,319,384,2.85,2026-06-07
6426141,Cozy Room (with Bicycles!),Cully,45.56605,-122.61166,Private room,67,30,77,225,1.67,2021-09-08
6506905,"Lola house, Historic Irvington, California King",Irvington,45.54355,-122.65184,Private room,156,30,365,78,0.59,2023-07-31
6545849,"Plum Room, Hummingbird Farm",Kerns,45.52728,-122.6326,Private room,115,1,35,298,2.23,2026-05-31
6555772,"Spacious - Free Parking, walkable, A/C, play room!",Foster-Powell,45.49306,-122.59395,Entire home/apt,499,1,160,130,1.00,2026-05-24
6599733,NE Portland Beauty,Roseway,45.55427,-122.58738,Entire home/apt,,6,16,33,0.25,2025-06-30
6609741,Private Studio Right Off Hawthorne!,Richmond,45.5118,-122.62902,Entire home/apt,122,2,42,319,2.52,2026-06-08
6712131,Magnolia House: sunny and bright,Laurelhurst,45.5329,-122.62925,Entire home/apt,,3,0,89,0.67,2025-01-06
6731334,"Chic Mississippi District -Fresh, Bright & Modern",Humboldt,45.55704,-122.67591,Entire home/apt,388,1,292,89,0.67,2026-06-12
6777992,"Cozy, Creative & Spacious! Historic Portland Home",Irvington,45.53685,-122.65791,Entire home/apt,200,1,288,291,2.18,2026-05-25
6799955,Historic Private One Bedroom Condo,Goose Hollow,45.52261,-122.69453,Entire home/apt,178,30,318,15,0.11,2017-06-01
6811607,LUX Lava Lounge - Roomy & Groovy NOPO Pad,Kenton,45.58245,-122.6827,Entire home/apt,103,30,287,1,0.01,2015-07-25
6820353,Portlandia Pad,Buckman,45.51464,-122.6474,Entire home/apt,148,2,59,353,2.64,2026-06-06
6836688,Sweet Garden Perch! Ideal Spot.,Hosford-Abernethy,45.5003,-122.64118,Entire home/apt,187,1,184,446,3.36,2026-05-30
6967714,Stunning Home In Trendy Mississippi District,Humboldt,45.55678,-122.67609,Entire home/apt,753,1,266,116,0.88,2026-06-09
6974214,Stunning SE 1920's Craftsman near Kenilworth Park,Creston-Kenilworth,45.49267,-122.6311,Entire home/apt,412,1,163,332,2.69,2026-06-05
6976600,Granny Flat in leafy SW Portland,Far Southwest,45.44134,-122.73529,Entire home/apt,137,1,349,922,7.97,2026-06-02
6992895,The Kinley Manor Guest House,Irvington,45.53641,-122.657,Entire home/apt,121,1,226,274,2.05,2024-11-01
7039107,"Sunny, Private, Elegant---Pet Friendly",Piedmont,45.57731,-122.67427,Entire home/apt,,30,0,1,0.01,2015-08-28
7068422,The Garden House,Mt. Tabor,45.517,-122.61164,Entire home/apt,159,1,302,578,4.33,2026-06-07
7072485,Modern Treehouse in Historic Spanish Turret House,Irvington,45.53876,-122.64476,Entire home/apt,337,1,142,465,3.50,2026-05-22
7074345,Spacious Modern home in Mississippi Neighborhood,Boise,45.55056,-122.67519,Entire home/apt,92,30,163,47,0.43,2026-02-11
7092722,"Casita Sarita, Your Urban Escape! NO Cleaning Fee!",Hosford-Abernethy,45.50624,-122.65393,Entire home/apt,125,1,309,1017,7.63,2026-05-27
7173741,"Multnomah Gem - beautiful, pampering, mins to dntn",Multnomah,45.47175,-122.70289,Entire home/apt,153,1,98,528,3.97,2026-06-11
7202320,The Rabbit Hole - A Downstairs Guest Suite,Hosford-Abernethy,45.50439,-122.65291,Entire home/apt,167,1,328,615,4.62,2026-06-12
7207295,Scandinavian-modern private studio,Roseway,45.55378,-122.59778,Entire home/apt,148,2,280,221,1.71,2026-05-31
7224016,Purple House PDX- HUGE SW Apt. 10-15 min to town,West Portland Park,45.44312,-122.7263,Entire home/apt,200,1,148,283,2.30,2026-06-09
7225293,Morel Room @ 1234 HOUSE in SE PDX,Buckman,45.51516,-122.64451,Private room,121,1,142,492,3.70,2026-05-31
7228938,Mill Room @ 1234 HOUSE in SE PDX,Buckman,45.51336,-122.64436,Private room,113,1,163,413,3.11,2026-05-26
7231930,Cornur Room @ 1234 HOUSE in SE PDX,Buckman,45.51302,-122.64578,Private room,116,1,144,413,3.10,2026-05-16
7245156,Apartment in Division/Hawthorne!,Richmond,45.50722,-122.61292,Entire home/apt,117,1,23,583,4.39,2024-07-09
7246397,Renovated Alberta Arts Sun-Filled Tiny House,Sabin,45.55614,-122.65138,Entire home/apt,126,1,1,988,7.45,2026-06-15
7272984,The Black House Studio Unit #8 (North Portland),Overlook,45.55691599481316,-122.68331714092297,Entire home/apt,138,2,260,98,2.61,2026-05-17
7279243,Charming Studio in SE PDX,Hosford-Abernethy,45.50672,-122.64052,Entire home/apt,,2,1,626,4.84,2026-05-29
7292504,"Saratoga Sweetness: cozy, quiet with private bath.",Arbor Lodge,45.57221737314856,-122.68799114337358,Private room,79,2,317,282,2.13,2026-06-01
7306750,Artist haven/historic Laurelhurst,Laurelhurst,45.52052,-122.61919,Entire home/apt,180,2,306,127,0.97,2026-04-27
7320844,The Cedar Cottage,Mt. Tabor,45.50843,-122.60755,Entire home/apt,122,2,146,939,7.14,2026-06-07
7330215,Travel nurse friendly Portland Nice Condo,Hillsdale,45.4747,-122.69736,Entire home/apt,87,30,105,19,0.16,2018-07-20
7383236,Charming 2nd floor Studio on gorgeous street,Irvington,45.54245,-122.64835,Private room,57,30,52,116,0.88,2026-06-01
7402080,Close-in North Portland Home,Arbor Lodge,45.56972050568589,-122.69102318001512,Entire home/apt,,2,0,419,3.17,2026-01-18
7402676,Harmony House on Mount Tabor,Mt. Tabor,45.50982,-122.5908,Entire home/apt,213,1,88,32,0.24,2026-02-22
7452129,New 1bd/1 BA Across from Park,Sellwood-Moreland Improvement League,45.46937,-122.65826,Entire home/apt,185,1,295,106,0.81,2026-05-20
7460017,Digital Nomad Remote Solo Guest Private Retreat,Collins View,45.45965670517419,-122.6838027094518,Entire home/apt,136,2,240,94,0.78,2026-04-09
7486149,NoPo Boho,Overlook,45.56585,-122.69599,Private room,66,2,69,256,2.07,2026-06-13
7547444,Near Oregon Convention Center,Sullivan's Gulch,45.53368,-122.64487,Private room,37,30,319,284,2.14,2025-10-04
7616616,Modern Rustic Zen  SE Studio Loft,Brentwood-Darlington,45.46686,-122.59751,Entire home/apt,66,30,84,71,0.54,2026-05-03
7620997,"Bright, Spacious Heart of Portland",Richmond,45.51113591846699,-122.63356607310152,Private room,146,1,119,725,5.48,2026-06-07
7638741,Furnished Monthly Rental Near Addidas,Overlook,45.56614,-122.69443,Entire home/apt,79,30,340,1,0.01,2015-10-16
7644915,Lovely Northeast Portland Oasis,Grant Park,45.53756,-122.63737,Entire home/apt,201,5,63,114,0.89,2026-06-01
7650094,99 Walk Score | NW Home for Long-Term Stays,Northwest District,45.52446,-122.68876,Entire home/apt,77,30,315,18,0.17,2026-04-18
7676079,5428 B - Interstate Max Line Monthly,Overlook,45.56136,-122.68032,Entire home/apt,59,30,215,24,0.22,2026-02-05
7678990,Yellow Door / Nob Hill / Onsite Parking,Northwest District,45.52721,-122.69902,Entire home/apt,211,3,300,387,2.98,2026-05-18
7701258,Charming 1922 Restaurant Row Bungalow Home,Kerns,45.52479,-122.63934,Entire home/apt,235,1,206,262,2.14,2026-05-25
7729130,Magic Barn / Walk Everywhere!,Richmond,45.5095,-122.62219,Entire home/apt,192,1,310,1198,9.09,2026-06-01
7764019,Private Bedroom Studio with Kitchenette,Beaumont-Wilshire,45.54499816894531,-122.61543273925781,Private room,61,30,200,187,1.42,2025-08-29
7769491,Minimalist Basement Unit in Historic Irvington,Irvington,45.53954,-122.65502,Entire home/apt,210,2,52,94,1.68,2026-06-07
7790853,Charming craftsman blocks from Univ,University Park,45.58356,-122.72838,Entire home/apt,179,1,355,136,1.03,2026-03-31
7837939,Close To Everything-Private Apt.,Irvington,45.53778,-122.65428,Entire home/apt,,30,0,448,3.41,2024-11-11
7885712,Hawthorne Wisteria Retreat,Hosford-Abernethy,45.50856,-122.64083,Entire home/apt,166,1,243,786,6.02,2026-06-09
7915941,"Newly Remodeled, Modern Retreat",Arbor Lodge,45.56806,-122.69564,Entire home/apt,228,1,293,356,3.21,2026-05-24
7922813,Ash Street Private Penthouse off Restaurant Row,Kerns,45.52068,-122.6367,Entire home/apt,142,2,61,172,1.31,2026-06-13
7924119,Ash Street Big Studio off Restaurant Row,Kerns,45.52212,-122.63615,Private room,103,2,96,148,1.12,2026-04-27
8015598,Quiet Retreat Steps from Bustling NE Broadway,Irvington,45.53546,-122.6474,Entire home/apt,211,1,18,498,4.40,2026-06-08
8035910,LONG TERM LUXURY IN THE PEARL,Pearl,45.52452,-122.6803,Entire home/apt,138,30,324,25,0.25,2025-11-24
8035987,Lark About Downtown from Here!,Portland Downtown,45.5159,-122.6867,Entire home/apt,278,30,364,54,0.41,2017-08-21
8053707,Sunny bedrooms  Craftsman style home NW Portland,Northwest District,45.53286,-122.70142,Private room,186,2,210,23,0.18,2025-09-09
8072092,Designer's Home in Rose Garden!,Piedmont,45.56884765625,-122.66822052001953,Entire home/apt,164,30,183,125,0.96,2026-05-02
8118223,Spacious & Stylish Portland  Beauty! Close-in!,Overlook,45.55054,-122.68304,Entire home/apt,343,1,330,330,2.52,2026-05-23
8149676,Sweet remodeled NE Cottage w/ King Bed,Irvington,45.53732,-122.64664,Entire home/apt,194,2,211,311,2.39,2026-06-12
8194988,Private Cozy Cottage • Fireplace • Walk to Cafés,Rose City Park,45.53562,-122.61419,Entire home/apt,203,1,238,314,2.39,2026-05-31
8236018,Woodstock modern apartment,Brentwood-Darlington,45.4652,-122.61292,Entire home/apt,187,3,283,357,2.79,2026-06-12
8256301,NW 23rd (Nob Hill) - Cozy Apartment,Northwest District,45.52707,-122.69671,Entire home/apt,,30,0,484,3.72,2021-12-28
8290529,Hawthorne/Belmont Retreat - East bd,Sunnyside,45.51347351074219,-122.63191986083984,Private room,103,1,349,927,7.08,2026-06-09
8290549,Urban Oasis / Private Guesthouse,Overlook,45.5576,-122.68843,Entire home/apt,,30,0,157,1.23,2023-08-10
8291362,Hawthorne/Belmont Retreat - West bd,Sunnyside,45.51347351074219,-122.63191986083984,Private room,97,1,324,1010,7.71,2026-06-04
8312174,Central Air Near Providence Hospital - 1100 Sq Ft,North Tabor,45.52437,-122.60473,Entire home/apt,259,3,345,100,0.77,2026-05-26
8355231,Home away from home in SW Portland!,Hayhurst,45.48153,-122.72681,Entire home/apt,262,2,82,81,0.62,2025-06-30
8391434,Mississippi District Private Suite,Boise,45.55176,-122.67562,Private room,93,4,310,205,1.64,2025-01-24
8408240,Charming Rooms in Eastmoreland Contemporary Home,Eastmoreland,45.46733,-122.62568,Private room,,1,0,165,1.30,2023-08-22
8458004,Multnomah Village Petite Maison,Multnomah,45.47136,-122.70362,Entire home/apt,103,2,102,285,2.19,2026-06-10
8475095,The Artist’s Nest,Montavilla,45.51899,-122.57611,Entire home/apt,95,30,48,328,2.70,2026-05-23
8555477,Large Pearl Condo for extended stay,Pearl,45.53212,-122.68082,Entire home/apt,247,30,365,11,0.08,2018-12-20
8597145,GREAT NOB HILL NEIGHBORHOOD - 21,Northwest District,45.53697,-122.70296,Entire home/apt,94,30,302,28,0.22,2026-05-18
8611065,Wappato Lookout,Linnton,45.61596,-122.80527,Private room,102,2,69,114,0.89,2026-06-05
8686593,NE PDX Guestroom,Piedmont,45.57318,-122.66318,Private room,52,30,253,29,0.22,2026-01-18
8687026,SE Woodstock 1 BR vintage 1930s updated apartment,Woodstock,45.4823,-122.62039,Entire home/apt,155,3,29,104,0.86,2026-06-01
8700497,Comfy 2 bed/2 bath Condo,Hillsdale,45.47875,-122.70274,Entire home/apt,30,90,292,24,0.18,2025-09-30
8703224,Bedroom in NoPo N. Mississippi Ave Home,Boise,45.55106,-122.67582,Private room,60,14,221,38,0.33,2024-11-30
8740782,Modern spacious private studio overlooking bamboo,Bridlemile,45.49008,-122.72925,Entire home/apt,159,1,214,479,3.90,2026-05-25
8742729,Sauna Studio - Heart of Hawthorne - Private Entry,Richmond,45.51036,-122.63466,Entire home/apt,157,1,95,884,7.19,2026-06-09
8849753,Hattie's Cactus and Rose Garden,Humboldt,45.56598,-122.67273,Entire home/apt,105,30,365,157,1.22,2020-08-29
8863377,Stylish SE Gem – Tabor + Hawthorne Vibes,Mt. Tabor,45.51499,-122.6093,Entire home/apt,232,2,358,177,1.50,2026-06-07
8956997,Urban retreat in historic Irvington,Sabin,45.54904,-122.65064,Entire home/apt,144,1,156,334,2.61,2026-06-11
8974083,"NE Alberta Area - Great Walking Area, with Parking",Vernon,45.5622,-122.64789,Entire home/apt,109,30,256,77,0.60,2026-05-10
8982859,"Tiny House, Big Charm",Montavilla,45.52084,-122.56984,Entire home/apt,157,1,194,735,6.50,2026-06-14
8989294,Portland House with Sunset View,Forest Park,45.5423,-122.76146,Entire home/apt,,30,0,3,0.06,2022-10-13
9059118,The Jacobberger House Portland's Historic 5 star,Southwest Hills,45.50876,-122.68672,Entire home/apt,645,1,313,134,1.05,2026-05-25
9076254,Hawthorne Guest House - heated king bed,Sunnyside,45.51428,-122.6216,Entire home/apt,151,1,209,702,5.68,2026-05-28
9115424,Charming St. John's Getaway,Portsmouth,45.58994,-122.73032,Private room,59,30,364,42,0.33,2023-03-08
9118702,2BR Renovated Craftsman by Sellwood Park,Sellwood-Moreland Improvement League,45.4691047668457,-122.65819549560547,Entire home/apt,382,5,316,38,0.30,2025-07-06
9119792,"Bamboo Garden Apt, a quiet, cozy getaway",Irvington,45.53586,-122.65583,Entire home/apt,166,1,309,546,4.27,2026-06-08
9131283,Alberta St. Modern Craftsman,Humboldt,45.55798,-122.67076,Entire home/apt,222,1,237,1361,10.54,2026-05-27
9154349,"City/Mtn Views, Parking, and 24-hr Concierge",Goose Hollow,45.52291,-122.69153,Entire home/apt,107,31,363,0,,
9171996,"Modern, walkable, Kerns apartment",Kerns,45.52774,-122.63541,Entire home/apt,131,2,179,294,2.40,2026-06-14
9216829,"Stylish house, Mississippi Neighborhood",Humboldt,45.55583,-122.67533,Entire home/apt,264,31,261,146,1.16,2025-12-15
9236071,Fortune 503 - UofP Perfect Stay,Portsmouth,45.58832,-122.72944,Entire home/apt,137,1,286,559,4.35,2026-06-07
9272043,Stumptown Cottage in Eastmoreland,Eastmoreland,45.46693,-122.62479,Entire home/apt,166,2,302,335,2.63,2026-06-14
9276925,Lovely FURNISHED riverfront condo,Pearl,45.53338,-122.68003,Entire home/apt,66,90,363,1,0.01,2019-09-15
9319598,Cool apartment in middle of it all,Northwest District,45.52346,-122.69341,Entire home/apt,343,30,365,344,2.69,2020-03-29
9350743,Laurelhurst Gem! Lovely bright 2 bedroom home,Kerns,45.52638,-122.63214,Entire home/apt,,31,0,1,0.01,2018-07-28
9365410,Harmony House,Wilkes,45.52817,-122.50029,Entire home/apt,223,1,284,451,3.51,2026-05-29
9368417,"Charming Home, Wonderful Neighborhood!",Beaumont-Wilshire,45.5454,-122.61546,Entire home/apt,290,1,309,116,0.95,2026-05-31
9369142,Private Studio with Kitchenette,Beaumont-Wilshire,45.545,-122.61543,Private room,61,30,166,119,0.97,2025-12-05
9384278,Modern home! Great Location!,Northwest District,45.53434,-122.70688,Entire home/apt,398,2,33,363,3.02,2026-03-09
9475332,"Cozy, Walkable, Woodstock Cottage",Woodstock,45.480094252636086,-122.6041601847713,Entire home/apt,178,2,223,206,1.61,2026-06-04
9506971,Designer Alberta Bungalo-Walk to Everything!,King,45.55816,-122.65763,Entire home/apt,,2,0,25,0.19,2023-09-03
9512936,Location! Hip and Modern Zen in SE,Richmond,45.50853,-122.61772,Entire home/apt,,2,4,90,0.70,2026-05-24
9543693,Inner NE  Private Apt 1BR,King,45.54908,-122.6616,Entire home/apt,85,30,49,349,2.77,2025-07-16
9551967,Newer Home in SW Portland!,Multnomah,45.47136,-122.70207,Entire home/apt,,2,0,130,1.02,2023-08-23
9578248,Little House near Alberta Arts,Concordia,45.56392,-122.63373,Entire home/apt,165,2,285,745,5.80,2026-06-11
9729366,Private Garden Room with Bath. No cleaning fees.,Brooklyn Action Corps,45.4882,-122.65021,Private room,,2,0,221,1.82,2023-04-09
9732892,"Quiet, convenient & comfortable!",Sylvan-Highlands,45.51168,-122.73592,Entire home/apt,188,30,225,65,0.51,2026-03-07
9736647,Sunnyside Sanctuary_Belmont/Hawthorne/Laurelhurst,Sunnyside,45.51795,-122.62498,Entire home/apt,338,30,358,6,0.05,2020-12-14
9759612,Room/ B_Green,Lents,45.46858,-122.57422,Private room,45,30,179,132,1.04,2020-07-03
9760306,Room/A_Green,Lents,45.4686,-122.57194,Private room,58,30,231,108,0.85,2021-05-21
9770224,"Modern, NEW Home in HOT Spot. CLOSE to Everything!",King,45.56107,-122.65886,Entire home/apt,449,1,315,478,3.78,2026-06-07
9812111,"15 min to NW, downtown, private-suite w gardens",Hillsdale,45.49118,-122.70607,Entire home/apt,159,3,202,216,1.76,2026-06-13
9825819,Sunny  Mt Tabor 1 BR Suite. Walk to HIP Montavilla,Mt. Tabor,45.51206,-122.58882,Entire home/apt,126,1,53,354,2.78,2026-05-31
9842582,Historic Laurelhurst Residence Extended Stay,Laurelhurst,45.52204,-122.63114,Entire home/apt,285,30,317,28,0.22,2025-10-10
9887235,"Tranquil/Bright 2 Bedroom, home in NE Portland",Cully,45.55861,-122.61386,Entire home/apt,115,30,180,34,0.33,2022-05-14
9899175,2BR/1BA: Amazing location! Available monthly,Northwest District,45.52635,-122.69735,Entire home/apt,310,2,118,133,1.07,2026-05-24
9904327,Great Home in Lake Oswego,Arnold Creek,45.43442,-122.69884,Entire home/apt,295,30,350,0,,
9905408,Nan's North Portland Crepe Myrtle Cottage,Boise,45.55052,-122.67599,Entire home/apt,,30,0,4,0.03,2016-12-28
9925170,Explore Trails & Downtown From Guesthouse Getaway,Northwest District,45.536445403800045,-122.71430891317755,Entire home/apt,254,3,23,286,2.48,2026-05-31
9954390,Comfortable and Quiet Sellwood Apartment,Sellwood-Moreland Improvement League,45.465919494628906,-122.65513610839844,Entire home/apt,277,1,319,349,2.78,2026-06-08
9960778,Alberta Arts Craftsman 4 Bedroom,King,45.56277,-122.6564,Entire home/apt,,30,0,30,0.23,2021-08-31
9978138,Charmer 1894 Rowhouse 94 walk score / Max train,Brooklyn Action Corps,45.49989,-122.65575,Entire home/apt,212,2,13,494,3.87,2026-05-25
9995993,Logan Home on Gladstone,Creston-Kenilworth,45.49411,-122.63088,Entire home/apt,142,2,298,225,1.77,2026-05-19
10153895,"Cozy one bedroom, awesome location",Sabin,45.54939,-122.6509,Entire home/apt,64,30,54,139,1.11,2026-03-18
10230029,Cozy Studio In the Woods,Arnold Creek,45.44566,-122.70959,Entire home/apt,,30,0,3,0.02,2021-09-02
10294233,Comfy Convenient Home in Lovely Montavilla,Montavilla,45.51974,-122.58252,Entire home/apt,,30,0,66,0.67,2022-10-05
10366008,Artist Retreat - Near Airport/15 mins to Downtown,Madison South,45.54657,-122.57281,Private room,84,1,321,196,1.56,2026-05-23
10387521,NowStayingPDX-Private-Walkable-Inner SE Portland,Hosford-Abernethy,45.50371528642422,-122.64246839837989,Entire home/apt,238,1,138,132,1.88,2026-06-07
10406727,"Front Bedroom in Cozy, Artsy, St. Johns Bungalow",St. Johns,45.58838,-122.74464,Private room,112,2,358,129,1.11,2026-05-24
10430299,Northwest Nob Hill Alphabet District! Free Parking,Northwest District,45.53629,-122.7017,Entire home/apt,402,2,307,61,0.49,2026-06-03
10431246,Northwest Nob Hill 97 walk score! Free Parking!,Northwest District,45.536293029785156,-122.7008285522461,Entire home/apt,202,1,321,44,0.35,2026-05-27
10546918,The Twilight Zone House of Oddities,Sunnyside,45.51325,-122.62122,Private room,62,2,124,154,3.59,2026-05-27
10596867,"Clean, Modern Townhouse w/ Patio in walkable area",Buckman,45.52169,-122.6487,Entire home/apt,278,2,11,38,1.95,2026-06-05
10632817,Charming home in Sunnyside—blocks from Hawthorne,Sunnyside,45.51576,-122.63468,Entire home/apt,,7,0,13,0.11,2024-06-01
10673527,Sunny room with private bath near U of Portland,Arbor Lodge,45.57594,-122.70221,Private room,74,3,39,137,1.09,2026-06-14
10747692,"Gorgeous, big apartment in Alameda neighborhood",Alameda,45.54404,-122.63776,Entire home/apt,78,31,310,47,0.37,2026-05-31
10752148,Hawthorne Hobbit Hole A Unique Portland Experience,Richmond,45.51095,-122.62004,Entire home/apt,153,2,313,508,4.30,2026-06-10
10886050,Hawthorne Blue Jewel,Richmond,45.50939,-122.62365,Entire home/apt,137,2,287,180,1.45,2023-10-01
10964177,Lewis & Clark Nearby | Private Studio+Safe Parking,South Burlingame,45.46729,-122.68026,Entire home/apt,130,3,285,123,1.60,2026-06-14
10971248,"Popular, Family Friendly, Amenities NE Portland",Concordia,45.56242,-122.63363,Entire home/apt,393,2,215,40,0.32,2026-06-05
11073083,Pet & Kid Friendly 2BR SE Portland | Free Parking,Brentwood-Darlington,45.47439,-122.60344,Entire home/apt,209,2,183,80,3.25,2026-05-31
11089716,Bright 3BR/2BA | Steps to Hawthorne | 5 Beds,Sunnyside,45.5161247253418,-122.6363296508789,Entire home/apt,582,1,298,937,7.47,2026-06-07
11101624,"Cozy, vintage Bohemian bus",Lents,45.48004,-122.56523,Private room,67,30,270,380,3.03,2023-06-21
11134954,Artist loft in Arbor Lodge,Arbor Lodge,45.57479,-122.69094,Entire home/apt,223,1,247,257,2.10,2026-06-08
11242427,Cozy Retreat in Quiet Neighborhood-Private Deck,Parkrose Heights,45.54524,-122.54573,Entire home/apt,82,30,164,69,0.55,2025-11-16
11340920,Tiny Gem guesthouse at two rivers portland,Concordia,45.5638313293457,-122.6346206665039,Entire home/apt,188,1,348,218,1.74,2026-06-14
11346138,'Mallory homestead' private garden apartment,Piedmont,45.5720266700515,-122.66440824444884,Entire home/apt,104,2,222,659,5.28,2026-06-07
11359604,Modern Studio on NW 23rd,Northwest District,45.52936,-122.70006,Entire home/apt,56,18,270,315,2.54,2026-05-01
11454745,Cozy Forest Retreat | Short drive to downtown,Ashcreek,45.45858,-122.73418,Entire home/apt,151,2,84,282,2.49,2026-06-14
11491022,Riverfront Condo Downtown Portland,Old Town/Chinatown,45.52809,-122.67277,Entire home/apt,142,31,299,20,0.17,2025-10-26
11505470,"Garden Tiny House, Woodstock",Woodstock,45.47332,-122.61922,Entire home/apt,55,30,88,242,1.94,2026-04-12
11531147,Spacious Guesthouse with Creative Style and Local Charm,King,45.55238,-122.65768,Entire home/apt,262,1,285,640,5.13,2026-06-11
11669364,Bright Studio in Historic Brooklyn (Inner SE),Brooklyn Action Corps,45.49485,-122.65221,Entire home/apt,146,2,43,13,0.24,2025-09-21
11711660,Welcoming retreat with tree views!,South Portland,45.49258,-122.67422,Entire home/apt,97,30,207,127,1.02,2026-01-06
11719463,Spacious 2BD Unit in SE Portland,Brentwood-Darlington,45.46888,-122.60145,Entire home/apt,156,1,65,541,4.35,2026-05-12
11743895,2 Bedroom Apt. in Historic NW Portland Warehouse,Northwest District,45.52366,-122.69405,Entire home/apt,291,1,58,62,0.50,2026-06-11
11822724,"Walk in NE. Light, private, hot tub, 420 friendly",Rose City Park,45.54589,-122.60803,Entire home/apt,137,2,304,318,2.57,2026-05-26
11825547,Portland Private 2 bedroom,West Portland Park,45.44628,-122.7208,Entire home/apt,272,1,146,25,0.23,2022-11-27
11852482,IndigoBirch: Luxurious Zen Garden Retreat: Hot Tub,Eastmoreland,45.478295395862794,-122.62678569062918,Entire home/apt,199,1,35,589,9.01,2026-05-24
11868205,Modern Treehouse w/Blue Pine Vaulted Ceiling!,Ardenwald-Johnson Creek,45.46187,-122.62374,Entire home/apt,143,4,67,97,0.79,2026-06-04
11991493,Live Like a Local in Artful Craftsman by Division,Richmond,45.50475,-122.61705,Entire home/apt,214,1,121,131,1.07,2025-09-06
12022574,Dolphin House,Woodlawn,45.56939,-122.65584,Entire home/apt,119,30,63,18,0.15,2018-04-01
12022874,Private Overlook Home (Near Miss & Downtown),Overlook,45.55301,-122.67886,Entire home/apt,,30,0,36,0.29,2021-08-09
12025458,Mississippi District Bungalow,Boise,45.55334,-122.67586,Entire home/apt,314,1,44,143,1.16,2026-06-01
12025679,Furnished Condo near Mt. Tabor,Mt. Tabor,45.51211,-122.61073,Entire home/apt,83,30,93,24,0.20,2025-10-01
12028438,"Popular, Family Friendly, Clean, Amenities, Dog",Concordia,45.56181,-122.63371,Entire home/apt,256,2,135,40,0.33,2026-05-11
12040912,Rose City Retreat,Rose City Park,45.54636,-122.60378,Entire home/apt,160,1,181,486,3.98,2026-06-01
12111041,Garden Studio w/ Deck & Sauna,Foster-Powell,45.4941,-122.60083,Entire home/apt,120,2,169,370,3.09,2025-12-05
12223710,"Elegant, Modern Garden House",Mt. Tabor,45.51867,-122.58858,Entire home/apt,211,30,177,13,0.11,2023-06-02
12233092,South Tabor Bungalow,South Tabor,45.50007,-122.60422,Entire home/apt,,2,0,214,1.74,2025-07-27
12293322,One Bedroom/One Bath Furnished,Mt. Tabor,45.51211,-122.6108,Entire home/apt,78,30,180,29,0.24,2026-04-30
12319356,"Peninsula Haven-Private, Quiet, and Cozy",Portsmouth,45.58241,-122.72265,Entire home/apt,142,2,236,641,5.20,2026-06-10
12361450,Cheerful Room in Friendly Alberta area home.,Sabin,45.55605,-122.64859,Private room,49,30,349,7,0.15,2026-05-02
12375526,Large Comfortable Home • Huge Private Yard,Parkrose Heights,45.54421,-122.54487,Entire home/apt,144,30,318,16,0.13,2026-04-25
12388588,Spacious living near Downtown. Trendy Williams Ave,Eliot,45.54141,-122.66338,Entire home/apt,,1,0,199,1.61,2021-09-06
12390197,Inner SE PDX! Historic Sellwood Basement Apt,Sellwood-Moreland Improvement League,45.48362,-122.65024,Entire home/apt,137,1,58,950,7.80,2026-05-30
12403226,Private Spacious Basement Suite & Full Kitchenette,Creston-Kenilworth,45.49573,-122.61892,Entire home/apt,,4,0,171,1.56,2023-12-31
12420588,The Crystal Room - The House of Healing & Love,Multnomah,45.45785,-122.71809,Private room,66,30,364,21,0.17,2025-07-12
12482738,Light Airy Bedroom for Two Close to the Airport,Overlook,45.56451,-122.68862,Private room,72,1,208,483,4.12,2026-05-23
12544586,Alberta Guest House,Vernon,45.56084,-122.6477,Entire home/apt,180,2,300,439,3.59,2026-05-31
12574565,Lents Guesthouse - Nice Home in Southeast Portland,Lents,45.4884,-122.57731,Entire home/apt,147,30,357,7,0.07,2022-07-09
12679370,Modern Guesthouse in Portland's Central Eastside,Kerns,45.52391,-122.64565,Entire home/apt,394,2,166,467,4.77,2026-06-07
12699642,ROSE CITY PARK Guesthouse!,Rose City Park,45.53265,-122.60379,Entire home/apt,138,2,100,574,5.34,2026-05-25
12796469,Bungalow Vibes in Nob Hill,Northwest District,45.52555,-122.69479,Entire home/apt,99,30,237,441,4.08,2026-02-20
12844862,South Portland Sanctuary,South Portland,45.47486,-122.67459,Entire home/apt,178,30,149,0,,
12854038,Spacious Portland Loft,Portland Downtown,45.51561737060547,-122.68614196777344,Entire home/apt,85,30,165,26,0.21,2026-05-01
12893173,Recently Remodeled House in Popular Montavilla,Montavilla,45.51623,-122.58193,Entire home/apt,,30,0,41,0.90,2023-09-04
12954149,Tortoise Room @1234 HOUSE in SE PDX,Buckman,45.51298,-122.6448,Private room,133,1,106,298,2.43,2026-01-01
12955575,Historic Mississippi District - Centrally Located,Boise,45.55043,-122.67313,Entire home/apt,212,1,229,334,2.73,2026-06-07
12970336,Spacious modern and private in Alberta Arts Area,Concordia,45.56351,-122.62566,Entire home/apt,213,1,95,209,1.71,2026-06-07
12972054,15 minutes to downtown -Short Term Available,Maplewood,45.47448,-122.73908,Private room,97,1,4,161,1.32,2026-05-24
13015826,Walkable Hawthorne guest suite - Cute and cozy,Sunnyside,45.5148,-122.61906,Entire home/apt,135,2,201,143,2.85,2026-06-13
13018859,Wes Anderson inspired historical private apt.,Boise,45.55041,-122.67392,Entire home/apt,176,2,283,551,4.50,2026-05-31
13076623,The Studio/Portland. Peaceful. Fun,Laurelhurst,45.52454,-122.62381,Entire home/apt,165,1,323,523,4.32,2026-06-02
13097045,Modern Tiny House in Portland,Kerns,45.52501,-122.63472,Entire home/apt,177,1,12,401,3.35,2026-06-07
13097670,Tibbetts Coop - A beautiful SE Portland urban farm,Richmond,45.500511,-122.620216,Entire home/apt,158,2,238,197,1.64,2026-05-30
13117227,"Perfect Cozy Get Away, close in SE Portland",Creston-Kenilworth,45.4949,-122.63816,Entire home/apt,122,3,108,102,0.85,2026-06-07
13127022,"Updated basement apartment, close in NE Portland",Vernon,45.56586,-122.6547,Entire home/apt,111,2,316,499,4.09,2026-05-30
13192008,Bike'N'Roll Craftsman + 2 Free Bikes for Your Stay,Brooklyn Action Corps,45.49332,-122.6549,Entire home/apt,322,1,21,26,0.22,2025-11-30
13247486,Creative & Clean Bungalow in Portland Hot Spot,Boise,45.55453,-122.6777,Entire home/apt,169,1,315,1278,10.45,2026-06-12
13260893,"Secret Garden Guest House, Multnomah Village",Multnomah,45.46526,-122.71466,Entire home/apt,214,2,300,510,4.35,2026-05-24
13264525,Modern Apartment Walkable Alberta Arts,Arbor Lodge,45.5674,-122.69377,Entire home/apt,286,2,351,114,0.94,2026-03-14
13298544,MB’s Guest House.  Cozy 2 bedroom in SE Portland.,Woodstock,45.48859,-122.60344,Entire home/apt,242,3,276,210,1.73,2026-06-07
13318747,Two Bedroom/One Bath Flat,Mt. Tabor,45.51225,-122.61089,Entire home/apt,83,30,147,12,0.10,2024-11-20
13332861,StokeWood Lodge,Hayhurst,45.47762,-122.71282,Entire home/apt,115,30,311,214,1.78,2026-05-22
13342213,Bright & Fun loft in gorgeous central neighborhood,Irvington,45.53534,-122.64635,Entire home/apt,140,2,34,288,3.67,2026-06-09
13360725,"Studio near Zoo, Japanese Garden & Hiking",Arlington Heights,45.5201,-122.71279,Entire home/apt,,2,0,217,1.78,2025-08-23
13362534,The Alberta Arts Hideaway,King,45.55709,-122.65276,Entire home/apt,149,2,232,185,1.52,2026-06-14
13373563,Portsmouth Bungalow,Portsmouth,45.58231,-122.71383,Entire home/apt,149,2,71,46,0.41,2026-05-18
13381115,Craftsman with Hot Tub!,Laurelhurst,45.52416422238831,-122.63161864908317,Entire home/apt,,30,0,0,,
13390922,Alberta Arts WFH Studio-monthly discount,Beaumont-Wilshire,45.55499,-122.62632,Entire home/apt,,30,39,203,1.66,2025-12-19
13394624,Walkable Sellwood 2BR Apartment,Sellwood-Moreland Improvement League,45.465755462646484,-122.64928436279297,Entire home/apt,280,1,291,247,2.05,2026-06-12
13434960,"Stylish, Bright Townhouse - Nob Hill 2B/1B",Northwest District,45.53537,-122.70468,Entire home/apt,114,30,290,39,0.32,2026-06-01
13447534,Old World Luxury in the City.,Overlook,45.56514,-122.69379,Entire home/apt,448,1,303,54,2.39,2026-06-01
13494359,The Homestead on 17th with Sauna add-on,Sellwood-Moreland Improvement League,45.474737432334514,-122.64920693309269,Entire home/apt,,2,0,199,1.64,2024-10-19
13534643,"Enjoy convenience &  class, Portland, OR",South Portland,45.49552,-122.67012,Entire home/apt,88,30,332,28,0.25,2026-05-27
13564185,Sunny Hawthorne Condo,Mt. Tabor,45.51211,-122.61075,Entire home/apt,83,30,160,24,0.24,2026-04-02
13566259,"Popular, Prime Location, Family Friendly",Concordia,45.56181,-122.63371,Entire home/apt,775,2,27,117,0.98,2026-05-17
13573376,Cozy Hawthorne Condo,Mt. Tabor,45.51211,-122.61083,Entire home/apt,315,30,104,39,0.32,2025-09-10
13601516,"Cozy, quiet private room and beautiful back yard",Cully,45.56079,-122.58943,Private room,59,30,364,76,0.63,2019-12-21
13623856,a Sweet Studio in the heart of NE neighborhood,Concordia,45.5699,-122.62951,Entire home/apt,,30,0,49,0.41,2024-03-02
13624774,Cozy Vintage Cottage in the Woods,Glenfair,45.52269,-122.49979,Entire home/apt,212,1,277,583,4.86,2026-06-03
13627002,"Room in peaceful Montavilla home , private bath",Montavilla,45.53447,-122.5871,Private room,,30,0,1,0.03,2023-08-27
13660168,"Clean, bright apartment in neighborhood home",Multnomah,45.47037,-122.70991,Entire home/apt,109,2,22,318,2.80,2026-06-13
13687944,Mt. Tabor Private Apartment,Mt. Tabor,45.51454,-122.61178,Entire home/apt,157,2,319,449,3.74,2026-06-03
13750038,Beautiful Pearl District Loft with On-Site Parking,Pearl,45.52656,-122.68113,Entire home/apt,38,91,200,2,0.02,2022-02-06
13790175,Historic Turret House w/ Gorgeous Modern Furniture,Irvington,45.53882,-122.64322,Entire home/apt,313,3,135,97,0.80,2026-06-09
13790422,"PDXs Hottest, Most Walkable Neighborhood!",Kerns,45.5262,-122.63326,Entire home/apt,,3,63,72,0.60,2026-05-25
13814896,Cozy Garden Cottage in the Heart of Richmond,Richmond,45.50643,-122.62425,Entire home/apt,174,1,253,720,5.94,2026-06-11
13827370,Willamette Heights View,Northwest District,45.53427,-122.71665,Entire home/apt,282,2,201,523,4.42,2026-06-02
13856775,Sorta Summer House w/ sauna & outdoor shower,Woodlawn,45.56880569458008,-122.65646362304688,Entire home/apt,326,1,34,278,2.59,2026-06-04
13869890,Charming sunny 2 BR house in Sellwood,Sellwood-Moreland Improvement League,45.46034,-122.64916,Entire home/apt,,30,0,1,0.02,2021-09-03
13900357,Woodlawn Cottage: Modern 2-br near Dekum Triangle,Woodlawn,45.56939,-122.65227,Entire home/apt,100,30,287,202,1.67,2024-09-30
13901912,Quaint & Cozy 1920's Bungalow,Piedmont,45.56716,-122.67235,Entire home/apt,286,2,259,113,0.98,2026-04-01
13923118,Modern NW Apartment *free parking*,Northwest District,45.53157,-122.69081,Entire home/apt,221,2,325,351,2.91,2026-05-30
13953547,Heart of Hawthorne Craftsman | Walk Score 92 | Mod,Sunnyside,45.51252,-122.61695,Entire home/apt,259,2,63,324,2.70,2026-05-17
13973783,Inspired Hawthorne Craftsman (31+ days),Sunnyside,45.51263,-122.61412,Entire home/apt,156,31,320,39,0.35,2025-08-12
13990506,Private Loft Apartment above my Photography Studio,Montavilla,45.52065,-122.57303,Entire home/apt,84,14,236,239,1.99,2026-04-30
14007930,Private room in Historic home in NW/Downtown PDX,Northwest District,45.53347,-122.70246,Private room,,1,0,183,1.52,2024-09-09
14055342,"The Owl's Nest, NE Portland, Concordia",Concordia,45.56735,-122.62651,Entire home/apt,,30,0,139,1.17,2021-08-15
14068580,F138,Pleasant Valley,45.47598,-122.52152,Entire home/apt,399,1,179,193,1.61,2025-07-06
14090646,Private Suite Downtn Waterfront OHSU 1 Bedroom,South Portland,45.500258144508905,-122.67676435290048,Entire home/apt,183,1,243,44,0.37,2019-11-22
14105781,Luxe Garden Cottage in Central PDX,Irvington,45.54327,-122.65505,Entire home/apt,188,1,222,664,7.26,2026-06-06
14105943,Cozy Private Portland Studio Near Food & Downtown,Irvington,45.54162,-122.65681,Entire home/apt,126,1,223,914,7.62,2026-06-10
14180906,"2Bd Bungalow with backyard sauna,  by Alberta Arts",Concordia,45.56533,-122.62495,Entire home/apt,360,3,185,108,0.90,2026-06-13
14205943,Lovely room in convenient SE craftsman home,Brooklyn Action Corps,45.49658,-122.65703,Private room,109,1,23,60,0.50,2026-06-09
14210054,Immaculate Elegant House Downtown NW,Northwest District,45.53603,-122.70502,Entire home/apt,773,2,298,180,1.51,2026-05-17
14254456,"""Crown Vic"" - sweet modern renovated Victorian",Hosford-Abernethy,45.50998,-122.65404,Entire home/apt,,30,0,168,1.40,2021-11-19
14293805,Vintage Sunny Southeast 2 Bedroom,Buckman,45.51529,-122.63875,Entire home/apt,110,28,232,101,0.91,2025-09-06
14294530,Heart of Division Retreat,Hosford-Abernethy,45.5053,-122.63951,Entire home/apt,182,3,50,129,1.08,2026-05-25
14297567,Gabriel Park/Mult. Village,Hayhurst,45.48358,-122.73087,Entire home/apt,531,1,102,1,0.03,2023-09-01
14319174,Woodstock Tiny House,Woodstock,45.48232,-122.61425,Entire home/apt,151,1,148,867,7.23,2026-05-30
14393103,Family home in the neighborhood of East Moreland,Eastmoreland,45.46909,-122.62718,Entire home/apt,,30,0,15,0.16,2025-01-01
14450148,Mi casa Es Tu Casa (near SE 52nd and Holgate),Creston-Kenilworth,45.49135,-122.61221,Entire home/apt,205,1,138,124,2.22,2025-11-24
14452990,Beautiful modern condo on SE Division,Richmond,45.50696,-122.61744,Entire home/apt,121,30,350,17,0.15,2023-10-29
14453719,Beaumont Bungalow Retreat,Beaumont-Wilshire,45.54988,-122.61974,Entire home/apt,,30,0,47,0.39,2025-02-27
14475485,Portland Close to Downtown & Airport!,Rose City Park,45.54592,-122.59728,Entire home/apt,137,3,289,226,1.89,2026-06-08
14502584,Fresh North Portland Studio,Humboldt,45.561691,-122.675591,Entire home/apt,212,1,300,546,4.88,2026-06-02
14505032,"Clean, Modern & Cozy in NE Portland  (2bd, 1bth)",Sullivan's Gulch,45.53168,-122.64548,Entire home/apt,183,1,10,671,5.64,2026-05-12
14535161,Hawthorne Stay with 2 perfectly cozy king beds,Sunnyside,45.51231,-122.63345,Entire home/apt,299,4,230,186,1.67,2026-06-01
14551885,A Private Apartment in Inner SE Clinton-Division!,Hosford-Abernethy,45.503156298243674,-122.63854131562891,Entire home/apt,,2,0,61,1.90,2026-05-01
14592068,Charming Bungalow with A/C,Creston-Kenilworth,45.49182,-122.63532,Entire home/apt,231,1,281,570,6.63,2026-05-31
14638923,"SE PDX 2 Bed by Division, Hawthorne, and Woodstock",Mt. Scott-Arleta,45.48085,-122.58937,Entire home/apt,167,7,195,47,0.40,2026-06-05
14653299,Modern 2BR Retreat w/ Cedar Hot Tub,Reed,45.48532,-122.6295,Entire home/apt,207,1,277,71,0.60,2026-05-30
14654125,Come Home To A Place You've Never Been Before,Woodstock,45.48815,-122.61146,Entire home/apt,434,3,301,79,0.67,2026-05-20
14686967,*On Alberta! Modern Artist Loft w/ Rooftop Views!*,King,45.5592469,-122.6527726,Entire home/apt,171,2,64,374,3.16,2026-05-24
14760381,Private Woodstock Retreat with Gorgeous Backyard!,Woodstock,45.4841,-122.61998,Entire home/apt,148,2,54,266,2.24,2026-06-07
14772665,Ivon Garden Cottage,Richmond,45.50386,-122.61675,Entire home/apt,198,2,230,703,5.90,2026-06-07
14780717,Pension Portlandia: Close to Convention Center,Sullivan's Gulch,45.53338,-122.64086,Entire home/apt,238,1,307,261,2.26,2026-06-08
14782685,"Portlandia/Craftsman, Downtown, Food! Pet Friendly",Grant Park,45.53683,-122.6341,Entire home/apt,204,30,331,63,0.53,2025-01-03
14784937,"Private floor, 2 bedrooms, close-in vintage modern",Hosford-Abernethy,45.51083,-122.65166,Private room,146,2,138,170,1.43,2026-06-07
14789940,Cozy and Bright Roseway Heights Cottage,Rose City Park,45.54472,-122.60062,Entire home/apt,172,3,14,61,0.52,2026-03-27
14803761,Tiny House Off Hawthorne (Mt. Tabor) BLVD,Richmond,45.51057,-122.61525,Entire home/apt,,30,0,411,3.44,2026-01-31
14809195,NE Portland Craftsman Guest House,King,45.55954,-122.66375,Entire home/apt,303,1,277,207,1.74,2026-05-24
14825708,SE Division Hideaway,Hosford-Abernethy,45.50097,-122.63882,Entire home/apt,162,2,137,363,3.07,2026-06-07
14842356,Cute place near Powell’s Books,Northwest District,45.52417,-122.69027,Entire home/apt,71,30,79,258,2.18,2025-06-01
14885930,Modern Zen Haus - Mt Tabor,Mt. Tabor,45.50883,-122.60158,Entire home/apt,119,30,287,16,0.13,2025-02-05
14916909,Lincoln Loft,Mt. Tabor,45.50804,-122.60812,Entire home/apt,,1,0,146,1.38,2020-03-14
14936037,"Cute, Private Apartment | Close to everything!",Eliot,45.54704,-122.6633,Entire home/apt,111,3,67,268,2.27,2026-04-25
14949147,"Dog Friendly Motor Lodge, One Queen Bed",Buckman,45.52156,-122.65582,Private room,144,30,365,74,0.65,2024-07-04
14963860,Hidden Gem in Sellwood,Sellwood-Moreland Improvement League,45.45845,-122.65352,Entire home/apt,133,7,307,62,0.59,2026-06-13
14963910,The Hydrangea House in Alameda,Beaumont-Wilshire,45.54471,-122.62525,Entire home/apt,151,2,296,430,3.62,2026-06-09
14966304,"Beaumont-Wilshire Charmer, NE PDX Close-in",Beaumont-Wilshire,45.55296,-122.62464,Entire home/apt,116,30,118,51,0.43,2026-05-15
15042822,Historic Portland Charm with Modern Comforts,Overlook,45.55289,-122.68559,Entire home/apt,,365,268,10,0.08,2019-02-03
15060409,Queen Private Room at NW Portland Hostel,Northwest District,45.52505,-122.68998,Private room,81,1,256,138,1.17,2026-06-12
15087305,NE Portland Charmer *Walk to Alberta & Williams!*,King,45.55489,-122.66098,Entire home/apt,,2,0,302,2.55,2026-03-01
15094467,Modern Urban Barn Guesthouse,Hosford-Abernethy,45.50267,-122.64462,Entire home/apt,286,1,257,300,2.56,2026-06-08
15101133,Peaceful Artist's Retreat,Rose City Park,45.54047,-122.60797,Entire home/apt,137,3,332,101,0.92,2026-06-10
15113378,"Views, close to OHSU and PSU.  Parking included.",Portland Downtown,45.51164,-122.67977,Entire home/apt,136,30,299,33,0.29,2026-05-31
15162109,Studio Guesthouse SE Portland,Foster-Powell,45.49559,-122.59545,Entire home/apt,192,1,40,765,7.31,2026-06-12
15207122,The Filbert - Garden Apartment in Inner SE PDX.,Hosford-Abernethy,45.50221,-122.64584,Entire home/apt,143,2,267,401,3.41,2026-05-25
15225078,Loft House PDX w/ Sauna & Hot Tub,Rose City Park,45.54143,-122.61048,Entire home/apt,330,2,327,492,4.25,2026-05-26
15252541,Chic modern apartment in heart of Pearl District,Pearl,45.53137,-122.68478,Entire home/apt,146,30,363,1,0.01,2016-10-14
15255217,Peaceful Sanctuary in Portsmouth,Portsmouth,45.5905,-122.7232,Entire home/apt,300,2,307,141,1.23,2026-06-03
15267499,Colorful One Bedroom Condo One Block Off Division,Hosford-Abernethy,45.50611,-122.64308,Entire home/apt,62,28,39,94,0.80,2026-03-01
15308248,Comfortable & convenient.,Foster-Powell,45.49227,-122.58845,Entire home/apt,85,30,172,10,0.09,2024-09-23
15322001,Chicken Little Cottage: rustic cabin in the city!,Cully,45.55856,-122.60355,Entire home/apt,,1,0,637,5.39,2024-08-31
15358320,Bohemian Escape,Sullivan's Gulch,45.53204,-122.63946,Private room,103,2,102,192,1.64,2024-02-19
15361775,Private Basement Apt in sought-out SE Neighborhood,Sellwood-Moreland Improvement League,45.48152,-122.64528,Entire home/apt,95,30,179,151,1.29,2024-08-08
15375039,NE Suite Spot! Alberta/Williams/Mississippi,King,45.56276,-122.66411,Entire home/apt,139,1,132,589,5.01,2026-06-07
15378341,Hawthorne / Tabor Getaway,Mt. Tabor,45.50669,-122.61047,Entire home/apt,,30,0,9,0.08,2019-12-02
15408554,Cozy Room in Eclectic Victorian-31 day min no tax,Northwest District,45.537888,-122.697311,Private room,,31,0,595,5.05,2024-01-15
15414261,Unparalleled City & Mtn Views,Southwest Hills,45.50898,-122.68815,Entire home/apt,225,1,99,12,0.10,2025-10-04
15422766,Charming Bungalow in Vibrant Neighborhood,Boise,45.55233,-122.67535,Private room,80,1,19,449,3.81,2026-04-18
15456416,Vintage Portland Charm in The Heart of NE 30+ Days,King,45.55505,-122.65727,Entire home/apt,,30,0,59,0.50,2024-03-01
15496107,Pearl District Condo-Prime Location! Free Parking,Pearl,45.53306,-122.68118,Entire home/apt,104,30,212,35,0.31,2026-06-06
15498447,Sun-filled charmer: Two full baths!,Sellwood-Moreland Improvement League,45.46923,-122.64218,Entire home/apt,,3,0,63,0.54,2023-10-19
15523295,Beautiful Basement Studio Mississippi Neighborhood,Boise,45.55171,-122.6736,Entire home/apt,106,31,288,54,0.46,2026-04-12
15524397,1920s Bungalow in NoPo,Piedmont,45.57816,-122.67294,Private room,87,2,163,255,2.18,2026-03-01
15525083,"Private Cozy Retreat, inner SE Portland/Reed Area",Reed,45.4889,-122.62782,Entire home/apt,119,30,108,367,3.12,2025-07-31
15529938,Cozy & Chic Queen Studio | Private Entry & Patio,Hazelwood,45.53085,-122.52799,Entire home/apt,58,30,222,329,2.85,2026-05-26
15573458,Beautiful Oasis in NE Portland!,Roseway,45.55237,-122.58542,Private room,,30,0,8,0.07,2018-05-19
15590226,"Cozy, eclectic SE Portland upside down penthouse",Reed,45.48764,-122.62283,Entire home/apt,126,2,327,281,2.44,2026-06-02
15646823,Quiet Stay In Overlook near the Airport,Overlook,45.56296,-122.68875,Private room,63,1,199,530,4.53,2026-05-27
15658660,The Cozy Retreat,Maplewood,45.47463,-122.73197,Private room,69,1,107,107,3.51,2026-06-13
15673513,Modern Tiny House with Full Kitchen,Brooklyn Action Corps,45.49473,-122.65259,Entire home/apt,214,2,315,202,1.73,2026-06-10
15728518,Portland's Hawthorne Hideaway - 2 bdrms Own floor,Richmond,45.51046,-122.63315,Entire home/apt,147,1,54,147,1.30,2026-06-12
15734618,Huge Mt Tabor Studio with Courtyard Entry,South Tabor,45.50464,-122.59182,Entire home/apt,49,30,97,421,3.61,2024-02-03
15757243,The Westmoreland Lighthouse - Private studio in SE,Sellwood-Moreland Improvement League,45.47578,-122.64453,Entire home/apt,203,2,247,686,5.96,2026-05-31
15774439,Home Should Be Your Favorite Place In The World!,Kenton,45.58193,-122.70356,Private room,67,1,325,439,3.76,2026-06-13
15788692,Alberta Arts Gem Brimming with Color and Light,Concordia,45.55675,-122.63749,Entire home/apt,343,2,297,310,2.84,2026-06-09
15803257,Portland Sunflower House,Piedmont,45.58031917898625,-122.67566641816826,Entire home/apt,260,2,314,79,2.54,2026-05-10
15804432,Center of PDX 2B+ loft w/garage!,Grant Park,45.53624,-122.63264,Entire home/apt,133,30,257,121,1.04,2025-01-01
15817715,Foodie Fun at the Urban Owl - Division/Hawthorne,Hosford-Abernethy,45.5108,-122.64102,Entire home/apt,146,2,309,491,4.42,2026-05-31
15859206,"Private Entry, Workstation, GardenOasis, Walkable",St. Johns,45.59319,-122.74941,Private room,126,3,235,136,1.21,2026-02-16
15888715,Mod Cool Private Entrance Space in SE Portland!,Mt. Scott-Arleta,45.47869,-122.58293,Entire home/apt,145,3,127,320,2.74,2026-05-24
15900501,Pine Manor | Eclectic Victorian w/ Luxe Amenities,Buckman,45.52132,-122.65144,Entire home/apt,468,1,282,245,2.27,2026-06-09
15930586,"Two Palms: Spacious, central, remodeled 5bd beauty",Concordia,45.56459,-122.62713,Entire home/apt,594,3,279,271,2.35,2026-05-31
15987481,Modern Sanctuary in the heart of Concordia.,Concordia,45.5642,-122.63582,Entire home/apt,223,1,200,528,4.55,2026-05-24
16017785,2 bedrooms plus office in vibrant Buckman,Buckman,45.51658,-122.65151,Entire home/apt,105,30,104,2,0.02,2018-07-01
16020082,Spacious apt in SE Portland,Richmond,45.49821,-122.63163,Entire home/apt,,2,237,122,1.07,2025-11-29
16072598,Spacious Loft in the Heart of Southeast PDX,Richmond,45.50012,-122.62348,Entire home/apt,189,1,7,385,3.32,2026-06-11
16135714,Cozy Apartment by the Park-Newly Renovated,Richmond,45.51086,-122.63464,Entire home/apt,146,1,46,1258,10.89,2026-06-11
16146098,Cozy Private Dwelling in Cathedral Park / St Johns,Cathedral Park,45.58354,-122.75054,Entire home/apt,137,3,107,82,0.72,2026-05-26
16159044,Waterfront dream home 10 min to PDX airport,Argay,45.56418,-122.5182,Private room,,30,0,40,0.37,2023-04-27
16159235,Portland International Guesthouse - Apartment,Northwest District,45.525718688964844,-122.69625854492188,Entire home/apt,149,2,301,123,1.09,2026-05-27
16207620,St. Johns Close-In Cozy  Studio,Cathedral Park,45.58672,-122.75569,Entire home/apt,113,2,148,131,1.20,2026-06-05
16236488,The Place,Humboldt,45.55475,-122.66781,Private room,,30,0,94,0.85,2023-10-07
16282853,"Magnolia House, Birthday Room",Laurelhurst,45.53291,-122.62923,Private room,,1,0,97,0.88,2024-11-17
16299536,Cozy Room(s) in St Johns with Private Bath,St. Johns,45.59888,-122.74257,Private room,,1,0,101,0.89,2021-08-18
16323421,Purrfect Portland Escape (w EV charger!),Woodlawn,45.5741,-122.64569,Entire home/apt,291,2,268,7,0.06,2025-06-29
16323535,Stylish apartment in amazing location.,Overlook,45.56152,-122.69327,Entire home/apt,,1,0,171,1.52,2021-04-17
16364330,Cozy Victorian Studio (31 day min-no taxes),Northwest District,45.53909,-122.69658,Entire home/apt,,31,0,41,0.35,2023-10-29
16413063,BEST NEIGHBORHOOD IN PORTLAND!!! #17,Northwest District,45.53494,-122.70292,Entire home/apt,80,30,253,20,0.18,2025-12-24
16416965,Private Modern Portland Home - KING BED,West Portland Park,45.4469,-122.72181,Entire home/apt,400,30,180,3,0.03,2020-03-01
16427538,Portland Southwest Suite Stay,Hayhurst,45.48496,-122.72776,Entire home/apt,120,2,212,476,4.14,2026-06-12
16467909,"Mt. Scott Apartment/view, quiet, beautiful spot",Lents,45.46214,-122.55893,Entire home/apt,85,30,133,86,0.75,2025-07-06
16480376,"Eclectic Urban Oasis, Relaxing Suite Near U of P",Arbor Lodge,45.5709,-122.68559,Entire home/apt,163,2,116,89,0.93,2026-06-11
16519704,Greenwich Place,Arbor Lodge,45.571,-122.68444,Entire home/apt,97,5,287,128,1.17,2026-06-10
16545380,Ash Street Little Studio off Restaurant Row,Kerns,45.5222,-122.63677,Private room,98,2,126,161,2.08,2026-06-04
16557751,Private Cottage in Laurelhurst Neighborhood,Laurelhurst,45.525,-122.62635,Entire home/apt,135,3,210,117,1.03,2025-10-27
16568420,Waterfront Pearl Modern Large Home Away From Home,Old Town/Chinatown,45.5282,-122.67235,Entire home/apt,130,31,351,7,0.08,2025-02-28
16600030,Mid-Century Modern Meets Historic Streetcar Style,Boise,45.55225,-122.67577,Entire home/apt,78,31,275,94,0.88,2026-06-12
16603125,Comfy Bedroom in Heart of NE PDX,Piedmont,45.57201,-122.66318,Private room,51,30,188,24,0.21,2024-08-17
16617424,Eclectic Victorian Room with Private Bathroom,South Portland,45.49682,-122.67523,Private room,92,1,205,481,4.19,2026-06-05
16712779,Sunstone House - Stylish 2 BR - Best Part of Town,Richmond,45.50167,-122.62242,Entire home/apt,179,30,352,204,1.79,2026-04-30
16779136,Hawthorne Area Artsy Home Away from Home,Sunnyside,45.51328,-122.63058,Entire home/apt,,1,0,218,1.91,2026-05-20
16795787,Mid-Century Woodstock Duplex,Mt. Scott-Arleta,45.48088,-122.59648,Entire home/apt,95,30,137,29,0.27,2026-03-31
16846942,Large Basement unit near Mississippi and Alberta,King,45.55513,-122.65916,Entire home/apt,134,1,196,247,2.17,2026-06-12
16862950,The Laurel/Portland.Peaceful.Fun,Laurelhurst,45.52294,-122.62382,Entire home/apt,204,1,346,697,6.16,2026-05-16
16874105,The Nest: Very Clean & Peaceful N Portland Studio,Humboldt,45.55527,-122.66881,Entire home/apt,240,1,13,696,6.30,2026-06-08
16881037,Standard Private Room at NW Portland Hostel,Northwest District,45.52562,-122.68876,Private room,72,1,361,343,3.00,2026-06-10
16914822,Spacious house with fenced yard and hot tub,Ardenwald-Johnson Creek,45.46227,-122.62907,Entire home/apt,440,2,208,107,0.98,2026-06-08
16972972,St Johns Urban Studio,St. Johns,45.59565,-122.74413,Entire home/apt,143,1,140,426,3.77,2026-06-07
16974158,Work & Relax at the Treehouse Organic Modern Apt.,Forest Park,45.52499,-122.74177,Entire home/apt,89,30,286,42,0.39,2025-11-23
16985036,Division Street Casita del Jardin ( garden home),Richmond,45.50336,-122.62933,Entire home/apt,,2,0,188,1.76,2025-06-08
16995515,Vintage style and quiet comfort,Eastmoreland,45.46878,-122.63447,Entire home/apt,,2,0,103,0.92,2025-11-29
17001341,Heartland of Portland's Hippest Hood!,Sunnyside,45.51359,-122.63292,Entire home/apt,89,30,107,140,1.28,2025-12-15
17012262,The Little House in the Heart of Concordia,Concordia,45.56119,-122.63916,Entire home/apt,165,2,160,457,4.15,2026-06-05
17026805,Stephens Street Gallery & Guesthouse,Richmond,45.51045,-122.62276,Entire home/apt,,30,0,178,1.58,2023-10-22
17029005,Near Mt Tabor•Quiet Craftsman Home•Jacuzzi Bath,North Tabor,45.52347,-122.59953,Private room,103,30,88,103,0.91,2020-02-16
17038994,"Magnolia House, morning sunshine",Laurelhurst,45.53289,-122.62923,Private room,,1,0,36,0.37,2023-04-29
17159753,The Backyard Bungalow! Big Living; Small House,Richmond,45.50162,-122.61124,Entire home/apt,200,2,302,497,4.45,2026-06-13
17161133,Private Room (2 beds) at NW Portland Hostel,Northwest District,45.52734,-122.69084,Private room,107,1,251,105,0.93,2026-06-06
17191505,Spacious and Clean NE Portland *Pet Friendly*,Rose City Park,45.54584,-122.59647,Entire home/apt,134,3,329,281,2.48,2026-06-02
17193144,Modern Montavilla Studio,Montavilla,45.52867,-122.57093,Entire home/apt,,30,0,162,1.44,2020-03-15
17220608,Cozy home away from home in NE Portland,Cully,45.56429,-122.61822,Entire home/apt,,1,0,363,3.21,2025-08-30
17238144,Cozy Cottage in Mt. Scott,Mt. Scott-Arleta,45.476,-122.58604,Entire home/apt,136,1,67,448,4.03,2026-06-11
17257045,Woodlawn 2bed/1ba Only Steps to Pubs & Cafes,Woodlawn,45.57187,-122.64559,Entire home/apt,172,1,136,1060,9.43,2026-05-29
17269218,The Book House: Quiet Queen,Portsmouth,45.58656,-122.73021,Private room,97,1,320,80,0.72,2026-05-04
17305201,Everything You Need Rain or Shine,Portsmouth,45.58539,-122.73102,Entire home/apt,,2,0,152,1.34,2026-05-24
17381562,Home Sweet Home in St. Johns,Cathedral Park,45.58522,-122.74491,Entire home/apt,256,1,226,139,1.23,2026-05-18
17386236,Mid-Century SW Hills Garden Setting,Collins View,45.45842,-122.68741,Entire home/apt,75,30,74,11,0.11,2022-07-03
17386788,❤️ CLEAN ★ NEAR DOWNTOWN ★ PATIO ★ WALKABLE,North Tabor,45.52634,-122.61484,Entire home/apt,247,1,249,275,2.45,2026-06-07
17462225,Dog-Friendly Retro SE Portland 2-bedroom with yard,Creston-Kenilworth,45.49184,-122.6212,Entire home/apt,,30,0,25,0.25,2024-11-10
17479457,Come stay with my cool cats!,Madison South,45.545456,-122.572716,Private room,149,1,145,263,2.38,2026-05-25
17498339,Large Private Home - King Bed,West Portland Park,45.44692,-122.72011,Entire home/apt,461,30,270,2,0.02,2021-04-01
17556602,NE Irvngtn Bungalow,Irvington,45.54096,-122.65666,Entire home/apt,206,14,298,35,0.35,2025-07-18
17577294,Welcome to the Heart Of Portland's Foodie Scene!,Sunnyside,45.51226,-122.63361,Entire home/apt,68,30,239,138,1.26,2026-04-15
17652225,Clean & modern Concordia studio,Concordia,45.56783,-122.63879,Entire home/apt,217,1,347,253,2.27,2026-04-26
17653916,The Fox Chase Inn Flat 2,Concordia,45.56368,-122.63536,Entire home/apt,102,30,288,18,0.16,2026-04-03
17655794,Foxchase Flat #1,Concordia,45.56318,-122.63623,Entire home/apt,221,1,265,123,4.67,2026-05-31
17696910,Historic 3 BR Updated Condo in Alphabet District,Northwest District,45.52829,-122.69567,Entire home/apt,,30,0,28,0.25,2022-10-31
17714737,Queen Room w/ Private Bath at NW Portland Hostel,Northwest District,45.52656,-122.68873,Private room,91,1,248,73,0.65,2026-06-12
17733906,BEST NEIGHBORHOOD IN PORTLAND,Northwest District,45.53517,-122.70206,Entire home/apt,82,30,292,32,0.31,2026-05-05
17735080,Alberta Arts Urban Haven,King,45.55769,-122.65268,Entire home/apt,,1,0,494,4.39,2026-05-23
17762473,The Magic House / Walk Everywhere!,Richmond,45.50806,-122.62559,Entire home/apt,400,1,296,218,2.23,2026-04-05
17847830,N. Williams Artists Studio - NE Portland,Boise,45.55091,-122.66576,Entire home/apt,182,5,254,320,2.87,2026-05-25
17860056,Bar 3728,Richmond,45.50646,-122.62555,Entire home/apt,92,3,89,218,1.97,2026-06-11
17866124,The Book House. Quiet Stay: Twin Bed with Balcony,Portsmouth,45.58444,-122.72919,Private room,64,1,226,227,2.04,2026-06-06
17892496,Cozy studio Entire Floor w private bathroom,Buckman,45.51413,-122.64311,Entire home/apt,102,1,150,486,4.47,2026-06-12
17904315,Basement Apartment in North Portland,Arbor Lodge,45.57663,-122.69579,Entire home/apt,,1,0,178,1.63,2022-03-03
17937829,"Cozy Alley Cottage, Concordia/Alberta Arts, NE PDX",Concordia,45.56753,-122.64162,Entire home/apt,180,2,67,345,3.08,2026-03-24
17966883,Concordia Fir Cabin,Concordia,45.56907,-122.63181,Entire home/apt,115,2,208,637,5.74,2026-06-02
18009756,Hawthorne Apartment w/ Jacuzzi Tub & Kitchen,Richmond,45.50994,-122.6352,Entire home/apt,159,2,104,256,2.50,2026-06-01
18023616,2 Primary Suites*Hawthorne/Division Area!,Richmond,45.50782,-122.61661,Entire home/apt,328,3,147,164,1.47,2026-05-25
18034741,"Bright, modern suite, close-in NE",Humboldt,45.55857,-122.66723,Entire home/apt,116,2,232,627,5.68,2026-05-17
18074788,A tree house on a quiet street,Southwest Hills,45.50131,-122.69638,Entire home/apt,,2,0,131,1.21,2025-05-24
18093210,Sellwood Garden Studio with Private Patio,Sellwood-Moreland Improvement League,45.46162,-122.65416,Entire home/apt,59,1,285,307,2.80,2026-05-25
18094561,"Clean, Comfy, Modern Private Apartment",Concordia,45.55917,-122.63283,Entire home/apt,212,1,237,440,4.02,2026-05-24
18136463,Craftsman bungalow in Overlook near eateries,Overlook,45.56432,-122.68946,Entire home/apt,371,1,74,236,2.80,2026-06-10
18191700,ON Alberta Street: Private Loft w/ Rooftop!,King,45.55918884277344,-122.65302276611328,Entire home/apt,161,2,73,390,3.54,2026-05-15
18256025,"Cozy, Convenient Sellwood Retreat",Sellwood-Moreland Improvement League,45.47005,-122.65784,Entire home/apt,186,2,250,441,4.08,2026-05-31
18294608,Cozy Spa Sanctuary w/ Soaking Tub,Richmond,45.50681,-122.63085,Entire home/apt,257,2,328,389,3.52,2026-06-04
18303786,5+ bed Artsy Bungalow Inner SE Portland,Creston-Kenilworth,45.4949,-122.61896,Entire home/apt,,30,0,11,0.10,2017-07-09
18308578,Urban Oasis in Irvington/Walk to Convention Center,Eliot,45.5398,-122.6589,Private room,,30,0,121,1.09,2019-11-25
18309571,The Nest/Portland.Peaceful.Fun,Sunnyside,45.51646,-122.63268,Entire home/apt,194,1,325,552,5.42,2026-06-03
18333679,Hawthorne Division Food Drink Tabor Wonderland,Mt. Tabor,45.51142,-122.60809,Entire home/apt,116,1,234,528,4.96,2026-06-07
18357744,Pine Manor Suite | Stylish & Spacious 3 BR Apt,Buckman,45.52006,-122.65075,Entire home/apt,269,1,339,190,1.99,2026-06-10
18375485,Valentina's Little Sister,Hillside,45.52675,-122.70887,Entire home/apt,,3,0,225,2.03,2024-11-17
18379258,Historic Jacobberger House  Downtown Portland,Southwest Hills,45.50832,-122.68596,Entire home/apt,641,3,207,14,0.13,2024-05-28
18395206,Exceptional East Moreland Guesthouse/ Reed College,Eastmoreland,45.4707,-122.6241,Entire home/apt,200,3,307,265,2.39,2026-05-24
18433339,"Bright, Comfy Division / Hawthorne Basement Studio",Richmond,45.50639,-122.62028,Entire home/apt,136,2,216,361,3.27,2026-06-08
18434478,"Charming FoPo Retreat, Self Check-in!",Foster-Powell,45.49304,-122.59412,Private room,,30,0,129,1.24,2022-05-03
18447314,Beautifully Renovated 1910 Craftsman,Richmond,45.50648,-122.62491,Entire home/apt,187,30,257,15,0.14,2018-04-05
18464402,"St. Johns neighborhood, privacy and comfort",St. Johns,45.59427,-122.75673,Private room,125,1,240,190,1.74,2026-05-24
18493925,Spacious Close-in Mt Tabor area Apartment,Mt. Tabor,45.5065,-122.60324,Entire home/apt,67,31,107,21,0.19,2025-11-17
18502484,"Private Duplex, Fast Internet, Walk To It All",Buckman,45.51296,-122.64707,Entire home/apt,300,1,228,429,3.90,2026-06-03
18507317,/// Brand new studio / on MAX line to airport,Rose City Park,45.53505,-122.59897,Entire home/apt,,2,0,287,2.59,2025-07-20
18565183,"Artistic, Quiet, Comfortable Portland home.",University Park,45.5794,-122.71786,Private room,97,30,365,91,0.82,2023-11-08
18565742,Glamorous Suite w/Round Bed in SE,Hosford-Abernethy,45.50462,-122.65304,Entire home/apt,209,2,349,194,1.77,2025-08-03
18576618,ZEN HAUS. An inner SE Hawthorne/Division Studio.,Richmond,45.50801,-122.62804,Entire home/apt,203,1,192,758,7.51,2026-06-10
18618551,Relaxing retreat in sweet bungalow,Roseway,45.55158,-122.58766,Entire home/apt,147,30,91,17,0.16,2019-12-26
18628799,Beautiful Arbor Lodge,Arbor Lodge,45.57568,-122.68879,Entire home/apt,,30,0,2,0.02,2019-11-24
18630078,★ Walk to Belmont - 2-bed/1-bath - Walk Score: 95!,Buckman,45.51669,-122.64118,Entire home/apt,152,30,331,374,3.39,2026-03-15
18635638,Rose Garden Guest Suite w/ Private Entrance,Hazelwood,45.53223,-122.52872,Entire home/apt,92,2,211,487,4.63,2026-06-07
18636900,Modern Luxury Apartment - Prize City Location!,Sabin,45.55101013183594,-122.6549301147461,Entire home/apt,236,1,129,407,3.69,2026-06-05
18672469,Newly Remodeled Studio w/ 2 King Beds by the Bluff,Roseway,45.543,-122.58934,Entire home/apt,252,2,326,96,0.87,2026-06-08
18720958,"Modern Studio Apt in Laurelhurst, Near Downtown",Laurelhurst,45.53032,-122.62936,Entire home/apt,144,2,15,283,2.56,2026-06-04
18770616,Alberta Nest: Home Base for Adventure in the City,Vernon,45.55934,-122.64532,Entire home/apt,206,1,311,492,4.49,2026-06-03
18803962,Modern Guesthouse - Full Kitchen!,Kenton,45.584251403808594,-122.69332885742188,Entire home/apt,115,2,187,389,3.98,2026-06-08
18810464,Washington Park Suite - Near Rose Gardens,Arlington Heights,45.52139,-122.7062,Entire home/apt,291,2,169,296,3.12,2026-06-07
18813065,Awesome PDX Craftsman Near Hawthorne & Division!,Richmond,45.5092,-122.62261,Entire home/apt,258,2,30,49,0.44,2026-05-28
18887342,Casa de Campo in the Heart of Belmont- Hawthorne,Sunnyside,45.51428,-122.63073,Entire home/apt,212,1,336,352,3.23,2026-06-04
18945723,Airy Buckman Courtyard Guesthouse,Buckman,45.52068,-122.63792,Entire home/apt,,2,0,105,0.99,2025-12-02
18948401,Comfy Room in Eclectic Victorian-31 day min no tax,Northwest District,45.5388,-122.697,Private room,,31,0,698,6.32,2024-01-18
18962310,Portland Sanctuary,Piedmont,45.56671027475282,-122.66214344873457,Entire home/apt,359,1,225,172,1.57,2026-05-03
18976343,Industrial vibe studio in perfect location,Overlook,45.55571,-122.68427,Entire home/apt,169,2,225,243,2.23,2026-05-25
18996706,Portland Experience Awaits You!,Multnomah,45.45499,-122.71732,Private room,44,30,323,23,0.23,2026-04-12
18999545,"Brand New, Modern Apartment in Trendy NE PDX",King,45.55294,-122.65948,Entire home/apt,,30,0,130,1.20,2022-06-24
19019667,"Alberta Arts - fast Wifi, hd TV, A/C - Great area!",King,45.55977,-122.65653,Private room,45,30,255,31,0.31,2025-10-04
19049489,The Crow;s Nest @ The Gilman,Kerns,45.52579,-122.64019,Private room,199,31,364,1,0.01,2017-07-24
19051513,Beautiful Basement Apartment in Contemporary Home,Roseway,45.55268,-122.59636,Entire home/apt,157,2,278,136,1.26,2026-05-24
19120860,Hollywood Haven,Rose City Park,45.53827,-122.61283,Entire home/apt,184,2,102,220,2.02,2025-12-28
19138065,* Backyard Studio * AC * Patio * Parking *,Madison South,45.54453,-122.57216,Entire home/apt,120,1,260,834,7.60,2026-06-10
19139827,The Flying Whale-MountTabor.,Mt. Tabor,45.5213,-122.58814,Entire home/apt,414,1,142,393,3.66,2026-05-31
19175797,littlebluepdx,Concordia,45.563904,-122.635216,Entire home/apt,137,2,180,567,5.30,2026-06-02
19195669,•1898UrbanVictorian Loft view near Convention Ctr.,Kerns,45.52596,-122.65705,Entire home/apt,216,1,150,183,1.68,2026-06-10
19197609,The artFlat / Portland.Peaceful. Fun,Richmond,45.5118,-122.63124,Entire home/apt,169,1,325,428,3.93,2026-06-04
19208182,Rad Daylight Basement in 1959 Split Level Ranch,Creston-Kenilworth,45.49084,-122.62768,Private room,118,1,280,672,6.17,2026-06-09
19209341,"Great, quiet neighborhood. 30 day minimum.",Mt. Tabor,45.52255407254195,-122.60991125690482,Entire home/apt,30,60,83,1,0.03,2023-03-31
19225029,Pet Friendly with Fast Wifi & Easy Parking,King,45.55032,-122.65818,Entire home/apt,171,2,330,213,1.96,2026-06-01
19247651,Multnomah Village Guest House,Multnomah,45.46656,-122.71454,Entire home/apt,202,1,175,284,2.64,2026-06-06
19273583,"Sweet Hideaway in the trees, Mount Tabor",Mt. Tabor,45.52068,-122.59036,Entire home/apt,145,1,253,1022,9.42,2026-06-02
19290369,Quaint Basement Studio w/ Hot Tub and Private Deck,Hayhurst,45.4832,-122.72932,Entire home/apt,,1,0,537,4.95,2024-10-14
19308293,Two Stories Guest Cottage  with Deck and Grill.,Richmond,45.50052,-122.6323,Entire home/apt,215,3,140,63,0.62,2026-06-13
19366649,Convention Center/ Moda/ Eliot/ West Irvington,Eliot,45.53851,-122.6604,Entire home/apt,178,2,249,350,3.22,2026-06-07
19384339,Cozy Private 800 sq. ft. Downstairs in St. John's!,St. Johns,45.59366,-122.73515,Entire home/apt,115,2,221,204,1.87,2026-05-31
19387985,Privacy & Peace steps from OHSU,Homestead,45.49689483642578,-122.69591522216797,Private room,90,1,15,67,1.07,2026-05-15
19403380,Inviting Oasis By Division Street's Restaurant Row,Hosford-Abernethy,45.50411,-122.6363,Entire home/apt,,2,0,113,1.03,2026-06-09
19460421,"The LaunchPad: clean, mod, convenient guest house",Overlook,45.56311,-122.6952,Entire home/apt,115,1,311,191,1.77,2026-06-10
19475518,Entire Cozy Apartment Studio in Hip Neighborhood,Foster-Powell,45.49095,-122.59563,Entire home/apt,80,30,349,99,0.91,2026-05-31
19494240,Ultra Clean 2 Bedroom with HEPA Air Purifier,Arbor Lodge,45.57423,-122.68205,Entire home/apt,229,1,152,420,3.86,2026-06-09
19519294,Cozy Modern Apartment on Alberta St,Overlook,45.5581,-122.68051,Entire home/apt,147,2,216,390,3.83,2026-05-24
19530684,Orchard View,Hayhurst,45.47727,-122.71508,Entire home/apt,123,30,360,86,0.79,2025-04-30
19531938,Historic Dougan Suites : Suite 1,Laurelhurst,45.524342,-122.622635,Entire home/apt,184,1,281,211,2.16,2026-06-07
19545779,Alberta Loft,Cully,45.55752,-122.6167,Entire home/apt,197,2,196,203,1.89,2026-06-07
19547625,The Tiny Big Guest House,Creston-Kenilworth,45.49564,-122.63793,Entire home/apt,136,1,284,518,4.82,2026-05-31
19553361,Patio Cottage for 1-2 w/kitchen & gas firepit,Humboldt,45.558284759521484,-122.66563415527344,Entire home/apt,190,1,344,212,1.95,2026-05-20
19609470,Magic Caravan,Boise,45.55275,-122.67202,Entire home/apt,137,2,228,385,3.55,2026-05-27
19610033,Taylor Street Cottage,Sunnyside,45.51421,-122.637,Entire home/apt,180,1,277,595,5.52,2026-06-11
19626637,Romantic Casita. HotTub and Firepit. Pets Welcome!,Woodstock,45.48745674907361,-122.613850014648,Entire home/apt,201,1,194,881,8.69,2026-06-11
19657817,N. Williams Designer Suite - NE Portland,Boise,45.550971084972176,-122.66726993659198,Entire home/apt,184,5,173,251,2.31,2025-08-27
19676568,3-Bedroom Family-Friendly Home with Toys & Books,Forest Park,45.55171,-122.77867,Entire home/apt,117,7,77,9,0.08,2023-06-18
19683221,"Savor the Laid-Back, Bohemian Feel at a Sunny Urban Abode",Boise,45.5502,-122.66566,Entire home/apt,194,2,213,428,3.93,2026-05-26
19723300,"Castle like home in SW PDX, minutes to downtown!",Southwest Hills,45.49427432515024,-122.70378309143187,Entire home/apt,216,31,332,104,0.96,2024-04-30
19764780,Parkrose Room,Parkrose,45.56008,-122.55341,Private room,,30,0,37,0.34,2021-02-25
19769143,Two Bedroom Getaway NE Alberta Arts area: THE DUPE,King,45.55952,-122.66057,Entire home/apt,74,30,90,62,0.58,2021-08-14
19812267,"Cozy, Beautiful Alberta Arts Apartment",Alameda,45.55349,-122.63841,Entire home/apt,152,2,213,420,3.90,2026-05-30
19820204,Pure Privacy for 2 in Multnomah Village,Multnomah,45.46833,-122.70695,Entire home/apt,169,2,100,266,2.51,2026-06-02
19865184,1898UrbanVictorian Parlor Apt.near Convention Ctr.,Kerns,45.52605,-122.65667,Entire home/apt,205,1,256,112,1.04,2026-05-03
19880543,Hazelwood Haven: 1 BR w/private entrance & bath,Hazelwood,45.52064,-122.53362,Private room,83,1,48,290,2.72,2026-05-27
19890526,Entire Main Floor Bungalow - Min 30 Night Stay,Woodlawn,45.57089,-122.65708,Entire home/apt,,30,0,7,0.10,2022-04-16
19910312,Private bedroom in a house off Hawthorne Mt Tabor,Richmond,45.51159,-122.61483,Private room,137,1,248,203,1.88,2026-05-30
19949395,TheBuffaloBee-Private Suite+Balcony-Clean & Quiet!,Arbor Lodge,45.57515,-122.68669,Entire home/apt,125,1,74,196,1.83,2026-06-06
19952673,Portland Home with garden,Alameda,45.55149,-122.63246,Entire home/apt,306,30,288,7,0.07,2019-12-28
20001164,Alberta Arts Cob Oven Home,Concordia,45.56022,-122.63343,Entire home/apt,118,30,39,79,0.73,2020-06-21
20027335,Bedroom in Hip Mississippi neighborhood home,Boise,45.55139,-122.67594,Private room,54,14,275,81,0.75,2026-01-02
20035331,"The Copper Flat - Walkable, Creative & Private!",Boise,45.55267,-122.67805,Entire home/apt,146,1,204,889,8.22,2026-06-12
20055813,Stylish North Portland home with beautiful view,University Park,45.58,-122.74061,Entire home/apt,,2,0,128,1.18,2024-03-06
20057131,Piedmont Private Retreat,Piedmont,45.57432,-122.67782,Entire home/apt,,31,0,101,0.94,2022-09-29
20067366,Restored Buckman Craftsman-your perfect home base`,Buckman,45.52106,-122.6435,Entire home/apt,343,3,286,274,2.69,2026-06-07
20074833,"Kelly's Cottage, A Modern SE Portland Guest House!",Brooklyn Action Corps,45.49174,-122.6497,Entire home/apt,226,1,289,223,2.32,2026-05-11
20124460,Cedar Grove Cottage with Superhost near Airport!,Sumner,45.55738,-122.57237,Entire home/apt,,30,0,217,2.01,2021-08-22
20133878,Executive Gem In the Heart of Hawthorne,Buckman,45.51513,-122.63888,Entire home/apt,184,1,253,129,1.38,2026-05-06
20167870,Explore Portland on Foot from Your Modern Retreat,Boise,45.55462,-122.67702,Entire home/apt,205,1,345,1004,9.33,2026-06-12
20193247,Welcoming 1 bedrm eco tiny house near NE Alberta.,King,45.56158,-122.66239,Entire home/apt,146,2,31,394,3.65,2026-06-07
20195374,Private hot tub in beautiful Rose City,Roseway,45.54218,-122.59002,Entire home/apt,140,2,303,466,4.32,2026-06-09
20211007,Luxurious Cape Cod in Central Eastside,Mt. Tabor,45.52137,-122.6105,Entire home/apt,149,1,53,539,5.24,2026-06-11
20214662,Quick's Cozy Cottage,Humboldt,45.558,-122.67728,Entire home/apt,145,2,347,86,0.80,2025-08-27
20254543,"Cozy handcrafted Tiny House w/ sauna, tubs, fire",Cully,45.56111,-122.60371,Entire home/apt,,1,0,289,2.67,2026-05-13
20257538,Handcrafted Urban Hideaway | Private Driveway,Piedmont,45.57491,-122.67527,Entire home/apt,131,1,49,533,4.95,2026-05-27
20270387,"Old World Elegance-3 room suite, private entrance",Reed,45.48309,-122.62939,Private room,143,1,323,304,2.83,2026-06-02
20282301,"NoPotel, comfortable guesthouse in Portland!",St. Johns,45.59549,-122.75098,Entire home/apt,192,2,119,334,3.38,2025-09-01
20308030,Mid Century Portland Sanctuary.,King,45.5647,-122.6626,Entire home/apt,674,1,364,38,0.35,2019-08-25
20322456,"Bright new home near pubs, parks and University!",University Park,45.579,-122.72125,Entire home/apt,139,30,226,30,0.29,2025-05-04
20327118,Stylish Craftsman Close to Downtown,Irvington,45.54465,-122.65721,Entire home/apt,319,1,257,510,4.77,2026-06-11
20328717,Elegant SE Portland/Reed College BLUE MOON SUITE,Eastmoreland,45.47899,-122.62475,Entire home/apt,223,1,245,458,4.27,2026-06-07
20335993,"★ Bright, New In-law suite in PDX, Alberta Arts",Vernon,45.56226,-122.6511,Entire home/apt,233,1,256,129,1.20,2026-06-08
20354598,Tiny house- Studio,Creston-Kenilworth,45.49178,-122.61359,Entire home/apt,132,2,36,415,3.86,2026-05-30
20363575,"Ease, Elegance, Best of NW PDX",Northwest District,45.53727,-122.7034,Entire home/apt,,30,7,2,0.02,2021-08-26
20420420,"Beautiful, quiet 3BR/6 guest home in Sellwood",Sellwood-Moreland Improvement League,45.473341337808016,-122.65052036955608,Entire home/apt,414,5,260,58,0.54,2026-06-03
20426737,Hawthorne Hood*Private Bath*Garden Suite*,Richmond,45.50598,-122.61499,Private room,115,1,5,91,0.85,2026-06-06
20427061,2 BR Family Friendly Luxury Suite in SE Woodstock,Woodstock,45.48464,-122.6185,Entire home/apt,240,1,282,547,5.12,2026-05-30
20436612,"Hot Tub, Secluded Getaway In the City.",University Park,45.57723,-122.71601,Entire home/apt,182,1,63,1002,9.32,2026-05-16
20460062,St. John's studio,St. Johns,45.59745,-122.75182,Entire home/apt,49,30,300,17,0.16,2025-05-22
20461290,"Upscale quiet 2BR (1400sf)near downtown,pool table",Northwest Heights,45.54594,-122.77272,Entire home/apt,161,2,169,111,1.05,2026-05-11
20469907,Charming Cottage in park like setting,Pleasant Valley,45.47529,-122.5374,Entire home/apt,135,30,223,16,0.15,2026-03-03
20477753,Garden Sanctuary near Airport with Superhost!,Sumner,45.55702,-122.57053,Entire home/apt,,30,0,309,2.87,2022-03-20
20479122,Foodie Hotspot • Walk Everywhere • 1BR Retreat,Buckman,45.51613998413086,-122.63934326171875,Entire home/apt,220,1,320,727,6.76,2026-05-31
20526629,Beautiful apartment in tranquil SW,Marshall Park,45.45937,-122.69078,Entire home/apt,71,31,266,8,0.07,2026-06-08
20591246,Modern Private 2 Bedroom Suite in Quiet  Location,Rose City Park,45.54162,-122.59845,Private room,125,1,167,309,2.93,2026-05-31
20603233,Miller Street Sellwood Garden Apartment,Sellwood-Moreland Improvement League,45.4657,-122.64413,Entire home/apt,126,2,285,409,3.91,2026-05-30
20608009,Discounted luxury apartment garden patio & parking,Southwest Hills,45.50683,-122.69772,Entire home/apt,181,2,316,115,1.27,2026-05-25
20621667,Stare out at the Treetops on an Extinct Volcano Mountainside,Mt. Tabor,45.52188,-122.59373,Entire home/apt,291,2,313,77,0.72,2026-03-29
20692714,A Viewpoint By The River,South Portland,45.48516,-122.67709,Entire home/apt,77,30,50,29,0.27,2025-07-31
20709084,Amazing 1BR Granny Flat Nestled near Rocky Butte,Madison South,45.53719,-122.56731,Entire home/apt,123,2,326,350,3.32,2026-06-02
20710225,Henry Hill Guest Loft - Private and Convenient,Eastmoreland,45.476,-122.62664,Entire home/apt,132,2,303,144,1.37,2026-06-10
20724782,HOTEL in a HOME in Beautiful MONTAVILLA,Montavilla,45.52385,-122.58278,Private room,137,2,304,155,1.47,2026-06-08
20765126,"Bright, clean NoPo Craftsman home w/gas fireplace",Portsmouth,45.58715,-122.72437,Entire home/apt,,1,0,105,1.03,2026-04-12
20786008,"Sunnyside Wonderland - Coffee Shops, Bars & Parks",Buckman,45.51613998413086,-122.63934326171875,Entire home/apt,200,1,348,768,7.20,2026-06-03
20788623,Large SE Apartment • Walk to Eats • 1BR • Sleeps 4,Buckman,45.51613998413086,-122.63934326171875,Entire home/apt,146,1,320,780,7.31,2026-06-08
20799319,Modern Cozy Guest House in Hip NE Alberta/Williams,King,45.55682,-122.66053,Entire home/apt,151,2,218,578,5.48,2026-06-10
20805575,Private Guest Suite near Mt. Tabor Park,Mt. Tabor,45.51521301269531,-122.58940887451172,Entire home/apt,153,2,314,103,0.97,2026-05-18
20811359,THE NEST:  Spacious 2 Story Home Sellwood-Moreland,Sellwood-Moreland Improvement League,45.47485,-122.65002,Entire home/apt,158,30,319,18,0.18,2025-08-22
20818777,Discount! Craftsman bungalow w/ 1st class lodging!,Roseway,45.54757,-122.59017,Private room,88,30,178,5,0.05,2019-07-21
20831387,North Portland Studio Apartment,Overlook,45.5646,-122.68521,Entire home/apt,120,2,169,376,3.64,2026-06-07
20833831,Spacious & bright entire townhome w/back garden,South Portland,45.48257,-122.67453,Entire home/apt,216,30,173,0,,
20836531,Quiet Artist's Condo in NW,Northwest District,45.52724,-122.69729,Entire home/apt,268,2,14,61,0.58,2025-10-20
20850115,Charming & Spacious 5BR Home in SE Portland,Richmond,45.499385833740234,-122.61351013183594,Entire home/apt,480,1,85,574,5.40,2026-06-10
20903576,Lovely Studio in Portland's Best Location,Northwest District,45.52913,-122.69053,Entire home/apt,90,30,295,23,0.22,2024-08-10
20928656,The Overlook Nook,Overlook,45.55272,-122.68333,Entire home/apt,220,2,29,158,2.23,2026-05-31
20935576,Ankeny Loft Just a Block From East Burnside,Buckman,45.52227,-122.64121,Entire home/apt,201,1,322,466,4.38,2026-05-31
20946576,Monthly Furnished 1BR | Pet-Friendly Home,Cathedral Park,45.59426,-122.76254,Entire home/apt,98,30,348,123,1.16,2023-02-20
20971758,NE Irving Park Cottage,King,45.55149,-122.65898,Entire home/apt,217,1,136,488,4.67,2026-05-31
20993707,The Getaway in SE Portland OR.,North Tabor,45.52171,-122.61536,Entire home/apt,156,3,323,121,1.21,2026-06-07
21013818,Loft Living Steps From Laurelhurst’s Hip Restaurant Scene,Buckman,45.52227,-122.64121,Entire home/apt,197,1,319,369,3.47,2026-05-31
21021665,Open and Light upstairs apartment with fireplace,Eliot,45.54609,-122.66308,Entire home/apt,,30,0,61,0.58,2021-09-27
21029021,Private apartment in a Portland Charmer,Piedmont,45.56976,-122.6765,Entire home/apt,220,1,309,492,4.71,2026-05-31
21039971,Marvelous Sunny Mississippi AC 1 Bedroom Apt MAX,Overlook,45.55283,-122.68007,Entire home/apt,76,31,307,50,0.49,2025-12-16
21046136,Little Backyard Cottage,Arbor Lodge,45.57015,-122.68674,Entire home/apt,148,2,167,523,4.93,2026-06-04
21052140,Trendy Hawthorne/Division*Walk Score 95!,Richmond,45.50645,-122.61521,Private room,112,1,5,71,0.69,2026-05-16
21096045,Cozy Basement Apartment,Woodlawn,45.56926,-122.65793,Entire home/apt,127,1,9,263,2.48,2026-06-07
21113829,Lux Group Retreat,Humboldt,45.55998,-122.67524,Entire home/apt,,30,0,39,0.38,2023-11-25
21135547,"Upstairs Studio: kitchenette, private bathroom,",Foster-Powell,45.49624,-122.59982,Private room,81,1,76,89,0.84,2026-06-04
21140503,"Mt Views, Forest Hiking & Urban Proximity (2 BR)",Northwest District,45.53547,-122.71689,Entire home/apt,269,2,70,177,1.67,2026-05-25
21155236,Cozy Loft Studio,Woodstock,45.48709,-122.61317,Entire home/apt,78,30,202,99,0.97,2026-05-01
21155408,"Alberta Arts 3 blocks to eats, bars and shops",Sabin,45.55666,-122.64859,Entire home/apt,530,2,128,496,4.84,2026-06-09
21186901,Concordia Retreat,Concordia,45.56773,-122.63565,Private room,66,30,173,21,0.20,2019-09-04
21215626,Mid-Century Home • Top Location • 3BR • Sleeps 6,Buckman,45.51689910888672,-122.6447525024414,Entire home/apt,343,1,302,610,5.78,2026-06-07
21298601,"Modern Private Bungalow, king bed, soaking tub",North Tabor,45.52876,-122.60017,Entire home/apt,207,2,59,473,4.66,2026-06-08
21422556,Portland International Guesthouse - Room 1,Northwest District,45.525718688964844,-122.69625854492188,Private room,115,1,332,96,0.92,2024-09-22
21425869,"“Pearl Pad” Grt. location, view & free EV Chging!",Pearl,45.53141,-122.67985,Entire home/apt,160,31,302,8,0.15,2024-06-27
21430359,"Truly Local Experience, Steps from Restaurant Row!",Kerns,45.52407,-122.63654,Entire home/apt,199,1,243,602,5.72,2026-06-03
21439433,"Portland Classic - Parks, Eateries & Local Shops",Buckman,45.51613998413086,-122.63934326171875,Entire home/apt,190,1,322,653,6.22,2026-06-01
21459894,Portland House with Speakeasy in Basement,Montavilla,45.52188,-122.5711,Entire home/apt,113,30,289,165,1.58,2021-08-08
21502820,Dragonfly House,Kenton,45.57847,-122.70447,Entire home/apt,252,1,58,113,1.44,2026-05-17
21506661,Woodstock Storybook Cottage,Woodstock,45.48802,-122.61918,Entire home/apt,275,2,57,34,0.73,2026-05-19
21517694,Bright Pearl Loft w/big balcony; 97 Walk Score,Pearl,45.52878,-122.68327,Entire home/apt,159,31,303,12,0.12,2025-07-21
21537748,Million-Dollar River View: light-filled downtown,Portland Downtown,45.5099,-122.67394,Entire home/apt,195,31,304,4,0.05,2025-05-31
21566467,Stunning Victorian in the heart of Alberta Arts,King,45.56407,-122.65729,Entire home/apt,,2,0,55,0.52,2025-02-09
21566921,Alberta Arts Apartment,Vernon,45.56137,-122.64648,Entire home/apt,120,3,188,290,2.78,2026-06-09
21569343,Modern Gem In The City,Eliot,45.54437,-122.65949,Entire home/apt,,31,0,1,0.04,2024-04-18
21579586,Huge Home | King Beds | AC | Prime Spot and Views!,King,45.552468546651916,-122.66294781252726,Entire home/apt,900,2,222,375,3.64,2026-06-04
21594833,Joshua Tree Vibes in SE PDX - Local Bars & Food,Buckman,45.5169,-122.64472,Entire home/apt,252,1,315,668,6.37,2026-05-27
21620813,Separate spacious guest house over garage.,Hosford-Abernethy,45.50791,-122.64097,Entire home/apt,230,1,224,237,2.39,2026-06-12
21622144,The Nest in Brooklyn. Love where you stay!,Brooklyn Action Corps,45.4893,-122.65094,Entire home/apt,,26,0,14,0.13,2024-08-27
21636682,Valentina's Tiny Brother...Tino!,Hillside,45.52656,-122.70903,Entire home/apt,,2,0,103,0.99,2023-06-27
21642481,Classic bungalow great location walkable Northeast,Rose City Park,45.544662653271445,-122.60534433264519,Entire home/apt,314,2,129,52,0.54,2026-05-18
21698361,"Back Bedroom in Cozy, Artsy, St. Johns Bungalow",St. Johns,45.58846,-122.7443,Private room,139,2,359,64,0.61,2025-11-16
21742124,Convenient place for female only,Parkrose Heights,45.53516,-122.53952,Private room,74,30,364,12,0.12,2019-07-14
21752934,Pet friendly Montavilla Studio. Pets stay free!,Montavilla,45.50854,-122.58322,Private room,209,1,323,606,5.81,2026-05-31
21754288,New Classic Portland Guesthouse,Roseway,45.54474639892578,-122.58920288085938,Entire home/apt,157,2,193,412,3.96,2026-05-14
21768930,The Butterfly Cottage,Hosford-Abernethy,45.51154,-122.64476,Entire home/apt,,30,0,382,3.72,2024-09-03
21779678,NW 23RD AVE - Alphabet District,Northwest District,45.53381,-122.69839,Entire home/apt,131,30,57,66,0.77,2025-08-02
21784551,Underground Art Suite,Foster-Powell,45.49654,-122.60461,Entire home/apt,151,1,327,543,7.09,2026-06-11
21786792,"Super Quiet, Boutique Suite Guest Favorite",Piedmont,45.5760286,-122.6676401,Entire home/apt,95,30,296,23,0.23,2024-10-30
21800129,Portland Home near Light Rail and Park,Sellwood-Moreland Improvement League,45.4734,-122.64246,Entire home/apt,,2,0,67,0.64,2025-12-23
21850631,Walkable Woodlawn Home,Woodlawn,45.57489,-122.65256,Entire home/apt,,30,0,19,0.18,2021-09-07
21863373,Piedmont Carriage House - Close in NE Portland,Piedmont,45.56718,-122.66461,Entire home/apt,155,2,198,267,2.63,2026-05-31
21869260,"Alberta Arts Studio - 2 Min Walk to Shops, Restos",Vernon,45.56083,-122.65094,Entire home/apt,155,4,119,71,0.68,2026-05-27
21879052,Modern Studio in NE Portland (Piedmont),Piedmont,45.56814,-122.6656,Entire home/apt,107,2,248,575,5.56,2026-06-12
21929069,Best neighborhood  @ Your Urban Nest,Beaumont-Wilshire,45.55009,-122.62748,Entire home/apt,,30,0,254,2.46,2022-08-24
21949191,Bright + cozy wood stove + you’ll love!,Cathedral Park,45.5835,-122.74391,Entire home/apt,,10,0,27,0.26,2023-07-16
21950255,morrison street eco house,Sunnyside,45.5163,-122.62553,Entire home/apt,301,3,265,68,0.67,2026-06-03
21957533,Little Green Garden Guesthouse,North Tabor,45.52623,-122.60363,Entire home/apt,,30,0,193,1.88,2021-09-09
21983848,Spacious Studio Apartment Next to Reed College,Reed,45.48484,-122.62902,Entire home/apt,157,1,19,255,2.51,2026-05-19
21996713,The Clinton Modern,Hosford-Abernethy,45.50114,-122.64611,Entire home/apt,329,2,91,331,3.37,2026-06-02
21997605,Bright and Comfortable St. Johns Apartment,St. Johns,45.58814,-122.74318,Entire home/apt,206,2,98,118,1.38,2026-05-16
22088727,Bright & Colorful Home in SE Division Neighborhood,Richmond,45.49984,-122.62619,Entire home/apt,,30,0,25,0.25,2022-07-18
22108131,Portland Regency Moderne - an Artist’s Home,Creston-Kenilworth,45.49245461431203,-122.6201185670912,Entire home/apt,306,1,251,297,2.97,2026-06-01
22146883,The Comforts of Home in Alberta Arts (18-135432),Alameda,45.55505,-122.63877,Entire home/apt,190,3,188,202,2.04,2026-05-18
22173141,Light filled basement apartment,Piedmont,45.57146,-122.66949,Entire home/apt,115,30,45,7,0.13,2024-12-17
22228992,Modern Pearl Condo with Secure Reserved Parking,Pearl,45.53039,-122.68106,Entire home/apt,149,30,291,3,0.03,2019-08-18
22229252,Greene & Greene Bungalow,King,45.56113,-122.65793,Entire home/apt,,30,0,11,0.13,2023-01-15
22280517,The Royal Scott Double Decker Bus,Russell,45.54326,-122.53215,Entire home/apt,164,1,76,911,8.84,2026-06-02
22280827,Gem in the center of inner-Southeast,Sunnyside,45.51766,-122.61592,Entire home/apt,286,2,54,352,3.47,2026-06-01
22429780,The Magic Attic / Walk Everywhere!,Richmond,45.50879,-122.62422,Entire home/apt,,1,0,154,1.54,2026-06-10
22436145,Alberta Arts: Beautiful Pet Friendly Private Home.,Vernon,45.56017,-122.64768,Entire home/apt,,30,0,8,0.08,2021-11-10
22437323,The Urban Cabin,Foster-Powell,45.49326,-122.59907,Entire home/apt,62,30,267,114,1.18,2026-05-02
22443816,The Home With The Yellow Door/Alberta Arts,King,45.55841,-122.65198,Entire home/apt,234,1,54,875,8.50,2026-05-28
22449684,Rose City Guest House,Rose City Park,45.54279,-122.61005,Entire home/apt,182,2,156,311,3.02,2026-05-25
22449916,Modern Studio w/ Patio in Quirky Kenton with AC,Kenton,45.57857,-122.69876,Entire home/apt,,30,0,388,3.77,2023-04-11
22450913,Urban Oasis on NW LoveJoy in the Pearl,Northwest District,45.52949,-122.68925,Entire home/apt,92,30,319,12,0.14,2024-10-18
22455628,"Lovely location, Hot tub & Bikes",Irvington,45.53663,-122.6414,Entire home/apt,188,4,162,77,0.76,2026-01-18
22488209,Rose City Garden Retreat,Roseway,45.54574,-122.59406,Entire home/apt,140,5,40,372,3.62,2026-06-12
22496767,Treetop Cedar Studio,Brentwood-Darlington,45.47528,-122.61213,Entire home/apt,168,1,313,385,4.35,2026-05-23
22599038,Portland International Guesthouse Room 2,Northwest District,45.525699615478516,-122.6963882446289,Private room,94,1,320,132,1.30,2025-05-29
22608587,Beautifully Crafted NE Portland ADU,King,45.5517,-122.66357,Entire home/apt,,10,0,48,0.47,2025-11-30
22614995,Portland International Guesthouse Room 3,Northwest District,45.525699615478516,-122.6963882446289,Private room,99,1,301,145,1.41,2025-10-13
22615930,Portland International Guesthouse Room 4,Northwest District,45.525699615478516,-122.6963882446289,Private room,116,1,296,114,1.12,2025-08-03
22618305,Stylish waterfront apartment on the edge of Pearl,Old Town/Chinatown,45.52988,-122.67505,Entire home/apt,136,30,263,203,1.99,2025-10-13
22654722,NE Portland studio with private courtyard,Woodlawn,45.57241,-122.64857,Entire home/apt,126,1,265,746,7.47,2026-05-30
22658710,The Hummingbird Suite,Richmond,45.50327,-122.62739,Private room,59,2,164,407,3.97,2026-05-30
22659735,The Cyan Room,Richmond,45.50289,-122.62776,Private room,50,3,171,587,5.73,2026-06-07
22689376,Bright + Cozy Guesthouse w/ Classic Portland Charm,Eliot,45.54332,-122.65911,Entire home/apt,299,2,79,42,1.04,2026-05-29
22693154,❤️ CLEAN ★ LUXURY OASIS ★ NEAR DOWNTOWN,North Tabor,45.52556,-122.61682,Entire home/apt,291,1,88,362,3.64,2026-06-09
22701360,2-bedroom Home - Modern! Close-in (日本語）,Boise,45.55086,-122.66478,Entire home/apt,225,1,231,261,2.56,2026-06-07
22727693,"Woodstock Hideway, clean comfort, great location",Woodstock,45.48864,-122.60367,Entire home/apt,212,2,68,186,1.87,2026-05-19
22732326,Architect-designed house in SE Portland’s MtTabor,Mt. Tabor,45.51988,-122.60383,Entire home/apt,314,1,273,443,4.44,2026-06-11
22733624,Central condo in downtown PDX,Goose Hollow,45.52079,-122.68941,Entire home/apt,127,30,70,24,0.25,2025-04-19
22733844,Duplex in Alberta Art District!,King,45.56239,-122.65716,Entire home/apt,314,1,175,68,0.67,2025-11-29
22776781,Tabor Cottage: Detached Guest House SE Portland,South Tabor,45.50329,-122.57912,Entire home/apt,126,2,56,475,4.66,2026-06-03
22808872,Cozy Murphy Bed Studio: Kitchenette near Hawthorne,Richmond,45.51001,-122.63354,Entire home/apt,149,2,267,179,1.87,2026-06-08
22810044,Prime Location! Historic home available monthly,Northwest District,45.52616,-122.69933,Entire home/apt,181,31,56,222,2.28,2026-05-03
22813740,Charming South Tabor Apartment!,South Tabor,45.49849,-122.58638,Entire home/apt,130,2,283,247,2.43,2026-06-07
22877200,"Accessible, AIA-Award Winning, Urban Garden Oasis",Arbor Lodge,45.57653,-122.70664,Entire home/apt,,1,50,565,5.72,2026-06-08
22886335,Relaxing retreat steps to OHSU & min from downtown,Homestead,45.49724,-122.69295,Entire home/apt,240,1,311,428,4.21,2026-06-11
23021927,"Inner NE~Moda, Downtown, Williams, Wonder Ballroom",Eliot,45.546,-122.66399,Entire home/apt,122,2,6,282,2.81,2026-05-25
23063504,Bright Queen Bed Overlooking Courtyard,South Tabor,45.50388,-122.59061,Entire home/apt,,30,0,221,2.29,2023-10-02
23094747,Modern Guest House in North Portland,Overlook,45.56504,-122.6951,Entire home/apt,114,5,20,459,4.52,2026-05-25
23102673,University of Portland Oasis,University Park,45.57715,-122.71997,Entire home/apt,,7,0,93,0.92,2025-06-16
23128043,"Charming, Detached Studio!  Heart of Sellwood!",Sellwood-Moreland Improvement League,45.46657,-122.66019,Entire home/apt,140,2,293,401,4.47,2026-06-14
23164577,Gorgeous Laurelhurst 2 bed home! Walk Score 93!,Kerns,45.5243,-122.6338,Entire home/apt,342,1,179,362,3.64,2026-05-10
23255044,Gorgeous Irvington Apartment,Irvington,45.54036,-122.65634,Entire home/apt,169,1,233,356,3.51,2026-06-01
23268451,Big Bright Private Home in Excellent  Alberta Area,Vernon,45.56402,-122.6551,Entire home/apt,226,2,248,30,0.30,2025-12-26
23309972,Cozy & Private Apartment in Portland's Montavilla!,Mt. Tabor,45.51875,-122.58663,Entire home/apt,116,30,323,35,0.35,2025-07-28
23328366,Sweet and Simple in Southeast!,South Tabor,45.50435,-122.58395,Entire home/apt,91,30,41,88,0.89,2023-12-17
23332931,"Portland Airbnb Private Guesthouse, Alberta Arts",King,45.553749084472656,-122.6602554321289,Entire home/apt,188,1,82,455,5.60,2026-06-04
23353382,The Sneakaway,King,45.56473,-122.65811,Entire home/apt,280,1,239,644,6.43,2026-06-11
23358705,Creston Cutie - Close-in SE,Creston-Kenilworth,45.49372,-122.62579,Entire home/apt,,30,0,6,0.06,2018-11-24
23376340,Pot-friendly 1 BR full APT w/ comfy Portland charm,King,45.55993,-122.65176,Entire home/apt,175,1,38,314,3.15,2026-05-24
23391856,Spacious NE Suite with Garden Access,Eliot,45.53916,-122.66554,Entire home/apt,194,2,242,320,3.22,2026-06-04
23395538,Vintage Loft Just off Alberta Street!,King,45.55884,-122.65489,Entire home/apt,208,2,71,279,2.77,2026-05-25
23398383,Tabor Retreat,Mt. Tabor,45.51548,-122.58983,Entire home/apt,205,1,290,288,2.99,2026-06-07
23399594,"Waterfront Pearl District Condo w/Parking, Hot Tub",Old Town/Chinatown,45.52959,-122.675,Entire home/apt,84,30,279,21,0.22,2026-03-24
23399860,The Diamond,Concordia,45.56198,-122.63079,Entire home/apt,147,1,291,355,3.61,2026-05-26
23432574,Dwell | Upscale Woodstock Retreat | Walk to Dining,Brentwood-Darlington,45.47293,-122.61378,Entire home/apt,304,1,325,435,5.06,2026-06-10
23437533,The Nest Tiny Home & Garden /Alberta Arts District,Concordia,45.56266,-122.63733,Entire home/apt,92,30,331,30,0.34,2025-12-07
23446571,波特兰·温馨之家,Powellhurst-Gilbert,45.4869,-122.54805,Private room,27,30,296,19,0.19,2024-06-10
23449418,Overlook BackShack,Overlook,45.55444,-122.68777,Entire home/apt,131,1,114,385,3.81,2026-05-12
23609556,Bright House-share with Private Bath Near Airport,Roseway,45.55224,-122.58417,Private room,92,30,365,2,0.02,2018-09-01
23613685,Bike'N'Roll Cottage: Adventure & Relaxation,Brooklyn Action Corps,45.49332,-122.65498,Entire home/apt,370,1,43,105,1.05,2025-07-20
23626383,The Portland Oregon Dome!     w/ Elec Car Charging,Crestwood,45.45477,-122.73106,Entire home/apt,123,2,335,134,1.33,2026-05-24
23668933,"New, Modern Chef's Dream in Historic Turret House",Irvington,45.537,-122.64324,Entire home/apt,256,1,148,356,3.60,2026-05-25
23672354,Sun-filled Home in Buckman Neighborhood with 2BRs,Buckman,45.521278381347656,-122.6380844116211,Entire home/apt,261,1,319,660,6.57,2026-06-07
23702620,"Cozy Studio Apt, Close-In Heart of SE PDX Location",Sunnyside,45.5178,-122.6342,Entire home/apt,240,1,290,650,6.47,2026-06-07
23780161,Bright Queen Bedroom with Private Bath in NE,Roseway,45.55125,-122.58619,Private room,89,30,364,40,0.41,2021-09-13
23784002,Elegant Westside Townhouse near Downtown/Beaverton,Northwest Heights,45.53956,-122.78047,Entire home/apt,122,31,308,4,0.06,2021-08-01
23788761,30+Day Rental *Pet Friendly* Private Guesthouse,Rose City Park,45.54376,-122.59727,Entire home/apt,87,30,77,25,0.27,2026-05-15
23790599,"Bright, modern, private home in lively SE Portland",Richmond,45.50498,-122.61671,Entire home/apt,223,1,216,405,4.06,2026-06-14
23875080,Hollywood District Hideaway,Hollywood,45.53382,-122.61588,Entire home/apt,159,1,217,550,5.54,2026-06-07
23908214,Private Inner SE Suite,Richmond,45.49893,-122.62214,Entire home/apt,156,1,166,305,3.06,2026-06-03
23961600,Cozy cottage close to it all in Northeast Portland,Irvington,45.54433,-122.64534,Entire home/apt,155,2,346,241,2.49,2026-06-10
23976606,"Oak Street Flat - a quiet, welcoming getaway",Mt. Tabor,45.5194,-122.60474,Entire home/apt,,30,0,58,0.61,2022-09-07
24022524,Irvington Basement Apartment,Irvington,45.53566,-122.64074,Entire home/apt,166,2,206,138,1.39,2026-06-07
24074692,Xx  your  room,Pearl,45.52371,-122.68036,Entire home/apt,221,30,365,0,,
24120344,Mississippi SkyNest,Boise,45.54971,-122.67474,Entire home/apt,109,1,15,984,9.88,2026-05-26
24122545,Bright Cottage|Vintage Charm|AC|Off Street Parking,Montavilla,45.52682,-122.56809,Entire home/apt,204,2,224,424,4.27,2026-06-05
24138960,The Robin’s Nest - Modern Condo in heart of SE PDX,Sunnyside,45.51667,-122.62407,Entire home/apt,90,31,244,17,0.18,2025-12-09
24141003,Spacious 1-bed bsmt retreat; 20-min to city center,Foster-Powell,45.49667,-122.60157,Entire home/apt,,1,69,189,2.00,2026-06-01
24160736,Sellwood Detached Apartment,Sellwood-Moreland Improvement League,45.46783,-122.65576,Entire home/apt,177,2,174,240,2.42,2026-05-20
24270337,Cozy modern staycation workplace close to downtown,Southwest Hills,45.50498,-122.69894,Entire home/apt,261,1,309,281,3.09,2026-06-08
24334951,Large room with your own bath in quiet home,Powellhurst-Gilbert,45.49474,-122.5401,Private room,41,30,47,3,0.03,2019-08-31
24338674,"Sweet Quiet room in Sunny, Spacious Hawthorne home",Sunnyside,45.51467,-122.63403,Private room,103,1,50,144,1.45,2026-06-07
24358125,SW Portland Gem!,Bridlemile,45.48839,-122.72595,Entire home/apt,440,2,335,100,1.02,2026-05-10
24375929,Mount Tabor Hideaway,Mt. Tabor,45.50817,-122.59992,Entire home/apt,306,1,173,273,2.75,2026-05-28
24406806,Beautiful Alberta Arts Farmhouse,Concordia,45.55983,-122.63959,Entire home/apt,311,2,244,70,0.72,2026-05-25
24414396,SE Modern PDX,Richmond,45.50102,-122.61604,Entire home/apt,90,30,143,65,0.66,2025-11-15
24492134,Portland Nest Guesthouse,Cully,45.55641,-122.60381,Entire home/apt,189,2,160,180,1.82,2026-06-14
24499293,PDX Portland Garden Cottage,Overlook,45.55891036987305,-122.68563079833984,Entire home/apt,223,3,312,444,4.50,2026-05-20
24582435,"Private, clean garden cottage- great location!",Boise,45.551879353859555,-122.6713840261949,Entire home/apt,165,2,49,311,3.22,2026-06-06
24607040,Huge house in the BEST location (99 walk score!),Northwest District,45.5263,-122.68994,Entire home/apt,247,30,344,84,0.85,2023-12-30
24608049,Stylish detached one bedroom in University Park.,University Park,45.58108,-122.73497,Entire home/apt,,30,0,177,1.80,2024-10-06
24623591,Scenic floating home in Portland's Columbia River,Hayden Island,45.60611343383789,-122.6747817993164,Entire home/apt,26,90,90,18,0.22,2020-01-28
24652511,Downtown NW Portland Willamette Riverfront Condo!,Old Town/Chinatown,45.52844,-122.673,Entire home/apt,97,31,131,25,0.26,2026-05-10
24674950,pet friendly Pearl condo right on the river,Old Town/Chinatown,45.52669,-122.67142,Entire home/apt,145,30,196,23,0.25,2025-08-31
24676704,Tiny House in Alameda/Alberta Arts ~ Dog Friendly,Sabin,45.55282,-122.64696,Entire home/apt,189,1,127,488,4.97,2026-06-09
24716882,Stunning Home in Alberta’s Art District,Humboldt,45.55802,-122.66991,Private room,49,30,102,80,0.81,2023-09-30
24729306,Sanctuary in Historic Kenton,Kenton,45.5801,-122.69104,Entire home/apt,137,2,183,147,1.49,2026-06-08
24754870,Private~Walk Alberta Arts~SilverStar Cottage!,Concordia,45.55811837054159,-122.63618159629516,Entire home/apt,195,1,300,419,4.32,2026-06-01
24807587,Sellwood-Moreland Stand-Alone Bungalow,Sellwood-Moreland Improvement League,45.47921,-122.65069,Entire home/apt,217,1,35,373,3.79,2026-05-30
24833444,Modern Studio - Steps to Hawthorne Shops & Eats,Buckman,45.512508392333984,-122.6462631225586,Entire home/apt,190,1,316,631,6.42,2026-06-06
24835735,Artist’s garden apartment,Richmond,45.50798,-122.6267,Entire home/apt,143,5,228,85,0.87,2024-05-12
24895142,Tabor Rest,Mt. Tabor,45.51189,-122.60423,Entire home/apt,129,30,139,25,0.47,2026-05-02
24896682,Vibrant Vintage Home in Lively Northwest & Next to Nature,Northwest District,45.53717,-122.71572,Entire home/apt,311,4,28,100,1.05,2026-05-29
24916586,Expansive & Fully Stocked Flat: 5-Star Detail,Overlook,45.55862,-122.68664,Entire home/apt,153,1,314,328,3.33,2026-06-10
24922380,"Richmond Cottage in St Johns, Portland",St. Johns,45.59464,-122.74913,Entire home/apt,230,2,229,247,2.51,2026-04-12
24970240,The Award Winning Z-Haus,Boise,45.54927,-122.6645,Entire home/apt,503,30,263,8,0.08,2019-08-04
24970358,Rooftop Deck | 4BR/2BA | Heart of Hawthorne,Buckman,45.512481689453125,-122.6462631225586,Entire home/apt,494,1,308,610,6.19,2026-06-01
24973125,Sage Guest House,Hosford-Abernethy,45.511661529541016,-122.64617919921875,Entire home/apt,258,3,181,147,2.58,2026-06-04
24989575,"Portland, Oregon Studio steps to OHSU",Homestead,45.49928,-122.69005,Entire home/apt,83,30,303,28,0.28,2025-08-25
24993362,Cute solar-powered basement studio apartment,Sellwood-Moreland Improvement League,45.47664,-122.64964,Entire home/apt,131,3,92,108,1.10,2025-11-30
25016760,Hawthorne Hideout*Heated floors* walk everywhere!,Sunnyside,45.51318,-122.62326,Entire home/apt,180,2,212,380,3.87,2026-06-14
25037353,Modern 1BR - Walk to Dining & Bars - Fast WiFi & A,Buckman,45.512481689453125,-122.6462631225586,Entire home/apt,152,1,257,661,6.72,2026-06-08
25052019,Modern Hawthorne Studio - Food Carts & Local Shops,Buckman,45.512481689453125,-122.6462631225586,Entire home/apt,131,1,347,495,5.03,2026-06-01
25099504,Alberta Arts Retreat with 4 bedrooms/3.5 baths,Sabin,45.55658,-122.65131,Entire home/apt,837,1,263,183,1.88,2026-06-09
25139487,Cheery Modern Basement Apartment,Mill Park,45.51642,-122.53374,Entire home/apt,,28,13,403,4.14,2023-11-30
25190815,"Vera Tiny Home - Free Street Parking, walkable!",Northwest District,45.53195,-122.69041,Entire home/apt,166,1,261,163,1.66,2026-06-02
25233729,Sleek Studio - Food Cart Row & Vintage Shops,Buckman,45.512481689453125,-122.6462631225586,Entire home/apt,155,1,302,581,5.95,2026-06-03
25263259,"The Henry Tiny Home -Free Street Parking, walkable",Northwest District,45.53195,-122.69041,Entire home/apt,155,2,256,166,1.69,2026-05-31
25263730,The Weidler Tiny Home - Free Street Parking!,Northwest District,45.53101,-122.69081,Entire home/apt,173,2,262,175,1.79,2026-06-06
25265689,#SavorTabor,Mt. Tabor,45.51868,-122.60467,Entire home/apt,343,2,311,491,5.10,2026-06-07
25282946,The Mothership: a city retreat in the heart of SE,Foster-Powell,45.48998,-122.59753,Entire home/apt,84,30,204,264,2.72,2026-04-25
25283645,"Modern, Sleek & Stylish: 2 blocks from Hawthorne!",Richmond,45.5101203918457,-122.61198425292969,Entire home/apt,454,2,127,202,2.07,2026-05-30
25297183,Light & Bright Guest Suite,Rose City Park,45.53502,-122.60291,Entire home/apt,175,1,1,88,0.90,2026-05-03
25340898,South Tabor Modern Cottage,South Tabor,45.50076,-122.59979,Entire home/apt,338,2,159,341,3.50,2026-06-06
25372936,Charming Craftsman Cottage,Humboldt,45.5548,-122.67224,Entire home/apt,,30,0,7,0.13,2022-07-29
25380832,Purely Portland  Bungalow. Patio. Near everything.,Beaumont-Wilshire,45.55073,-122.61516,Private room,,2,0,49,0.50,2023-10-26
25406167,Charming Sellwood Getaway with Hot Tub,Sellwood-Moreland Improvement League,45.47385,-122.65078,Entire home/apt,185,2,58,195,2.06,2026-06-12
25430968,Northwest Portland Room with Private Bath & Entry,Northwest District,45.53527,-122.70282,Private room,111,1,138,272,3.18,2026-06-12
25443778,Westmoreland Retreat,Sellwood-Moreland Improvement League,45.47323,-122.64689,Entire home/apt,135,30,331,56,0.58,2025-08-31
25539936,Portland Vintage Charm,Irvington,45.53694,-122.65553,Entire home/apt,53,30,49,6,0.06,2023-04-30
25546113,#StayinMyDistrict Sellwood Private Garden Casita,Sellwood-Moreland Improvement League,45.470665,-122.652672,Entire home/apt,165,1,162,371,3.81,2026-06-14
25585870,Trendy NE Location • Walkable • 2BR • Sleeps 6,King,45.55134963989258,-122.66297912597656,Entire home/apt,264,1,74,547,5.59,2026-05-30
25593437,Bohemian Bungalow in the heart of SE,Richmond,45.50195,-122.61327,Entire home/apt,,30,0,188,1.94,2022-04-18
25623999,"Alberta Arts - Private, Full Kitchen, Fireplace",King,45.5599,-122.66,Entire home/apt,139,2,286,165,1.81,2026-05-23
25630778,Trendy Area • Walk Everywhere • 1BR • Sleeps 4,King,45.55219268798828,-122.65974426269531,Entire home/apt,161,1,77,470,4.81,2026-06-04
25670665,Bright Studio Retreat - Prime Hawthorne Location,Buckman,45.512481689453125,-122.6462631225586,Entire home/apt,166,1,346,671,6.87,2026-06-08
25683545,Fern Cabin,Richmond,45.50751,-122.61451,Entire home/apt,171,1,176,502,5.18,2026-06-09
25779089,"Clean, Convenient & Comfortable - close to river",South Portland,45.47964,-122.676,Entire home/apt,125,2,217,328,3.38,2026-05-25
25813668,Hip Area - Dining & Shops Nearby - 2BR - Sleeps 4,Buckman,45.512481689453125,-122.6462631225586,Entire home/apt,274,1,320,626,6.42,2026-06-06
25828740,Casa Dolce Casa / Home Sweet Home in Alberta Arts,Concordia,45.56086,-122.64262,Entire home/apt,141,3,12,256,2.64,2026-01-20
25839024,Modern Hawthorne Guesthouse - Close to Everything,Richmond,45.51039,-122.62796,Entire home/apt,217,2,187,442,4.59,2026-06-11
25892907,Light and bright condo with free parking,Portland Downtown,45.51096,-122.67856,Entire home/apt,103,30,310,28,0.35,2026-05-28
25894908,Sweet Sellwood Studio,Sellwood-Moreland Improvement League,45.469799,-122.653801,Entire home/apt,82,30,43,102,1.05,2026-03-02
25912642,Montavilla manor,Mt. Tabor,45.51852,-122.58669,Entire home/apt,171,3,307,117,1.47,2026-05-25
25920079,Ne PDX modern ADU,Parkrose,45.5492,-122.54259,Entire home/apt,282,1,231,280,2.88,2026-05-24
25935157,Hip Urban Portland Living in Nob Hill,Northwest District,45.52839,-122.69951,Entire home/apt,466,3,171,275,2.83,2026-06-14
25940119,PDX Private NE Apartment,Sabin,45.55353,-122.65292,Entire home/apt,,2,0,172,1.78,2026-04-04
25940445,Fabulous 5 BDRM Craftsman-Best Location in PDX!,Boise,45.54768,-122.67411,Entire home/apt,619,2,322,131,1.57,2026-05-09
25941316,Historic Portland 3 Bedroom Home-Base,Buckman,45.51323,-122.63875,Entire home/apt,366,2,301,163,1.68,2026-05-18
25947060,New Modern Buckman Charmer,Buckman,45.51385,-122.64727,Entire home/apt,131,1,12,168,1.77,2026-05-31
25986436,"PDX private & spacious  2 bd room unit, with (EV)",Parkrose Heights,45.54093,-122.55684,Entire home/apt,253,2,317,23,0.50,2026-05-08
26041396,Ladd's Addition Apartment in SE Portland,Hosford-Abernethy,45.50708,-122.64422,Entire home/apt,97,5,125,181,1.87,2026-06-01
26062730,Hip 1BR • Retro-Modern Vibes • Prime SE Spot,Buckman,45.512481689453125,-122.6462631225586,Entire home/apt,171,1,320,542,6.13,2026-06-01
26063986,Sellwood Home Close to Everything,Sellwood-Moreland Improvement League,45.47546,-122.65067,Entire home/apt,192,2,9,24,0.25,2026-06-12
26101342,"Bright & Cozy Walkable U of P Studio, Fast WiFi",University Park,45.58024390644905,-122.7221510380317,Entire home/apt,205,1,298,320,3.31,2026-06-01
26131191,Classic Craftsman - King Beds - Steps to Hawthorne,Richmond,45.50992965698242,-122.6350326538086,Entire home/apt,514,2,94,320,3.33,2026-05-19
26135619,Grant Park Haven in NE Portland,Grant Park,45.53824,-122.62666,Entire home/apt,154,3,260,208,2.17,2026-05-30
26163922,Secret Garden Tiny House / Stylish Modern / 2 Bed,Powellhurst-Gilbert,45.48105,-122.54555,Entire home/apt,74,30,342,1,1,2026-05-21
26170294,Award-Winning Guest House with Private Entrance,Foster-Powell,45.49582,-122.60117,Entire home/apt,221,2,194,410,4.24,2026-05-29
26171304,House with sauna and large yard,Foster-Powell,45.49078,-122.58478,Entire home/apt,273,3,92,167,1.74,2026-06-12
26184695,PDX Central,Parkrose,45.54935,-122.54253,Entire home/apt,175,2,331,328,3.42,2026-06-08
26193945,SW Portland Charming 3 bedroom - Dog Friendly,West Portland Park,45.44857,-122.72823,Entire home/apt,162,30,99,17,0.18,2024-12-30
26226110,The Going House,Cully,45.55574,-122.60148,Private room,,30,0,0,,
26230941,Cozy Maywood Park Apartment,Parkrose,45.55545,-122.56167,Entire home/apt,78,30,296,9,0.09,2026-05-31
26231050,Classic Bungalow in Lively North Portland,Humboldt,45.55796,-122.67216,Entire home/apt,127,90,295,17,0.18,2026-05-03
26272298,Stroll to Restaurants New Laurelhurst Loft,Buckman,45.52225,-122.6434,Entire home/apt,249,1,318,426,4.41,2026-05-31
26300261,Woodstock Farmhouse,Brentwood-Darlington,45.47431,-122.61385,Entire home/apt,234,1,325,331,3.42,2026-06-14
26301500,Deluxe 5★ Guest House ❤️ Close-in Convenience,Laurelhurst,45.52374,-122.62231,Entire home/apt,199,2,61,386,3.98,2026-06-10
26396810,Poolhouse of Portland Architectural Gem,Sylvan-Highlands,45.51627,-122.72766,Entire home/apt,311,2,307,102,1.07,2026-05-30
26441861,Perfect Portland getaway-Near everything-Patio,Beaumont-Wilshire,45.54919,-122.61682,Private room,,2,0,36,0.37,2025-05-19
26452292,"Dogwood Loft -cozy neighborhood, pet friendly",Buckman,45.522148,-122.639351,Entire home/apt,200,1,336,327,3.38,2026-05-29
26466422,"Liebe Guesthouse - Cozy Home, Convenient Location",Lents,45.48613,-122.57694,Entire home/apt,94,30,357,13,0.14,2022-10-16
26534627,Sanctuary in Portland Long-term House Rental,Arnold Creek,45.43724,-122.69256,Entire home/apt,,30,0,4,0.08,2025-03-01
26572629,Professionally Cleaned Modern Alberta Arts Apt,Concordia,45.55969,-122.63291,Entire home/apt,,2,0,238,2.77,2025-03-30
26642063,Burnside Studio: Explorer’s Oasis Near Everything!,Northwest District,45.52330748047453,-122.68700595266634,Entire home/apt,71,31,64,70,0.73,2026-05-15
26705841,Charming and Bright  1920s Cottage in SE Portland,Mt. Scott-Arleta,45.48323,-122.58634,Entire home/apt,,30,0,2,0.05,2023-06-03
26710860,Adorable Suite in Historic Isam White House,Northwest District,45.52515,-122.69259,Entire home/apt,208,1,313,371,3.86,2026-05-31
26717394,Dream Cottage! Springwater Bike/Walking Path!,Sellwood-Moreland Improvement League,45.45928,-122.65736,Entire home/apt,126,2,264,636,6.59,2026-06-08
26740129,Rock N Roll House + Hot Tub,South Portland,45.47301,-122.67359,Entire home/apt,586,2,297,300,3.22,2026-05-25
26820355,Large Studio in Historic Isam White House,Northwest District,45.52515,-122.6927,Entire home/apt,233,1,311,446,4.63,2026-05-31
26846062,Cozy North Portland Urban Oasis,Portsmouth,45.58041,-122.71321,Entire home/apt,149,1,130,250,2.66,2026-06-10
26861615,Airy Bedroom in Friendly Neighborhood,Cully,45.55773,-122.61222,Private room,,30,0,13,0.14,2024-07-01
26867237,University Park Garden Guest House,University Park,45.58412,-122.73644,Entire home/apt,274,2,295,78,0.81,2026-06-06
26875345,Light and art-filled flat by park & restaurant row,Buckman,45.52242,-122.63753,Entire home/apt,250,3,172,138,1.44,2026-06-08
26892495,Alberta Arts Stylish Studio w/ Private Entrance,Concordia,45.5601,-122.63292,Entire home/apt,140,2,229,252,2.73,2026-06-09
26892924,Queen Suite w/Fully Stocked Kitchen,Foster-Powell,45.4959,-122.59903,Entire home/apt,128,3,140,47,0.65,2026-05-13
26963386,Private 2 BR Basement Suite close to the airport,Cully,45.55609,-122.57987,Entire home/apt,155,1,226,220,2.39,2026-02-15
26999260,Stellar Sellwood Carriage House,Sellwood-Moreland Improvement League,45.46595,-122.64364,Entire home/apt,181,1,39,118,1.23,2026-05-26
27054795,Modern + Clean + Quiet: NE Portland,Rose City Park,45.530033111572266,-122.60855102539062,Entire home/apt,213,2,112,396,4.36,2026-05-31
27126083,Craftsman duplex in the heart of Southeast PDX,Buckman,45.51963,-122.64897,Entire home/apt,80,30,304,140,1.66,2025-08-16
27161519,Cozy NW Portland Condo - Private Entry,Northwest District,45.53326,-122.69509,Entire home/apt,116,30,287,16,0.17,2025-09-01
27200563,Dreamy Modern Overlook ADU,Overlook,45.56267,-122.69644,Entire home/apt,286,1,52,236,2.47,2026-05-26
27229222,Portland Bungalow,Sellwood-Moreland Improvement League,45.46122,-122.6545,Entire home/apt,,5,0,25,0.26,2025-10-19
27231117,My Portland Launch Pad,Vernon,45.56294,-122.64466,Entire home/apt,,30,0,116,1.21,2019-12-04
27232169,Remodeled Vintage | 4BR/2BA | Foodie District,Kerns,45.526248931884766,-122.63346862792969,Entire home/apt,466,1,308,434,4.65,2026-05-31
27232368,Retro Hideaway - Trendy Location - 2BR - Sleeps 4,Kerns,45.526248931884766,-122.63346862792969,Entire home/apt,204,1,302,513,5.50,2026-06-01
27232454,Top-Floor Hideout - Best Location - 2BR - 4 Guests,Kerns,45.526248931884766,-122.63346862792969,Entire home/apt,226,1,340,505,5.41,2026-05-31
27232517,Coastal Vibes Studio • Kerns Eats & Coffee • AC,Kerns,45.526248931884766,-122.63346862792969,Entire home/apt,180,1,340,600,6.44,2026-06-04
27232628,Kerns Urban Cabin • New Build • AC • Walkable,Kerns,45.526248931884766,-122.63346862792969,Entire home/apt,149,1,332,734,7.86,2026-06-08
27262964,YeOldeTinyHouse/Alberta Arts/AC/EZ check out,Concordia,45.55792,-122.63517,Entire home/apt,217,2,134,237,2.47,2026-06-08
27263238,"Walk 2 Restaurants & Park, Private Entrance",Richmond,45.50869,-122.63317,Entire home/apt,317,1,349,73,0.76,2026-06-02
27290594,Top Floor Apt in NW; Great space; longer stays,Northwest District,45.52996,-122.70027,Entire home/apt,219,7,81,60,0.63,2025-11-28
27291927,Sanctuary In The City: Close to OHSU SW Portland,South Portland,45.49,-122.68004,Private room,85,5,318,160,1.68,2025-06-28
27336194,Forest Park Oasis |NW 23rd|Mins Downtown,Hillside,45.53153,-122.71445,Entire home/apt,,3,0,61,0.64,2025-12-16
27339264,2 Master Suites*Hawthorne/Division Area,Richmond,45.50799,-122.61487,Private room,,1,0,1,0.01,2019-12-15
27362354,Backyard Garden Retreat,Reed,45.48392,-122.62876,Entire home/apt,159,2,225,242,2.56,2026-06-03
27370420,Great Portland location with river views,Portland Downtown,45.51044,-122.67935,Entire home/apt,101,30,131,21,0.24,2025-04-05
27392364,NE Sanctuary-Award Winning Home (Discounts),Madison South,45.54553,-122.57587,Entire home/apt,230,1,120,538,5.64,2026-06-13
27463822,Stylish 2nd Floor Studio Great Location!,Irvington,45.54065,-122.6498,Private room,52,30,102,41,0.43,2026-03-07
27485937,"Guest Suite: Theater, Jet tub, Patio, EV-friendly",Hosford-Abernethy,45.51087,-122.64524,Entire home/apt,213,2,52,26,0.27,2026-05-31
27548325,"Central, Pet-Friendly Home Steps From Mississippi!",Boise,45.55333,-122.6767,Entire home/apt,323,2,152,337,3.56,2026-05-25
27553121,"Near Eastport Plaza, Short drive to PDX, Downtown",Lents,45.48645,-122.5784,Entire home/apt,107,30,357,4,0.04,2023-08-05
27606267,Peaceful Apartment in the Heart of Portland,Richmond,45.50592,-122.62597,Entire home/apt,131,2,314,176,3.76,2026-05-23
27634146,Walk Everywhere from a Historic Home with AC,Boise,45.55143,-122.67552,Entire home/apt,,10,0,498,5.20,2025-01-02
27677098,Private Minimalist Architecture Guesthouse Loft,Kerns,45.52381,-122.64609,Entire home/apt,236,2,294,306,3.28,2026-06-08
27678727,Modern Architect-designed House,Eliot,45.54655,-122.65916,Entire home/apt,181,1,317,398,4.18,2026-06-12
27697302,Teal Door Bungalow Close-in SE Portland studio,Sellwood-Moreland Improvement League,45.46408,-122.64431,Entire home/apt,69,30,315,293,3.08,2025-05-07
27758553,Cool 2 Bdrm Division St Suite Central SE Location,Richmond,45.50387,-122.63449,Entire home/apt,88,31,296,37,0.39,2026-05-05
27764324,The Foody Farmhouse - Your best choice for PDX!,Kerns,45.52548,-122.63595,Entire home/apt,397,1,111,386,4.10,2026-06-06
27783538,Alberta Arts Townhome,Vernon,45.56125,-122.64657,Entire home/apt,244,2,137,371,3.90,2026-06-02
27784464,5428 Unit A,Overlook,45.56332,-122.68121,Entire home/apt,59,30,289,16,0.28,2026-02-23
27787557,"Back Porch Bungalow-2 guests, 1 bdrm, private bath",King,45.56263,-122.6617,Entire home/apt,100,1,221,1293,13.78,2026-06-13
27856170,Spacious Studio steps to Belmont & Hawthorne,Buckman,45.51579,-122.64236,Entire home/apt,166,1,162,593,6.23,2026-06-07
28002714,Zen themed private retreat in NW Portland.,Hillside,45.531466105403595,-122.71173318398445,Entire home/apt,226,2,315,200,2.28,2026-05-18
28012054,Alberta Arts Oasis: Basil's Garden Room,Beaumont-Wilshire,45.55703,-122.62949,Private room,74,1,38,598,6.29,2026-06-13
28073771,Posh Victorian Apt-Great location (31 day-no tax),Northwest District,45.53837,-122.69786,Entire home/apt,,31,0,160,1.68,2023-01-13
28078692,Turquoise craftsman-historic Kenton,Kenton,45.5805,-122.68363,Entire home/apt,457,3,169,118,1.25,2023-10-04
28102068,AMAZING NEIGHBORHOOD IN PORTLAND!,Northwest District,45.53504,-122.70317,Entire home/apt,79,30,350,17,0.20,2025-10-12
28103535,Executive Home-2Bed/1 BA (31 night minimum),Reed,45.48344,-122.62637,Entire home/apt,90,31,208,0,,
28151971,Handsome Craftsman Home in Heart of Hawthorne,Richmond,45.51001,-122.62524,Entire home/apt,188,31,135,83,0.88,2025-08-16
28188294,"Cape Cod House | Modern, Spacious & Top Amenities",Piedmont,45.56829,-122.6652,Entire home/apt,493,1,36,223,2.36,2026-05-31
28197448,1700+ Great Reviews! We make your choice easy,Sellwood-Moreland Improvement League,45.4642,-122.65305,Private room,80,1,240,113,1.19,2026-06-02
28226590,Daylight Basement CloseIn/Portlandia SE PDX,Buckman,45.51497,-122.65181,Entire home/apt,226,1,199,504,5.33,2026-06-08
28249015,Perfect for Groups • Prime Spot • 3BR • Sleeps 7,King,45.5506334,-122.6607762,Entire home/apt,350,1,56,412,4.35,2026-06-08
28253904,PDX Adventure Cabin,Multnomah,45.46197411878365,-122.72215885164334,Entire home/apt,214,2,286,277,2.93,2026-05-30
28257253,Cedar Grove,Rose City Park,45.54395,-122.59954,Entire home/apt,109,2,136,353,3.75,2026-06-08
28259767,Portland Hazelwood House,Hazelwood,45.53185,-122.55402,Private room,80,2,232,166,1.76,2026-06-07
28284093,Private suite for 1–2 w/ secret patio & gas firepi,Humboldt,45.558284759521484,-122.66563415527344,Entire home/apt,,1,345,160,1.70,2026-06-14
28293489,3BR • Sleeps 8 • Foodie Haven • SE Portland,Buckman,45.51615524291992,-122.63932037353516,Entire home/apt,364,1,305,586,6.23,2026-06-06
28307776,Margaux | 1967 Airstream · Garden Glamping · PDX,Foster-Powell,45.48777,-122.58954,Entire home/apt,111,1,190,510,5.41,2026-05-31
28340091,Monta-Villa Garden Cottage & Furry Farmstead,Montavilla,45.53430814710033,-122.58622370660305,Entire home/apt,157,1,266,486,5.48,2026-05-30
28364442,Bright SE Portland apartment,Richmond,45.51078,-122.61182,Entire home/apt,160,2,90,16,0.19,2020-01-10
28386030,The Rose Room,Eliot,45.54382,-122.6612,Private room,80,1,52,163,1.73,2026-06-04
28433150,The Heart of Alberta Arts - Private Home,Vernon,45.55951,-122.6431,Entire home/apt,217,1,289,589,6.55,2026-05-29
28493203,Multnomah Hidden Pond - stunning upscale romantic!,Multnomah,45.47178,-122.70281,Entire home/apt,200,1,329,391,4.15,2026-06-10
28687064,Peaceful Humble Abode,Concordia,45.5682,-122.62597,Entire home/apt,,30,0,20,0.22,2024-02-16
28720554,Little Gem House close to Mississippi & Williams,Humboldt,45.55848,-122.67341,Entire home/apt,202,2,140,65,0.78,2026-06-03
28833457,Stunning Artistic ADU in Gated In City Sanctuary,Cully,45.55581,-122.60954,Entire home/apt,,30,0,76,0.83,2024-08-27
28869509,The Sunshine House (OHSU/South Waterfront area),South Portland,45.50108,-122.67548,Entire home/apt,,90,0,102,1.08,2023-12-30
28918730,"Premium Waterfront Condo, Great Views, w/ Parking",Old Town/Chinatown,45.52941,-122.67397,Entire home/apt,98,30,286,11,0.13,2025-07-18
28986964,The Wolf Den: cozy and clean apartment in NoPo,Kenton,45.58072,-122.7026,Entire home/apt,120,2,13,71,0.89,2026-05-17
29006316,Peaceful Portland Stay Near Parks & Airport,Argay,45.54447,-122.51437,Entire home/apt,102,30,317,1,0.18,2025-12-28
29126487,4B2bRemodel Craftsman:Porches/Town/Grant/Irvington,Grant Park,45.53595,-122.63387,Entire home/apt,178,30,327,5,0.15,2026-03-23
29129259,Cozy Camper in Wooded SW Neighborhood,Markham,45.45909,-122.7005,Entire home/apt,38,30,187,67,0.72,2025-01-14
29158406,*Spacious Centrally Located Basement Studio,Piedmont,45.57417,-122.67712,Entire home/apt,,30,0,100,1.37,2024-08-17
29159055,Traveler's Haven! Top-Rated PDX Host,Kenton,45.5869,-122.69198,Entire home/apt,209,1,285,265,3.08,2026-06-01
29181876,Marianna Condo,South Portland,45.50822,-122.68529,Entire home/apt,82,30,126,24,0.27,2026-05-10
29216225,"Eastwood Loft Foodie's Delight, Pet Friendly",Buckman,45.52226,-122.6412,Entire home/apt,208,1,306,483,5.17,2026-05-28
29233940,Home Away Home in Downtown   High Raise,Portland Downtown,45.51094,-122.67747,Entire home/apt,107,31,173,2,0.02,2025-07-22
29315790,Newly “Zhoozhed” North Portland Private Studio,Piedmont,45.57601,-122.67146,Entire home/apt,123,2,271,464,4.99,2026-06-12
29335562,Spacious Basement Suite in SE Portland,Lents,45.4767,-122.57223,Entire home/apt,,1,0,46,0.50,2023-03-25
29362745,Modern Studio in 1920s Cottage at 'The Orchard.',Multnomah,45.46183,-122.71856,Entire home/apt,67,30,103,95,1.02,2025-06-05
29415372,Cozy Private Guest House Close to Southeast's Best,South Tabor,45.49894,-122.60538,Entire home/apt,,30,0,112,1.20,2021-12-27
29492921,Newly Built Guesthouse with Private Courtyard,Maplewood,45.47416,-122.73002,Entire home/apt,196,2,228,331,3.57,2026-06-07
29566252,"Hawthorne Haven-Full kitchen, bathroom, & laundry",Sunnyside,45.51425,-122.63671,Entire home/apt,124,4,77,232,2.51,2026-05-19
29592050,Cozy & spacious like home with full kitchen & W/D,South Tabor,45.50507,-122.59567,Entire home/apt,124,2,273,420,4.53,2026-05-31
29608767,Private Concordia guesthouse by Alberta with A/C,Concordia,45.56461,-122.62476,Entire home/apt,268,1,80,182,2.05,2026-06-09
29610737,Mid-Century Modern Ranch on Arbor Lodge Treeway,Arbor Lodge,45.56936,-122.69133,Entire home/apt,,30,0,38,0.42,2022-05-17
29610811,Bright Loft,Montavilla,45.53007,-122.58005,Entire home/apt,68,30,315,0,,
29665081,Spacious 1BR NE Portland • King Bed • Near Moda,Eliot,45.53608,-122.65872,Entire home/apt,251,1,2,302,3.29,2026-04-12
29685774,Modern Top-Floor Retreat • Walkable + Workspace,Eliot,45.53825,-122.65971,Entire home/apt,262,1,341,343,3.74,2026-06-01
29687631,Close-in Private getaway in the trees.,Woodlawn,45.57638,-122.64956,Entire home/apt,128,1,169,713,7.89,2026-06-07
29732656,Tucked Inn Cully,Roseway,45.55055,-122.59927,Entire home/apt,212,1,146,361,5.50,2026-05-25
29736134,Stunning Views--Hot tub--10 min to Downtown,South Portland,45.47124040276815,-122.67374674753009,Entire home/apt,442,2,4,60,0.66,2026-04-04
29776974,Newly built  studio in perfect  SE  location,Richmond,45.50309,-122.63203,Entire home/apt,149,1,49,554,5.98,2026-06-06
29827564,Holiday Home,Brooklyn Action Corps,45.50095,-122.66052,Entire home/apt,543,1,227,250,2.75,2026-06-07
29830843,Historic Laurelhurst area house w/ Chefs Kitchen,Laurelhurst,45.53306,-122.62497,Entire home/apt,626,1,294,282,3.06,2026-05-31
29860746,Master bedroom with private bath,Centennial,45.49959,-122.51064,Private room,,30,0,7,0.08,2023-07-01
29884092,"Private entrance, one bedroom unit in Woodstock",Woodstock,45.48301,-122.60812,Entire home/apt,199,1,333,91,0.98,2026-06-07
29900173,"Cozy, Artsy St Johns Bungalow",St. Johns,45.58809,-122.74626,Entire home/apt,197,28,359,39,0.45,2024-05-27
29908188,Whole Home w/ hot tub in NE Portland Alberta Arts,Vernon,45.566131591796875,-122.65450286865234,Entire home/apt,234,2,338,297,3.29,2026-06-02
29935310,The Empath Retreat in Hollywood,Hollywood,45.53644,-122.62089,Entire home/apt,,1,0,95,1.13,2025-09-21
29983697,Irving Parlor-private guest wing for longer stays,King,45.54977,-122.65944,Entire home/apt,65,30,220,9,0.10,2023-12-31
29984761,Mt Tabor House Salmon Room,Mt. Tabor,45.51393,-122.61175,Entire home/apt,126,1,21,399,4.35,2026-06-07
29986189,Oscar's Perch - Fantastic & Private 1-BR,Roseway,45.54179,-122.59308,Entire home/apt,192,1,315,274,3.01,2026-06-03
29989693,Perfect Portland Experience - Close to Everything,King,45.55109,-122.65966,Entire home/apt,224,2,336,146,1.68,2026-06-13
30039041,Market Street Guesthouse PDX,Richmond,45.51113,-122.62937,Entire home/apt,300,1,291,431,4.69,2026-06-05
30103421,Studio in the Pearl,Northwest District,45.52455,-122.68811,Entire home/apt,62,30,192,30,0.33,2026-05-04
30108841,"Guesthouse in vibrant neighborhood, EV charger",Woodlawn,45.57149,-122.64808,Entire home/apt,189,2,232,85,0.94,2025-12-28
30207076,"Colorful, spacious, light-filled guesthouse on MAX",Overlook,45.56385,-122.68603,Entire home/apt,122,30,194,332,3.62,2026-04-27
30224062,Convenient North Portland lower level studio,Portsmouth,45.584698560373454,-122.71058229939928,Entire home/apt,159,2,69,94,1.09,2026-05-29
30225296,"Hip Local, Artsy Space. Walk to food, pubs & music",Buckman,45.52067277276538,-122.64999192755567,Entire home/apt,197,2,40,342,3.74,2026-05-31
30291459,Gem in heart of Beaumont-Wilshire,Beaumont-Wilshire,45.54983,-122.61644,Entire home/apt,171,31,292,17,0.19,2026-03-27
30296652,Cozy SouthWestern Art Cantina - Mississippi Dstrct,Humboldt,45.56481,-122.67273,Entire home/apt,,30,0,13,0.15,2023-06-26
30327746,Secluded Studio tucked away in N. Portland,Portsmouth,45.58597,-122.72397,Entire home/apt,112,1,264,265,2.91,2026-06-07
30347658,The Conservatory | Walkscore 92 + Bikescore 100,Boise,45.55424,-122.67519,Entire home/apt,129,30,258,347,3.80,2025-09-30
30442104,Stay in a Dorm Bed (Male) at NW Portland Hostel,Northwest District,45.52502,-122.69015,Shared room,37,1,360,194,2.15,2026-05-25
30467974,Cozy Seclusion in North Portland,Piedmont,45.57706,-122.67255,Entire home/apt,64,30,72,190,2.12,2025-08-29
30591779,Private room in SE,Brentwood-Darlington,45.47309,-122.57983,Private room,71,30,363,6,0.07,2019-09-02
30676051,Light-filled charmer in the heart of Buckman!,Buckman,45.521275,-122.641693,Entire home/apt,314,1,42,201,3.68,2026-06-07
30793573,Welcome Home,Hayhurst,45.4794,-122.71443,Entire home/apt,151,30,317,143,1.58,2026-03-18
30815455,"South Portland Luxury Condo, City & Mountain Views",South Portland,45.47382,-122.67206,Entire home/apt,344,1,337,137,1.55,2026-05-24
30888456,Streetcar Lofts in the Heart of the Pearl,Pearl,45.5293714091881,-122.68206230144166,Entire home/apt,96,30,288,15,0.18,2025-08-10
30890318,Chic Portland Pad!,Sullivan's Gulch,45.53212,-122.63823,Entire home/apt,105,2,229,538,6.08,2026-06-14
30890964,Overlook Victorian Mansion (5 Bedroom 10 Guest),Overlook,45.55316,-122.68354,Entire home/apt,745,2,286,196,2.26,2026-05-25
30909886,"Stunning Portland Condo | Parking, River & Dining",South Portland,45.47224,-122.67412,Entire home/apt,283,1,339,193,2.12,2026-06-06
30980830,"Business Travel Dream - Spacious, Luxurious 2 Bed",Richmond,45.51099,-122.63022,Private room,,31,0,2,0.02,2019-08-15
30986083,Eastmoreland Private Guest Suite by Reed College,Eastmoreland,45.47862,-122.62889,Entire home/apt,158,3,320,245,2.75,2026-05-17
31041507,"MODERN, PRIVATE, AND FULLY FURNISHED SE GUESTHOUSE",Creston-Kenilworth,45.4917,-122.61972,Entire home/apt,68,31,143,78,0.87,2026-04-09
31044376,Basement Dwelling,King,45.55171,-122.65702,Entire home/apt,91,1,305,412,4.54,2026-05-10
31207702,"Concordia Guest Suite, NE Portland",Concordia,45.56997,-122.63471,Entire home/apt,136,2,219,149,1.68,2026-06-12
31224158,Irvington Place - Moda & Convention center close,Irvington,45.53842544555664,-122.65524291992188,Entire home/apt,168,2,121,190,2.12,2026-06-07
31224577,"Zen oasis near Mt. Tabor, private bath, fast Wi-Fi",North Tabor,45.52802,-122.59735,Private room,155,1,216,203,2.24,2025-11-08
31224648,The peaceful treehouse in quiet neighborhood.,Montavilla,45.52935,-122.58697,Entire home/apt,,3,0,93,1.11,2024-12-28
31261650,Cute + Cozy Cottage in Portland!,St. Johns,45.59294,-122.74127,Entire home/apt,,10,0,42,0.47,2024-07-31
31271674,Castle Estate in SW Portland minutes from Downtown,Southwest Hills,45.49397,-122.70555,Entire home/apt,1141,1,325,150,1.66,2026-05-26
31290790,Peaceful Oasis LongTerm Stays Alberta ArtsGorgeous,Piedmont,45.567867,-122.662894,Entire home/apt,333,14,247,48,0.55,2026-04-20
31293580,Airy duplex in trendy Sellwood: Monthly only,Sellwood-Moreland Improvement League,45.4675303,-122.646789,Entire home/apt,83,30,222,1,0.05,2024-08-31
31338578,Little Cedar House Cottage near coffee and shops,North Tabor,45.52553,-122.61659,Entire home/apt,192,1,272,621,6.87,2026-06-01
31339668,"Cozy NE Portland Neighborhood Studio, walkable!",Piedmont,45.569540782728076,-122.66302768199178,Entire home/apt,139,1,213,510,5.73,2026-05-27
31339935,Clean and Beautiful Inner SE Apartment,Richmond,45.50052,-122.63537,Entire home/apt,157,2,33,196,2.19,2026-06-10
31351647,"Private bedroom, bathroom, and living area",Montavilla,45.52172,-122.56985,Private room,40,60,89,12,0.15,2020-03-16
31360833,Cozy Kenton apartment with fireplace,Kenton,45.57944,-122.69761,Entire home/apt,155,1,43,252,2.84,2026-05-31
31392149,"Mt. Tabor Home: Hiking, Dog Park, Cafes nearby!",Mt. Tabor,45.50595,-122.60346,Entire home/apt,,2,0,17,0.30,2025-01-24
31394104,‘Well Rested’-Accessible & bright private studio,Piedmont,45.57422,-122.66933,Entire home/apt,159,1,180,441,5.29,2026-05-27
31446743,Immerse yourself into the center of NW Portland,Northwest District,45.5279,-122.69472,Entire home/apt,114,31,341,25,0.28,2026-03-16
31447915,"North Tabor hideaway w/ desk, fast Wi-Fi, near MAX",North Tabor,45.52743,-122.59754,Private room,132,1,192,178,1.97,2025-12-28
31449268,Cute Studio*Division/Hawthorne*93WalkScore+Parking,Richmond,45.50763,-122.61565,Entire home/apt,137,2,71,195,2.16,2026-06-09
31496329,"Private Montavilla Mid-Century, Park-Like Setting",Montavilla,45.52294,-122.57575,Entire home/apt,137,14,49,57,0.67,2024-09-03
31519710,Desirable NE Alameda area-Apartment w/ Kitchen,Beaumont-Wilshire,45.54822,-122.6246,Private room,125,2,312,254,2.85,2026-06-12
31520770,Luxe Peaceful Spa Studio • Soaking Tub • Quiet,Wilkes,45.53085,-122.5079,Entire home/apt,132,1,46,590,6.60,2026-05-28
31534539,"Historic 4BR 2BA 2,000 Sq. Ft. Irvington Bungalow!",Irvington,45.54508,-122.65681,Entire home/apt,522,2,201,142,1.65,2026-06-01
31539235,Stunning Modern Loft Apt w/Tons of Natural Light,Hosford-Abernethy,45.50693,-122.64053,Entire home/apt,218,3,69,156,1.75,2026-06-07
31560228,The Urban Fern - Walk to Shops/MAX/Food!,Overlook,45.56539,-122.68662,Entire home/apt,181,1,191,316,3.61,2026-05-27
31568106,Beautiful Tiny House,Irvington,45.53863,-122.65587,Entire home/apt,172,1,190,458,5.24,2026-06-09
31585548,The Urban Nook ~ Steps to Shops/Max/Food!,Overlook,45.56516,-122.68765,Entire home/apt,166,1,233,415,5.20,2026-05-25
31649731,Chic Guest House in the Heart of the City,Laurelhurst,45.53009,-122.62628,Entire home/apt,225,2,231,432,4.86,2026-05-22
31696875,Cozy Bungalow in SE Portland,Brentwood-Darlington,45.46526,-122.60193,Entire home/apt,135,2,201,349,3.91,2026-05-19
31717654,Industrial Pearl District Loft - Free Parking,Pearl,45.52961,-122.68289,Entire home/apt,137,30,362,2,0.04,2023-05-14
31837043,Cozy Mississippi St. Flat (Garden/AC/Parking),Boise,45.54987,-122.66983,Entire home/apt,137,1,64,505,5.77,2026-06-11
31858709,Spotless Modern Steps from the Best Shops and Restaurants.,Humboldt,45.55674,-122.67433,Entire home/apt,654,1,325,359,4.05,2026-05-25
31950837,Cozy Johns Landing Studio!,South Portland,45.48216,-122.67573,Entire home/apt,85,30,230,158,1.78,2026-03-30
31983387,Historic 4BR | Walk to NW 23rd Shops & Dining,Northwest District,45.524715423583984,-122.69454956054688,Entire home/apt,1020,1,299,431,4.81,2026-05-30
31993074,The Green Door PDX: A European Inspired Cottage.,Overlook,45.5592,-122.69148,Entire home/apt,530,1,250,457,5.26,2026-06-07
32051260,2 Bedroom Basement Apartment in Arbor Lodge,Arbor Lodge,45.576599,-122.69577,Entire home/apt,,1,0,36,0.43,2022-02-21
32165887,Relaxing Retreat,Concordia,45.563846588134766,-122.6345443725586,Entire home/apt,200,1,340,79,0.90,2026-04-05
32179649,Shipping Container Home in famous Alberta Arts!,Concordia,45.56134,-122.62678,Entire home/apt,222,2,137,283,3.18,2026-06-10
32344212,Main House in Madison South,Madison South,45.53598,-122.57592,Entire home/apt,,3,0,49,1.31,2024-11-30
32380294,Quiet Retreat at the Heart of Inner SE Portland,Sunnyside,45.51731,-122.63678,Entire home/apt,200,7,301,80,0.90,2026-06-05
32402731,Mid-Century 2 Bed/1Bath newly Remodeled Duplex!,Mt. Scott-Arleta,45.48103,-122.59781,Entire home/apt,96,30,62,29,0.33,2026-04-20
32423269,Convenient Mt. Tabor private bedroom and bath,Mt. Tabor,45.51492,-122.61009,Private room,92,1,222,367,4.14,2026-06-14
32423425,"""THE 2509""  Creative Arts and Living Space",Sullivan's Gulch,45.53305,-122.64006,Entire home/apt,,2,0,49,0.56,2025-08-10
32448243,Tiny Humboldt House,Humboldt,45.5584987,-122.6741288,Entire home/apt,177,2,224,366,4.14,2026-06-04
32499085,Get away and relax at Sierra Cottage!,Richmond,45.50485,-122.62715,Entire home/apt,,3,0,49,0.67,2025-11-29
32607298,Beautiful 2-Bedroom in Alameda - Family Friendly,Beaumont-Wilshire,45.54693,-122.62987,Entire home/apt,232,2,217,344,3.91,2026-06-07
32611548,Modern Charming House in the Heart of Division,Richmond,45.50125,-122.63504,Entire home/apt,,30,0,17,0.19,2021-11-29
32616529,"The PitStop - 2bdrm, 4 guests, private bath",King,45.56447,-122.66348,Private room,73,1,236,877,10.02,2026-06-09
32617426,Private Arbor Lodge Cottage,Arbor Lodge,45.56998,-122.69238,Entire home/apt,157,2,217,496,5.69,2026-06-02
32663622,"1931 home, 2BD 1BA, yards, fire pit, 1 cat",Montavilla,45.52134,-122.58058,Private room,111,30,245,8,0.09,2020-02-17
32701263,The Glam Pad | Walkable | Convenient to Light Rail,Overlook,45.56415,-122.68154,Entire home/apt,209,1,336,293,3.37,2026-06-08
32720937,Are You Ready to Explore Portland?,North Tabor,45.52402,-122.60461,Entire home/apt,171,1,39,172,1.95,2026-06-03
32722647,Stay in a Dorm Bed (Female) at NW Portland Hostel,Northwest District,45.52634,-122.68856,Shared room,37,1,360,302,3.60,2026-06-06
32723932,Urban Cabin on Mt Scott,Pleasant Valley,45.47082909136234,-122.54257438307138,Entire home/apt,193,2,315,148,2.68,2026-05-31
32724894,"Oculus House, a wood & stone neighborhood retreat",St. Johns,45.59744,-122.75689,Entire home/apt,252,2,306,296,3.37,2026-06-01
32747089,Private Cozy One Bedroom Apartment,Sumner,45.55814,-122.57094,Entire home/apt,183,2,343,77,0.89,2026-06-10
32748678,"Quiet, Sparkling, Private, Fenced Garden Studio",Mt. Scott-Arleta,45.48001,-122.59235,Entire home/apt,123,1,308,166,1.88,2026-06-07
32808619,Luxury &Location Kings Hill Walk Best of Urban PDX,Goose Hollow,45.52095,-122.69543,Entire home/apt,268,2,71,151,1.72,2026-05-17
32851850,Home Away From Home Art Apartment (Hawthorn Area),Richmond,45.50814,-122.61803,Entire home/apt,162,1,305,383,4.41,2026-06-14
32895081,Peaceful and private,Hayhurst,45.48346,-122.72237,Private room,109,2,352,188,2.20,2026-06-13
32900769,BIG discount! RAD SE home Available August 7,Brooklyn Action Corps,45.49911,-122.65463,Entire home/apt,,30,14,27,0.32,2026-03-06
32934768,Fulton Bungalow- in the heart of John's Landing,South Portland,45.47666,-122.67413,Entire home/apt,,3,0,36,0.42,2023-02-21
32962790,Lewis and Clark Hide-A-Way Apartment,Collins View,45.45635,-122.68064,Entire home/apt,146,1,214,307,3.49,2026-06-07
33040869,Projector/Spacious/Airy ★ Walk to everything!,Laurelhurst,45.520450592041016,-122.61940002441406,Entire home/apt,262,1,226,471,5.39,2026-03-22
33102414,Private light filled room in residential area.,Sabin,45.55171,-122.65158,Private room,65,30,178,16,0.18,2024-07-30
33120538,Woodstock Cottage,Brentwood-Darlington,45.46616,-122.60901,Entire home/apt,124,28,73,116,1.31,2020-09-15
33160496,Prescott House,Parkrose,45.5563,-122.54504,Entire home/apt,234,2,260,90,1.03,2026-06-08
33169341,Walker's Paradise,Sunnyside,45.51423,-122.63474,Entire home/apt,104,2,306,156,1.80,2026-06-07
33314579,"Modern, bright house in the heart of Sellwood",Sellwood-Moreland Improvement League,45.46526,-122.6585,Entire home/apt,118,30,261,47,0.79,2026-04-19
33370307,Forested Escape Minutes from OHSU,Southwest Hills,45.49997,-122.70192,Entire home/apt,193,3,204,214,2.45,2026-06-03
33469666,Ken’s airporter bungalow w/double bed,Madison South,45.53863,-122.57895,Private room,44,1,240,729,8.33,2026-05-28
33474431,Bright Basement Space in superb SE location,Mt. Tabor,45.51605,-122.60945,Entire home/apt,126,2,204,173,2.01,2026-05-27
33621233,Enjoy an old farmhouse in a quiet neighborhood,South Tabor,45.50268,-122.59688,Entire home/apt,201,2,252,140,1.64,2026-06-12
33689103,"Walkable Apt Next to Restaurants, Bars, and Shops!",Vernon,45.560306549072266,-122.65093994140625,Entire home/apt,144,9,321,446,5.18,2026-01-01
33738380,Parkside Urban Oasis,Mt. Tabor,45.515833467818425,-122.59908732531754,Entire home/apt,175,2,34,217,2.49,2026-05-22
33773933,Contactless Clean Private Treetop Studio,Concordia,45.56662,-122.63681,Entire home/apt,192,1,257,673,7.76,2026-06-12
33805610,Garden Apartment in the Heart of Portland,Eliot,45.5412,-122.66342,Entire home/apt,151,2,165,116,1.42,2026-06-08
33807010,"Studio - Mt. Hood VIEW - Access to Trails, OHSU",Homestead,45.49163,-122.68124,Entire home/apt,151,2,71,163,1.89,2026-06-15
33814266,Gorgeous private ADU on the edge of NE Laurelhurst,Kerns,45.52331,-122.63603,Entire home/apt,,2,0,64,0.74,2023-10-16
33852871,SE Division Studio Apartment in Craftsman Home,Richmond,45.50614,-122.62197,Entire home/apt,,3,2,52,0.62,2026-05-26
33915285,Enjoy a bedroom in an old farmhouse near Mt. Tabor,South Tabor,45.5017,-122.59652,Entire home/apt,,2,0,56,0.65,2026-06-06
33915615,Cute bedroom in an old house close to Mt. Tabor.,South Tabor,45.50142,-122.59611,Entire home/apt,,2,0,47,0.55,2024-02-05
34014563,Concordia Annex,Concordia,45.56506,-122.63952,Entire home/apt,187,3,271,156,1.85,2026-06-13
34036628,2BR Suite on Alberta St in hip art district,Concordia,45.55888,-122.64031,Entire home/apt,240,2,271,79,0.94,2026-05-29
34036884,Garden Oasis: Space & Comfort Steps to Hawthorne!,Sunnyside,45.51445,-122.61876,Entire home/apt,201,2,67,259,2.99,2026-06-01
34064074,Charming Craftsman in Prime Hawthorne District,Richmond,45.50796,-122.61538,Entire home/apt,128,30,47,89,1.05,2025-09-14
34091942,Laurelhurst English Cottage,Kerns,45.52111,-122.63234,Entire home/apt,123,2,312,131,1.55,2026-06-07
34121174,"Standard Queen, Shared Baths at The Society Hotel",Old Town/Chinatown,45.52531,-122.6748,Private room,95,1,365,966,11.14,2026-06-07
34122118,Premium Suite at The Society Hotel,Old Town/Chinatown,45.52408,-122.6725,Private room,129,1,358,40,0.46,2026-03-08
34122310,Single Bunk Bed at The Society Hotel,Old Town/Chinatown,45.52505,-122.67286,Shared room,51,1,365,1870,21.64,2026-06-06
34123277,Suite at The Society Hotel,Old Town/Chinatown,45.52538,-122.67469,Private room,110,1,365,87,1.01,2025-10-02
34123760,Cedar House,Boise,45.55211,-122.66817,Entire home/apt,110,1,40,155,1.81,2026-05-28
34180606,New Home. 15m-airprt. 15m-DT. 40m-MT. 5m-lightrail,Hazelwood,45.52752,-122.55207,Entire home/apt,120,30,364,50,0.58,2024-09-01
34229716,"Single Quiet Private Bedroom + Bath, Modern Condo",Sunnyside,45.51767,-122.63133,Private room,112,1,6,35,0.40,2026-06-05
34230129,"Dreamy Hawthorne 2 bed, 2 ba",Richmond,45.50871,-122.63007,Entire home/apt,249,3,183,197,2.28,2026-06-04
34256753,Colorful Roseway Bungalow -classic Portland charm!,Roseway,45.54771,-122.59078,Entire home/apt,296,2,301,91,1.37,2026-05-26
34284152,"Gorgeous Art Home. Family, pets, friends, welcome.",Maplewood,45.47428,-122.73204,Entire home/apt,303,2,153,111,3.57,2026-04-11
34285799,"Charming, private 2-level guesthouse-Woodstock",Woodstock,45.4734,-122.61736,Entire home/apt,197,2,240,253,2.95,2026-05-10
34321950,Posh Spacious 2-BR | High Ceilings | Central PDX!,Kerns,45.5294,-122.64256,Entire home/apt,163,1,221,343,3.98,2026-05-29
34333094,The Grand Basement,Wilkes,45.54465,-122.49796,Private room,,30,0,7,0.08,2019-09-29
34344012,Spacious Chic 2BD | Fab Flat! | Central Portland,Kerns,45.5287,-122.64277,Entire home/apt,200,1,207,405,4.69,2026-06-10
34347363,"Classic, cozy home in Concordia",Concordia,45.56448,-122.63419,Entire home/apt,207,1,10,19,1.27,2026-05-31
34364995,"Walk to Mt Tabor- Spacious, Rustic 2 bdr Duplex",North Tabor,45.52425,-122.60058,Entire home/apt,179,2,142,221,2.56,2026-06-11
34393230,Bohemian Bamboo Hideaway,Mt. Tabor,45.51301857472373,-122.60997115138689,Entire home/apt,155,1,187,159,2.08,2026-01-05
34394879,Portland Urban Lodge | Quiet | Walkable |  Near,Woodstock,45.48213,-122.60481,Entire home/apt,254,2,175,111,1.98,2026-06-09
34410296,"Laurelhurst Park Retreat, light-filled and fun.",Laurelhurst,45.52026,-122.63136,Entire home/apt,462,3,26,57,0.67,2026-04-04
34465871,Kenton Dreamin' - 31+ day booking,Kenton,45.58007,-122.68483,Entire home/apt,127,31,142,26,0.31,2026-02-19
34477057,"3 Master Suites - modern, clean, & comfortable!",Overlook,45.56124,-122.68321,Entire home/apt,404,2,219,111,1.29,2026-06-07
34512519,Tranquil garden apt,Southwest Hills,45.49539,-122.70741,Entire home/apt,177,1,128,105,1.22,2026-06-13
34535868,"Beautiful ""Music Studio"" on the End of the Street",Multnomah,45.4739875793457,-122.71049404144287,Entire home/apt,109,2,131,201,2.40,2026-05-16
34543263,Luxe Tiny Home in Hyper-Walkable SE Neighborhood,Reed,45.48842,-122.6278,Entire home/apt,69,30,319,45,0.53,2024-02-01
34546508,Best kept secret GEM studio apartment,Sunnyside,45.51473,-122.61322,Entire home/apt,92,4,218,168,2.11,2026-05-24
34569604,"Loft in Kenton- MAX line, Weed friendly",Kenton,45.58261,-122.68343,Entire home/apt,133,1,99,606,7.37,2026-05-19
34751941,Designer curated Mississippi home NO CLEAN FEE,Humboldt,45.55739,-122.67157,Entire home/apt,182,2,192,341,4.03,2026-06-02
34783771,Charming Laurelhurst Suite,Laurelhurst,45.522,-122.62158,Private room,132,2,346,158,1.84,2026-05-31
34793168,Rose City Park Retreat,Rose City Park,45.54052,-122.60561,Entire home/apt,183,1,223,142,1.67,2026-04-26
34821661,Modern Urban Home in a Walker's Paradise,Boise,45.55062,-122.66507,Entire home/apt,180,1,310,236,2.80,2026-06-13
34837777,"Henriette House - Cozy, Artsy, Walkable & AC!",Humboldt,45.55506,-122.66686,Entire home/apt,340,1,81,361,4.25,2026-06-14
34866219,Bright and Open Modern Northeast Montavilla ADU,Montavilla,45.5267,-122.58257,Entire home/apt,194,2,210,97,1.13,2026-06-14
34935743,Chic Spa Central - Inner Eastside Gem,Hosford-Abernethy,45.50232,-122.64606,Entire home/apt,255,1,200,418,4.94,2026-06-07
34936500,Modern Spacious 2BR • Minutes to Everywhere!,Kerns,45.5292,-122.64452,Entire home/apt,246,1,94,416,4.88,2026-06-09
35034572,Thought Incubator,Piedmont,45.57129,-122.6748,Entire home/apt,120,2,219,167,1.95,2026-05-24
35091759,Sellwood Haven- Private entrance,Sellwood-Moreland Improvement League,45.46811,-122.65106,Entire home/apt,177,2,106,277,3.52,2026-06-02
35155827,Large contemporary in a historic train station,Pearl,45.52852,-122.68147,Entire home/apt,284,31,304,8,0.12,2025-08-03
35158304,Our Guesthouse - Alberta Park - 2 bedrooms (queen),Vernon,45.56414,-122.64751,Entire home/apt,236,1,121,344,4.26,2026-06-14
35162879,"Private + Serene 
2 Bedroom Getaway
30 day minimum",Foster-Powell,45.49508,-122.59295,Entire home/apt,102,30,95,185,2.26,2024-09-15
35192098,Portland Vintage Hideaway,Hayhurst,45.47694,-122.72582,Entire home/apt,140,1,46,210,2.46,2025-12-28
35236468,Private Dog-Friendly Studio Near Downtown,Humboldt,45.56081,-122.67145,Entire home/apt,222,1,307,623,7.28,2026-06-07
35301751,"The Private Studio, Historic Hafner Haus at PSU",Portland Downtown,45.51601,-122.688,Entire home/apt,51,30,130,39,0.46,2024-06-09
35317415,Private studio close in SE Clinton/Division,Richmond,45.49851,-122.62998,Entire home/apt,156,3,19,41,0.50,2024-06-25
35318813,Ash Street Loft,Buckman,45.52054,-122.65354,Entire home/apt,135,1,239,425,5.29,2026-06-08
35318843,"Private guesthouse w/ yard, firepit, patio, loft",Humboldt,45.56225,-122.6767,Entire home/apt,143,2,185,290,3.39,2026-05-31
35345782,Willamette Boulevard Guest House,Overlook,45.56278,-122.68771,Entire home/apt,146,1,24,368,4.34,2026-06-07
35347247,"Bright, Modern SE Portland Guesthouse",Brentwood-Darlington,45.47201325615362,-122.59348258039782,Entire home/apt,85,30,302,2,0.16,2025-10-01
35387473,"Lovely NE bright hideaway, walk to food/beer/shops",Vernon,45.5648,-122.65126,Entire home/apt,229,2,277,253,2.99,2026-06-14
35390383,The Travelers Nest,North Tabor,45.52504,-122.61213,Entire home/apt,89,1,60,109,2.10,2026-06-04
35418187,Cozy Forest Yurt + Private Studio in Portland,Linnton,45.58365,-122.7753,Entire home/apt,109,2,317,157,1.88,2026-06-14
35486590,The Booty House,Montavilla,45.52873,-122.58766,Private room,113,1,284,165,2.02,2026-05-30
35519473,Heart of SE Portland Studio | A Quiet Haven,Brooklyn Action Corps,45.49906,-122.65305,Entire home/apt,122,2,353,164,2.12,2026-05-14
35548744,Stylish Vintage Retreat: Art+Vinyl+Fenced Yard+BBQ,Overlook,45.56107,-122.6895,Entire home/apt,265,1,96,327,3.88,2026-05-31
35605973,Cozy Sunnyside Flat in Historic Home,Sunnyside,45.5169,-122.62197,Entire home/apt,,30,21,2,0.03,2023-12-02
35621697,Retro Charm - Hawthorne - 2BR - Walkable,Buckman,45.512481689453125,-122.6462631225586,Entire home/apt,360,1,300,491,5.76,2026-06-01
35682143,Beautiful SW Portland Room and Bathroom!,Bridlemile,45.49114,-122.72302,Private room,51,30,265,64,0.75,2025-09-08
35682163,One Bedroom Retreat in the Heart of inner SE,Buckman,45.51806,-122.648,Entire home/apt,159,3,41,24,0.28,2023-04-10
35793276,Walk Everywhere from a Historic Home with A/C,Boise,45.55138,-122.67667,Entire home/apt,,28,0,35,0.41,2024-11-30
35849527,"Spacious 5,000+ sq ft house, Close to PDX Airport",Wilkes,45.53822,-122.49673,Entire home/apt,1142,2,336,76,0.90,2025-11-29
35907033,Cozy NE Suite minutes from Alberta Arts District,Concordia,45.57052,-122.62553,Entire home/apt,143,1,69,223,2.62,2026-05-31
35912999,Hawthorne Apartment LLC,Mt. Tabor,45.51277,-122.60863,Entire home/apt,,2,0,146,1.74,2026-02-16
35999782,The Loft: Modern Open space in Southeast Portland,Richmond,45.49967,-122.60913,Entire home/apt,155,1,17,397,4.76,2026-05-30
36000696,Cute and Classic Montavilla House,Montavilla,45.52292,-122.58219,Entire home/apt,,30,0,14,0.17,2022-03-20
36001458,Newly-built Backyard Guest House near Mt Tabor,South Tabor,45.50011,-122.59669,Entire home/apt,77,30,41,22,0.31,2026-05-30
36075543,Modern Comfort | Stylish 2BD in heart of PDX,Kerns,45.52867,-122.64479,Entire home/apt,373,1,88,416,4.91,2026-06-03
36104735,#StayInMyDistrict St Johns Walk to dining & shops,Cathedral Park,45.593632,-122.760269,Entire home/apt,184,1,131,355,4.19,2026-05-31
36199575,"Hotel Rose, Stumptown Balcony King",Portland Downtown,45.51743,-122.67325,Private room,,1,0,9,0.12,2024-03-31
36199672,"Hotel Rose, Stumptown Balcony Two Doubles",Portland Downtown,45.51743,-122.67325,Private room,,1,0,7,0.09,2023-03-19
36199745,"Hotel Rose, Cityscape King",Portland Downtown,45.51743,-122.67325,Private room,,1,0,323,4.14,2024-09-13
36200025,"Hotel Rose, Stumptown King Accessible w/Shower",Portland Downtown,45.51743,-122.67325,Private room,,1,0,49,0.67,2025-07-20
36200233,"Hotel Rose, Stumptown King Accessible w/Tub",Portland Downtown,45.51743,-122.67325,Private room,,1,0,5,0.08,2023-10-20
36200341,"Hotel Rose, Stumptown King Suite",Portland Downtown,45.51743,-122.67325,Private room,,1,0,0,,
36200434,"Hotel Rose, Stumptown Two Doubles",Portland Downtown,45.51743,-122.67325,Private room,,1,0,11,0.19,2025-04-24
36200533,"Hotel Rose, Suite of Roses Accessible w/Shower",Portland Downtown,45.51743,-122.67325,Private room,,1,0,3,0.04,2023-12-08
36207629,Hip & Cozy w/ Gorgeous Private Backyard,Overlook,45.55673,-122.68534,Entire home/apt,285,2,239,189,2.24,2026-05-18
36235526,Some kind of beautiful!,Creston-Kenilworth,45.49395,-122.63474,Entire home/apt,149,3,200,55,0.66,2026-05-25
36309570,Moss Rock Retreat - Near Leach Botanical Garden!,Pleasant Valley,45.47315,-122.53359,Entire home/apt,58,30,191,475,5.64,2025-08-13
36311422,1920s Farmhouse | 4BR/2BA | Foodie District,Hosford-Abernethy,45.498741149902344,-122.64140319824219,Entire home/apt,362,1,307,415,4.92,2026-05-28
36357801,Sleek Modern Studio North Portland; Sleeps 4!,Kenton,45.58737,-122.70342,Entire home/apt,,1,0,290,3.49,2026-05-03
36429217,Sanctuary in the City,Arbor Lodge,45.57351,-122.70026,Entire home/apt,313,2,328,54,0.64,2025-07-28
36525068,"Modern, bright apartment in vibrant SE Portland",Foster-Powell,45.4922,-122.58295,Entire home/apt,200,1,134,26,0.34,2026-06-09
36573110,#StayInMyDistrict Multnomah Village Modern Retreat,Hayhurst,45.48142623901367,-122.71266174316406,Entire home/apt,235,1,168,257,3.05,2026-05-14
36588815,WorldMark Portland Studio Deluxe,Old Town/Chinatown,45.5206203,-122.6712424,Private room,678,30,365,0,,
36588887,WorldMark Portland Studio Suite,Old Town/Chinatown,45.5206203,-122.6712424,Private room,678,30,365,0,,
36593172,Modern - Private - AC - Guesthouse,Mt. Scott-Arleta,45.47685,-122.59995,Entire home/apt,151,2,154,230,2.74,2026-06-11
36610451,Urban Garden Oasis,Piedmont,45.57132,-122.67072,Entire home/apt,,30,287,0,,
36643611,"Daylight Basement w/ patio, 2 BR in SE PDX",Pleasant Valley,45.46684,-122.54111,Entire home/apt,204,2,78,15,0.43,2024-09-02
36701090,Comfort!!   King room/Downtown/pearl,Pearl,45.52825,-122.68134,Private room,,30,0,101,1.20,2021-11-21
36701278,King Suite/ Private Bath/ Proximity to everything,Pearl,45.53288,-122.68014,Private room,,30,0,78,0.93,2021-11-24
36705866,Monthly Stay | Fenced Yard | Pets | Patio | 2BR,Piedmont,45.57846,-122.67436,Entire home/apt,154,1,106,4,0.05,2019-09-29
36777168,Entertainer #7–Just Steps from the Max,Kenton,45.58425,-122.68239,Entire home/apt,124,30,288,52,0.84,2026-03-22
36777591,Dreamer #6–Just Steps from the Max,Kenton,45.5828,-122.68371,Entire home/apt,237,2,352,61,1.01,2026-01-02
36777968,Artist #2–Just Steps from the Max,Kenton,45.58468,-122.68274,Entire home/apt,109,30,333,20,0.24,2026-05-24
36778341,Strategist-Just Steps from the Max,Kenton,45.58475,-122.68462,Entire home/apt,116,30,165,2,0.02,2019-11-26
36831192,Sparkling Clean + Private 1 BR Apt w/ Kitchen+W/D,Sellwood-Moreland Improvement League,45.4840843321233,-122.64703273773193,Entire home/apt,116,6,332,108,1.31,2025-12-21
36836282,Charming Studio Near Great Food and Shopping,Sunnyside,45.51506,-122.63421,Entire home/apt,187,1,217,136,1.63,2026-05-31
36850421,Urban Cabin Oasis with Hot Tub and Gated Parking,Piedmont,45.57664,-122.66138,Entire home/apt,430,2,134,131,1.57,2026-05-10
36868347,1BR Mississippi District | 7 Min to Emanuel | W/D,Humboldt,45.55777,-122.6773,Entire home/apt,,2,325,12,0.32,2026-05-24
37014597,"Bright, Quiet,  and Private Guest House",Mt. Scott-Arleta,45.4826,-122.59695,Entire home/apt,192,2,220,114,1.36,2026-06-03
37038333,Charming Laurelhurst Courtyard Garden Studio,Laurelhurst,45.51984,-122.61741,Entire home/apt,186,2,318,61,0.76,2025-12-26
37055597,"Modern Design + Heated Floors, Close In w/ Parking",Southwest Hills,45.50618,-122.70038,Entire home/apt,,3,0,97,1.16,2026-04-09
37097929,Cozy Alberta Arts District Hideaway and Basecamp,Vernon,45.56291909999999,-122.6518687,Entire home/apt,152,3,99,27,0.33,2026-05-26
37156272,Best of Hawthorne,Buckman,45.51357,-122.64265,Entire home/apt,186,2,297,243,2.91,2026-05-27
37213399,Classic Portland Pearl District Condo,Northwest District,45.52927,-122.69112,Entire home/apt,81,30,274,6,0.10,2024-11-22
37241754,"Luxury Loft ~ Bidet, Skylight & Bed for Royalty",Richmond,45.50919,-122.61443,Entire home/apt,250,1,326,152,1.85,2026-06-05
37254170,Monthly Furnished 2BR | Pet-Friendly Craftsman,University Park,45.57771,-122.71468,Entire home/apt,158,1,290,28,0.33,2026-02-21
37326607,Studio 47--private entry & patio--dog allowed,Brentwood-Darlington,45.47466,-122.61427,Entire home/apt,,2,0,46,0.55,2023-07-16
37366706,The Division District Full Private Home,Richmond,45.504207611083984,-122.62288665771484,Entire home/apt,388,1,337,520,6.22,2026-06-06
37425670,Alberta Arts Renov. 110-yr old  Apt - fast Wifi!,King,45.56165,-122.65676,Entire home/apt,97,30,223,28,0.34,2026-01-18
37433452,Woodstock Family Home,Woodstock,45.47792,-122.62128,Entire home/apt,485,1,52,53,0.65,2026-06-08
37457146,"Fun 1 br+ HOUSE! Yard, Pets, Near Food/Bars/Park!",Humboldt,45.56263,-122.67476,Entire home/apt,177,4,13,89,1.20,2026-01-03
37508779,Dreamer #9–Just Steps from the Max,Kenton,45.58296,-122.68431,Entire home/apt,142,30,278,1,0.01,2020-04-30
37509421,Artist #5–Just Steps from the Max,Kenton,45.58335,-122.68241,Entire home/apt,116,30,226,17,0.21,2025-09-08
37509738,Entertainer #4–Just Steps from the Max,Kenton,45.58499,-122.68456,Entire home/apt,124,30,277,39,0.49,2026-05-24
37565004,Modern 4BR home in trendy Portland neighborhood,King,45.56217,-122.6631,Entire home/apt,294,1,335,490,5.88,2026-06-11
37593569,1913 Bungalow in the Heart of Roseway,Rose City Park,45.53575,-122.6048,Entire home/apt,,2,3,53,0.64,2026-06-11
37770353,"Bright, Cozy Apt in Heart of North Portland",Arbor Lodge,45.57280349731445,-122.67955017089844,Entire home/apt,139,2,235,73,1.00,2026-04-12
37802604,"Brand New, Open, Modern and Pet Friendly",Arbor Lodge,45.57481,-122.68918,Entire home/apt,,30,0,5,0.06,2026-03-07
37880229,Two bedroom condo with a fully stocked kitchen!,Arnold Creek,45.43725,-122.70818,Entire home/apt,94,30,362,22,0.27,2025-09-29
37904834,Three Wishes Studio,Richmond,45.50523,-122.63024,Entire home/apt,188,2,227,189,2.29,2026-05-29
37918192,Artist's Urban Jungle Loft SE Portland (apartment),South Tabor,45.49893,-122.60403,Entire home/apt,123,2,24,259,3.19,2026-06-07
37919008,Spacious and Bright Daylight Basement Apartment,Kenton,45.58106,-122.69228,Entire home/apt,156,2,183,118,1.44,2026-05-10
37937007,Hawthorne - a block or 2 to just about everything!,Richmond,45.50885,-122.62735,Entire home/apt,211,3,96,86,1.04,2026-05-26
37969468,Beautiful Updated Quiet Condo with Parking Stall!,Goose Hollow,45.51861,-122.69347,Entire home/apt,11,180,294,4,0.06,2026-02-02
38027305,"The Pasadena House, Private home minutes from pdx!",Ashcreek,45.44571,-122.73468,Entire home/apt,151,30,226,15,0.18,2025-08-16
38131490,"Precious Dash Space- 4 guests, 2bdrm, private bath",King,45.56445,-122.6611,Private room,82,1,233,621,7.56,2026-06-11
38137124,SE Portland  private studio near Division,Richmond,45.49973,-122.62764,Entire home/apt,,4,0,210,2.54,2026-01-04
38188608,The Concordia Retreat,Concordia,45.56436,-122.63906,Private room,86,1,308,396,4.83,2026-06-11
38195185,"WanderLuxe, Luxury+ Location +Walk to Food & Parks",Beaumont-Wilshire,45.55414,-122.62817,Entire home/apt,226,2,311,122,1.71,2026-06-11
38262484,Small luxury studio apartment in the heart of FoPo,Foster-Powell,45.4913,-122.59771,Entire home/apt,,31,0,10,0.14,2021-11-02
38264102,Light-filled Craftsman in trendy neighborhood,Richmond,45.50963,-122.61359,Entire home/apt,,2,0,56,0.68,2024-07-12
38292968,Art-filled Townhouse steps from NW 23rd Avenue,Northwest District,45.53497,-122.70147,Entire home/apt,546,1,32,82,1.01,2026-05-11
38299327,Su Casa,Piedmont,45.56969,-122.66615,Entire home/apt,,30,0,11,0.13,2022-07-18
38319354,Private Guesthouse Above Detached Garage,King,45.5496,-122.65906,Entire home/apt,,2,1,184,2.32,2026-06-14
38319691,Dreamer #3-Just Steps from the Max (No Stairs),Kenton,45.58299,-122.68408,Entire home/apt,124,2,272,64,0.96,2025-09-04
38362548,Charming craftsman style Montavilla private suite,Montavilla,45.51866,-122.57608,Entire home/apt,,30,0,170,2.06,2024-08-25
38385952,Central & spacious vintage flat,Buckman,45.516944091708666,-122.63838030752444,Entire home/apt,,30,18,1,0.22,2026-02-06
38433196,2-Bedroom Light & Bright St Johns Central House,St. Johns,45.59198,-122.74863,Entire home/apt,280,1,44,257,3.23,2026-05-20
38491322,Tidy Studio- Newly built in Foster Powell,Foster-Powell,45.49344,-122.59208,Entire home/apt,126,1,179,343,4.33,2026-06-07
38500509,Cozy Bedroom with great location  near MAX,Hazelwood,45.52743,-122.52076,Private room,37,30,255,18,0.25,2026-01-23
38541570,Shipping Container tiny house with private patio,Foster-Powell,45.49531,-122.59083,Entire home/apt,168,4,206,144,1.96,2026-06-01
38665482,1950s Woodlawn Bungalow | Walk to Cafés & Parks,Woodlawn,45.57069,-122.64388,Entire home/apt,210,30,172,57,0.94,2022-05-01
38671207,Bright and Airy Private Studio Amazing Location!,Buckman,45.52237,-122.64993,Entire home/apt,133,2,204,386,4.89,2026-06-07
38696366,Poca Cabana! A stylish and private tiny house!,Brooklyn Action Corps,45.49559,-122.65226,Entire home/apt,198,1,198,426,5.24,2026-06-06
38699497,"Close-in, private Overlook retreat.",Overlook,45.55014,-122.6836,Entire home/apt,167,1,273,646,8.14,2026-06-14
38776459,"Light Filled Apartment SW Portland - King, Patio.",Hayhurst,45.4785,-122.70852,Entire home/apt,80,30,278,47,0.58,2023-04-08
38848625,"Light, Peaceful Mt Tabor Guest House on Hawthorne",Mt. Tabor,45.5115,-122.60392,Entire home/apt,76,30,70,29,0.36,2023-11-30
38901095,Rose City Garden Studio-Midterm rental discounts,Roseway,45.54663,-122.59489,Entire home/apt,,28,0,35,0.51,2025-08-15
38901218,"Harlow Hotel, Deluxe Corner King Park View",Pearl,45.52763,-122.67773,Private room,109,1,339,1,0.03,2023-03-09
38901330,"Harlow Hotel, Deluxe Corner Queen Park View",Pearl,45.52546,-122.67769,Private room,102,1,322,5,0.06,2023-07-22
38901371,"Harlow Hotel, Deluxe King City View",Pearl,45.52688,-122.6792,Private room,106,1,348,6,0.16,2026-05-18
38901419,"Harlow Hotel, Deluxe Queen Courtyard View",Pearl,45.52556,-122.67903,Private room,98,1,330,8,0.18,2023-10-08
38901466,"Harlow Hotel, Executive King City View",Pearl,45.52717,-122.67926,Private room,121,1,311,3,0.04,2023-01-01
38901579,"Harlow Hotel, Signature Double Twin Courtyard",Pearl,45.52759,-122.67889,Private room,,1,320,8,0.18,2023-10-22
38901626,"Harlow Hotel, Signature King City View",Pearl,45.52537,-122.67891,Private room,103,1,296,4,0.05,2026-01-19
38901688,"Harlow Hotel, Signature Queen City View",Pearl,45.52691,-122.67899,Private room,112,1,257,12,0.15,2026-05-13
38954210,The Portland Snu House,King,45.55193,-122.65934,Entire home/apt,,2,0,228,2.81,2023-08-21
39053512,Cozy Cottage in the City,Sunnyside,45.51725,-122.61396,Entire home/apt,168,25,162,45,0.56,2024-12-29
39112551,Woodlawn Urban One Bedroom,Woodlawn,45.57081,-122.65897,Entire home/apt,70,30,224,2,0.08,2024-10-07
39168630,"Charming 3 bed, 2 bath Portland/ Multnomah Village",Multnomah,45.46677,-122.70686,Entire home/apt,149,30,303,7,0.19,2025-07-14
39195215,Ladd's Lodge: 2BD Apartment in Prime Location,Hosford-Abernethy,45.50648,-122.64729,Entire home/apt,238,1,183,336,4.39,2026-05-27
39200359,Modern Alberta Arts  apartment.,Alameda,45.55514,-122.64092,Entire home/apt,172,2,214,118,1.46,2026-04-13
39207853,Artist #8--Just Steps from the Max,Kenton,45.58435,-122.68395,Entire home/apt,101,30,179,42,0.52,2025-11-30
39212010,Cottagecore vibes & everything you need,Rose City Park,45.54683,-122.59761,Entire home/apt,91,6,261,243,3.11,2025-12-13
39224415,Luxe|Clean|Contactless Alberta Daylight Apartment,Sabin,45.55312,-122.65481,Entire home/apt,173,1,315,171,2.62,2026-06-06
39233083,Cozy Sellwood Bungalow,Sellwood-Moreland Improvement League,45.4665,-122.64423,Entire home/apt,320,2,13,88,1.11,2026-05-25
39246069,Farmhouse Apartment in Sweet Woodlawn,Woodlawn,45.56844,-122.6524,Entire home/apt,,2,0,51,0.63,2025-12-04
39270326,"Cozy, private suite in the shade of Forest Park",Northwest District,45.53492,-122.71808,Entire home/apt,160,2,87,182,2.59,2026-06-07
39279746,Artist #5–Just Steps from the Max,Kenton,45.58287,-122.68252,Entire home/apt,116,30,263,9,0.12,2026-05-04
39279753,Artist #2–Just Steps from the Max,Kenton,45.5841,-122.68434,Entire home/apt,116,30,288,10,0.19,2026-05-31
39337587,Cozy private room,Hazelwood,45.51999,-122.54258,Private room,32,30,197,13,0.24,2026-05-31
39355967,Private Apt/Loft Craftsman House NW Portland,Northwest District,45.53133,-122.70133,Entire home/apt,214,2,335,17,0.27,2025-07-15
39415580,Beautiful Vintage Home near Peninsula Park,Piedmont,45.5745,-122.6659,Entire home/apt,,30,0,88,1.09,2022-10-17
39441888,Alberta Arts Happy Home - Walk Score = 92,Vernon,45.56216,-122.64672,Entire home/apt,263,1,44,342,4.24,2026-06-02
39533139,Cozy Clinton Cottage (close-in SE off Division),Hosford-Abernethy,45.50451,-122.64563,Entire home/apt,189,1,42,336,4.17,2026-05-31
39627133,"The Historic Hafner Haus, monthly rental option",Portland Downtown,45.51632,-122.68639,Private room,27,30,307,34,0.48,2025-12-04
39637107,Downtown Portland Condo with water view,Old Town/Chinatown,45.52705,-122.67164,Entire home/apt,70,30,180,21,0.26,2026-04-28
39643910,Simple and Convenient.,Hazelwood,45.52688,-122.53263,Private room,36,30,309,14,0.18,2026-03-17
39671760,Private 2 Bedroom Apartment w/Healthclub - Pets OK,St. Johns,45.5887,-122.7443,Entire home/apt,103,30,204,38,0.47,2024-12-21
39735100,Boathouse get away in Portland,Sunderland,45.59994,-122.63693,Entire home/apt,84,60,88,0,,
39772321,Beervana 204,North Tabor,45.5238,-122.60327,Private room,89,30,270,80,1.34,2024-08-04
39781784,Modern Home in SE walk to Hawthorne & Division,Mt. Tabor,45.52173,-122.61153,Entire home/apt,563,2,274,68,0.85,2026-05-12
39814914,Little Cabin in the City,Concordia,45.55985,-122.62181,Entire home/apt,,30,21,80,1.00,2025-07-11
39820322,Cora Street Retreat - 2 bedroom in Portland,Brooklyn Action Corps,45.4914,-122.65284,Entire home/apt,320,2,304,77,1.01,2026-03-22
39845797,Dreamer #9–Just Steps from the Max,Kenton,45.58477,-122.6829,Entire home/apt,133,30,198,59,0.95,2023-08-21
39846092,Dreamer #6–Just Steps from the Max,Kenton,45.58254,-122.68303,Entire home/apt,133,30,339,24,0.48,2025-05-23
39846186,Entertainer #4–Just Steps from the Max,Kenton,45.58254,-122.68437,Entire home/apt,124,30,341,55,0.92,2026-05-24
39846286,Dreamer #3-Just Steps from the Max (No Stairs),Kenton,45.58455,-122.68382,Entire home/apt,124,30,287,47,0.62,2025-02-16
39846406,Strategist-Just Steps from the Max,Kenton,45.58252,-122.68378,Entire home/apt,180,2,278,34,0.50,2026-05-27
39874259,Private Room in Kenton Home - North Portland,Kenton,45.58830205071735,-122.7008104942146,Private room,88,2,51,59,1.64,2026-01-03
39925806,Tiny home away from home,Lents,45.47491,-122.57549,Entire home/apt,,30,0,1,0.02,2021-05-31
39969259,"Spring Garden Suite: private, green & cozy retreat",Multnomah,45.45901,-122.71411,Entire home/apt,100,2,131,107,2.26,2026-04-27
39975940,Private Greenhouse Suite for 1 or 2 Guests,Woodlawn,45.57136,-122.65487,Entire home/apt,149,1,134,534,8.24,2026-05-28
40009844,"Walk & Transit Bliss! Car Optional, Fly-n-Ride Apt",Irvington,45.53605,-122.65674,Entire home/apt,83,30,263,114,1.55,2026-05-29
40031934,Cheerful Irvington Apt - Walk to MAX & Shops,Irvington,45.5394,-122.65293,Entire home/apt,138,3,10,119,1.49,2026-05-20
40094761,"Northeast Portland, J&J Home stay",King,45.55526,-122.66057,Entire home/apt,278,3,224,61,0.79,2026-06-05
40096810,a little urban oasis,Irvington,45.53644,-122.65476,Entire home/apt,211,1,332,452,5.69,2026-05-18
40098476,Private & Cozy Casita,Far Southwest,45.44204,-122.72751,Entire home/apt,111,1,290,732,11.33,2026-03-14
40122072,Charming home in safe beautiful area - fenced yard,Northwest Heights,45.5327892,-122.7768752,Entire home/apt,255,30,288,3,0.08,2024-06-16
40136778,📚🗺🐈‍⬛ Local History Museum in Historic Albina,Boise,45.55051,-122.66389,Private room,,1,0,77,0.96,2026-03-29
40138718,Modern & Spacious 4BR/2BA in Central SE Portland,Foster-Powell,45.49251,-122.60178,Entire home/apt,431,1,316,344,4.31,2026-06-11
40200097,Casa Chica PDX,Rose City Park,45.54252,-122.59778,Entire home/apt,142,1,273,978,12.66,2026-06-11
40231423,Hawthorne apartment LLC two bedroom,Mt. Tabor,45.51066,-122.608,Entire home/apt,,2,0,51,0.91,2025-11-27
40265884,"Dog Friendly Motor Lodge, One King Bed",Buckman,45.52179,-122.65636,Private room,164,30,365,2,0.05,2023-10-28
40352164,Easy & Cozy Extended Stay (30-day min),Madison South,45.5532,-122.57215,Entire home/apt,69,30,356,12,0.16,2026-05-02
40369611,Light-filled Garden House (Alberta Arts),Vernon,45.56262,-122.64998,Entire home/apt,,3,0,31,0.41,2021-09-10
40378860,Charming Home to Yourself,Cathedral Park,45.58456,-122.74193,Entire home/apt,,30,0,34,0.43,2022-09-30
40414540,Comfy & Cozy 2 Bedroom Portland Flat,Kerns,45.52339,-122.63352,Entire home/apt,185,1,312,447,5.61,2026-06-06
40435487,Charmingly Warm PDX Flat in Trendy SE,Kerns,45.52179,-122.6331,Entire home/apt,197,1,338,420,5.27,2026-06-08
40451310,#StayInMyDistrict Raleigh Hills Serene Havens Nest,Bridlemile,45.488529205322266,-122.74200439453125,Entire home/apt,167,1,166,204,2.59,2026-04-20
40468274,Light & Bright N. Portland Basement Studio!,Portsmouth,45.58569,-122.72445,Entire home/apt,167,1,48,116,1.46,2026-06-06
40602080,NE Portland Private Entry Studio-Walking Distance,Boise,45.55266,-122.66649,Entire home/apt,131,1,75,480,6.10,2026-06-08
40639783,ECO-CONSCIOUS PEACEFUL HIDEAWAY TRENDY N. WILLIAMS,Humboldt,45.5549,-122.66477,Entire home/apt,111,30,67,65,0.83,2023-08-29
40640474,"Old Portland Charm, Perfect Southeast Location",Buckman,45.51262,-122.65056,Entire home/apt,89,30,257,21,0.27,2025-12-29
40672806,NE Cozy Home - Newly Updated! Home away from Home!,Madison South,45.54411,-122.57675,Entire home/apt,103,30,297,15,0.20,2024-12-02
40695568,Urban Oasis Retreat + sauna,Mt. Tabor,45.50822,-122.61082,Entire home/apt,201,2,311,183,2.33,2026-05-27
40706580,Mid-Century Dream | 3BR/2BA | Heart of Hawthorne,Sunnyside,45.51245880126953,-122.62042999267578,Entire home/apt,444,1,290,509,6.47,2026-05-25
40726828,Hip & Spacious: Mt. Tabor Haven with Hot Tub!,Montavilla,45.5118,-122.58039,Entire home/apt,216,2,61,222,2.85,2026-06-10
40755790,The Woodstock Guest House,Woodstock,45.48122,-122.61285,Entire home/apt,,7,3,95,1.28,2025-08-22
40758385,Urban Hideaway,Woodstock,45.48759,-122.62125,Entire home/apt,121,3,76,245,3.11,2026-05-24
40775816,Ancillary Dreams,Richmond,45.51,-122.63008,Entire home/apt,186,1,302,200,2.60,2026-05-29
40780172,Sabin Guest House,Sabin,45.55297,-122.655,Entire home/apt,215,1,289,166,2.13,2026-05-24
40787863,Bridgetown Bungalow: The perfect cozy getaway!,Montavilla,45.53224,-122.58596,Entire home/apt,148,2,289,403,5.15,2026-06-07
40803769,"Peaceful Loft - Close to shops, Train & Downtown",Irvington,45.53934,-122.65292,Entire home/apt,140,2,79,245,3.12,2026-05-19
40822541,Retro NoPo Duplex One Bedroom,Arbor Lodge,45.57268,-122.67939,Entire home/apt,61,30,128,25,0.32,2025-11-05
40841140,Tinyhouse- La Petite Maison,Boise,45.55111,-122.67179,Entire home/apt,70,30,103,1,0.10,2025-08-31
40847662,Thurman Street Loft,Northwest District,45.53434,-122.69901,Entire home/apt,,31,0,14,0.18,2023-08-13
40864982,"Amazing location, family friendly in Alberta Arts",Vernon,45.56026,-122.65043,Entire home/apt,1019,1,270,38,0.49,2026-03-10
40865331,Sleeps 20!- amazing architecture + location,Humboldt,45.55606,-122.67614,Entire home/apt,981,1,253,60,0.84,2026-05-17
40870837,Portland's White House B&B - Jack & Jackie,Irvington,45.53623,-122.64341,Private room,,30,0,0,,
40873497,Portland's White House B&B - George & Martha,Irvington,45.53769,-122.64178,Private room,,30,0,0,,
40873896,Portland's White House B&B - Ike & Mamie,Irvington,45.53705,-122.64362,Private room,,30,0,0,,
40874186,Portland's White House B&B - James & Dolly,Irvington,45.53735,-122.64148,Private room,,30,0,0,,
40874381,Portland's White House B&B - Franklin & Eleanor,Irvington,45.53767,-122.64167,Private room,,30,0,0,,
40874580,Portland's White House B&B - Lyndon & Lady Bird,Irvington,45.53773,-122.64147,Private room,,30,0,0,,
40889962,Tranquil Hidden Gem in the Heart of Woodstock,Woodstock,45.48106,-122.61451,Entire home/apt,236,2,197,89,1.15,2026-03-10
41010362,Alberta Farmhouse Nest Studio,Concordia,45.56086,-122.6319,Entire home/apt,88,30,153,256,3.25,2025-02-26
41113886,Welcome to the Pear tree house,Laurelhurst,45.52637,-122.62875,Entire home/apt,112,2,32,79,1.30,2026-06-14
41132879,4BR • Sleeps 8 • Food & Coffee Hotspot Nearby,King,45.55917739868164,-122.66098022460938,Entire home/apt,669,1,71,356,4.53,2026-06-11
41179269,"Center of SE PDX, beautiful 2 bedrm-no clean fees!",Richmond,45.50869,-122.61962,Entire home/apt,145,2,245,360,4.71,2026-05-31
41179310,"Peaceful Garden, King Tempurpedic, Reed College",Eastmoreland,45.46782,-122.62692,Entire home/apt,97,25,291,96,1.31,2025-05-29
41181567,BEST NEIGHBORHOOD IN TOWN! 20,Northwest District,45.5358,-122.70347,Entire home/apt,73,30,101,10,0.14,2026-05-25
41192687,The Victorian Cottage with River & Mountain Views,South Portland,45.47092,-122.6763,Entire home/apt,,2,0,128,1.66,2026-05-10
41195216,Adorable Portland Little House,Humboldt,45.56309,-122.66564,Entire home/apt,126,1,81,416,6.28,2026-06-05
41232955,Downtown Loft-Modern and Close to everything,South Portland,45.49918087948977,-122.67548829062692,Entire home/apt,196,1,312,146,1.98,2026-05-27
41238072,"Secluded 2BR home, washer/dryer, private parking",Powellhurst-Gilbert,45.50118,-122.56841,Entire home/apt,228,1,187,320,4.09,2026-04-25
41242041,Cozy room for a budget traveler,St. Johns,45.59045,-122.74738,Private room,32,30,345,42,0.55,2026-02-01
41264644,Portland's White House B&B - Teddy & Edith,Irvington,45.53573,-122.64192,Private room,,30,0,0,,
41314631,N. Portland Quiet Place,St. Johns,45.59605,-122.73385,Entire home/apt,169,1,326,150,1.99,2026-06-08
41402809,Cozy apartment in the heart of it all!,Northwest District,45.52635,-122.68887,Entire home/apt,97,14,198,142,1.83,2025-11-22
41431514,KEX Portland-Deluxe King Ensuite,Kerns,45.52304,-122.66248,Private room,180,1,281,20,0.34,2026-05-24
41433875,Month-to-Month Pink Bungalow in Inner NE Portland,Boise,45.54994,-122.66543,Entire home/apt,,30,0,4,0.06,2023-05-10
41480727,Best Neighborhood in Town!!! 12,Northwest District,45.53679,-122.70148,Entire home/apt,79,30,283,20,0.33,2026-02-16
41508403,The Urban Treehouse,Richmond,45.50705,-122.61765,Entire home/apt,,3,0,62,0.81,2026-06-01
41508683,Cute Room in Artist's Home | SE Portland,Richmond,45.49914,-122.61341,Private room,103,2,145,70,0.90,2026-05-25
41558609,N.E Alberta Arts District.,King,45.56112,-122.6606,Entire home/apt,548,1,168,146,1.91,2026-05-24
41584806,Cozy Base Camp,Hillside,45.52126,-122.72403,Entire home/apt,499,1,158,88,1.38,2026-06-07
41588378,Park Place Condo Steps from Washington Park,Goose Hollow,45.52281,-122.69972,Entire home/apt,108,31,310,9,0.16,2025-03-25
41592247,1911 Portland Craftsman,Concordia,45.56084,-122.63192,Entire home/apt,,30,0,25,0.35,2023-08-20
41593925,SE Portland Carriage House,Mt. Scott-Arleta,45.48047,-122.59437,Entire home/apt,109,2,44,65,0.85,2026-06-13
41614898,Bright and Airy Brooklyn Cottage,Brooklyn Action Corps,45.49775,-122.651,Entire home/apt,209,3,316,103,1.33,2026-06-02
41715191,KEX Portland-Family Room Ensuite,Kerns,45.52464,-122.66039,Private room,256,1,246,122,2.02,2026-06-12
41715321,KEX Portland-Queen Shared Bath,Kerns,45.52501,-122.66261,Private room,80,1,249,168,2.19,2026-06-10
41715367,KEX Portland-Small Bunk Room-Mixed,Kerns,45.52423,-122.66065,Private room,190,1,227,8,0.13,2025-03-01
41715417,KEX Portland-Double Queen Shared Bath,Kerns,45.52495,-122.66083,Private room,161,1,267,50,0.85,2026-06-08
41741290,KEX Portland-Sixteen Bed Room,Kerns,45.52316,-122.66239,Private room,475,1,22,2,0.04,2022-09-18
41796434,Northrup | Heart of the NW | 2 Apartments,Northwest District,45.53128,-122.70561,Entire home/apt,273,2,331,102,1.33,2026-06-03
41800138,Pettygrove | Heart of the NW | Guest Studio,Northwest District,45.53128,-122.70561,Entire home/apt,211,2,331,54,0.71,2025-11-24
41839542,Fireplace Flat  private 725 Sq Ft apt near U of P,University Park,45.57768,-122.7196,Entire home/apt,204,2,156,235,3.06,2026-05-20
41932344,Best neighborhood in Portland!!!25,Northwest District,45.53633,-122.70142,Entire home/apt,62,30,216,11,0.16,2026-01-28
41935714,Charming One Bedroom Near Great Food and Shopping,Sunnyside,45.51484,-122.63379,Entire home/apt,185,1,219,125,1.62,2026-05-05
42018596,Your PDX Destination home away from home,Alameda,45.54763,-122.63654,Entire home/apt,,2,0,55,0.71,2025-10-06
42100767,Beautiful Large MidCentury Modern Home SW Portland,Marshall Park,45.45152,-122.69987,Entire home/apt,230,30,69,1,0.04,2024-08-01
42143191,Charming Classic Ladd's/Hawthorne Gem/Sleeps 4,Hosford-Abernethy,45.51171,-122.65063,Entire home/apt,160,1,267,487,6.58,2026-06-04
42171568,Newly Renovated Historic Home with Garden Oasis,Boise,45.54936,-122.67674,Entire home/apt,,3,0,99,1.40,2025-08-30
42207396,Mid-Century Apartment on Hawthorne - Thrift & Eat,Buckman,45.51248,-122.64626,Entire home/apt,267,1,340,477,6.23,2026-05-31
42224566,Mt. Tabor Cottage : Cozy modern studio in SE PDX.,Mt. Tabor,45.51153,-122.58771,Entire home/apt,131,2,226,126,1.64,2026-05-31
42227113,Sunwashed Hollywood Studio,Rose City Park,45.53354,-122.60538,Entire home/apt,,30,0,146,2.10,2022-01-02
42283515,Sunlit Room near Alberta,Cully,45.55713,-122.61217,Private room,,30,0,2,0.04,2023-09-02
42309241,UofP/Adidas! Live in stylish comfort and privacy,Arbor Lodge,45.57355,-122.69655,Entire home/apt,92,30,294,19,0.26,2026-04-12
42311940,5* Cottage Gem | Quiet Hood | Caring Host | Min>DT,Overlook,45.5585,-122.68678,Entire home/apt,158,2,314,359,4.67,2026-05-30
42315604,The Portland A-frame,West Portland Park,45.44754,-122.71951,Entire home/apt,,30,0,2,0.03,2021-04-29
42353977,KEX Portland-Standard Queen Ensuite,Kerns,45.52458,-122.66241,Private room,142,1,263,94,1.60,2026-05-30
42357963,SW Hills Modern Garden Suite,Collins View,45.45706,-122.68783,Entire home/apt,78,31,74,8,0.11,2022-07-13
42380321,Best Neighborhood in Town! 11,Northwest District,45.53694,-122.70172,Entire home/apt,77,30,320,10,0.19,2025-12-12
42383821,Modern Living w/hot tub in Alberta Arts District,Vernon,45.566123962402344,-122.65428161621094,Entire home/apt,116,30,208,87,1.17,2025-08-16
42416190,The Fern Cottage,Arbor Lodge,45.57282,-122.68852,Entire home/apt,215,1,345,121,2.09,2026-06-07
42436031,Portland Riverside Condo at McCormick Pier,Old Town/Chinatown,45.52624,-122.67206,Entire home/apt,92,30,205,11,0.14,2026-05-22
42468070,Remodeled 1 BR Alberta Arts Guest Suite,Concordia,45.56086,-122.64066,Entire home/apt,111,2,213,417,5.63,2026-06-09
42477015,WELCOME TO URBAN TREEHAUS,Sylvan-Highlands,45.51738,-122.72159,Entire home/apt,92,31,318,0,,
42488022,Portlands gem in the city,Buckman,45.51633,-122.65302,Entire home/apt,77,30,75,9,0.14,2024-07-31
42488541,Two bedroom Remodeled Gem,Buckman,45.51633,-122.65302,Entire home/apt,81,30,349,6,0.09,2023-11-12
42601276,RoseCity Getaway - New Modern Private Home,Roseway,45.55013,-122.58674,Entire home/apt,212,1,224,345,4.83,2026-05-25
42619371,"Comfortable room, desk & FireTV - Monthly discount",St. Johns,45.59045,-122.74738,Private room,36,30,196,15,0.20,2026-05-31
42636202,Jewell's Landing floating home,Hayden Island,45.60815,-122.67464,Entire home/apt,171,30,289,5,0.07,2022-08-31
42669324,Close to freeway/s & tons of natural light.,Ashcreek,45.45507,-122.74014,Entire home/apt,,30,3,0,,
42683829,"Urban Treehouse in Portland, OR! - 2 bedrooms",Creston-Kenilworth,45.49224,-122.62125,Private room,97,1,250,99,1.37,2026-06-11
42693147,BEST NEIGHBORHOOD IN TOWN - 23,Northwest District,45.53495,-122.70296,Entire home/apt,81,30,315,18,0.25,2026-03-01
42777186,Montavilla manor #2,Mt. Tabor,45.52044,-122.58624,Entire home/apt,152,3,134,34,0.70,2026-05-24
42814644,6 Bedroom/3 Bath Ideal for Groups,Hazelwood,45.50476,-122.55724,Entire home/apt,455,30,175,1,0.03,2023-09-04
42874008,The Strand-Elegant Condo at downtown riverfront,Portland Downtown,45.50682,-122.67201,Entire home/apt,147,31,211,13,0.18,2024-02-29
42878671,Modern Portland  Craftsman in heart of Mississippi,Boise,45.55102,-122.6692,Entire home/apt,357,30,179,26,0.46,2023-08-27
42901591,Willow Tree Guesthouse,Richmond,45.5056371,-122.6269101,Entire home/apt,207,3,259,222,3.15,2026-05-23
42927674,BEST NEIGHBORHOOD IN TOWN! 24,Northwest District,45.53523,-122.70147,Entire home/apt,280,30,359,7,0.10,2025-08-10
42927687,Best Neighborhood in Town! 9,Northwest District,45.53521,-122.70355,Entire home/apt,230,30,359,15,0.21,2025-06-08
42964541,Historic Governor's Mansion in Portland,Irvington,45.53862,-122.64646,Entire home/apt,,30,0,10,0.25,2023-11-27
42975173,"Gorgeous home on WATERFRONT, Won't be disappointed",Old Town/Chinatown,45.52976,-122.67408,Entire home/apt,97,31,264,24,0.34,2025-10-04
43117017,Amazing Corner Unit Penthouse In NW Portland !,Pearl,45.52933,-122.68305,Entire home/apt,,120,0,2,0.03,2020-11-30
43118109,comfortable and relaxing room,Hazelwood,45.5206,-122.54206,Private room,29,30,243,37,0.50,2024-12-11
43124643,"Cottage, Walk to MAX, Drinks, Dining, Full Kitchen",Overlook,45.55323,-122.68699,Entire home/apt,309,1,337,81,1.11,2026-03-22
43205207,Luxury Private 2 Bedroom Apartment w/Healthclub,St. Johns,45.58895,-122.74267,Entire home/apt,115,30,299,11,0.15,2024-11-07
43236902,Angel's Rest,Portsmouth,45.58698,-122.71956,Entire home/apt,109,1,308,245,3.35,2026-06-11
43280700,Turn-Of-The-Century Meets Modern,Buckman,45.52097,-122.65075,Entire home/apt,,366,326,10,0.15,2024-06-25
43328124,Best neighborhood in Portland- 25,Northwest District,45.53714,-122.70373,Entire home/apt,264,30,358,8,0.13,2024-06-24
43381222,Central Portland Neighborhood - Tudor Style,Brooklyn Action Corps,45.4981,-122.65845,Entire home/apt,284,2,320,208,2.82,2026-05-31
43413841,Lovely Cottage in a wonderful location!,Kerns,45.52197,-122.63635,Entire home/apt,271,1,84,166,2.30,2026-06-03
43414626,Cozy + Modern in NE Portland by Mississippi Ave,Boise,45.55124,-122.66582,Entire home/apt,189,2,201,161,2.29,2026-06-10
43450548,Big Tastefully Furnished Well-Lit Downtown Studio,Goose Hollow,45.52065,-122.68754,Entire home/apt,68,31,317,5,0.07,2025-05-30
43460057,Entire House  | Alberta St. | NE Portland,Vernon,45.5623,-122.64921,Entire home/apt,520,2,27,44,0.60,2026-05-24
43505870,NoPo Comfy Studio Private Bathroom & Mini Kitchen,Overlook,45.55232,-122.68123,Entire home/apt,38,31,330,21,0.30,2026-06-01
43556284,Best Neighborhood in Portland- 14,Northwest District,45.53531,-122.70313,Entire home/apt,70,30,220,10,0.16,2026-04-21
43595828,NE PDX Garden Home- monthly discount,Beaumont-Wilshire,45.5556052981679,-122.62589223644635,Entire home/apt,130,30,231,4,0.06,2026-04-25
43612262,Mt. Tabor/ SE Portland Modern Warmth,South Tabor,45.50484085083008,-122.60326385498047,Entire home/apt,118,30,290,19,0.27,2026-04-25
43701179,Garden Studio in Backyard Oasis,Overlook,45.56262,-122.68786,Entire home/apt,,30,0,0,,
43766909,Stylish and Spacious NE Portland Retreat,Roseway,45.54248,-122.59392,Entire home/apt,161,1,339,442,6.09,2026-06-14
43788324,Artist #8--Just Steps from the Max,Kenton,45.58451,-122.6844,Entire home/apt,212,2,327,11,0.15,2026-01-02
43788586,Cozy private studio in SE Portland,Lents,45.485039,-122.576141,Entire home/apt,104,2,256,145,2.04,2026-05-30
43788776,Entertainer #7–Just Steps from the Max,Kenton,45.58466,-122.68287,Entire home/apt,124,30,237,0,,
43788892,Chill Out! Beautiful 2BR with Cozy Queen Beds!,Piedmont,45.57774,-122.66792,Entire home/apt,200,1,142,52,0.72,2026-06-05
43797942,"Smart Home, 2100 SF, Close to I-5, Lots of Room",Far Southwest,45.43714904785156,-122.74223327636719,Entire home/apt,273,5,220,59,0.99,2026-06-01
43819014,Peaceful oasis in the heart of Nob Hill,Northwest District,45.52583,-122.6968,Entire home/apt,211,30,293,18,0.25,2026-05-31
43859590,"Serenity Pearl- private terrace, reserved parking",Pearl,45.52605056762695,-122.6822280883789,Entire home/apt,,30,0,12,0.21,2025-06-23
43870675,"Spectacular Views, Huge Deck, BBQ, Pet Friendly",Hillside,45.53183,-122.7132,Entire home/apt,470,2,312,64,0.88,2026-05-08
43910673,Luxury 4BR - Sleeps 8 - Near Food & Culture,Humboldt,45.5584602355957,-122.66820526123047,Entire home/apt,454,1,313,312,4.35,2026-04-19
43911827,4BR Luxury Condo | Walk to Mississippi & Alberta,Humboldt,45.5584602355957,-122.66820526123047,Entire home/apt,431,1,303,295,4.10,2026-05-13
43916302,Mt. Tabor Manor - Elegant Getaway,Mt. Tabor,45.52209,-122.60886,Entire home/apt,85,11,280,28,0.40,2023-08-05
43946632,"Alberta Arts - 2BR - Walk to Food, Shops, & Art",Humboldt,45.5584602355957,-122.66820526123047,Entire home/apt,254,1,304,391,5.43,2026-06-06
43946701,Alberta Arts - 2BR - Prime Spot - Modern Vibes,Humboldt,45.5584602355957,-122.66820526123047,Entire home/apt,205,1,305,478,6.65,2026-05-23
43969621,Modern Guest House with Sauna and Gardens,Sunnyside,45.51457,-122.61756,Entire home/apt,136,2,312,246,3.39,2026-05-26
44030346,Modern Cabin with exposed brick and cozy gardens,South Portland,45.49642,-122.67725,Entire home/apt,124,31,333,17,0.25,2025-11-18
44049778,Hawthorne Crash Pad - Private Home Base,Richmond,45.50993,-122.63352,Entire home/apt,115,1,99,484,7.19,2026-06-09
44063478,Bright & Airy Craftsman in trendy SE Portland,Richmond,45.50272,-122.61808,Entire home/apt,291,1,158,21,0.31,2025-11-28
44075074,Sunny Treetops in the Heart of Nob Hill,Northwest District,45.52533,-122.69603,Entire home/apt,,30,0,133,1.91,2024-03-10
44161966,Your Portland home away from home,Creston-Kenilworth,45.49076,-122.62052,Entire home/apt,255,1,40,35,1.45,2026-05-18
44209712,Quiet Comfort in Prime Portland Location,Hosford-Abernethy,45.5068894,-122.6410198,Entire home/apt,116,30,306,0,,
44251824,Luxury 3BR Condo - Alberta & Mississippi Eats,Humboldt,45.5584602355957,-122.66820526123047,Entire home/apt,481,1,289,396,5.56,2026-06-08
44306125,Luxury Midcentury Apartment in NE Portland,Grant Park,45.53934,-122.61616,Entire home/apt,,2,0,119,1.67,2025-11-16
44316706,Spacious Well Loved Home,Cully,45.55763,-122.58872,Entire home/apt,,30,0,4,0.06,2021-10-15
44318730,Alberta Arts house walking distance to everything!,Concordia,45.56042,-122.64011,Entire home/apt,,30,0,10,0.23,2025-08-03
44353594,Cedar House in North Portland,Arbor Lodge,45.56938,-122.69587,Entire home/apt,80,3,182,82,1.16,2026-01-24
44395944,"Monthly- Cozy suite -Bedroom, bath & living space",St. Johns,45.59037,-122.74604,Private room,47,30,176,13,0.19,2025-07-31
44431794,A sleeper in a basement with private rest room,Hazelwood,45.525,-122.53328,Private room,37,30,341,6,0.09,2024-03-31
44436888,Historic Meets Modern | 4BR • Walk to NW 23rd,Northwest District,45.52370071411133,-122.6971664428711,Entire home/apt,537,1,300,319,4.49,2026-05-17
44437109,1906 3BR Retreat • NW 23rd Boutiques & Eats,Northwest District,45.52370071411133,-122.6971664428711,Entire home/apt,390,1,309,341,4.80,2026-05-31
44447316,BEST NEIGHBORHOOD IN PORTLAND! 24,Northwest District,45.53716,-122.70361,Entire home/apt,77,30,189,10,0.16,2026-05-13
44461752,Waterfall Lodge,Woodlawn,45.57134,-122.65436,Entire home/apt,132,2,195,255,3.68,2026-05-31
44465083,The Best of All Worlds in NE!,King,45.56144,-122.66141,Entire home/apt,,60,0,4,0.06,2020-08-17
44477098,"Hidden Gem 2 bed, 2 bath, office, garden, pets OK",Overlook,45.5648,-122.69634,Entire home/apt,183,30,313,7,0.11,2026-04-30
44536250,Modern Studio - Sleeps 4 - Perfect NE Location,Humboldt,45.5584602355957,-122.66820526123047,Entire home/apt,246,1,323,478,6.73,2026-06-03
44540886,Overlook Gem Tiny House,Overlook,45.54933,-122.68357,Entire home/apt,54,40,215,7,0.10,2025-09-25
44572017,"Pet-Friendly Work from Home Haven, fully stocked",Concordia,45.56302,-122.63679,Entire home/apt,,30,0,1,0.01,2020-11-28
44572216,Rose City Studio,Madison South,45.53735,-122.585,Private room,113,2,217,120,1.79,2026-05-27
44629380,Historic Nob Hill Flat | Walk Everywhere,Northwest District,45.52907,-122.69596,Entire home/apt,93,30,303,13,0.19,2026-04-09
44652009,Spacious Modern Home in St Johns - Gorgeous Views,Cathedral Park,45.59253,-122.76243,Entire home/apt,,30,0,1,0.01,2020-10-10
44687427,Furnished 3BR + Office | 30–180 Day Stays,St. Johns,45.58615,-122.73727,Entire home/apt,201,31,72,136,1.96,2026-04-05
44687526,PDX Craftsman: Dog Friendly + Garden +Yoga Room,Woodlawn,45.56792,-122.65395,Entire home/apt,197,30,289,23,0.35,2026-05-01
44697307,Modern Central Portland House,Hosford-Abernethy,45.50119,-122.64785,Entire home/apt,611,1,29,206,2.98,2026-05-16
44857809,N. PDX Serene/Art Filled Family Home,St. Johns,45.59658,-122.73369,Entire home/apt,303,2,197,83,1.20,2026-06-01
44961867,The Alberta Sunset,Vernon,45.56158,-122.64431,Entire home/apt,7,270,357,9,0.13,2025-09-30
45040754,"Pet Friendly, BBQ, Zoo, 5 Mins to Pearl District",Hillside,45.52033,-122.72527,Entire home/apt,241,2,342,86,1.23,2026-05-26
45106590,Your Room in our Gorgeous Home!,Arbor Lodge,45.56687,-122.68965,Private room,63,30,318,0,,
45140159,SE Portland Dream Guesthouse,Brentwood-Darlington,45.46575,-122.61396,Entire home/apt,180,3,286,93,1.35,2026-05-20
45164850,"Spacious 
1BR+ by NW 23d. Free parking & cleaning!",Northwest District,45.52818,-122.69663,Entire home/apt,,2,0,147,2.09,2026-05-17
45165226,Stylish Hawthorne 1BR w 90 WalkScore,Buckman,45.512481689453125,-122.6462631225586,Entire home/apt,152,1,315,591,8.42,2026-06-02
45190185,Private Laurelhurst Studio With Hot Tub/Patio!,Laurelhurst,45.53119,-122.6203,Entire home/apt,181,1,243,451,6.67,2026-05-28
45191294,Reed Residential Home - Modern Living • 4BR• 2.5BA,Reed,45.48925,-122.62653,Entire home/apt,180,31,224,15,0.22,2026-02-07
45239301,"2BR/2BA, Two Workspaces, Pets Ok, Espresso Machine",Foster-Powell,45.4953,-122.60088,Entire home/apt,107,30,101,0,,
45241064,"5min to Freeway, 15min to Airport/DT",Montavilla,45.52726,-122.56563,Entire home/apt,131,30,365,40,0.61,2025-08-18
45269553,#StayInMyDistrict Buckman Spacious Modern Rowhouse,Buckman,45.516624450683594,-122.64197540283203,Entire home/apt,229,1,104,257,3.67,2026-06-07
45271882,Lovejoy | Heart of the NW | Guest Suite,Northwest District,45.53128,-122.70561,Entire home/apt,221,2,331,105,1.52,2026-03-13
45296630,Portland Purple House 3,Roseway,45.55120086669922,-122.59297180175781,Private room,112,30,200,7,0.10,2021-07-11
45344262,The Bluebell Casita,Boise,45.55062,-122.67605,Entire home/apt,352,1,328,146,2.87,2026-06-06
45356131,Enjoy your getaway in our retro chic basement apt!,Richmond,45.500805,-122.622902,Entire home/apt,75,30,317,23,0.52,2025-12-23
45385809,Modern Loft Studio/Free Parking/Gym/Downtown/Pearl,Pearl,45.53051,-122.68317,Entire home/apt,165,30,62,11,0.18,2026-06-02
45401640,30+ day stays at Sunnyside Hideaway!,Sunnyside,45.51727,-122.6325,Entire home/apt,,30,20,167,2.43,2025-09-16
45434846,Modern space in Historic Irvington Neighborhood,Irvington,45.53999,-122.65574,Entire home/apt,307,2,105,224,3.25,2026-05-25
45508534,1br/1ba/W&D Cozy South Tabor Basement Apartment,South Tabor,45.49864,-122.59342,Entire home/apt,188,1,219,224,3.57,2026-05-31
45516508,Modern Suite in Lively Buckman/Kerns Neighborhood,Buckman,45.52032,-122.63851,Entire home/apt,257,2,213,219,3.16,2026-05-24
45521206,Portland's White House B&B - Abe & Mary,Irvington,45.53701,-122.64151,Private room,,30,0,0,,
45521255,Portland's White House B&B - Ulysses & Julia,Irvington,45.53739,-122.64381,Private room,,30,0,0,,
45550231,"Waterfront Pearl , Awesome Views, w/Parking",Old Town/Chinatown,45.53053,-122.67574,Entire home/apt,109,30,271,12,0.19,2026-06-12
45552307,Charming Urban Cottage in Alberta Arts District,Vernon,45.56116,-122.64579,Entire home/apt,330,1,146,21,0.37,2026-05-31
45562734,"Bright, Clean & Spacious 2 Bed apt. Pets Welcome!",Woodstock,45.48373,-122.60904,Entire home/apt,125,1,187,386,5.58,2026-06-09
45617837,Guest Unit in Walkable Sellwood,Sellwood-Moreland Improvement League,45.46534,-122.64642,Entire home/apt,137,2,12,167,2.73,2026-05-28
45621583,Live Like a Local | Walkable Inner SE Portland,Hosford-Abernethy,45.50139,-122.64809,Entire home/apt,199,2,323,154,2.31,2026-05-09
45625003,Alberta Arts Private Flat • Cozy & Walkable,Vernon,45.56151,-122.65184,Entire home/apt,290,3,362,21,0.30,2024-12-01
45625194,Schitt’s Creek Themed - The RoseBud & Barkfest!,Sunnyside,45.5141,-122.61951,Entire home/apt,156,2,72,232,3.35,2026-05-26
45636374,A cozy 2bedrooms unit in a dulplex.,Cully,45.56898,-122.61779,Entire home/apt,97,30,365,3,0.08,2023-07-24
45658421,Alberta Retreat - Fire Pit & Driveway Parking!,King,45.56139,-122.65478,Entire home/apt,249,2,70,237,4.84,2026-05-27
45673717,Casita Maria- Daylight Apartment,University Park,45.58018,-122.71807,Entire home/apt,137,6,205,18,0.26,2026-05-24
45773553,Color Splash - Fast WiFi - Heart of Hawthorne,Buckman,45.51257,-122.64006,Entire home/apt,184,1,309,383,5.55,2026-06-07
45812832,Hawthorne/Division Gem,Richmond,45.50762,-122.61677,Entire home/apt,,1,0,2,0.03,2020-11-15
45816517,NW Portland Studio,Northwest District,45.52578,-122.69519,Entire home/apt,78,30,296,17,0.25,2024-11-17
45850671,"Overlook Cottage, Upscale w/ Off-Street Parking!",Overlook,45.553585052490234,-122.6845474243164,Entire home/apt,332,2,281,133,1.94,2026-05-15
45860330,BlackBox  Luxurious historic restoration with 5 beds!,Kenton,45.58841,-122.70096,Entire home/apt,306,2,317,271,3.97,2026-06-11
45869511,The Bohemian | Eclectic & Bright | Mississippi Ave,Boise,45.553104400634766,-122.67577362060547,Entire home/apt,160,1,337,419,6.08,2026-05-28
45896835,Mount Hood Views Await!,West Portland Park,45.44185,-122.72051,Entire home/apt,106,30,318,16,0.24,2025-03-31
45959031,Riverview Retreat near Pearl District Long Stays,Old Town/Chinatown,45.53021,-122.67618,Entire home/apt,95,31,120,14,0.21,2025-11-23
46033556,Cozy bungalow in inner NE Portland,Woodlawn,45.57214,-122.64684,Entire home/apt,,30,0,73,1.38,2024-01-01
46067020,*Brand New Modern Woods Home,Forest Park,45.58612,-122.80481,Entire home/apt,129,30,169,2,0.03,2021-06-07
46146460,Modern and Bright Laurelhurst Abode,Laurelhurst,45.52044,-122.61889,Entire home/apt,184,2,144,177,2.65,2026-05-25
46151721,The Launchpad: Tiny Home Heaven In SE Portland!,Foster-Powell,45.49145,-122.59912,Entire home/apt,,30,0,213,3.11,2025-10-25
46154745,Happy Studio,Centennial,45.51642688333036,-122.48413129553136,Private room,89,30,83,3,0.08,2023-07-30
46192896,Spacious Historic Home-Near Great Food & Shopping,Sunnyside,45.51859,-122.63182,Entire home/apt,134,30,198,22,0.33,2026-05-08
46197188,Guests Will Play While I'm Away,Kenton,45.57954,-122.68814,Entire home/apt,,30,0,6,0.09,2023-06-20
46236977,Riverfront Relaxation!,East Columbia,45.6015,-122.66772,Entire home/apt,,1,0,213,3.16,2024-10-15
46278079,Beautiful Home Close to OHSU and South Waterfront!,South Portland,45.49665,-122.67506,Entire home/apt,181,30,224,15,0.23,2026-03-10
46279261,"FoPo Craftsman, Vintage Charm and Comfort",Mt. Scott-Arleta,45.48501,-122.58604,Entire home/apt,,30,0,7,0.10,2023-08-28
46314848,Cozy One Bedroom Condo NW/Pearl District,Northwest District,45.52759,-122.69217,Entire home/apt,168,30,365,0,,
46315610,Private Room (Single Bed) at NW Portland Hostel,Northwest District,45.52684,-122.68856,Private room,61,1,252,144,2.17,2026-06-10
46374482,Historic Mississippi - Live Music & Local Shops,Boise,45.553104400634766,-122.67577362060547,Entire home/apt,210,1,333,342,5.03,2026-05-28
46471932,Division House,Hosford-Abernethy,45.50597,-122.65476,Entire home/apt,289,2,80,185,2.83,2026-06-14
46498351,"“DaHouse” any nurses in the NE area, short stay",King,45.55322,-122.65966,Private room,,30,0,1,0.02,2022-11-02
46516445,Cozy & Simple Guest Suite | Walkable SE Division,Hosford-Abernethy,45.50143,-122.64779,Entire home/apt,112,2,357,152,2.31,2026-05-18
46568150,"Master Suite, Walk to Alberta Arts & Mississippi",King,45.55467,-122.65889,Private room,80,1,35,390,6.07,2026-05-27
46602903,"Poppy House: Private, 1-BR in NE; Saltwater HotTub",King,45.55110168457031,-122.65592193603516,Entire home/apt,194,1,217,199,4.26,2026-06-11
46608476,"Walkable Sanctuary near Shops, Dining & Downtown!",Humboldt,45.55469,-122.67633,Entire home/apt,249,1,295,166,2.50,2026-06-07
46617145,Prime Location Townhome | Stylish & Comfortable,Vernon,45.56495,-122.65151,Entire home/apt,172,30,318,6,0.12,2025-08-31
46625231,Historic St. Johns 1909 Farmhouse,St. Johns,45.59644,-122.75333,Entire home/apt,173,30,269,5,0.07,2021-09-06
46628896,Bright Home with Hot Tub | PDX Feb–Apr 2026,Hosford-Abernethy,45.503082621296365,-122.64625332678372,Entire home/apt,,30,0,1,0.03,2023-04-08
46715181,Alberta Arts Bungalow for Longer Stays (30+ days),Sabin,45.55536,-122.64922,Entire home/apt,113,30,296,26,0.41,2026-05-02
46715977,Alberta Arts Studio for Longer Stays (30+ days),Sabin,45.55682,-122.64952,Entire home/apt,71,30,127,20,0.31,2026-05-16
46734349,Cozy Nob Hill Apartment,Northwest District,45.53189,-122.69991,Entire home/apt,360,1,310,231,3.97,2026-06-05
46773912,WATERFRONT condo with private balcony with PARKING,Old Town/Chinatown,45.52683,-122.67284,Entire home/apt,123,30,118,8,0.13,2025-08-09
46798301,Cozy Guesthouse in Quiet Neighborhood,Rose City Park,45.54434,-122.61045,Entire home/apt,,30,0,52,0.86,2023-10-29
46819929,Peaceful Studio Cottage,Portsmouth,45.5891,-122.72306,Entire home/apt,107,1,80,75,1.12,2026-05-21
46965190,Modern 1 Bedroom Apartment - Min 30 day stay,Richmond,45.49872,-122.63321,Entire home/apt,76,30,295,27,0.42,2026-04-01
46971277,"Skinny house in N. Portland, 1/2 block from park!",Kenton,45.58254,-122.69482,Entire home/apt,,2,0,7,0.11,2024-11-03
47120722,The Little Tower - Local Vintage Shops & Eateries,Buckman,45.51252,-122.64006,Entire home/apt,193,1,333,380,5.71,2026-05-30
47124122,1BR cottage in wonderful St. Johns,Cathedral Park,45.59409,-122.76114,Entire home/apt,,80,0,9,0.14,2024-08-31
47145105,Private Over Size in New House,Montavilla,45.51517,-122.57897,Private room,55,31,210,60,0.91,2024-09-30
47173524,NW Portland's Finest,Northwest District,45.53432,-122.70249,Entire home/apt,,30,0,1,0.09,2025-08-04
47207122,private room,Montavilla,45.51707,-122.57846,Private room,43,31,136,74,1.13,2025-07-10
47308618,THE BEST Portland Location! Hip Foodie Central,Richmond,45.50888,-122.62523,Entire home/apt,451,2,237,112,1.80,2026-06-03
47362022,Huge Luxury Home with huge Deck near Powell Butte,Powellhurst-Gilbert,45.4852,-122.51521,Entire home/apt,1065,3,354,14,0.23,2026-01-05
47362049,Kernside Cottage with Sauna,Kerns,45.52097,-122.63611,Entire home/apt,229,2,249,263,4.03,2026-06-01
47455439,New Daylight Basement Apt for Short or Long Stays!,King,45.56078,-122.66309,Entire home/apt,,60,0,12,0.25,2024-02-20
47490602,Luxury Townhouse 91 Walkscore 92 Bikescore!,Eliot,45.5465,-122.6709,Entire home/apt,,30,0,9,0.14,2022-06-27
47515983,Modern 3BR + sofa bed• Alberta Arts • WalkScore 99,Vernon,45.55963897705078,-122.64653015136719,Entire home/apt,434,1,301,247,3.77,2026-06-03
47564484,Delightful Creative Oasis in Prime Location!,Concordia,45.56647,-122.62982,Entire home/apt,377,1,208,152,2.34,2026-05-26
47582540,Beautiful townhome on bike trail with river views,South Portland,45.47193,-122.66982,Entire home/apt,313,1,202,226,3.49,2026-05-28
47707533,Modern Cozy Bungalow | Walk to Division + Mt Tabor,Richmond,45.50014,-122.6111,Entire home/apt,266,1,98,124,1.98,2026-05-19
47717464,Modern Gem 3BR & 2 baths,Brentwood-Darlington,45.474503,-122.605972,Entire home/apt,,30,3,5,0.09,2023-03-26
47730668,"Quiet central home w/hot tub, king bed, fireplace",Buckman,45.51449,-122.65334,Entire home/apt,,30,0,23,0.37,2026-06-15
47732938,Patio Villa for 1-4 w/ kitchens & gas firepit,Humboldt,45.55827331542969,-122.66529846191406,Entire home/apt,,2,337,4,0.07,2022-07-22
47738338,Chill Room,Hazelwood,45.52642,-122.53304,Private room,37,30,335,5,0.08,2023-08-30
47758484,Cozy 1 Bedroom Guest Suite in Great Location,Concordia,45.57155,-122.63387,Entire home/apt,181,1,224,68,1.05,2026-06-07
47773612,Modern Luxe Loft on the Hawthorne Strip,Sunnyside,45.51256,-122.63412,Entire home/apt,191,2,303,216,3.30,2026-06-06
47779834,Riposo: A private artistic getaway,King,45.55971,-122.66257,Entire home/apt,97,30,287,53,0.81,2026-02-22
47820771,Historic Charm • Modern Comfort • Spacious • 3BR,Eliot,45.54209518432617,-122.66214752197266,Entire home/apt,431,1,307,286,4.47,2026-06-03
47832547,Northeast Bungalow Private Room,Madison South,45.53408,-122.56685,Private room,,30,0,37,0.71,2023-09-06
47845531,Cozy Guest Cottage in Woodstock Neighborhood,Woodstock,45.486855,-122.617455,Entire home/apt,132,1,175,609,9.31,2026-06-08
47920917,Waterfront living in the heart of PDX!,Old Town/Chinatown,45.52648,-122.67072,Entire home/apt,77,30,90,16,0.25,2026-05-30
47952571,Cozy Studio Apartment in Prime Location!,Northwest District,45.52464,-122.68712,Entire home/apt,70,30,309,92,1.43,2026-02-12
47964109,Centrally-located 1-bedroom escape in NE,Hollywood,45.53683,-122.62386,Entire home/apt,157,2,247,277,4.33,2026-05-31
48028611,Overlook/Modern condo w/private entry-yard-patio,Overlook,45.56223,-122.69775,Entire home/apt,155,2,317,99,1.54,2026-05-11
48032415,Private Oasis! Cozy & Close to Everything!,Richmond,45.50633,-122.61689,Entire home/apt,273,1,305,193,2.98,2026-06-04
48070870,D-Street Hideaway,Richmond,45.50312,-122.62249,Entire home/apt,184,1,221,306,4.83,2026-06-11
48081718,Idyllic NE. Porland Nest,Concordia,45.561702728271484,-122.63465118408203,Entire home/apt,,4,0,26,0.41,2025-09-12
48160008,A refuge in the heart of Alberta Arts District,Vernon,45.56079,-122.64315,Entire home/apt,181,31,329,17,0.30,2026-05-16
48167472,Cathedral Park townhome with Porch!,Cathedral Park,45.58761,-122.75557,Entire home/apt,351,1,63,115,1.84,2026-06-11
48227215,Renovated Large 2 Bed / 2 Bath in neighborhood,Richmond,45.49934,-122.63472,Entire home/apt,,30,22,0,,
48227530,Casa del Sol - Walk to Alberta Arts District,Concordia,45.55796,-122.63412,Entire home/apt,438,1,213,135,2.10,2026-05-28
48230974,Massive 7BR - Nob Hill - NW 23rd - Sleeps 14,Northwest District,45.52370071411133,-122.6971664428711,Entire home/apt,1013,1,284,71,1.14,2026-03-01
48231531,"Hawthorne Heights, fam-friendly (no cleaning fee)",Mt. Tabor,45.51220703125,-122.60918426513672,Entire home/apt,333,2,283,239,4.00,2026-06-02
48231783,"Cozy, Stylish Bungalow w/ Fireplace & Full Kitchen",Irvington,45.5362,-122.64465,Entire home/apt,164,1,27,495,7.68,2026-05-27
48234094,"Cozy So Burlingame 2 bdrm. Close to I-5, OHSU, L&C",South Burlingame,45.46627,-122.68778,Entire home/apt,96,30,277,13,0.22,2026-05-27
48304863,Bright & Cozy Burrage House,Arbor Lodge,45.56957,-122.69568,Entire home/apt,,2,0,130,2.06,2026-01-19
48324926,Casa Daté - Modern SE basement apartment,Hosford-Abernethy,45.5086,-122.63739,Entire home/apt,,2,0,60,0.97,2023-10-08
48351661,PDX Private Walkable Apt w Full Kitchen/Laundry,Eliot,45.53619,-122.65986,Entire home/apt,122,3,120,66,1.31,2026-06-06
48395581,Studio Cairo - New Roseway Dog Friendly Rental,Roseway,45.54645,-122.59369,Private room,72,30,89,0,,
48402404,"A comfy, modern studio next to Mississippi Avenue.",Humboldt,45.557,-122.67318,Entire home/apt,131,2,313,196,3.08,2026-05-31
48404757,Bright and Cozy NEPDX Suite,Concordia,45.5605,-122.62751,Entire home/apt,134,1,320,501,7.80,2026-06-10
48437025,Backyard Studio Hideaway - ECO FRIENDLY!,Brentwood-Darlington,45.4648,-122.58495,Entire home/apt,131,2,68,155,2.45,2026-06-09
48452391,"Mystic Walk to Alberta Arts, Williams, Mississippi",King,45.55512,-122.65878,Private room,68,1,35,363,5.65,2026-05-23
48452803,Cherry Wi-Fi Walk to 100+ food coffee bars transit,King,45.55483,-122.66107,Private room,41,30,137,105,1.63,2024-11-12
48547413,Newly Remodeled Modern 1 BR in Alberta Arts,Alameda,45.55469,-122.63975,Entire home/apt,129,2,331,292,4.58,2026-05-14
48661212,Spacious 4BR/3BA | Sleeps 12 | Near Alberta Arts,King,45.556800842285156,-122.66228485107422,Entire home/apt,653,1,295,285,4.47,2026-05-18
48664989,Chic Modern-Style Townhome,Overlook,45.55471,-122.68291,Entire home/apt,,3,0,64,1.32,2026-06-07
48680618,Classic Portland 1920s 2 bedroom bungalow,Madison South,45.54821,-122.57703,Entire home/apt,88,31,295,10,0.16,2026-05-25
48717925,Avail Aug - Spacious SE PDX Dream Home w/King Bed!,Woodstock,45.47902,-122.6056,Entire home/apt,158,30,220,19,0.31,2026-04-18
48739618,Spacious 4BR Family Home in Portland M#41001,Northwest Heights,45.53779,-122.76943,Entire home/apt,430,30,325,1,0.04,2024-05-31
48754626,Freshly Renovated 2BD in Classic Portland Bungalow,Sunnyside,45.51275,-122.63088,Entire home/apt,209,2,218,217,3.41,2026-06-03
48770826,Designer owned home on Vibrant Williams Avenue,Boise,45.55345,-122.66747,Entire home/apt,276,2,260,236,3.76,2026-05-26
48808806,Charming 1909 St Johns Bungalow,St. Johns,45.59392,-122.74637,Entire home/apt,307,1,257,161,2.57,2026-05-30
48851090,★  Modern Division Street Hideout ★,Richmond,45.50584,-122.63023,Entire home/apt,237,1,319,149,2.38,2026-06-05
48863463,"Charming, Waterfront Condo with Pool/HotTub!",Old Town/Chinatown,45.5279,-122.67279,Entire home/apt,116,30,184,71,1.14,2023-11-17
48898790,Luxe Dutch Colonial in the Heart of Laurelhurst,Laurelhurst,45.52992,-122.62509,Entire home/apt,,2,0,201,3.18,2025-05-28
48921368,Patio w/ fire pit home ✶ 10min to DT → Has it all!,West Portland Park,45.44424,-122.72502,Entire home/apt,342,2,315,73,1.32,2026-02-15
48936189,Desirable Studio in the Streetcar Lofts,Pearl,45.53156,-122.68289,Entire home/apt,124,31,195,17,0.30,2026-04-15
48979035,"All NEW, Modern Guesthouse in North Portland!",Kenton,45.57783,-122.69972,Entire home/apt,79,30,160,148,2.42,2025-05-24
48982663,✦ Gorgeous Home w. Jetted Tub & Steam Shower ✦,Irvington,45.54351,-122.65543,Entire home/apt,,1,0,5,0.08,2021-07-18
48985082,"Walkable to Alberta Arts District, Single Level",Woodlawn,45.56744,-122.64737,Entire home/apt,574,1,333,54,0.93,2026-06-03
49013815,Sunny Buckman Studio • Walk to Food & Coffee,Buckman,45.52021026611328,-122.65282440185547,Entire home/apt,167,1,317,454,7.31,2026-06-07
49017087,Minka's Manor | Walkscore of 92 + Bikescore 100,Humboldt,45.55525,-122.67494,Entire home/apt,125,30,305,214,3.40,2026-06-07
49029576,The Kennedy School Consulate,Concordia,45.56322,-122.63211,Entire home/apt,329,2,341,98,1.55,2026-06-01
49055912,The Haseman House,Eliot,45.54655,-122.66421,Entire home/apt,244,1,202,172,2.77,2026-05-19
49063029,Micro studio in Alberta arts district,Concordia,45.56143,-122.63559,Private room,88,3,111,35,0.56,2026-02-24
49076674,Charming Woodstock Tiny Home,Brentwood-Darlington,45.4746,-122.61396,Entire home/apt,105,30,358,85,1.92,2025-03-07
49078347,"Quirky Micro Apt - Foodies, Artists, Coffee",Buckman,45.51256,-122.64006,Entire home/apt,127,1,321,358,5.68,2026-06-04
49112878,Monthly Rental - NW Studio w/ A View,Northwest District,45.52297,-122.68787,Entire home/apt,94,30,191,6,0.10,2025-08-16
49112883,The Hawthorne Hideaway,Sunnyside,45.5138,-122.62212,Entire home/apt,362,1,239,148,2.36,2026-04-26
49117607,Oswego Empty Nest,Arnold Creek,45.43612,-122.69952,Entire home/apt,244,2,302,162,2.83,2026-06-02
49127182,"Carriage House~Urban Haven, Unique Eclectic Charm",Overlook,45.555259704589844,-122.68392944335938,Entire home/apt,99,30,103,80,1.28,2024-06-11
49131200,Garden Flat: Stunning Scandinavian-Style Retreat,Hosford-Abernethy,45.50321,-122.64243,Entire home/apt,289,3,305,50,0.96,2026-05-26
49158293,"Modern, immaculate, waterfront Pearl Condo PDX",Pearl,45.532,-122.67953,Entire home/apt,29,90,217,5,0.09,2024-12-08
49193906,"Great Location, Walk to everything! 10 min to DT!",Lloyd District,45.53436,-122.65656,Entire home/apt,87,30,310,7,0.12,2026-04-29
49196317,The Highland Rose Retreat Awaits You and Yours,Sylvan-Highlands,45.51294,-122.73567,Entire home/apt,108,30,145,8,0.14,2026-03-31
49217230,Cottage in the trees,Brentwood-Darlington,45.4683,-122.58221,Entire home/apt,128,2,227,97,1.55,2026-05-31
49229089,Mt. Tabor Garden Retreat with hot tub & sauna,Mt. Tabor,45.51691,-122.60707,Entire home/apt,386,2,13,72,1.19,2025-08-25
49240825,Heart of SE Portland,Sunnyside,45.51355,-122.62152,Entire home/apt,,30,0,5,0.08,2022-07-31
49244342,"Far Out Cottage, away from city riffraff",Forest Park,45.601,-122.83286,Entire home/apt,166,2,224,164,2.63,2026-05-03
49247221,Quaintly Remodeled 1900 Farmhouse,Montavilla,45.51900880875986,-122.5812721348369,Entire home/apt,203,1,172,44,0.72,2026-05-05
49262762,Midcentury Case Haus,Concordia,45.57165,-122.62512,Entire home/apt,149,30,347,9,0.15,2025-08-15
49273485,Pearl river view condo with spa,Old Town/Chinatown,45.52902,-122.67435,Entire home/apt,97,30,104,7,0.15,2025-08-31
49278231,"1BR - Walk to Coffee, Brews & NW 23rd Shops",Northwest District,45.53424072265625,-122.6990737915039,Entire home/apt,177,1,335,379,6.05,2026-06-08
49320514,Historic Portland House,South Portland,45.50324,-122.68041,Private room,,30,0,42,0.67,2021-12-12
49360055,NE PDX 2Bed 1Bath w/Den Newly Furnished Apartment!,Piedmont,45.57128,-122.66482,Entire home/apt,164,1,205,390,6.30,2026-06-09
49365778,Hawthorne Happiness,Richmond,45.51095,-122.61432,Entire home/apt,,30,0,7,0.12,2021-10-25
49367412,The Art Deco Lounge | Mississippi Ave | Parking,Boise,45.553104400634766,-122.67577362060547,Entire home/apt,206,1,328,332,5.32,2026-06-05
49390590,Modern Luxury & Convenience in Serene Forest,Northwest Heights,45.54551,-122.76987,Entire home/apt,199,2,364,102,1.67,2026-02-16
49401898,"Excellent Location, Close to Parks, Single Level",Woodstock,45.48707,-122.61158,Entire home/apt,249,2,341,66,1.06,2026-05-02
49420291,Cozy Bungalow - Walkable to Dekum St & food carts,Woodlawn,45.56963,-122.65975,Entire home/apt,,30,0,9,0.15,2022-02-28
49437297,Historic Goose Hollow  Guest Suite,Goose Hollow,45.5198,-122.69547,Entire home/apt,,2,0,128,2.08,2025-06-11
49445408,Luxe Space | 95 walk score | AC | Laundry | Patio,Boise,45.55091979109749,-122.66498218010146,Entire home/apt,295,2,131,192,3.14,2026-06-07
49484215,KEX Portland-Standard King Ensuite,Kerns,45.52345,-122.66269,Private room,152,1,255,4,0.07,2026-04-12
49535542,Woodlawn Artist’s Cottage - Entire Home,Woodlawn,45.57472,-122.65461,Entire home/apt,,30,29,16,0.26,2026-05-31
49597718,Charming Home in Sellwood  3BR/2Ba Long Stays,Sellwood-Moreland Improvement League,45.46725,-122.64982,Entire home/apt,146,31,302,17,0.28,2026-06-08
49710323,Million Dollar Downtown View Private Luxury Suite,Pleasant Valley,45.471279,-122.541557,Entire home/apt,96,25,65,40,0.65,2026-04-04
49716474,Cozy Studio In NE PDX (Cully/Beaumont-Wilshire),Cully,45.55583,-122.60789,Entire home/apt,108,1,199,551,8.90,2026-05-28
49717790,Modern One Bedroom in North Portland,Overlook,45.56318,-122.68817,Entire home/apt,,3,0,27,0.45,2025-02-10
49739224,Alberta arts studio with a full kitchen,Concordia,45.56244,-122.63573,Private room,128,3,128,10,0.16,2026-06-08
49739487,Comfy Alberta Arts Live/ Work Space,Concordia,45.56089,-122.63417,Private room,95,3,103,11,0.31,2026-05-25
49772920,Buckman Bliss- Quiet Oasis Near Portland's Pulse,Buckman,45.521080017089844,-122.65284729003906,Entire home/apt,286,1,65,352,5.70,2026-06-07
49777436,Hawthorne Hale - Ohana,Richmond,45.5108,-122.63203,Entire home/apt,106,2,216,137,2.28,2026-05-30
49812482,The Fox Den—Stylish Parkside Studio,Irvington,45.54811,-122.65477,Entire home/apt,140,2,96,153,2.49,2026-05-26
49812801,Stunning 60s-70s Retro Apartment,Brentwood-Darlington,45.46536,-122.59263,Entire home/apt,148,2,305,165,2.70,2026-06-06
49813450,Hawthorne Hale - Skylit Attic,Richmond,45.51135,-122.63211,Private room,157,2,23,135,2.20,2026-05-26
49861953,SE Portland Cottage in the City,Richmond,45.50089,-122.62193,Entire home/apt,228,1,330,206,3.64,2026-06-07
49877682,Modern & Chic Space for Extended Stay,Woodlawn,45.573,-122.65706,Entire home/apt,177,5,89,15,0.36,2026-06-12
49907060,Enchanting Cottage in Woodstock,Woodstock,45.4814,-122.61415,Entire home/apt,248,2,199,18,0.60,2026-01-06
49924137,Monthly Rental - Stylish 2BR in SE Ladd',Hosford-Abernethy,45.50782,-122.65072,Entire home/apt,191,31,227,7,0.12,2025-12-22
49978833,Garden Guest Suite,Piedmont,45.5787,-122.67215,Entire home/apt,,4,0,5,0.08,2026-04-12
50000480,Modern Eastside Studio close to I205,Powellhurst-Gilbert,45.50011,-122.5416,Entire home/apt,140,2,40,85,1.45,2026-01-15
50031321,Epic record collection & hot tub in bright home,Hosford-Abernethy,45.5054,-122.64317,Entire home/apt,321,2,191,118,2.16,2026-05-16
50048204,Melrose Place,Northwest District,45.53518,-122.70602,Entire home/apt,544,1,192,244,4.07,2026-06-07
50050810,Beautiful 2-Bed 2-Bath Guest House in Alberta,King,45.5558,-122.65455,Entire home/apt,115,30,288,47,0.77,2025-05-31
50087111,#StayinMyDistrict Buckman Open Loft-Style Townhome,Buckman,45.51661682128906,-122.64197540283203,Entire home/apt,329,1,83,288,4.70,2026-06-13
50089324,"Remodeled, Quiet, Safe, Walkable, Bikable, Comfort",Rose City Park,45.53408286175004,-122.61374138060783,Entire home/apt,112,30,344,2,0.03,2021-11-26
50098330,Upscale Craftsman Loft in Walkable Alberta Arts,Sabin,45.55702,-122.64943,Entire home/apt,174,30,319,8,0.13,2025-11-15
50132077,"Sunshine Suite: Walkable, Sun Room, Quiet Street",Rose City Park,45.53528921590013,-122.61389322435363,Entire home/apt,97,31,257,9,0.17,2026-02-05
50196569,Lovely Ladds Addition Garden Suite,Hosford-Abernethy,45.50784,-122.64842,Entire home/apt,257,3,9,43,0.71,2026-06-03
50210782,30 day stay w/ parking and centrally located!,Sunnyside,45.51611,-122.63402,Entire home/apt,,30,0,110,1.81,2024-10-01
50212157,BRIGHT COTTAGE STYLE APARTMENT | ON BELMONT,Sunnyside,45.51745,-122.62205,Entire home/apt,127,31,242,82,1.35,2026-04-06
50241524,Sellwood-Westmoreland Urban Guesthouse,Sellwood-Moreland Improvement League,45.47233,-122.64614,Entire home/apt,297,1,99,93,1.59,2026-05-25
50248316,"Bright, Private & Cozy with Yard",Lents,45.48581190816124,-122.57441030784686,Entire home/apt,158,1,261,262,7.67,2026-06-13
50260406,Colorful Room in Craftsman Guest House,Vernon,45.55782,-122.64836,Private room,43,30,149,2,0.06,2025-11-01
50262729,Freshly renovated 2bd   place close to airport .,Sumner,45.56079,-122.57815,Entire home/apt,212,1,229,130,2.49,2026-05-25
50288693,"Spacious, Cozy, Artsy Flat w new stove & Bathroom!",Kerns,45.524353,-122.644806,Entire home/apt,166,2,342,152,2.52,2026-06-07
50312370,"Beautiful Waterfront Pearl Condo, View,  w/Parking",Old Town/Chinatown,45.52957,-122.67538,Entire home/apt,120,30,319,7,0.12,2025-12-18
50331334,Modern Alberta Arts District private apartment!,Concordia,45.56025,-122.63392,Entire home/apt,203,2,295,182,3.05,2026-05-31
50335321,The Nest - studio apartment with private deck,Concordia,45.56603,-122.63315,Entire home/apt,176,1,10,154,2.53,2026-06-02
50342821,Bright & Stylish Alphabet District Suite | NW 23rd,Northwest District,45.53418731689453,-122.69908905029297,Entire home/apt,185,1,305,486,7.98,2026-05-24
50342994,NW 23rd - 1BR - Best Location - Historic Beauty,Northwest District,45.53417205810547,-122.69927215576172,Entire home/apt,183,1,328,366,6.01,2026-06-04
50348348,The Nest- Gated Property w/ Park views. Fast Wi-Fi,Concordia,45.56754,-122.62566,Entire home/apt,175,2,133,62,1.06,2026-06-13
50404262,THE SPOT ON PRESCOTT: A NE PDX Artist Oasis,Sabin,45.55575,-122.65137,Entire home/apt,291,2,258,56,0.94,2026-05-25
50413730,Stylish Open Studio | Mins to ❤ of Portland,Sellwood-Moreland Improvement League,45.48507,-122.64718,Entire home/apt,156,1,147,198,3.33,2026-06-02
50419631,Modern Apartment/Great Location,Boise,45.54891,-122.6632,Entire home/apt,,30,0,18,0.30,2024-05-16
50484567,"Guest Suite in Alphabet/NW District w A/C, Parking",Northwest District,45.52511,-122.69574,Entire home/apt,160,1,329,202,3.34,2026-04-13
50549203,Brand new condo in the lovely Mississippi Area,Humboldt,45.555222,-122.67627,Entire home/apt,70,30,278,14,0.25,2026-03-29
50549734,Eastside Hideaway; 1 Month to 6 Months/One Dog,Madison South,45.53854,-122.58325,Entire home/apt,67,30,192,48,0.94,2024-11-17
50592918,Best Location! Private Jacuzzi & Sauna!,Arlington Heights,45.52215,-122.70893,Entire home/apt,703,30,365,31,0.52,2022-05-22
50621273,Master size privet room monthly rent,Montavilla,45.516037,-122.578171,Private room,47,31,213,5,0.08,2024-10-02
50641137,Artist's Charming Craftsman 2nd floor space,King,45.55733,-122.65813,Entire home/apt,143,3,284,25,0.42,2026-02-13
50661616,Close-in but Secluded Private Guesthouse,Hosford-Abernethy,45.504926373426294,-122.64973281375545,Entire home/apt,,1,0,211,5.75,2024-12-28
50663158,Artist's Modern & Serene Home in the Alberta Arts,King,45.55717,-122.65642,Entire home/apt,204,6,337,11,0.22,2025-10-29
50674898,charming 1926 portland 2-bedroom bungalow,Richmond,45.50191,-122.61277,Entire home/apt,,30,0,5,0.11,2022-11-11
50703679,Beautiful Alberta Guesthouse | Outdoor Soaking Tub,Concordia,45.55857,-122.63025,Entire home/apt,241,2,341,215,3.57,2026-06-08
50770348,Mid-century Modern PDX Escape,South Portland,45.48911,-122.67836,Entire home/apt,189,2,305,45,1.07,2026-05-24
50771560,Cascadia Hideaway: Dreamy 1-Bedroom Basement Suite,Vernon,45.56562,-122.65041,Entire home/apt,75,31,317,108,1.79,2026-02-04
50793301,"Family-friendly, Modern Apartment Next to Park",King,45.55204,-122.65972,Entire home/apt,,30,0,1,0.02,2021-08-15
50811298,"Private urban retreat, new build, 1bedroom, sleep4",Woodlawn,45.57172,-122.64369,Entire home/apt,186,2,255,115,1.98,2026-06-02
50813090,✶ Vibrant Master Suite at Amorcito de Jenny ✶,Foster-Powell,45.48968,-122.59452,Private room,123,2,340,137,2.61,2026-05-25
50898082,Bright and beautiful 2 bedroom Loft,Northwest District,45.53588,-122.69872,Entire home/apt,,31,0,7,0.12,2023-08-13
50916194,Sunny one bedroom flat  with private yard,Hayhurst,45.48213,-122.7317,Entire home/apt,83,30,98,10,0.17,2024-07-08
50920934,Modern private space close to Mississippi Street,Boise,45.54836170375843,-122.67685632597862,Entire home/apt,154,1,294,248,4.33,2026-06-05
50951780,Charming Crafstman Suite with Sitting Area and AC!,Laurelhurst,45.53202,-122.63018,Private room,,1,0,34,0.57,2024-11-17
50956404,Finch Studio Cottage in Montavilla,Montavilla,45.52077,-122.57452,Entire home/apt,129,2,164,300,5.06,2026-06-14
50961355,Private Entire Guest Suite Near Arts District,King,45.55852,-122.66337,Entire home/apt,194,1,302,123,2.33,2026-05-18
50978165,Stunning Apartment in the Heart of Mississippi Ave,Boise,45.54978,-122.67435,Entire home/apt,180,1,301,239,4.08,2026-06-06
51003577,2 Bedroom Home near Mississippi Ave,Humboldt,45.55977,-122.67575,Entire home/apt,,30,0,12,0.21,2022-01-02
51004521,Portland's Finest - Luxury Pearl District 4 BR,Northwest District,45.53127670288086,-122.68793487548828,Entire home/apt,383,1,321,227,3.79,2026-05-25
51004705,Lovely location 3 BR Pearl apt - Sleeps 8,Northwest District,45.53127670288086,-122.68793487548828,Entire home/apt,263,1,317,217,3.63,2026-06-02
51004851,Unique 8 BR Private Home in Pearl District,Northwest District,45.53127670288086,-122.68793487548828,Entire home/apt,1195,1,292,48,0.82,2026-03-11
51015713,Urban Charmer Close to Restaurants and Shops,Northwest District,45.52687,-122.6957,Entire home/apt,230,30,283,12,0.22,2025-10-25
51021251,"Cozy & Modern FoPo Private Rooms, Self Check-In!",Mt. Scott-Arleta,45.483272552490234,-122.60054779052734,Private room,168,2,40,169,3.38,2026-06-07
51038508,☆ Sun filled in heart of DWTN Portland #allwelcome,Portland Downtown,45.50708,-122.682175,Entire home/apt,353,30,365,15,0.25,2021-08-19
51038540,Ross Island Rooftop 2-bedroom with All the Views,Brooklyn Action Corps,45.5007,-122.65835,Entire home/apt,85,31,40,8,0.14,2025-09-29
51059075,Urban Forest Getaway,Ashcreek,45.45576010570618,-122.73694560167738,Entire home/apt,71,30,262,33,0.89,2025-12-31
51083931,St. John’s/cathedral park private getaway,St. Johns,45.59819,-122.74651,Entire home/apt,220,1,118,339,5.78,2026-05-27
51087138,Montavilla Apartamento,Montavilla,45.51942312553222,-122.5734307979751,Entire home/apt,274,1,298,80,4.91,2026-05-31
51090503,"1 Bedroom + Flex Room - Modern Condo, EV Charger",Pearl,45.531918,-122.680618,Entire home/apt,137,30,313,9,0.16,2026-05-20
51126705,Stylish 1BR garden guesthouse with patio near UofP,University Park,45.57673,-122.7243,Entire home/apt,157,2,183,150,2.64,2026-05-31
51127176,Clinton St Guesthouse • Walkable & Artistic,Richmond,45.50225,-122.63198,Entire home/apt,297,1,51,275,4.73,2026-06-03
51141878,Beautiful 1 bedroom guesthouse with parking,Ashcreek,45.45335,-122.73818,Entire home/apt,157,2,40,53,1.09,2026-05-25
51152002,#StayInMyDistrict Arbor Lodge & Popular Overlook,Arbor Lodge,45.566586,-122.685684,Entire home/apt,189,1,74,126,2.12,2026-05-25
51174832,Cozy 1-bedroom private bath in little Portlandia,Kenton,45.58568,-122.69597,Private room,,30,0,150,2.59,2023-01-15
51177526,"Spacious Queen Bedroom with Private Bath, SE area",Creston-Kenilworth,45.49225,-122.63445,Private room,65,30,318,0,,
51260916,St. Johns Apartment 2 Bed 1 Bath,St. Johns,45.587408912699615,-122.74592202645053,Entire home/apt,100,30,315,2,0.16,2025-08-02
51269549,Modern Home in Foodie District - 2BR - Sleeps 4,Buckman,45.51246643066406,-122.6463623046875,Entire home/apt,266,1,311,365,6.14,2026-06-08
51287119,The Hawthorne House ~ Boutiques & Vintage Shops,Richmond,45.51055,-122.62428,Entire home/apt,375,1,26,273,4.60,2026-06-09
51308901,Perfect Hawthorne Micro By Top Shopping & Dinning,Buckman,45.51254,-122.64006,Entire home/apt,166,1,337,330,5.56,2026-06-08
51351075,Guest house with lots of natural light,North Tabor,45.52185,-122.61349,Entire home/apt,82,30,108,1,0.09,2025-08-02
51422753,"River view, rooftop deck, 2bd 2ba",Old Town/Chinatown,45.52803,-122.67326,Entire home/apt,121,31,240,19,0.34,2026-05-05
51437092,Nicki’s City View Patio Downtown Free Parking,Goose Hollow,45.51593,-122.69253,Entire home/apt,128,1,209,421,7.12,2026-05-25
51448944,Your Stay in Pearl District,Pearl,45.53118,-122.68092,Entire home/apt,162,30,91,52,0.89,2026-05-01
51510456,"2 min to shops, food & transit: Kenton Garden Home",Kenton,45.582539,-122.683838,Entire home/apt,88,3,70,69,1.23,2026-06-12
51523122,Quite 1-bedroom Montavilla stay,Montavilla,45.51402,-122.58069,Entire home/apt,220,30,365,0,,
51559601,Irving Park Bungalow,Eliot,45.54539,-122.66132,Entire home/apt,165,2,71,125,2.34,2026-06-04
51575566,Urban Nature Sanctuary,East Columbia,45.59266,-122.64823,Entire home/apt,,180,173,1,0.02,2021-12-15
51585236,Adorable Alberta Arts Apartment - Private Entrance,Alameda,45.5541,-122.63747,Entire home/apt,147,1,50,134,2.43,2026-06-04
51618968,"Hollywood Haven Pet&Family Friendly
*Kitchenette*",Hollywood,45.5339469909668,-122.61518859863281,Entire home/apt,228,1,325,146,2.55,2026-06-02
51623504,"Comfy, Private Suite Off NE Alberta Street",Vernon,45.55947,-122.64461,Entire home/apt,172,2,73,114,1.96,2026-06-14
51641308,Pdx Luxury family home,Parkrose Heights,45.54497,-122.54664,Entire home/apt,337,1,236,142,2.42,2026-06-07
51696208,Garden hideaway steps from classic PDX favorites,Goose Hollow,45.52078,-122.6971,Entire home/apt,256,1,247,121,2.07,2026-06-02
51715982,#StayInMyDistrict Woodlawn Eclectic -Walk to Dekum,Woodlawn,45.573421,-122.649864,Entire home/apt,,1,0,162,2.75,2026-05-31
51731517,Historic Mott Sisters Style Salon-Near Moda Center,Eliot,45.53724,-122.66912,Entire home/apt,263,1,208,119,2.09,2026-05-31
51744955,Adorable 1-bedroom apt-historic Alberta farmhouse,Concordia,45.56173,-122.64012,Entire home/apt,,30,0,10,0.21,2025-03-27
51764646,Beautiful Modern 3 bdrm home in great PDX location,Sunnyside,45.5149,-122.627304,Entire home/apt,208,30,321,3,0.05,2022-08-01
51766581,"Cozy home near St Johns, w/ office & big backyard",Portsmouth,45.58513,-122.73076,Entire home/apt,169,30,364,8,0.14,2025-08-09
51771121,"Detached Studio · Bright, Quiet & Private Parking",Brooklyn Action Corps,45.4917,-122.64956,Entire home/apt,,30,0,10,0.17,2024-06-07
51804031,[7+ day stay] mountain suite w/ location + view,Goose Hollow,45.51506,-122.69578,Private room,,31,0,84,1.44,2023-12-27
51820350,"Private home, backyard escape, A+ walking score",Richmond,45.49859,-122.62536,Entire home/apt,,3,0,1,0.02,2021-09-26
51823507,Charming Stucco Bungalow by Alberta Park,Concordia,45.566628,-122.643074,Entire home/apt,377,1,32,139,2.44,2026-06-13
51825577,Great Downtown Location- Walk to Everything!,Goose Hollow,45.52191,-122.68741,Entire home/apt,87,30,255,6,0.11,2025-09-02
51828909,Artists Loft Perched in the Heart of Nob Hill,Northwest District,45.52681,-122.69454,Entire home/apt,,30,16,0,,
51843145,Comfy bedroom in Inclusive Home,Markham,45.4611,-122.70191,Private room,48,30,79,10,0.19,2024-12-08
51923722,Very Private Cottage Alberta Arts!,Vernon,45.55834,-122.64514,Entire home/apt,415,1,365,2,0.03,2024-02-18
51925459,The Redwood Shed,Arbor Lodge,45.57464,-122.68598,Entire home/apt,,6,0,9,0.18,2025-07-03
51927854,Step Back In Time,Sellwood-Moreland Improvement League,45.46905,-122.64292,Entire home/apt,134,30,56,65,1.23,2025-05-30
51987642,Cozy lofted guesthouse near it all - kid friendly,Buckman,45.51855,-122.64298,Entire home/apt,115,30,44,187,3.54,2026-05-17
52011583,Hip Modern Condo - black & gold theme,Powellhurst-Gilbert,45.50403,-122.52234,Entire home/apt,310,30,270,1,0.02,2021-11-15
52025018,The Inn at Hosford-Abernethy,Hosford-Abernethy,45.50109,-122.64483,Entire home/apt,169,2,109,141,2.69,2026-06-01
52026807,"Finished, private basement ADU in SE Portland!",Foster-Powell,45.48917,-122.58526,Entire home/apt,143,1,307,162,3.13,2026-05-25
52042097,North Portland Artist's Bungalow,Arbor Lodge,45.57415,-122.68202,Entire home/apt,,30,0,3,0.05,2021-09-27
52072222,Sylvan Highland Townhome with a view,Sylvan-Highlands,45.50842,-122.74354,Entire home/apt,152,14,235,5,0.18,2025-01-26
52108103,3 BR 1 BA - Cozy Home - Walkscore 97 - Shopping,Sunnyside,45.51265324643647,-122.62689431058043,Entire home/apt,434,1,312,255,4.42,2026-06-10
52152225,Cozy Portland getaway in the heart of the city,Sunnyside,45.51585,-122.63383,Entire home/apt,108,30,134,21,0.37,2026-03-20
52165460,Terwilliger Place - No Cleaning Fees,Homestead,45.49057,-122.68144,Entire home/apt,131,6,298,60,1.05,2026-05-29
52166769,The Sumner Sanctuary | Cozy ADU Near Everything,Sumner,45.55598846244098,-122.57675218556996,Entire home/apt,75,2,281,54,0.99,2025-09-12
52198529,"Adorable updated craftsman, great neighborhood",Rose City Park,45.54538,-122.59774,Entire home/apt,,90,88,44,0.76,2024-07-08
52265505,3 bed/3 bath/office and patio. 100% walkable,Pearl,45.53153,-122.68203,Entire home/apt,284,31,334,0,,
52309660,At Home on Holland St.,Piedmont,45.57477,-122.66842,Entire home/apt,159,2,26,92,1.61,2026-05-18
52336830,"New listing, modern, rooftop- 3 bed/2.5 bath",Buckman,45.520653,-122.65004,Entire home/apt,147,30,249,0,,
52351505,Private Luxury suite w kitchenette in the hills,Pleasant Valley,45.47064,-122.54039,Entire home/apt,86,10,33,14,0.25,2025-07-15
52391382,Warm Two Bedroom Residential Home with Game Room,Brentwood-Darlington,45.47453,-122.58367,Entire home/apt,,30,0,7,0.13,2022-04-10
52407240,"Candelabra House-Private, no shared walls, by Reed",Brentwood-Darlington,45.47243,-122.60928,Entire home/apt,,3,0,44,1.08,2025-11-29
52464444,Tranquility House,Wilkes,45.52743,-122.50238,Entire home/apt,272,1,272,196,3.43,2026-05-28
52494101,King Bed - A/C- Outdoor Space - Gated Home!,Portsmouth,45.59361,-122.72247,Entire home/apt,192,2,92,60,1.13,2023-09-11
52517239,Concordia Apartment,Concordia,45.56678,-122.62847,Entire home/apt,165,2,317,105,1.84,2026-06-10
52551684,Elegant Historic Irvington Home,Irvington,45.5394244502062,-122.65264689068023,Entire home/apt,,1,0,35,1.41,2025-09-19
52552937,#StayInMyDistrict Buckman Bright Spacious Townhome,Buckman,45.51661682128906,-122.64197540283203,Entire home/apt,285,1,103,182,3.18,2026-06-12
52580034,Charming remodeled bungalow in trendy Westmoreland,Sellwood-Moreland Improvement League,45.47821,-122.64356,Entire home/apt,181,30,181,3,0.06,2022-09-10
52584189,Beautiful & private forest suite with kitchenette,Hillsdale,45.47889709472656,-122.68685913085938,Entire home/apt,176,2,245,165,2.97,2026-05-24
52630652,Fun & Walkable Woodstock Eastmoreland/Reed College,Woodstock,45.477608,-122.618774,Entire home/apt,76,30,315,20,0.35,2026-04-19
52723389,Trendy 2 Bedroom Bungalow in Rockwood,Centennial,45.51184,-122.50055,Entire home/apt,192,2,61,9,0.16,2026-06-08
52735036,Cheerful sunny  bedroom in artist bungalow,Hazelwood,45.52961264168483,-122.5368713350562,Private room,62,30,365,0,,
52737181,Alberta Arts Modern Vintage Gem!,Concordia,45.566,-122.63118,Entire home/apt,339,2,250,84,1.60,2026-06-14
52763423,Private Renovated Studio w full kitchen & Parking!,Far Southwest,45.44152,-122.73695,Entire home/apt,160,3,299,105,1.92,2026-06-09
52795164,Beautiful Tudor style home in inner SE,Hosford-Abernethy,45.50798,-122.63716,Entire home/apt,,30,0,3,0.05,2022-04-02
52816816,Our peaceful dwelling,Powellhurst-Gilbert,45.49276,-122.53996,Private room,55,30,365,19,0.34,2022-08-24
52841279,Private Guest Suite - In the heart of NE Portland!,Beaumont-Wilshire,45.55675,-122.62106,Entire home/apt,,180,83,34,0.60,2024-06-18
52843369,The Artist Sanctuary,Sunnyside,45.51632,-122.62704,Entire home/apt,,30,0,18,0.33,2025-07-01
52846028,"Bright, colorful studio apartment in SE Portland!",Mt. Scott-Arleta,45.47711,-122.59143,Entire home/apt,125,1,324,13,1.84,2026-06-01
52861954,Waterfront View on the Willamette w pool € hotub!,Old Town/Chinatown,45.52969,-122.67416,Entire home/apt,,30,19,106,1.87,2026-05-06
52864168,Centrally Located Historic Hawthorne Home,Hosford-Abernethy,45.51039,-122.64833,Entire home/apt,479,3,70,76,1.36,2026-05-26
52878944,3BR Spacious hm on Alberta St in cool art district,Concordia,45.55945,-122.6413,Entire home/apt,520,2,261,73,1.31,2026-05-03
52886721,Beautiful Tiny House on Sweet Property in NE PDX!,Cully,45.55035,-122.60139,Entire home/apt,56,30,288,8,0.14,2025-12-02
52897209,"HotTub, Fast WiFi, cozy & convenient-Casita Morado",Montavilla,45.52969,-122.57375,Entire home/apt,150,2,172,217,4.06,2026-06-03
52917118,"Spacious Home, Quiet, Close to Downtown, Top Area",South Burlingame,45.46682,-122.68714,Entire home/apt,350,1,303,114,2.02,2026-06-09
52920166,Downtown Portland Studio: An Artist's Retreat,Northwest District,45.523235,-122.687019,Entire home/apt,,31,0,8,0.15,2023-11-01
52923271,Charmaine’s place,Centennial,45.50795,-122.49489,Private room,44,31,89,6,0.11,2025-09-01
52950061,North Portland Urban Cottage,Overlook,45.56357068157594,-122.68525915520665,Entire home/apt,206,2,87,136,2.50,2026-06-09
52994467,"Five Star Location, Adorable Secluded Tiny Home",Hosford-Abernethy,45.50467,-122.63837,Entire home/apt,76,30,248,25,0.54,2026-05-14
53011315,"St Johns garden retreat- bright, patio, big yard",St. Johns,45.597397,-122.754715,Entire home/apt,125,2,21,173,3.21,2026-05-25
53050479,Private Apartment - Concordia District,Concordia,45.571938645261405,-122.63683710374322,Entire home/apt,52,30,45,8,0.20,2023-04-16
53051346,Cosmo’s House ~ Sunny Alberta Arts Bungalow,Concordia,45.55741,-122.63398,Entire home/apt,,6,0,19,0.34,2023-12-30
53062253,Urban Victoria Historic Registry home with 4 beds!,South Portland,45.49842,-122.67764,Entire home/apt,277,2,313,216,4.10,2026-06-12
53106866,The Timber Nook • Rustic Charm • Walkable Location,Hosford-Abernethy,45.49874,-122.6414,Entire home/apt,137,1,339,287,5.16,2026-05-04
53133484,Stylish 2 bd home-gorgeous outdoor fireplace,Laurelhurst,45.52369,-122.61775,Entire home/apt,446,1,306,127,2.27,2026-05-31
53136399,Close-In Irvington Escape,Eliot,45.54393736787331,-122.66059504461086,Entire home/apt,90,30,347,0,,
53164238,3 Mi to Downtown Portland: Lush Flat w/ Fire Pit,South Portland,45.47362,-122.67875,Entire home/apt,205,2,322,58,1.14,2026-06-07
53199808,Private Botique Guest Suite In The Hills Of PDX,Pleasant Valley,45.47040091742469,-122.54237332894758,Entire home/apt,79,25,86,22,0.39,2026-05-09
53201487,Rare & lush 1 BR in heart of the city!,South Portland,45.48674,-122.67604,Entire home/apt,147,5,156,30,0.55,2026-04-01
53215827,Private Bath - Upstairs Floor- Downtown - View,South Portland,45.50148745842035,-122.68138095989127,Private room,,30,0,20,0.36,2023-10-29
53235251,Delightful Studio In Historic Irvington Home!,Irvington,45.53609,-122.65082,Entire home/apt,125,3,210,170,3.06,2026-05-25
53238500,"♥ Cozy Nob Hill 2br, walk to Pearl and Downtown!",Northwest District,45.52448,-122.69054,Entire home/apt,194,2,40,179,3.26,2026-05-30
53276897,SE Cottage Near Division Monthly Rental,Richmond,45.50325,-122.61861,Entire home/apt,114,45,90,4,0.07,2022-03-01
53337862,Urban Hideaway byWonder Ballroom/Moda/Williams Ave,Eliot,45.54284,-122.66362,Entire home/apt,106,1,241,370,6.94,2026-06-06
53345007,Stylish Laurelhurst Guesthouse,Laurelhurst,45.52023,-122.61895,Entire home/apt,209,3,216,102,1.85,2026-05-15
53382149,Eclectic Deco Style with Sauna Near Hawthorne,Sunnyside,45.51255,-122.62671,Private room,172,2,229,127,2.34,2026-05-23
53418182,Forest Lodge Nature Lookout 15 min to downtown,Forest Park,45.60081318774047,-122.82583114864036,Entire home/apt,176,2,231,152,6.08,2026-06-11
53419379,Two Bedroom Unit in basement of Victorian,Northwest District,45.5279,-122.69009,Entire home/apt,79,30,305,14,0.26,2025-08-31
53431263,Wonderful Hawthorne + Cat,Mt. Tabor,45.51059,-122.61126,Entire home/apt,,30,0,0,,
53432624,Cozy private room in a charming FoPo home,Foster-Powell,45.48632,-122.58263,Private room,93,1,306,154,2.89,2026-05-03
53474842,The Garden Cottage - Broadway Retreat - Walkable,Irvington,45.53533935546875,-122.64681243896484,Entire home/apt,161,1,328,201,3.65,2026-05-31
53532169,Parkrose Private Luxury Suite,Russell,45.5456,-122.53342,Entire home/apt,253,1,72,58,1.10,2025-08-24
53540144,NEW! - Bright Modern Entire Unit KING BED!,Parkrose Heights,45.54266,-122.54615,Entire home/apt,238,1,233,87,1.60,2026-06-06
53547952,Peaceful Urban Farm Guest Suite,Brentwood-Darlington,45.47136,-122.60673,Entire home/apt,114,2,45,118,2.15,2026-03-31
53614032,Deluxe 2 BR Irvington Guesthouse with Hot Tub!!,Irvington,45.54511,-122.65694,Entire home/apt,359,3,249,175,3.30,2026-06-07
53650635,"Minnesota Room (Located in Portland, OR)",Roseway,45.55441,-122.5803,Private room,75,1,161,435,8.13,2026-05-29
53665326,Willamette river tiny house with modern amenities,Sellwood-Moreland Improvement League,45.474377,-122.660698,Entire home/apt,,30,0,5,0.10,2025-10-16
53684019,Wonderful Hawthorne + Cat,Mt. Tabor,45.51046,-122.60769,Entire home/apt,,30,0,0,,
53685675,"Quaint, cozy room in our welcoming home",Boise,45.55422,-122.67582,Private room,,30,0,79,1.52,2023-11-04
53708307,"Spacious, dog-friendly 3bd home in heart of SE PDX",Buckman,45.51523,-122.63738,Entire home/apt,,30,0,5,0.10,2023-08-30
53709880,"The best of Ptld. Step to Music, Dining, Downtown.",Buckman,45.519115,-122.649849,Entire home/apt,160,30,202,13,0.26,2025-10-07
53778645,Office Space - Day use,Roseway,45.54188,-122.59482,Private room,177,30,362,0,,
53784227,Newly renovated/furnished 2BR condo near PSU,Portland Downtown,45.51083,-122.67964,Entire home/apt,133,30,350,8,0.16,2025-08-13
53784411,Entire Home: Cheerful 3 bed in historic St Johns.,St. Johns,45.59472,-122.75248,Entire home/apt,,30,0,14,0.33,2023-07-14
53814867,Sunset Porch House - Inner SE Portland,Hosford-Abernethy,45.505901,-122.636459,Entire home/apt,314,2,129,142,2.70,2026-06-01
53832633,"Woodstock Townhouse, Open Floor Plan, Custom",Woodstock,45.48934,-122.61869,Entire home/apt,663,2,64,36,0.71,2026-05-11
53891208,4BR • Sleeps 10 • Trendy Arts District Location,King,45.56139373779297,-122.66246032714844,Entire home/apt,379,1,326,244,4.52,2026-06-07
53921672,1000 Sq Ft Guest Suite hosted by Patrick & Naomi,Roseway,45.545942790618845,-122.58539629421124,Entire home/apt,142,2,100,141,2.62,2026-03-02
53926282,Renovated 4BR + Office 30+ Day I Walk to Williams,Eliot,45.54794,-122.66412,Entire home/apt,204,29,298,96,1.77,2026-03-27
53970706,"Private Bright Room, Office, Big Outdoor Space",King,45.55576,-122.65978,Private room,60,30,177,1,0.02,2022-10-08
54014394,Corner 1-bedroom ADU off South East Division,Richmond,45.50309,-122.63126,Entire home/apt,100,30,148,35,0.68,2023-11-25
54039058,Monthly Rental - The Hollywood House,Hollywood,45.53689,-122.61614,Entire home/apt,209,30,135,6,0.15,2025-12-31
54070480,One bedroom condo on the Willamette River Path!,South Portland,45.47004,-122.67008,Entire home/apt,,1,0,92,1.81,2026-05-26
54091757,Clean + Modern house in heart of NE Portland,Woodlawn,45.56784,-122.65467,Entire home/apt,,3,0,46,0.88,2025-08-31
54105121,5BR Modern Craftsman on artsy Alberta St,Concordia,45.5598,-122.64091,Entire home/apt,745,2,241,93,1.82,2026-05-17
54111795,Waterfront PDX Condo by Pearl Dist | Parking+Pool,Old Town/Chinatown,45.52821,-122.67326,Entire home/apt,113,30,314,19,0.38,2025-09-12
54131693,PDX Penthouse with Mountain & River Views,South Portland,45.47196,-122.67566,Entire home/apt,415,2,291,62,1.17,2026-05-23
54160738,Renovated Condo in the Heart of Portland,Northwest District,45.5241,-122.6882,Entire home/apt,88,30,174,11,0.23,2025-01-04
54167263,Studio Retreat in the City,Hayhurst,45.48255,-122.72189,Entire home/apt,126,1,200,75,4.72,2026-06-05
54168405,Stylish Apartment in Historic Neighborhood,Boise,45.55331,-122.67675,Entire home/apt,80,31,226,9,0.18,2025-08-30
54186522,Big family home. Pets okay. Close to parks & more.,Woodlawn,45.57163,-122.64561,Entire home/apt,,30,0,18,0.40,2023-04-16
54194083,Spacious 2 Bedroom in the heart of Sellwood,Sellwood-Moreland Improvement League,45.46347,-122.64893,Entire home/apt,116,30,215,49,0.99,2025-09-22
54208815,"Dog-friendly, huge, & cozy home in best location!",Buckman,45.5144,-122.63923,Entire home/apt,,2,0,6,0.11,2025-06-22
54247874,Private Garden Retreat in the City,Boise,45.55296,-122.6769,Entire home/apt,134,31,349,1,0.02,2022-05-01
54249504,Modern 1-bedroom with indoor fire place.,St. Johns,45.59341,-122.75101,Entire home/apt,179,1,178,66,1.37,2026-06-07
54280360,Cozy and Walkable 1 bedroom daylight basement,Richmond,45.50283,-122.62316,Entire home/apt,139,1,174,346,6.92,2026-06-12
54305840,Charming Belmont Craftsman w/ Patio,Buckman,45.51688,-122.64129,Entire home/apt,,60,22,11,0.24,2026-06-01
54317587,Parkside Hawthorne Cozy Home,Richmond,45.51113,-122.63286,Entire home/apt,148,1,29,121,2.35,2026-06-08
54354341,#StayInMyDistrict Piedmont Near Parks and Shopping,Piedmont,45.579826,-122.673271,Entire home/apt,199,1,165,107,2.02,2026-06-09
54356926,Spacious 4 Bedroom Alberta Arts District Home,Concordia,45.56472,-122.64207,Entire home/apt,,5,0,15,0.29,2024-07-01
54358401,"1 bdr apt in SE- private entrance, w/d, parking",Foster-Powell,45.48547759008582,-122.58303554822436,Entire home/apt,,2,0,72,1.90,2025-04-30
54391050,Monthly Furnished 3BR | Pet-Friendly Fenced Yard,North Tabor,45.5270326,-122.607338,Entire home/apt,241,30,108,1,0.03,2023-12-01
54392773,Cozy Garden Cottage Near Multnomah Village,Hillsdale,45.4687,-122.69955,Entire home/apt,155,1,203,41,1.38,2026-06-13
54406248,Wilson Heights Studio at Forest Park,Northwest District,45.53695,-122.71287,Entire home/apt,148,2,22,136,2.62,2026-06-04
505918970691939876,Peaceful Cottage: Fully Equipped 2BR near PDX & UO,Concordia,45.57118,-122.63335,Entire home/apt,203,2,24,234,4.25,2026-06-07
506639626929819378,Walkable new home by Hawthorne - Modern spacious,Sunnyside,45.51567,-122.61816,Entire home/apt,168,30,166,111,2.21,2025-08-15
540629919638998108,Charming home on private street with hot tub,Arnold Creek,45.44681,-122.70821,Entire home/apt,309,1,320,219,4.26,2026-06-12
540829827019588024,Alphabet district home by Forest Park and 23rd Ave,Northwest District,45.53364,-122.70938,Entire home/apt,136,30,210,6,0.11,2025-10-31
545780150951956079,"1 Bedroom ADU 
Inner SE Portland",Buckman,45.5202568776585,-122.64923210729853,Entire home/apt,79,31,318,1,0.03,2023-09-04
546288019840016465,"Modern Flat w/Urban Farm | Private Porch, Walkable",Richmond,45.49840262774612,-122.6233768180639,Entire home/apt,136,30,256,4,0.35,2025-11-01
547111719721943259,Spacious bottom half of house. private entrance!,Hillsdale,45.47517,-122.68151,Private room,,1,0,70,1.32,2024-11-29
549520441803430046,Floating Home in Portland Oregon!,Sellwood-Moreland Improvement League,45.47619,-122.65761,Entire home/apt,100,30,33,5,0.10,2025-09-30
549568993052279492,Luxury Craftsman | AC | King Beds | Portland Theme,Foster-Powell,45.48799,-122.58834,Entire home/apt,571,2,232,148,2.85,2026-05-19
550217872071953441,Walkable Foodie Heaven,Kerns,45.52616,-122.63801,Entire home/apt,223,1,252,319,6.21,2026-06-08
551398401001977637,Queen Anne Guest Apt. In Historic District,Northwest District,45.52899,-122.68805,Entire home/apt,240,1,135,206,3.94,2026-05-31
551576416242411206,Private Modern Bungalow,Concordia,45.566616,-122.63681,Entire home/apt,228,2,244,184,3.61,2026-05-31
551592062677838247,1 Bdm Apt between the Pearl Dist/ NW 23rd & OHSU,Northwest District,45.52713,-122.68988,Entire home/apt,74,30,315,14,0.27,2025-06-27
551742371275695683,1BR • Fast WiFi • Walk to Dining & Breweries,Northwest District,45.53422164916992,-122.69903564453125,Entire home/apt,230,1,323,353,6.66,2026-06-08
551754249707632120,1BR - Boutique Flat - Prime NW Location,Northwest District,45.53425598144531,-122.69911193847656,Entire home/apt,161,1,338,328,6.18,2026-06-07
551765448198147699,"Bright 1BR - Walk to Coffee, Food & Shopping",Northwest District,45.53418731689453,-122.69908905029297,Entire home/apt,178,1,339,326,6.15,2026-06-06
552146348115409295,The Record Room,Buckman,45.5149,-122.64924,Private room,136,1,76,259,4.97,2026-05-31
552459643994124868,Charming condo nestled in tree lined Goose Hollow,Goose Hollow,45.52102,-122.68738,Entire home/apt,75,30,231,18,0.38,2026-06-02
553013219005188623,#StayinMyDistrict Pendelton Place Walk to Mt Tabor,Richmond,45.501438,-122.609848,Entire home/apt,180,1,163,130,2.45,2026-05-30
554482307665275377,Private Alberta Arts Guest Home,King,45.56454,-122.6554,Entire home/apt,,30,0,51,0.97,2023-12-31
555642234041458343,Cozy Mt. Scott oasis with a view,Lents,45.460979979587805,-122.5655954915285,Entire home/apt,72,90,269,0,,
556823735929845203,Nicki's Bnb Treehouse Patio @downtown PDX,Goose Hollow,45.51584,-122.69336,Private room,97,1,32,137,2.59,2026-05-30
559310248140458462,3BR - Sleeps 6 - Steps to NW 23rd - Fast WiFi,Northwest District,45.534202575683594,-122.6990737915039,Entire home/apt,353,1,302,180,3.44,2026-05-31
560020838456963301,Adorable 1 Bedroom Cottage — Walk to Everything!,St. Johns,45.58788,-122.73771,Entire home/apt,110,31,109,15,0.36,2026-04-30
560330897729070240,"Sellwood Library House, an urban stay in the trees",Sellwood-Moreland Improvement League,45.46637,-122.65244,Entire home/apt,,4,0,75,1.56,2026-03-13
562393657998489615,Prime 94 Walk Score! Work/Play 3BR in NE PDX,Boise,45.55101,-122.67349,Entire home/apt,192,30,183,98,1.88,2026-05-22
563003419630799024,Lovely 1BR unit with private patio,Northwest District,45.52816,-122.69807,Entire home/apt,,2,0,55,1.05,2024-12-14
565157987829085890,The Alberta Escape - 2br - Awesome Location!,Vernon,45.5602,-122.6509,Entire home/apt,340,1,152,91,1.78,2026-01-02
565233589129171655,Pet Friendly Private ADU for work and play!,Kerns,45.5258,-122.63368,Entire home/apt,130,2,184,238,4.57,2026-06-08
565305076210571097,"Roseway Rendezvous: cool, comfy hideaway in NE PDX",Roseway,45.553062438964844,-122.58443450927734,Entire home/apt,125,2,320,75,1.51,2026-06-07
565771536311357698,"Travel Nurses, Digital Nomad, Spacious, Modern! [A",Rose City Park,45.5341,-122.61159,Entire home/apt,138,30,320,9,0.18,2025-08-31
565958500237128356,"Sunny and spacious 2-br, 2-ba home w/ private yard",North Tabor,45.52497,-122.60901,Entire home/apt,314,2,44,1,0.02,2022-07-22
566689378309988117,Luxury Spa Retreat Studio for 1-2 Guests,Overlook,45.56425,-122.69027,Entire home/apt,128,2,295,197,3.75,2026-06-14
567527260414881064,"Modern, central town home with en suite",Hosford-Abernethy,45.50539,-122.65397,Entire home/apt,,30,0,16,0.31,2024-12-01
568125476819434642,Luxury Richmond Rose Cottage Division & Hawthorne,Richmond,45.502232,-122.613274,Entire home/apt,226,1,253,147,2.93,2026-06-08
568403941306210017,Rocky Butte 2 Bedroom Basement Apartment,Madison South,45.53445,-122.56938,Entire home/apt,100,30,365,0,,
568864254943243954,The Del Rey,Irvington,45.53764,-122.65145,Entire home/apt,,30,0,27,0.52,2023-06-09
568872341168920357,"Bright, spacious studio in walkable Arbor Lodge",Arbor Lodge,45.57178,-122.68361,Entire home/apt,,3,0,55,1.14,2026-04-05
570307973283448358,Iconic Portland Bridge View in Downtown St. John’s,Cathedral Park,45.58871,-122.75484,Entire home/apt,,1,0,30,0.72,2024-05-05
571659881329048306,Portland Hillside Retreat near OHSU & river,South Portland,45.46955437507625,-122.6745619155026,Entire home/apt,133,2,327,211,5.18,2026-06-10
572485917343717247,Sunnyside Stay,Sunnyside,45.51481,-122.63458,Entire home/apt,302,1,60,109,2.17,2026-05-28
573419860729907053,Peaceful+Cozy StudioApt-Steps to Central Sellwood,Sellwood-Moreland Improvement League,45.46499,-122.65529,Entire home/apt,169,2,209,106,2.08,2026-05-21
574017658254876369,Cozy 1 bedroom with amazing private patio,Northwest District,45.53462,-122.71064,Entire home/apt,114,30,364,56,1.22,2024-11-30
574134651877581961,Private 2-Bdrm Guesthouse w/ Kitchenette,Sullivan's Gulch,45.53256,-122.64566,Entire home/apt,,30,0,29,0.58,2023-08-12
575966329558944757,Peaceful Retreat With Sauna + Outdoor Spa,Kerns,45.52626808406887,-122.63954066295453,Entire home/apt,537,2,317,204,4.84,2026-06-07
576978457059936511,Newly Renovated Beautiful Place for Happy Hearts!,Glenfair,45.52281,-122.50551,Entire home/apt,185,1,235,66,1.44,2026-06-07
577796909979736680,Artsy & Colorful Apartment - Backyard Access,Creston-Kenilworth,45.49281,-122.62055,Entire home/apt,269,1,140,70,1.35,2026-05-31
578134728854031308,Forest getaway- walk to trails/Zoo/Rose Gardens,Arlington Heights,45.51804,-122.71221,Entire home/apt,231,30,365,7,0.14,2022-05-02
578314001050291110,Clean & charming room w/pri bath,Hazelwood,45.52135,-122.55071,Private room,53,30,362,0,,
578756788041470686,"A private stay, tailored to fit your needs ^.^",Creston-Kenilworth,45.49653,-122.62872,Private room,56,30,270,2,0.04,2022-05-03
579054109362360203,Gorgeous Bungalow in the Heart of Restaurant Row,Beaumont-Wilshire,45.54754,-122.62495,Entire home/apt,183,30,334,1,0.04,2024-08-10
579734705963048297,Private Garden Sanctuary,Boise,45.55054,-122.67716,Entire home/apt,193,1,348,40,0.79,2026-05-17
579767629210340854,Clinker Brick Guest Suite,Irvington,45.53654,-122.64293,Entire home/apt,166,1,153,85,1.64,2026-06-01
579917866864698124,Unbeatable 94 Walk Score NE PDX Work/Play 3BR+Yard,Boise,45.54936,-122.67148,Entire home/apt,181,30,35,83,1.61,2026-04-15
580446669835502415,Exec. 3bm condo centrally located to tram 'n shops,Arbor Lodge,45.57409,-122.68039,Entire home/apt,136,30,234,5,0.25,2026-04-30
580619307646526349,Beautiful craftsman in quite SE PDX neighborhood,Centennial,45.5003,-122.48726,Entire home/apt,105,30,257,0,,
581864471348852876,Boutique Williams District Studio - 95 Walk score!,Boise,45.55235,-122.665,Entire home/apt,65,31,288,14,0.28,2026-01-19
583459079377815412,"Pristine, spacious 1 bed apartment in Heart of PDX",Overlook,45.56557,-122.68675,Entire home/apt,226,2,260,93,1.81,2026-06-02
584581362777076880,Timber Frame Guesthouse - 100% Green Construction,Woodlawn,45.56942831248423,-122.65142310240644,Entire home/apt,156,1,325,255,5.40,2026-06-13
584742285862979544,"Bright, Modern Home in Sellwood, close to dwntwn",Sellwood-Moreland Improvement League,45.47518,-122.64455,Entire home/apt,,30,0,22,0.44,2023-07-19
585557687434824703,Enchanting Private Bungalow in Alberta Arts,Vernon,45.56051,-122.64563,Entire home/apt,542,1,34,65,1.28,2026-06-08
586558182228281903,Centrally-located waterfront condo in NW Portland,Old Town/Chinatown,45.52906,-122.673,Entire home/apt,,30,180,0,,
587973747440793800,Laurel House,Cully,45.55996,-122.57972,Entire home/apt,393,1,204,162,3.30,2026-05-26
588293421871372350,Hazelwood getaway in NE Portland #1,Hazelwood,45.52525,-122.51898,Private room,38,31,309,9,0.21,2026-04-05
588313139552208487,The Shire by the Rose Garden,Hosford-Abernethy,45.50782,-122.65146,Entire home/apt,247,2,82,71,1.50,2026-05-25
588439239338808599,Charming 2-bed Victorian flat in NW Portland,Goose Hollow,45.52125,-122.69605,Entire home/apt,304,3,302,77,1.62,2026-06-11
588648477122512439,Family Friendly SE Portland Getaway w/2 Bedrooms,Woodstock,45.46632,-122.61879,Entire home/apt,253,1,172,114,2.25,2026-05-26
589325732662252628,Charming Historic Portland Home with a Huge Yard,Madison South,45.53891,-122.57842,Entire home/apt,107,30,129,1,0.02,2022-06-18
589860024242990984,Sleeps 12 - Exclusive Floor - Great for Groups,Humboldt,45.55894470214844,-122.66803741455078,Entire home/apt,941,1,290,35,0.70,2026-04-27
589887216411304890,"Forest views, hiking, family friendly!",Forest Park,45.582741,-122.799477,Entire home/apt,136,1,159,292,5.69,2026-06-04
590345945313503903,Cozy Central 2BR Basement Apartment,Hosford-Abernethy,45.50986,-122.64546,Entire home/apt,222,2,183,146,3.03,2026-06-05
591818419575619351,Central PDX 94 Walk Score 6BR Gated Patio / Yard,Boise,45.55132,-122.67216,Entire home/apt,227,30,188,41,0.84,2024-05-11
592914094507369977,The Nest: 2 BD Garden Oasis -Alberta Arts w/Gazebo,Concordia,45.56086,-122.6415,Entire home/apt,314,2,75,122,2.68,2026-06-14
594843688164571339,Canopy Loft PDX,St. Johns,45.59575,-122.75512,Entire home/apt,183,1,250,156,4.34,2026-06-11
594940170120232078,"Quiet, adorable guesthouse near Grant Park",Grant Park,45.54202,-122.63743,Entire home/apt,157,1,53,99,2.08,2026-06-02
595534429111070468,The Lily Pad is a place to come and relax.,Sumner,45.55958,-122.57093,Entire home/apt,256,1,116,132,2.66,2026-06-08
595620285810920412,Group-Ready Luxury 6BR - Private Floor - Sleeps 12,Humboldt,45.55894470214844,-122.66803741455078,Entire home/apt,979,1,279,41,0.82,2026-05-03
595680673819411804,8BR/5BA Compound | 3 Kitchens | Sleeps 16,Kerns,45.5262336730957,-122.6335220336914,Entire home/apt,1586,1,283,48,1.01,2026-05-03
596241138749758390,"Zen Escape: King Bed, Hot Tub, Private Yard",Kenton,45.58298,-122.69479,Entire home/apt,340,3,214,188,3.86,2026-05-26
596275878802657758,"Modern, 2 bdr condo w/In unit gym, SW waterfront",South Portland,45.49761,-122.66815,Entire home/apt,,31,0,0,,
597228897258705840,Cozy Williams District Guest Suite,Eliot,45.54666,-122.66258,Entire home/apt,,1,0,65,1.27,2026-06-07
598681847355970066,Cheerful and private 1-bedroom Woodstock home,Woodstock,45.48549,-122.60653,Entire home/apt,104,30,320,53,1.05,2024-01-15
600657222777287734,Classic Condo w/ Parking 30-day min.,Northwest District,45.53296,-122.69342,Entire home/apt,124,30,38,16,0.33,2026-05-04
602405826229282738,Room walk-in closet in spacious Mississippi Home,Boise,45.55085,-122.67554,Private room,51,30,221,16,0.33,2026-01-06
602900041467654112,Bright & Stylish Home - Prime Irving Park Location,King,45.54869,-122.65602,Entire home/apt,238,30,139,15,0.30,2025-09-22
603075559269922598,Rare & lush 2 BR in heart of the city!,South Portland,45.48674,-122.67626,Entire home/apt,125,30,135,50,1.03,2025-03-22
603162243177021900,Mid Century Modern Garden Oasis,Cully,45.55992,-122.60196,Entire home/apt,,30,0,0,,
603630561068645237,Private Botique Guest Suite In The Trees.,Pleasant Valley,45.47199,-122.54224,Entire home/apt,83,10,70,18,0.36,2025-09-17
605902131279025050,Downtowns Portland's best kept secret.,Portland Downtown,45.5106,-122.67582,Entire home/apt,195,30,83,0,,
606419833498564750,Spacious Forest Retreat w/ Hot Tub & Views,Ashcreek,45.46555,-122.72735,Entire home/apt,209,1,80,287,5.69,2026-06-07
607896545147923566,"Happy Valley Home, Game Room, + 8 beds!",Lents,45.4599818,-122.5702891,Entire home/apt,233,31,273,63,1.26,2025-06-23
608177009445182527,Long-Term Rental in the Heart of Nob Hill District,Northwest District,45.52993,-122.69324,Entire home/apt,87,30,128,22,0.49,2026-05-17
611170156873352062,Studio in Walkable Foodie Heaven,Kerns,45.52435,-122.6396,Entire home/apt,127,1,204,419,8.71,2026-06-08
612966287957061618,Mt Tabor Hygge - Comfort Surrounded in Nature,Mt. Tabor,45.52146,-122.59924,Entire home/apt,169,2,105,115,2.44,2026-05-12
613325264407119295,"NE Portland – Walkable, with small yard!",King,45.5497,-122.65894,Entire home/apt,,4,0,57,1.21,2023-08-19
613650619752848541,Classic 1917 Portland Home,Overlook,45.5645,-122.69412,Entire home/apt,339,2,207,147,3.56,2026-06-08
613770853572112801,Charming 3 Br 2 Ba entire house w/ parking and gym,Brooklyn Action Corps,45.49446,-122.64806,Entire home/apt,,30,0,18,0.36,2023-08-24
613792959738627888,"Modern SE Portland Private Room, Self Check-In!",Mt. Scott-Arleta,45.483272552490234,-122.60054779052734,Private room,130,2,42,80,1.64,2026-06-07
613852331302199908,Big Home | King Beds | AC | Roofdeck with Views,Eliot,45.54674,-122.66301,Entire home/apt,586,2,244,178,3.60,2026-06-06
613891837460698696,"Small bedroom walkable to 100+ food,drinks,coffee",King,45.55488,-122.66093,Private room,44,30,128,11,0.23,2026-04-29
614617879754110110,Rose City Hideaway,Overlook,45.557,-122.6824,Entire home/apt,186,2,255,165,3.92,2026-06-07
616012706973411711,This is Downtown Portland. 14th floor 2 BDR/2 Bath,Portland Downtown,45.50772,-122.6803,Entire home/apt,144,30,199,4,0.08,2025-02-05
616076192948187513,Lovely one bedroom with instant access to OHSU!,Homestead,45.49749662815634,-122.68800270883605,Entire home/apt,84,31,230,11,0.48,2026-03-30
616724950347330826,Large Bedroom in Walkable Neighborhood,Kerns,45.52637,-122.63781,Private room,42,30,332,5,0.11,2024-09-25
617981059317605637,‘The Owl’s Nest’ w/ Hot Tub & Forest Views!,Pleasant Valley,45.47114,-122.53987,Entire home/apt,300,2,304,95,1.92,2026-04-26
618751961512273622,Entire Guest Suite with Private Entrance.,King,45.554653,-122.654266,Entire home/apt,143,1,128,155,3.16,2026-06-07
618932044225125014,Escape to the Roseway Retreat,Roseway,45.550858,-122.586082,Entire home/apt,144,2,249,115,2.31,2026-06-02
619011420802106785,Brand New Alberta Arts District Gem,Vernon,45.56235,-122.6489,Entire home/apt,151,2,28,161,3.28,2026-06-10
619057143342997125,Tiny Farmhouse - Walk to Local Shops & Restaurants,Hosford-Abernethy,45.498741149902344,-122.64140319824219,Entire home/apt,145,1,313,269,5.38,2026-06-05
619059335522670748,The Sunstone • Modern Tiny House • Prime Location,Hosford-Abernethy,45.498741149902344,-122.64140319824219,Entire home/apt,147,1,333,282,5.66,2026-05-24
619489034971227611,SE City Spa Retreat,Brentwood-Darlington,45.47386,-122.59093,Entire home/apt,311,1,357,177,4.37,2025-10-22
619788038237443752,✶ Dreamy Round-Bed Room at Amorcito de Jenny ✶,Mt. Scott-Arleta,45.48838,-122.59946,Private room,92,2,337,55,1.12,2026-04-13
619795601428053735,Eco-friendly Garden Suite - With Chickens!,Piedmont,45.57389,-122.67118,Entire home/apt,155,2,326,33,0.97,2026-06-07
620067234229371726,Adorable quiet Eco-cottage with a view,Lents,45.46066,-122.5637,Entire home/apt,65,30,258,3,0.13,2025-12-14
620292983138025643,The 23rd Avenue Retreat - Walk to Shops & Cafes,Northwest District,45.53424835205078,-122.69905853271484,Entire home/apt,394,1,316,150,3.04,2026-06-01
620313859717603008,Historic 6BR - Walk to NW Shops - Sleeps 12,Northwest District,45.5342,-122.69907,Entire home/apt,807,1,297,48,1.00,2026-06-07
620397134602973513,"New, Charming & Cozy ~ 5* Location ~ King & Queens",Powellhurst-Gilbert,45.48473,-122.54841,Entire home/apt,,30,0,0,,
621902800651198177,The Lanthorn House: Family Oasis in Central PDX,Eliot,45.54311,-122.66451,Entire home/apt,465,2,117,49,1.07,2026-05-25
622055279108459593,Cozy Cottage in the heart of Clinton Division,Hosford-Abernethy,45.50251945096342,-122.64215555464332,Entire home/apt,,7,0,26,0.55,2025-03-15
622498954503960798,"Kid-Tested, Parent-Approved Home with Toys & Books",Northwest Heights,45.5509033203125,-122.77771759033203,Entire home/apt,387,1,44,5,0.10,2023-08-20
623109568187912159,Lovely and Serene 2 Bedroom Pearl District Condo,Pearl,45.53446,-122.68397,Entire home/apt,197,30,192,1,0.03,2023-06-30
623396095685323045,Lovely and quiet 1 bed house so close to downtown,Overlook,45.55138501839693,-122.68301677186862,Entire home/apt,208,2,22,60,1.69,2026-05-23
623449445769546170,Basement Prime location walk to restaurants & tran,Irvington,45.5392,-122.65565,Entire home/apt,120,1,37,322,6.47,2026-05-23
623578798384222992,"*Sweet Sunshine Suite*- Artistic, cozy, & colorful",Cully,45.55014,-122.60174,Entire home/apt,179,2,309,97,1.97,2026-06-14
624053992012208991,Queen Bright  in historic neighborhood walk to MAX,Irvington,45.53906,-122.65548,Private room,,30,0,8,0.17,2025-04-25
624067517826295928,"King Prime location walk to foods,drinks",Irvington,45.54074,-122.65524,Private room,105,1,1,337,6.76,2026-06-06
625138968713318567,🧚‍♂️🐅🪞The Gem on Hawthorne🌱🌈 🪩,Sunnyside,45.51334,-122.62514,Entire home/apt,279,30,365,4,0.08,2022-08-15
625140933665613917,New and modern guesthouse with free street parking,Kenton,45.57846,-122.69623,Entire home/apt,156,1,310,225,4.72,2026-05-25
625918158290441750,"Huge, Bright & Modern 5 Bdrm w/Fenced Yard",Mt. Tabor,45.51046763911121,-122.61093325958565,Entire home/apt,214,30,312,12,0.26,2026-05-31
626068463862576610,"Charm, Space and Comfort near Multnomah Village",Multnomah,45.46025,-122.71784,Entire home/apt,196,3,89,122,2.48,2026-06-07
626117053091075620,Elegant Lovely Home in Portland close to everything!,Sellwood-Moreland Improvement League,45.46734,-122.64559,Entire home/apt,308,1,98,77,1.64,2026-03-29
628298167479598203,Historic Dougan Suites : Suite 2,Laurelhurst,45.52450942993164,-122.62254333496094,Entire home/apt,156,1,279,62,1.36,2026-06-10
629022147577688909,Large GreenRM. PrivateBA. Separate Living Level.,Homestead,45.48759,-122.68901,Private room,74,30,365,0,,
629625460569836578,Spacious 1 Bedroom Apt in Alberta / Alameda Area,Alameda,45.555264,-122.633476,Entire home/apt,205,2,81,68,1.37,2026-05-31
629962948597395551,Modern 3B/3.5 BATH - Walk score 90!,Cully,45.56755,-122.61915,Entire home/apt,,30,0,79,1.59,2024-06-28
630606067983802554,"Fenced Yard! Walk to parks, 3 Bedroom. SFH",South Portland,45.4786,-122.67531,Entire home/apt,188,30,329,3,0.07,2026-05-10
632555496882768441,Stylish NE Speakeasy w/ Coffee Bar & Vinyl,Irvington,45.53611,-122.64313,Entire home/apt,191,1,37,271,5.52,2026-05-26
633301529898470441,"Urban Hub, Alberta Arts",Concordia,45.56142,-122.63478,Entire home/apt,75,30,272,14,0.31,2026-05-03
634795112915222477,Hawthorne Get Away,Richmond,45.51045,-122.63231,Entire home/apt,61,30,287,14,0.39,2023-12-24
635605057109350283,The Loft in Hawthorne Tabor,Sunnyside,45.513363,-122.613922,Entire home/apt,251,2,249,163,3.30,2026-05-31
636940648611894115,Adorbs  1-bedroom in Funky Hip area with parking,Boise,45.55258,-122.67154,Entire home/apt,,3,0,39,0.80,2026-03-28
637004389047205785,Jeremiah's Rocky Butte Bungalow w/ backyard patio,Roseway,45.54787,-122.57968,Private room,94,1,153,144,2.93,2026-06-14
637681336608019045,Charming Industrial 1 Bdrm Loft with Priv. Parking,Old Town/Chinatown,45.52678,-122.67392,Entire home/apt,92,30,73,11,0.23,2026-05-18
638467207947223081,Restaurant Row! Vibrant Lauralhurst Studio,Kerns,45.5210237,-122.634165,Entire home/apt,291,2,271,114,2.66,2026-05-29
638671075277572670,Live like a Portlander in this garden oasis,Kerns,45.52671,-122.63425,Entire home/apt,91,31,76,12,0.26,2026-03-05
639182523533368756,"Cozy Apt - Short Walk to Food Carts, Bars & More",King,45.562103,-122.658989,Entire home/apt,99,30,287,31,0.65,2024-03-01
639767081128991992,Modern Style In The Pearl,Northwest District,45.52754,-122.69033,Entire home/apt,,1,0,106,2.28,2025-12-08
639958185255346855,Downtown Condo Along River w/hottub and parking,Old Town/Chinatown,45.52972,-122.67444,Entire home/apt,120,30,275,17,0.37,2025-11-08
639982051854870330,The Wildflower Cottage,Sellwood-Moreland Improvement League,45.4803,-122.64482,Entire home/apt,143,2,227,82,1.96,2026-05-31
639985681276299200,Natural light. Studio ADU + Loft. Parking on-site,Southwest Hills,45.50717,-122.73047,Entire home/apt,93,30,287,10,0.23,2025-11-08
640131555489190388,Remodeled 1906 Craftsman home in Nob Hill district,Northwest District,45.52599,-122.69995,Entire home/apt,,2,0,77,1.57,2026-06-07
642853750931200946,Paus the Portland House,Hosford-Abernethy,45.50454311705756,-122.64535841463024,Entire home/apt,236,5,16,1,0.41,2026-04-11
645176965112632079,Cute one-bedroom apartment w/ work from home space,Montavilla,45.53195,-122.58366,Entire home/apt,,30,0,17,0.35,2023-09-21
645768712256126466,Luxurious Laurelhurst Speakeasy,Laurelhurst,45.52378,-122.62336,Entire home/apt,603,2,326,55,1.21,2026-06-01
646337184971927222,Modern basement apartment steps to Peninsula Park!,Humboldt,45.56642,-122.67231,Entire home/apt,169,2,323,101,2.10,2026-05-31
646577312441050828,Classic Portland Bungalow. Walk to Everything!,Cathedral Park,45.58458,-122.73998,Entire home/apt,224,5,15,0,,
647439517425107038,Unbeatable Location in NW District w Parking,Northwest District,45.52611839815479,-122.69670959562063,Entire home/apt,279,1,214,44,0.91,2026-06-01
647715294189889329,Paradise Haven-4 BR/2BA- Near Laurelhurst Park,Kerns,45.5269209,-122.6356058,Entire home/apt,557,1,315,237,4.88,2026-06-05
648444562194984347,Single Level Garden Cottage With a Gated Driveway!,Pleasant Valley,45.47786,-122.49605,Entire home/apt,162,30,338,20,0.41,2025-03-15
648596664653633699,Private Garden Apartment in Woodstock Neighborhood,Woodstock,45.48282,-122.61895,Entire home/apt,217,1,313,85,1.85,2026-06-09
650810788579447500,Tabor Treasure Near Everywhere You Want to Be,Mt. Tabor,45.51169,-122.60935,Entire home/apt,,30,0,0,,
651466256285936299,Dragonfly Retreat - launch pad to adventure,Centennial,45.49616,-122.51064,Entire home/apt,257,1,20,124,2.81,2025-12-27
652066519151494998,Modern Bright Home in the Hub of SE Portland,Hosford-Abernethy,45.50602,-122.65197,Entire home/apt,329,2,163,74,1.65,2026-06-13
653107050420875824,Pet Friendly 2-Bed 2-Bath w/Hot Tub,Cully,45.56273,-122.61433,Entire home/apt,147,30,364,5,0.10,2023-10-21
653251981489333885,Private Room in walkable SE Portland - UNIT B,Mt. Scott-Arleta,45.48693,-122.59881,Private room,64,30,178,22,0.47,2024-07-01
653318598593499467,University of Portland private Guest House,University Park,45.57645,-122.72791,Entire home/apt,171,2,34,133,2.93,2026-04-01
653427872638765940,Hillsdale Private Studio Oasis in Portland,Hillsdale,45.4860607,-122.7064172,Entire home/apt,198,2,226,53,1.29,2026-04-22
653593830691077640,Healy Heights Hideaway!,Southwest Hills,45.4916451,-122.7021368,Entire home/apt,502,30,177,11,0.23,2023-06-29
654892861520880350,Waterfront view- the best of downtown living,Portland Downtown,45.50946,-122.6792,Entire home/apt,206,30,365,2,0.04,2024-06-07
657364725764938172,Sunset Skyline Retreat | Private Deck,Goose Hollow,45.514913,-122.6934524,Private room,134,1,329,145,3.01,2026-06-08
658853909872369844,Brand New Tiny Home/Pottery Studio in Cute Village,Multnomah,45.4644154,-122.7157624,Entire home/apt,206,1,69,155,3.22,2026-06-13
658933295553087847,Cozy modern ADU in Multnomah Village.,Multnomah,45.47045,-122.70394,Entire home/apt,145,2,354,54,1.13,2026-06-14
659400646012326892,Charming 1 bedroom apt+ shared patio and hot tub,Boise,45.55222,-122.67404,Entire home/apt,79,30,92,40,0.87,2024-09-22
659767601130305492,Open garden studio in the heart of the SE Portland,Buckman,45.51516,-122.64256,Entire home/apt,170,2,285,243,5.24,2026-05-29
660108525587383727,KEX Portland-Bunk in a Small Bunk Room-Mixed,Kerns,45.52414,-122.66274,Shared room,57,1,87,97,2.49,2026-06-14
660117967354180645,KEX Portland-Small Bunk Shared Bath-Female Only,Kerns,45.52488,-122.6624,Private room,128,1,49,1,0.14,2025-11-12
660254329450875513,Stylish 3 Bedroom w/Spa + Yard,Kenton,45.5782255483838,-122.69755339552424,Entire home/apt,115,30,41,0,,
660470564616496766,Cozy & Private Alberta Arts Backyard Cottage,Sabin,45.5538,-122.64776,Entire home/apt,,30,0,17,0.37,2023-10-30
661211103109997839,"Modern 2BR Alberta Arts w/ Kitchen, Yard & Laundry",Vernon,45.5603574,-122.65068,Entire home/apt,208,1,172,215,4.51,2026-05-25
661892578124228196,Happy To Be Home,Powellhurst-Gilbert,45.48972,-122.54361,Entire home/apt,255,1,254,138,2.88,2026-04-19
663295482632521527,Boho Chic Secret Garden Suite w/Hot Tub in SE PDX,Mill Park,45.50742,-122.54743,Entire home/apt,177,2,60,122,3.04,2026-06-13
664087898786528202,Charming Private Yellow Cottage,Piedmont,45.57080360764506,-122.67005955621464,Entire home/apt,175,2,112,193,4.83,2026-06-01
664388309210242596,Artsy Mid-Century Bungalow - Walk to Alberta,Vernon,45.56367,-122.65251,Entire home/apt,217,1,40,32,0.68,2026-05-23
664690740524633440,Garden view 1-bedroom B&B with indoor fireplace.,Ashcreek,45.45344,-122.73488,Private room,125,1,9,33,0.73,2025-07-27
667225471923163639,Cheery 1 bedroom basement apartment with parking!,Madison South,45.5461367059688,-122.57747134969837,Entire home/apt,74,30,320,0,,
668206718092663882,"Modern Home in Walkable Neighborhood, BBQ + Patio!",Vernon,45.5602578,-122.6509649,Entire home/apt,467,30,326,136,3.10,2026-05-02
668314893844780906,"Portland Getaway – Walkable, Welcoming, Cozy Stay!",Sellwood-Moreland Improvement League,45.48153,-122.64248,Entire home/apt,129,30,316,5,0.24,2025-08-27
669305353590719807,"Modern, Upgraded Apartment -  free parking!",Pearl,45.528785926699896,-122.68201929650164,Entire home/apt,288,30,365,0,,
669317123420077294,Great Spacious Apartment - Free Parking!,Pearl,45.53098,-122.68025,Entire home/apt,353,30,365,0,,
669506825858487742,Peaceful 2-Bedroom home with off-street parking,Maplewood,45.47331664993261,-122.73063383996485,Entire home/apt,94,30,153,19,0.44,2026-05-20
669599855382680760,"Spacious, bright garden studio on Peninsula Park",Piedmont,45.56888,-122.67473,Entire home/apt,189,1,126,264,5.69,2026-06-09
669609421306508434,Spacious home w/outdoor sauna near bars & eateries,Overlook,45.563640206763154,-122.68885608762503,Entire home/apt,,18,0,130,2.74,2025-11-24
670511637834568872,Spacious 4BR Home for Long Stays,Hazelwood,45.5070601,-122.5252662,Entire home/apt,236,30,359,15,0.32,2024-07-31
673987542017094388,The Happy Place - 2BD Sellwood Creative Retreat,Sellwood-Moreland Improvement League,45.46505,-122.65025,Entire home/apt,272,2,142,145,3.09,2026-05-11
674092406780609521,"Cheerful 2-bedrooms, parking, private entry.",Lents,45.48573,-122.57477,Entire home/apt,92,30,90,19,0.40,2026-04-19
674550968953011743,"Heron Cottage, Urban Retreat-King Bed",North Tabor,45.5285727,-122.6001984,Entire home/apt,229,2,309,151,3.19,2026-06-08
674585418783526567,"Lovely 1-bedrom rental unit Portland, OR",Arbor Lodge,45.57425,-122.68213,Entire home/apt,92,30,209,57,1.20,2024-09-24
674708571417397325,Close-in Spacious Boho-Glam 1br Apartment by Park,Humboldt,45.56488467627353,-122.67573566138553,Entire home/apt,74,30,242,15,0.37,2025-11-24
674794424442832669,University Park Hideaway,University Park,45.58098,-122.7336,Entire home/apt,,2,0,111,2.34,2025-01-23
674857657126531323,Cheerful historic Victorian cottage; A/C & patio,Eliot,45.5383,-122.6623,Entire home/apt,403,1,7,7,0.15,2023-08-27
675614298438060598,Charming Basement Suite in Historic Laurelhurst,Laurelhurst,45.53256,-122.6288,Entire home/apt,124,2,339,65,1.47,2026-05-30
675615805836588490,Cozy 2 bedroom house w/ patio and backyard!,Brooklyn Action Corps,45.49133,-122.64044,Entire home/apt,88,30,197,33,0.71,2026-03-31
676005299925783737,SE PDX Stylish Home Away from Home! Monthly Rental,Mt. Scott-Arleta,45.48240548303714,-122.59463148704947,Entire home/apt,130,30,101,0,,
676290252106871031,"Lovely 1 bedroom, 1 bath. Blocks to parks and cafe",Buckman,45.52154,-122.63799,Entire home/apt,112,30,90,2,0.04,2022-09-21
679008417453494488,The One With The View ~4bd/3ba incredible location,Overlook,45.55878,-122.68903,Entire home/apt,218,30,165,3,0.09,2023-11-06
679164191653063506,Beautiful Apartment near OHSU & Downtown,South Portland,45.48953,-122.67866,Entire home/apt,,30,0,0,,
679899563389035921,Adorable Portland Retreat,Hosford-Abernethy,45.5063,-122.65417,Entire home/apt,224,1,261,174,3.70,2026-05-28
680385292342148785,Historic Craftsman | 5BR/2BA | Foodie Row,Kerns,45.5255815,-122.6446653,Entire home/apt,675,1,303,191,4.13,2026-06-07
680386853395826077,Comfy & Eclectic Craftsman Home; inner SE Portland,Hosford-Abernethy,45.50214380000001,-122.6363929,Entire home/apt,371,1,113,48,1.05,2026-06-02
680519123710389251,Fantastic Kitchen! 31+ days & save occupancy tax,Piedmont,45.57327,-122.66912,Entire home/apt,126,30,257,9,0.23,2025-12-16
680549349971316539,Sweet two-bedroom home in a great NE PDX location,Rose City Park,45.531014,-122.6081749,Entire home/apt,,30,0,3,0.07,2022-10-30
681735879647474008,Classic two bedroom home in portland proper,Lents,45.48343,-122.5733,Entire home/apt,180,,0,211,4.49,2026-06-14
684223698083782025,Getaway in the city,Lents,45.48684011420278,-122.56271148625777,Entire home/apt,,30,18,0,,
684605727203576160,"Tasteful, clean, and quiet 2 bedroom in inner NE.",King,45.55128,-122.65818,Entire home/apt,,360,0,7,0.15,2023-07-12
684876250591721835,"Soul District Hideaway | Near Bars, Cafés & More",Eliot,45.5420689,-122.6621303,Entire home/apt,151,1,298,254,5.43,2026-06-07
686055616461675524,Alberta Arts 3 Bedroom with Gas Fireplace & A/C,Vernon,45.56479,-122.65158,Entire home/apt,168,30,288,6,0.15,2026-02-08
686300226640020589,Urban Haven in Hawthorne Neighborhood,Buckman,45.51319625549375,-122.64013858455735,Entire home/apt,199,30,363,0,,
688037050970730157,One Mississippi Ave - Adventures in Portland!,Boise,45.55325,-122.67451,Entire home/apt,227,1,297,102,2.26,2026-05-31
689093778107204387,"Bright, Modern, Artsy 1-Bed Condo (New)",King,45.55443,-122.66159,Entire home/apt,146,2,319,141,3.09,2026-05-31
689893975568882564,"The very heart of Inner SE Portland, @Division St",Richmond,45.50552,-122.62906,Entire home/apt,392,30,365,14,0.31,2023-08-07
690736115780736885,#LiebeHausPDX - Historic space near Reed College,Woodstock,45.48861,-122.62041,Entire home/apt,223,1,315,43,1.84,2026-05-25
691287608005268426,Unique & Cozy Tiny Home in SE Portland,Lents,45.49301,-122.57086,Entire home/apt,,30,0,0,,
691334864591036905,ART CAN Airstream + Sauna!,King,45.5549513,-122.6588571,Entire home/apt,129,2,157,43,1.63,2025-11-16
691630283730337389,Modern 1BR - Bright - Private - Perfectly Located,Irvington,45.5351728,-122.646788,Entire home/apt,168,1,333,212,4.54,2026-06-04
691641386738308989,Renovated Studio - Walk to Shops - Private Retreat,Irvington,45.53533,-122.64679,Entire home/apt,188,1,342,241,5.17,2026-05-30
691647482676473128,Modern Studio - Sullivan’s Gulch - Walkable Stay,Irvington,45.5352689,-122.6468737,Entire home/apt,222,1,325,220,4.74,2026-05-16
691653043817367360,Renovated Studio • Dining Nearby • AC • Fast WiFi,Irvington,45.53527,-122.64687,Entire home/apt,132,1,342,182,3.91,2026-05-20
692725601738514445,Luxury MicroHaus- Private Yard & AC (Alberta Arts),Vernon,45.55891,-122.64901,Entire home/apt,241,3,365,53,1.14,2024-11-17
693112757301137926,Casa Midori - a Charming Cottage w/ Garden Sauna,Woodlawn,45.56911,-122.64633,Entire home/apt,181,2,162,36,0.81,2026-06-13
693705266685374609,Sunlit Portland Bungalow: No Cleaning Fee,Roseway,45.5479,-122.58192,Entire home/apt,,30,0,10,0.23,2023-01-29
693921413298925106,Charming 3BR Nature Retreat | EV Charger M#41532,Northwest Heights,45.54131,-122.77665,Entire home/apt,438,30,338,0,,
694138607283893076,Modern and Serene Woodstock Home Close to PDX,Brentwood-Darlington,45.46395,-122.60552,Entire home/apt,389,2,347,55,1.22,2026-04-03
694768663129527003,"Private, stylish Guesthouse - heart of NE PDX!",Roseway,45.553295546552306,-122.59449999779463,Entire home/apt,101,30,223,100,2.16,2026-03-22
695748705493977786,Cozy bedroom (and more) in a quiet neighborhood,Richmond,45.510096,-122.6302839,Private room,83,30,173,0,,
695941831223105713,Cheerful home with fireplace!,Russell,45.53482,-122.53154,Entire home/apt,413,2,306,194,4.25,2026-06-08
696332289610523301,Historic Charm in Fun PDX Neighborhood!,Richmond,45.50377,-122.62426,Entire home/apt,108,30,47,25,0.55,2025-10-31
697154165338580302,𖠿RARE FIND𖠿 Gorgeous Nature Getaway in the City!,Southwest Hills,45.50574,-122.70899,Entire home/apt,256,2,309,161,3.54,2026-06-07
697272777138664442,Urban Luxury! Central Location! Walk Everywhere!,Boise,45.55204,-122.66904,Entire home/apt,207,2,150,165,3.59,2026-05-25
697911506470630392,"Spacious, Private, Comfortable 1BR Apartment",Kenton,45.58136,-122.69945,Entire home/apt,68,30,344,5,0.11,2025-02-05
698558069197590135,Lovely space with cozy fireplace in N. Portland.,Kenton,45.58459,-122.70211,Entire home/apt,139,2,46,243,5.33,2026-05-31
699159043720569981,Charming Nopo Basement Apartment,Humboldt,45.55883523441427,-122.66963404739207,Entire home/apt,,1,346,28,0.76,2025-06-29
699288055158710228,Walk Everywhere Belmont Gem 2BR + Bonus Rooms,Buckman,45.5166201,-122.6395412,Entire home/apt,99,30,144,0,,
699341738040482524,"Overlook,
3Bedroom,
large fenced Yard,Dog Friendly",Overlook,45.5622072,-122.6876004,Entire home/apt,154,30,365,3,0.12,2024-09-03
699387049020307615,Modern Bedroom in Classic SE Portland Home,Reed,45.48724120000001,-122.6230437,Private room,107,30,365,6,0.13,2023-05-27
700076801537012842,Julio's,Northwest District,45.52413,-122.68947,Entire home/apt,63,30,297,11,0.25,2025-11-02
700748031238441621,Modern Williams Studio: monthly,Boise,45.55097,-122.66757,Entire home/apt,71,30,254,1,0.03,2023-03-13
700788397628875688,Pet-Friendly 4BR + Yard + Office | Monthly Stay,North Tabor,45.52611,-122.60812,Entire home/apt,218,30,139,0,,
701211181701375210,Luxury Condo with Home Gym next to OHSU,South Portland,45.49756,-122.66936,Entire home/apt,111,30,300,5,0.13,2026-03-05
701551500446065280,"Modern 2 bed+office Home in hip FoPo, Fully Fenced",Foster-Powell,45.49401,-122.60235,Entire home/apt,,88,65,5,0.12,2025-05-22
702006264063079852,Modern home blocks from trendy Mississippi Ave,Humboldt,45.55473,-122.67159,Entire home/apt,436,3,122,112,2.59,2026-05-10
702226271303268350,2 Bedroom Daylight Basement fully stocked,Powellhurst-Gilbert,45.48424,-122.5151,Entire home/apt,265,31,365,2,0.06,2025-07-10
703526855016323050,Mallory Hideout an Artistic Oasis w 2 Soaking Tubs,Piedmont,45.5756481,-122.6635805,Entire home/apt,311,1,323,142,3.16,2026-06-06
703857434750615410,Cheery (3+ bdr) home - Woodstock and Foster Powell,Mt. Scott-Arleta,45.4810474,-122.5905601,Entire home/apt,,30,0,3,0.07,2022-12-11
703884095725381952,Comfy Bed - Great Kitchen - 85” TV - W/D - Plants!,Sunnyside,45.5151967,-122.6205382,Entire home/apt,291,3,196,65,1.42,2026-05-31
704889798849761800,"Modern Studio for Two in Portland, OR",Old Town/Chinatown,45.51978,-122.6722,Entire home/apt,327,30,365,0,,
704889812370958112,"Modern Studio Deluxe for Two in Portland, OR",Old Town/Chinatown,45.52157,-122.67228,Entire home/apt,443,30,365,0,,
704889826586453922,"Modern and Spacious 1 Bedroom in Portland, OR",Old Town/Chinatown,45.51997,-122.67231,Entire home/apt,403,30,365,0,,
704889844860126407,"Modern 1 Bedroom Penthouse in Portland, OR",Old Town/Chinatown,45.52149,-122.67187,Entire home/apt,520,30,365,0,,
704889862475133972,"Modern 1 Bedroom Presidential in Portland, OR",Old Town/Chinatown,45.51967,-122.67154,Entire home/apt,575,30,365,0,,
704889875639887651,"Modern and Spacious 2 Bedroom Unit in Portland, OR",Old Town/Chinatown,45.52139,-122.67026,Entire home/apt,544,30,365,0,,
705036702905097007,Gorgeous 1907 Home in Alphabet District,Northwest District,45.52447,-122.69257,Entire home/apt,,90,0,0,,
705610452366070396,Cute SE Portland House with Yard,Creston-Kenilworth,45.49042461555897,-122.60713018476962,Entire home/apt,,60,0,0,,
705731625164984473,Room in Buckman,Sunnyside,45.51401,-122.63068,Private room,91,1,30,140,3.37,2026-05-31
706075161785155593,Brand New Bright 1 Bedroom Guest House w Sun Deck,Richmond,45.50159,-122.63446,Entire home/apt,118,31,253,17,0.38,2026-06-07
707186955313004841,Free Parking/Gym/Rooftop/Pearl District/Downtown,Pearl,45.52691,-122.68485,Entire home/apt,267,2,122,148,3.53,2026-06-11
707340252216896039,PDX Studios: 101C - Long-Term Stays Welcome!,Boise,45.550203,-122.668244,Entire home/apt,60,30,70,8,0.18,2023-12-20
707408575405836615,Walk to everything * Your Portland Adventure,Sunnyside,45.51310700000001,-122.626305,Entire home/apt,75,30,209,46,1.26,2026-04-09
708930346473369883,Northeast Portland Home with Private Outdoor Space,Humboldt,45.5561,-122.66886,Entire home/apt,,30,237,102,2.24,2026-05-01
709341407596059553,NE Portland Bungalow King Guest Suite,Sabin,45.55031117925501,-122.65362952500638,Entire home/apt,172,1,63,77,2.07,2025-10-06
709491776525884425,Light-filled Cottage Studio in Sellwood,Sellwood-Moreland Improvement League,45.45881,-122.6505,Entire home/apt,120,2,85,151,3.32,2026-05-24
711123286067557303,Bright Two Bedroom Cozy Home in FoPo / SE Portland,Foster-Powell,45.49575,-122.59492,Entire home/apt,124,30,155,13,0.30,2026-06-06
712207156229114625,Foodie Haven - 2 bd in Mississippi / Williams,Boise,45.54929,-122.67126,Entire home/apt,,2,0,15,0.33,2026-03-22
712940761331432701,Central NW Nob Hill Condo | Walk Everywhere,Northwest District,45.52921,-122.68909,Entire home/apt,103,30,309,14,0.32,2026-05-04
713713943238218805,Hot Tub Retreat Cozy Luxe Bungalow w/ Private Yard,Beaumont-Wilshire,45.55384,-122.62948,Entire home/apt,448,1,30,47,1.06,2026-04-14
714914707519927515,Wonderful den with private bedroom & bathroom,Piedmont,45.58236,-122.67574,Private room,90,30,365,4,0.09,2023-08-05
716858136132859567,Midcentury Modern- 3BR/2BA - Near The Grotto,North Tabor,45.52295333059905,-122.6088613232788,Entire home/apt,492,1,301,218,4.78,2026-06-12
716870129902164837,The Writer’s Den,Sunnyside,45.51475,-122.62852,Entire home/apt,,30,0,12,0.30,2026-04-13
717481886813195276,The Portland Loft- Stylish Penthouse with Views!,Portland Downtown,45.51466,-122.68499,Entire home/apt,118,30,357,47,1.04,2026-03-27
718752889700836447,Two-Story Condo w/ Pool & more!,Old Town/Chinatown,45.5302,-122.67565,Entire home/apt,124,31,252,5,0.14,2025-08-11
719087935871649418,Cozy Bungalow in Ladd’s Addition • Walk/Dine/Shop,Hosford-Abernethy,45.50527374286095,-122.6514853915651,Entire home/apt,229,1,200,179,4.10,2026-05-25
719092368603119038,Cozy East Side Duplex with Gorgeous Downtown Views,Hosford-Abernethy,45.5024917,-122.6423911,Entire home/apt,178,2,49,136,3.03,2026-06-08
719138831057020494,Nicki’s Million Dollar View Suite @Pdx Downtown,Goose Hollow,45.51576,-122.69405,Private room,130,1,181,223,5.01,2026-05-27
719485711018080784,Guest house in quiet neighborhood near downtown,Irvington,45.54519,-122.65747,Entire home/apt,178,1,276,231,5.51,2026-05-26
720326559523871476,Charming guest studio with private deck.,Cully,45.55179,-122.61105,Entire home/apt,,30,0,1,0.02,2022-10-31
722558423246890995,PDX Studios: 2C - Short & Long-Term Stays Welcome!,Boise,45.5501729,-122.6682332,Entire home/apt,69,30,77,16,0.35,2024-01-02
722559167308339557,Peaceful Garden Oasis,St. Johns,45.59432,-122.74282,Entire home/apt,80,30,338,1,0.07,2025-04-06
723123992700581697,Northeast Portland Charm 2 Bdrm,Piedmont,45.56758,-122.66338,Entire home/apt,,30,0,0,,
723356983483276813,Bright 1 bedroom in the heart of the Pearl,Pearl,45.52984,-122.68444,Entire home/apt,,30,0,2,0.05,2022-11-25
724199906177888151,Hillside 2 Bedroom Apt-across from OHSU,Homestead,45.497277645663615,-122.68991412821802,Entire home/apt,184,3,130,61,1.58,2026-05-30
724209134376964588,Cozy Private Apartment,Reed,45.4901487,-122.6265373,Entire home/apt,126,2,272,91,2.19,2026-06-14
725289662533833257,Spacious & Serene w/ Private Backyard + Treadmill,Cully,45.55632453963853,-122.61510740965605,Entire home/apt,291,2,65,97,2.16,2026-01-21
726007270625250685,Stylish apartment with a loggia by the river,Bridgeton,45.60127,-122.65926,Entire home/apt,211,30,365,0,,
726051602296797640,Welcoming 4BR/3.5BA - Steps from Mt. Tabor Park,Mt. Tabor,45.50891,-122.60309,Entire home/apt,608,1,205,188,4.17,2026-06-09
726114668174057348,"Pristine Renovation w/ Epic Location, Hot Tub",Boise,45.55341,-122.67574,Entire home/apt,701,2,301,68,1.52,2026-05-04
726881571984081547,"Hillsdale Guest House, Close-In SW Portland",Bridlemile,45.4905,-122.71133,Entire home/apt,152,30,311,3,0.08,2024-06-15
728393926601096854,Private Room in walkable SE Portland -UNIT A,Mt. Scott-Arleta,45.48843,-122.59888,Private room,68,30,178,27,0.60,2023-10-06
728588726670272139,"Restful, simple, and clean room",Argay,45.54976769854734,-122.52138465642929,Private room,,1,0,34,0.99,2024-11-18
729180941575654368,long stay mcm loft style home. green,Hillsdale,45.4692378155871,-122.69603736698627,Entire home/apt,341,30,296,1,0.03,2023-06-29
729265811685215463,2bd Home | Dog Friendly | Central Location,Cully,45.55852,-122.58334,Entire home/apt,262,2,81,73,1.67,2026-05-28
729677210341522685,Forest Park Studio Guesthouse,Forest Park,45.58614,-122.80312,Entire home/apt,206,1,118,18,0.42,2023-12-27
729761991989336932,The Ascentuary,Pleasant Valley,45.46642,-122.53713,Entire home/apt,98,30,90,2,0.04,2022-11-13
729851001241949301,One bedroom suite in historic Isam White House,Northwest District,45.52514619999999,-122.6926936,Entire home/apt,262,1,308,162,3.69,2026-06-01
730362279039582528,Beautiful Two Bedroom Pearl District Condo,Pearl,45.52966989999999,-122.6821796,Entire home/apt,175,30,282,0,,
731137342154059342,Great Mississippi Location w/ Secure Parking!,Boise,45.553111,-122.674762,Entire home/apt,360,2,199,144,3.28,2026-06-09
733406666073449255,Comfortable 2 Bedroom with a spectacular view,University Park,45.58041,-122.73862,Entire home/apt,51,60,199,3,0.07,2023-10-14
734682333185993354,Lovely Condo Alphabet District,Northwest District,45.52802324516975,-122.70110687419566,Entire home/apt,115,31,287,0,,
734802604830008560,Quiet 1BR Near Tigard with Workspace,Crestwood,45.4566849,-122.7311356,Entire home/apt,169,2,86,138,3.10,2026-06-07
734994207908547884,Private and Elegant Condo - Most Central Location!,Goose Hollow,45.52127,-122.68735,Entire home/apt,38,60,358,0,,
735420134908965150,Fabulous Spacious Condo in the heart of Portland,Northwest District,45.52736,-122.7002,Entire home/apt,18,150,358,2,0.05,2023-07-01
735664483136331173,Cozy up in our 1 bd ADU near Pips & Prince Coffee,Beaumont-Wilshire,45.55098,-122.61931,Entire home/apt,343,1,115,141,3.28,2026-05-25
736192445533725483,Cozy 1-Bed / Full Kitchen Near it ALL!,Buckman,45.52185,-122.63844,Entire home/apt,158,1,14,30,0.67,2026-06-03
736286948060532000,Beautiful downtown studio vacation home with patio,Southwest Hills,45.5090147,-122.6877937,Entire home/apt,143,30,364,0,,
736514022686748633,Hazelwood getaway in NE Portland #2,Hazelwood,45.52519,-122.51912,Private room,44,31,331,6,0.14,2026-01-31
736883389466466771,Cheerful and Comfy Two Bedroom with Free Parking,Cully,45.5676015692827,-122.61413752186593,Entire home/apt,191,2,73,37,2.03,2026-06-08
738488406586540247,Cozy 2 bedroom Home Near Mississippi St,Humboldt,45.55854,-122.67576,Entire home/apt,,30,21,20,0.45,2025-02-16
738682585451111470,Convenient NE PDX | comfort modern living,Piedmont,45.57146,-122.66422,Entire home/apt,120,1,287,336,7.81,2026-06-14
739859122134328071,Cozy room in unique Victorian close to nightlife,Eliot,45.53842,-122.66293,Private room,,1,0,13,0.29,2023-11-11
739973521873812669,Private studio in SE Portland!,Lents,45.4754753,-122.5700172,Entire home/apt,94,30,248,49,1.21,2025-11-30
741164837264194419,PDX Studios: 3B- Short & Long-Term Stays Welcome!,Boise,45.55046,-122.66929,Entire home/apt,59,30,134,22,0.50,2024-07-02
743397552725911399,"Classic Bungalow, Great Area",Richmond,45.50072,-122.63093,Private room,57,30,363,0,,
745170507580930579,"Colorful, Light-Filled Bungalow in Inner NE PDX",Sabin,45.5543685,-122.6522102,Entire home/apt,200,2,165,47,1.13,2025-09-30
746312821268637420,Backyard Guesthouse in Quiet Neighborhood,Arbor Lodge,45.57027396271563,-122.69057877338346,Entire home/apt,,2,0,29,0.88,2025-10-03
747323959182331555,Quiet Redwood Retreat,North Tabor,45.52316,-122.60256,Entire home/apt,168,3,266,78,1.91,2026-06-08
747846220490653978,Portland riverfront escape | 2BR/2BA,Old Town/Chinatown,45.528664473047975,-122.67261324550782,Entire home/apt,146,30,296,0,,
749493346472349392,Free Parking/Gym/Rooftop/Pearl District/Downtown,Pearl,45.52721,-122.68534,Entire home/apt,313,2,105,154,3.52,2026-06-10
749604589248680927,NW Portland Oasis walkable to DT Shops & Dining,Northwest District,45.5274,-122.68942,Entire home/apt,165,1,320,138,3.18,2026-05-30
750105963970945538,Cozy Daylight Basement Apartment,Montavilla,45.50891,-122.57476,Entire home/apt,130,4,315,33,0.80,2026-05-29
750231205752146268,"Cozy, walkable family friendly ranch",Overlook,45.55911,-122.68195,Entire home/apt,480,1,222,128,2.93,2026-06-04
750260372351835719,The Loft; N. Portland,Portsmouth,45.58611,-122.72383,Entire home/apt,192,2,293,153,3.68,2026-06-09
750340629024400008,I offer the best service you’re welcome,Portsmouth,45.59164579999999,-122.7273948,Private room,94,30,365,8,0.18,2023-06-30
751305215989667691,Inviting 2 bedroom home w/ garden and free parking,Woodlawn,45.56993,-122.64955,Entire home/apt,,30,0,6,0.14,2024-04-01
751466143120941858,Monthly Rental - The Artist's Garden,Woodstock,45.48946,-122.61887,Entire home/apt,74,31,204,31,0.71,2025-04-30
753338173161413470,Daylight Dreaming. Exceptional New 2-Bedroom Condo,Powellhurst-Gilbert,45.50351,-122.52063,Entire home/apt,128,30,363,0,,
755150674288332173,"Freshly renovated, swanky duplex.",Brooklyn Action Corps,45.496198861100375,-122.65108708198137,Entire home/apt,95,30,241,35,0.84,2026-03-30
756032983528475416,Lovely 2 bedroom 2 bath apartment!,East Columbia,45.60244,-122.67626,Entire home/apt,,30,0,1,0.02,2022-11-11
757494742161675641,Mid-Century Modern Gem Near Multnomah Village,Crestwood,45.4508026,-122.7319382,Entire home/apt,144,30,63,2,0.05,2023-10-21
757943341506854184,"Spacious and cosy, work space & laundry in unit",Parkrose,45.5478157,-122.5423223,Entire home/apt,78,30,223,3,0.09,2026-04-26
760163436599997694,Roku • Board Games • 3 Off-street Parking Spaces,Piedmont,45.576243343473635,-122.66737432564253,Entire home/apt,341,1,136,65,1.62,2026-06-04
760953576527081522,Artsy apartment in NE PDX (montly min),Concordia,45.56086,-122.64247,Entire home/apt,122,30,179,0,,
761159231447024130,Your Portland Home Away From Home,Brentwood-Darlington,45.471669307713356,-122.59304996308427,Entire home/apt,135,30,120,7,0.18,2025-06-10
761722528688946815,The Humboldt Abode,Boise,45.55251,-122.66483,Private room,100,2,353,45,1.17,2026-05-20
761723198428833974,Comfy Rustic Modern Tiny House,Boise,45.5531736,-122.6654255,Entire home/apt,156,2,336,199,4.65,2026-05-29
763138676352579110,"Soulful Vintage Studio, Steps from Portland’s Best",Northwest District,45.52322230000001,-122.6870309,Entire home/apt,113,30,293,13,0.31,2026-03-31
763278557466324285,A Modern Sanctuary in Woodland Garden,Ashcreek,45.46727,-122.72975,Entire home/apt,168,2,40,72,2.10,2026-06-13
765129266078344425,Historical Portland Home < 2 Mi to Downtown!,Irvington,45.5369,-122.64974,Entire home/apt,529,2,328,35,0.83,2026-04-20
765154119553277992,Historic Portland 2 Bedroom Hideaway,Sunnyside,45.5158672,-122.6335861,Entire home/apt,111,30,334,6,0.14,2026-02-03
765421272081685934,Private Sauna & Hot Tub Retreat | Quiet PDX Home,Ashcreek,45.45898,-122.72085,Entire home/apt,158,30,336,279,8.12,2026-04-25
768931760655186587,1 Bed Home on Hawthorne - 95 walk score - New AC,Richmond,45.51126,-122.62928,Entire home/apt,257,1,61,174,4.10,2026-05-30
769200425606834444,La Casita,St. Johns,45.59236,-122.74091,Private room,,30,0,0,,
769640157609873966,Spacious Suite in Urban Farmhouse,Brentwood-Darlington,45.46182544992708,-122.58463028465576,Private room,,30,0,10,0.24,2023-02-12
770273458151493831,PDX Pad on Clinton,Hosford-Abernethy,45.50264,-122.64113,Entire home/apt,295,2,193,108,2.77,2026-06-03
771116464191677446,Portland Getaway!  Visit the Alberta Arts District,Concordia,45.5567,-122.63776,Entire home/apt,69,30,276,117,2.77,2026-02-15
771171342966033406,Hazelwood getaway in NE PDX #4,Hazelwood,45.52327,-122.51894,Private room,48,30,287,6,0.16,2026-01-14
772624272005415799,Studio Apartment in NW Portland,Northwest District,45.52497,-122.6902,Entire home/apt,99,1,237,15,0.36,2026-05-26
772719108396426474,Quiet comfortable home,Pleasant Valley,45.472038139225496,-122.52717692157329,Entire home/apt,,30,0,6,0.15,2023-04-23
772740366403108396,Luxury in Portland's Alberta Arts District,Alameda,45.55498,-122.63788,Entire home/apt,457,2,300,85,2.01,2026-05-03
773178418746550450,2 Bedroom Forest Views Guest Suite for Long Term,Powellhurst-Gilbert,45.5013476,-122.5625991,Entire home/apt,109,30,287,2,0.14,2025-12-22
774063414377223440,Cozy retreat in SE Woodstock,Woodstock,45.48261,-122.60798,Entire home/apt,161,3,281,90,2.16,2026-06-07
774633870709578792,Ladd's Addition Guest Suite,Hosford-Abernethy,45.51104,-122.65025,Entire home/apt,126,30,350,124,2.95,2025-12-08
777779337849698837,Charming Luxury/SE Portland/MtTabor/Montavilla/MCM,Montavilla,45.50844,-122.5839,Entire home/apt,300,1,286,56,1.44,2026-05-26
778265000364762909,Charming Craftsman Close to Restaurants & Shops,Northwest District,45.52842,-122.69654,Entire home/apt,195,30,315,3,0.09,2025-07-05
780551511100085524,The Perch PDX - Modern Studio on Division,Hosford-Abernethy,45.5038,-122.63954,Entire home/apt,,1,0,209,4.88,2025-09-29
781419064368125577,17Wood,Hosford-Abernethy,45.50227798272519,-122.64835875481367,Entire home/apt,95,29,237,10,0.24,2026-05-16
782598662676728927,Willamette River Perch,Old Town/Chinatown,45.5302089,-122.6746408,Entire home/apt,,30,3,8,0.20,2026-05-31
783003086108763319,A cozy mid-century modern house in lake Oswego,Arnold Creek,45.4335855,-122.6976303,Entire home/apt,149,30,280,12,0.31,2026-03-25
783475961349345030,Guesthouse with Fenced Yard in NE Portland,Woodlawn,45.567023683097055,-122.65580523721611,Entire home/apt,177,3,319,121,2.93,2026-05-24
784288992276908856,Retro artist's loft on Belmont,Sunnyside,45.51709286890107,-122.62658230203078,Entire home/apt,97,1,255,460,11.29,2026-05-30
785600127297331197,#StayInMyDistrict Overlook Backyard Tiny Suite,Overlook,45.55452,-122.68898,Entire home/apt,173,1,163,84,2.00,2026-05-18
786916255377210028,Modern Suite in NE Portland,Vernon,45.562403805421354,-122.64669004173163,Entire home/apt,129,30,177,2,0.05,2023-03-18
787715368146460329,Mount Tabor Loft With Hot Tub,South Tabor,45.50243838232859,-122.5863766674591,Entire home/apt,185,1,340,241,5.79,2026-06-08
787963769614817698,Mississippi District Retreat,Humboldt,45.55936586239735,-122.67230147637686,Entire home/apt,210,30,348,1,0.12,2025-10-12
788551599739384798,"Stylish, comfortable, private.",Crestwood,45.4572223,-122.7260131,Entire home/apt,177,2,296,82,2.21,2026-06-03
789374284887176491,Urban Minimalist Home,Mill Park,45.50776,-122.53647,Entire home/apt,125,30,342,81,1.95,2026-04-08
791443989413789589,The Arthur Tiny House @Tiny Digs Hotel- Train Vibe,Kerns,45.5263229,-122.6382411,Entire home/apt,200,1,343,2,0.05,2025-09-22
791444003630106601,Bamboo Tiny House @ Tiny Digs Hotel- Far East Vibe,Kerns,45.52632,-122.63824,Entire home/apt,204,1,345,5,0.13,2025-08-17
791444017963915453,The Barn Tiny House @ Tiny Digs Hotel- Farm Vibe,Kerns,45.5263229,-122.6382411,Entire home/apt,213,1,348,5,0.16,2025-10-05
791444033577506130,The Beach Tiny House @ Tiny Digs Hotel- Beach Vibe,Kerns,45.5263229,-122.6382411,Entire home/apt,265,1,347,2,0.05,2023-02-21
791444049755178449,The Boho Tiny House @Tiny Digs Hotel Bohemian Vibe,Kerns,45.52632,-122.63824,Entire home/apt,203,1,350,1,0.03,2023-07-18
791444063076996328,The Cabin Tiny House @Tiny Digs Hotel- Rustic Vibe,Kerns,45.5263229,-122.6382411,Entire home/apt,235,1,359,10,0.28,2026-03-23
791444076835709769,Cottage Tiny House@Tiny Digs Hotel- Victorian Vibe,Kerns,45.52632,-122.63824,Entire home/apt,226,1,340,5,0.21,2025-10-20
791444091092198786,Finlandia Tiny House@Tiny Digs Hotel- Finnish Vibe,Kerns,45.5263229,-122.6382411,Entire home/apt,219,1,311,5,0.12,2023-07-16
791444103112530563,Merlot Tiny House @ Tiny Digs Hotel- Vineyard Vibe,Kerns,45.52632,-122.63824,Entire home/apt,226,1,352,7,0.17,2026-01-10
791444116520507464,The Modern - Custom Tiny Home w/ Modern Vibe,Kerns,45.5263229,-122.6382411,Entire home/apt,227,30,365,0,,
791444129857262450,The Rock n Roll - Custom Tiny Home w/ 1950's Vibe,Kerns,45.52632,-122.63824,Entire home/apt,226,1,349,2,0.05,2023-08-06
791444143388475757,The Zen - Custom Tiny Home w/ Zen Vibe,Kerns,45.52632,-122.63824,Entire home/apt,269,1,336,2,0.06,2023-09-23
791947684416198562,3BR • Sleeps 6 • King Bed • Prime SE Location,Buckman,45.51523,-122.65305,Entire home/apt,574,1,320,119,2.83,2026-05-23
792355334800404402,Vagabond  Farm /Nature retreat,Powellhurst-Gilbert,45.487920648410714,-122.51855481740566,Entire home/apt,48,31,319,58,1.61,2025-07-05
794959574181228365,Ideal place to live and work,West Portland Park,45.44648904501856,-122.71490031335232,Entire home/apt,29,30,365,0,,
796332063442924370,"Sapphire Rm - A/C, XL closet, sink vanity, XL room",Arbor Lodge,45.576989814629805,-122.70117697817005,Private room,49,30,351,7,0.18,2026-04-30
796359857640032064,Mid-Century Apt - walk to Reed,Reed,45.4889364,-122.6317289,Entire home/apt,147,2,172,46,1.16,2026-06-02
797129982142519818,Penthouse with mountain views!,Portland Downtown,45.5212,-122.68472,Entire home/apt,,2,0,22,0.54,2024-11-10
797791392938976390,Cute Remodeled Two Bed Townhouse,Richmond,45.50000388240757,-122.63344938459156,Entire home/apt,115,30,239,1,0.03,2023-08-01
797950305927604069,Sky in Portland Studio-across from OHSU,Homestead,45.49940658100719,-122.68897329970427,Entire home/apt,119,30,197,8,0.20,2024-01-12
798524810822950384,Woodlawn Cottage,Woodlawn,45.57418130023464,-122.64967889756147,Entire home/apt,177,1,128,235,6.13,2026-06-07
799640108538362464,Classy Irvington Living Space,Irvington,45.54661651887042,-122.65669768761386,Entire home/apt,204,3,299,75,2.15,2026-06-05
800756909716372191,Beautiful Bedroom/Bath near OHSU - Women Only,South Portland,45.48037370000001,-122.6751608,Private room,77,2,225,68,1.75,2026-05-31
803571153281560582,"Emerald Rm-Quiet for contract work, Wifi, transit",Kenton,45.57909,-122.7027,Private room,93,30,351,8,0.22,2025-10-26
803952947489162560,Overlook Lodge,Overlook,45.5647,-122.67866,Entire home/apt,130,1,170,212,7.03,2026-06-09
805405446279599174,Charming & Quiet 2BD/2BA w/Records+Books+Huge Yard,Russell,45.53446285337235,-122.53542935997147,Entire home/apt,,1,0,18,0.44,2023-08-16
805946732909641426,Garden Apartment Gem,Piedmont,45.57338738706116,-122.66498043560593,Entire home/apt,145,2,250,61,1.51,2026-06-09
806082819587857357,Artistic Downstairs Apt in Charming Craftsman Home,Buckman,45.51488,-122.64252,Entire home/apt,271,1,75,71,1.73,2026-06-07
806411274976645470,"Close to PDX & Fremont Area. Quiet, private Studio",Cully,45.5541874416336,-122.60719355195761,Entire home/apt,130,1,138,6,2.31,2026-06-08
806457860498752743,"Pyrite Rm-Quiet, Walkable neighborhood, on transit",Kenton,45.57863348578177,-122.70225236090026,Private room,97,30,318,7,0.19,2025-10-15
806509557115505125,Lapis Rm-Mins to DT PDX - dining/transit close,Kenton,45.57825,-122.70055,Private room,43,30,318,11,0.27,2026-04-07
806550807101306582,"Kunzite Rm-Quiet, petite rm, near dining & transit",Arbor Lodge,45.57685132640317,-122.70220688672136,Private room,42,30,303,11,0.27,2026-04-07
806681576882471567,"Intimate Casita. Hot-tub, Movie Loft and Chiminea.",Woodstock,45.48272949971901,-122.60806818465576,Entire home/apt,276,1,208,249,6.80,2026-05-31
806784521595861261,Creston & Chill Suite,Creston-Kenilworth,45.49177052862891,-122.61514094396473,Entire home/apt,140,2,253,43,1.10,2026-05-17
807167221557469880,"Azurite Rm, Quiet/Wi-Fi, walk to dining/transit",Kenton,45.57826,-122.70067,Private room,43,30,253,7,0.20,2026-02-07
807235981511526608,Luxury Apartment | AC | Laundry | Walkable,King,45.55226380419144,-122.66284541613825,Entire home/apt,232,2,131,123,3.02,2026-06-08
807378255689177641,fifty windows | light filled getaway,Overlook,45.558,-122.69332,Entire home/apt,966,2,76,82,2.10,2026-06-08
808217780785206973,Bright & Peaceful Retreat in the heart of NE PDX,Concordia,45.56768,-122.64077,Entire home/apt,156,4,194,109,2.82,2026-05-25
808877446369414170,Cozy Mt. Tabor Bungalow,Mt. Tabor,45.509736007987506,-122.58878726259036,Entire home/apt,118,31,269,4,0.11,2025-06-20
809534874053543750,"NoPo Garden Guesthouse, Dog-Friendly + Private",Piedmont,45.57997,-122.67496,Entire home/apt,172,1,241,193,5.36,2026-05-18
809699986136549281,Studio apartment,Montavilla,45.51416,-122.57487,Entire home/apt,58,30,165,29,0.72,2025-12-09
810316437853659117,Piedmont Pied-à-terre (Basement Unit),Humboldt,45.56485,-122.66866,Entire home/apt,229,1,197,162,4.12,2026-05-31
810807731475232907,Walk to Williams District: Home w/ Hot Tub & Patio,King,45.56623,-122.66293,Entire home/apt,679,2,295,54,1.32,2026-05-31
810827559615326553,Storybook Tudor Studio-Iconic Woodstock Neighborhd,Woodstock,45.48161093032738,-122.60823236574736,Entire home/apt,46,30,136,6,0.27,2026-03-22
811068227606969700,"Burnside manor, perfect location (Room A2)",Kerns,45.5237586,-122.6361379,Private room,58,31,296,7,0.20,2026-05-10
811241015065386514,Elite Guest Studio,Mill Park,45.50622415869013,-122.5360873988638,Entire home/apt,57,30,124,51,1.28,2026-02-16
812547650130131187,"Burnside Manor, ideal location! (Room A3)",Kerns,45.52376,-122.63614,Private room,61,31,273,14,0.36,2025-07-09
813684425473155078,"Larimar Rm-Desk, walkable, wifi, kitchen, laundry",Kenton,45.5780432,-122.7015336,Private room,97,30,318,9,0.27,2025-11-01
814749346573841630,Breathtaking Views,Hillside,45.52479328800589,-122.70333090374922,Entire home/apt,896,30,343,4,0.17,2025-07-05
814875331087261525,Top Floor Vintage Studio,Northwest District,45.52304519394259,-122.69017007028594,Entire home/apt,,30,0,0,,
815965357659669746,"Modern, warm convenience",Montavilla,45.51202,-122.57393,Private room,,30,0,3,0.07,2023-02-18
816129853440603598,4BR/3BA Penthouse | Balcony | Foodie District,Hosford-Abernethy,45.504678,-122.644168,Entire home/apt,567,1,277,145,3.56,2026-05-31
816137710092450605,The Division Street Funk Flat - 94 WalkScore,Hosford-Abernethy,45.504678,-122.644168,Entire home/apt,425,1,297,106,2.60,2026-04-04
816145492959772426,Massive 7BR/5BA | Sleeps 14 | Walk to Everything,Hosford-Abernethy,45.504678,-122.644168,Entire home/apt,1426,1,261,43,1.08,2026-06-07
817365434188925584,Muse Portal,Powellhurst-Gilbert,45.49995,-122.56934,Private room,67,30,88,1,0.03,2023-03-06
818955070142751800,Quiet Piedmont Bungalow for Extended Stays,Piedmont,45.57435329587462,-122.66519120185065,Private room,,31,0,2,0.05,2024-08-01
819741373264776639,Woodstock Charmer!,Woodstock,45.48573986298348,-122.61276644783952,Entire home/apt,,30,0,4,0.10,2024-08-09
819874655855874968,"Cozy, private unit walkable to Williams Ave",Boise,45.55064,-122.66601,Entire home/apt,200,1,139,164,4.13,2026-05-24
820971896462892704,1898 House,Eliot,45.54824,-122.66373,Entire home/apt,261,1,334,197,4.93,2026-06-11
821789815962369995,Cozy Room in Quiet Piedmont Bungalow,Piedmont,45.57401765226076,-122.66514860425363,Private room,,30,0,1,0.02,2023-02-20
822720380485026187,The Cortland: Designer Home- Steps to 23rd Ave!,Northwest District,45.52815,-122.69774,Entire home/apt,164,30,274,10,0.32,2026-04-02
822721593214185071,The Sonya: Luxury Flat- Just Steps from NW 23rd!,Northwest District,45.52815,-122.69774,Entire home/apt,121,30,351,6,0.16,2026-04-19
822723346349351172,The Baldwin: Luxury Penthouse- Steps from 23rd!,Northwest District,45.5281228,-122.6977627,Entire home/apt,156,30,317,7,0.19,2026-05-31
822725151506516398,"The Braeburn: Luxury Flat, Steps From NW 23rd!",Northwest District,45.5281228,-122.6977627,Entire home/apt,106,30,309,2,0.08,2026-05-01
823260561009170650,Adorable St. Johns House w/Porch&private backyard,Cathedral Park,45.59161254818027,-122.76100939029166,Entire home/apt,167,7,205,58,1.44,2026-05-27
823279377987913554,Watts Landing - a city escape,Kenton,45.58159410925733,-122.68294152965618,Entire home/apt,243,1,156,77,1.90,2026-05-26
823349273592783197,Explore Portland from a Modern Private Suite,Hosford-Abernethy,45.505626238987986,-122.6530231790166,Private room,59,30,334,24,0.59,2026-01-14
824680577411840329,Month long stay in the city,Woodlawn,45.56842409886617,-122.64813640913172,Entire home/apt,,31,0,0,,
824712137951653421,Charming 3bed Home w/ Yard - Walk Score 91!,King,45.549044,-122.659371,Entire home/apt,141,30,215,8,0.21,2026-05-06
825301611376268303,Sweet Spot,Hayhurst,45.482844596755,-122.73179188370705,Entire home/apt,94,31,226,1,0.03,2023-06-13
825727995686716580,2 Bed/1 Bath in NE - Close to Mississippi Ave,Boise,45.5518977,-122.6649269,Entire home/apt,204,2,104,64,1.62,2026-05-31
826160162155753901,The Vibey Treehouse Nest Apt.,Buckman,45.519432526377926,-122.65167623346892,Entire home/apt,,30,0,35,0.86,2025-04-25
826946368538072330,Historic Victorian Artist's Lair,Hosford-Abernethy,45.50465,-122.65207,Entire home/apt,,4,0,60,1.50,2025-11-17
826972597892783809,Classic Portland Craftsman with AC near Beaumont,Roseway,45.54407271511198,-122.5942692308273,Entire home/apt,310,30,270,7,0.19,2024-07-31
827509220018608218,Rose City Retreat,Rose City Park,45.54589910028744,-122.5995420108459,Entire home/apt,187,3,170,88,2.24,2026-06-08
827681729317697370,Pacific Northwest Cozy,Sunnyside,45.51323,-122.63321,Entire home/apt,140,2,183,40,0.99,2026-05-08
828294789666308206,Cozy Artsy St Johns Bungalow,St. Johns,45.58817,-122.74489,Entire home/apt,166,28,365,0,,
828978241312428962,Spacious Private & Beautiful SW Hills Oasis in PDX,Hillsdale,45.4939673,-122.711362,Entire home/apt,171,1,299,48,1.24,2026-05-11
830552382387723890,Sunny Sabin Guesthouse | Private Studio Portland,Sabin,45.551519,-122.6530289,Entire home/apt,160,2,287,72,1.95,2026-05-19
830617383285906397,Historic Queen Anne Vernacular ~ 95 WalkScore,Buckman,45.51534,-122.65394,Entire home/apt,86,30,199,137,3.40,2024-12-01
831116378786205246,Wyndham Portland Waterfront Park Resort | Studio,Old Town/Chinatown,45.5206203,-122.6712424,Entire home/apt,119,30,365,0,,
831116394929909304,Wyndham Portland Waterfront Park Resort | Studio,Old Town/Chinatown,45.5206203,-122.6712424,Entire home/apt,119,30,365,0,,
831116691154846430,Wyndham Portland Waterfront Park Resort | Studio,Old Town/Chinatown,45.5206203,-122.6712424,Entire home/apt,119,30,365,0,,
831116897218059379,Wyndham Portland Waterfront Park Resort | Studio,Old Town/Chinatown,45.5206203,-122.6712424,Entire home/apt,119,30,365,0,,
831117091792109695,Wyndham Portland Waterfront Park Resort | Studio,Old Town/Chinatown,45.5206203,-122.6712424,Entire home/apt,119,30,365,0,,
831117096493556345,Wyndham Portland Waterfront Park Resort | Studio,Old Town/Chinatown,45.5206203,-122.6712424,Entire home/apt,119,30,365,0,,
831117468982589289,Wyndham Portland Waterfront Park Resort | Studio,Old Town/Chinatown,45.5206203,-122.6712424,Entire home/apt,119,30,365,0,,
831117543826972956,Wyndham Portland Waterfront Park Resort | Studio,Old Town/Chinatown,45.5206203,-122.6712424,Entire home/apt,141,30,365,0,,
831117629227521034,Wyndham Portland Waterfront Park Resort | Studio,Old Town/Chinatown,45.5206203,-122.6712424,Entire home/apt,141,30,365,0,,
831120806711654172,Wyndham Portland Waterfront Park Resort | Studio,Old Town/Chinatown,45.5206203,-122.6712424,Entire home/apt,119,30,365,0,,
831127707078918670,Wyndham Portland Waterfront Park Resort | Studio,Old Town/Chinatown,45.5206203,-122.6712424,Entire home/apt,119,30,365,1,0.03,2023-04-27
831127710001660943,Wyndham Portland Waterfront Park Resort | Studio,Old Town/Chinatown,45.5206203,-122.6712424,Entire home/apt,119,30,365,0,,
831127712090964883,Wyndham Portland Waterfront Park Resort | Studio,Old Town/Chinatown,45.5206203,-122.6712424,Entire home/apt,119,30,365,0,,
831127714517627058,Wyndham Portland Waterfront Park Resort | Studio,Old Town/Chinatown,45.5206203,-122.6712424,Entire home/apt,119,30,365,1,0.03,2023-04-28
831127741694790188,Wyndham Portland Waterfront Park Resort | Studio,Old Town/Chinatown,45.5206203,-122.6712424,Entire home/apt,119,30,365,0,,
831128149304025579,Wyndham Portland Waterfront Park Resort | Studio,Old Town/Chinatown,45.5206203,-122.6712424,Entire home/apt,119,30,365,0,,
831128561454930902,Wyndham Portland Waterfront Park Resort | Studio,Old Town/Chinatown,45.5206203,-122.6712424,Entire home/apt,126,30,365,0,,
831128630991367490,Wyndham Portland Waterfront Park Resort | Studio,Old Town/Chinatown,45.5206203,-122.6712424,Entire home/apt,126,30,365,0,,
831128838396536041,Wyndham Portland Waterfront Park Resort | Studio,Old Town/Chinatown,45.5206203,-122.6712424,Entire home/apt,126,30,365,0,,
831129112971480487,Wyndham Portland Waterfront Park Resort | 1BR/1BA,Old Town/Chinatown,45.5206203,-122.6712424,Entire home/apt,135,30,365,0,,
831129190609108485,Wyndham Portland Waterfront Park Resort | 1BR/1BA,Old Town/Chinatown,45.5206203,-122.6712424,Entire home/apt,135,30,365,0,,
831129344738314930,Wyndham Portland Waterfront Park Resort | 1BR/1BA,Old Town/Chinatown,45.5206203,-122.6712424,Entire home/apt,135,30,365,0,,
831129510340807365,Wyndham Portland Waterfront Park Resort | 1BR/1BA,Old Town/Chinatown,45.5206203,-122.6712424,Entire home/apt,135,30,365,0,,
831130416999510721,Wyndham Portland Waterfront Park Resort | 1BR/1BA,Old Town/Chinatown,45.521579279352544,-122.67180287859367,Entire home/apt,143,30,354,0,,
831130503031922101,Wyndham Portland Waterfront Park Resort | 1BR/1BA,Old Town/Chinatown,45.52111021772294,-122.6703263616096,Entire home/apt,143,30,354,0,,
831130595007198273,Wyndham Portland Waterfront Park Resort | 1BR/1BA,Old Town/Chinatown,45.52162,-122.67098,Entire home/apt,143,30,354,0,,
831130787237483468,Wyndham Portland Waterfront Park Resort | 1BR/1BA,Old Town/Chinatown,45.52029657786811,-122.67212546421986,Entire home/apt,143,30,354,0,,
831131131227795691,Wyndham Portland Waterfront Park Resort | 1BR/1BA,Old Town/Chinatown,45.5206203,-122.6712424,Entire home/apt,170,30,354,0,,
831131233729131749,Wyndham Portland Waterfront Park Resort | 1BR/1BA,Old Town/Chinatown,45.5206203,-122.6712424,Entire home/apt,170,30,354,0,,
831131511804955420,Wyndham Portland Waterfront Park Resort | 1BR/1BA,Old Town/Chinatown,45.5206203,-122.6712424,Entire home/apt,170,30,354,0,,
831782549297378683,"LG Home/Room/Bath/NWilliams Trendy, Food,Bars,Yard",Humboldt,45.5553146,-122.6677392,Private room,56,30,223,2,0.06,2024-12-14
832130778073618434,Apt w/ Sauna in Craftsman,Irvington,45.54228,-122.6501,Entire home/apt,,30,0,6,0.15,2024-01-03
832890797069658898,Cozy Suite • Spacious 2BR Apt • Quiet • Private,Wilkes,45.53160460000001,-122.5068561,Entire home/apt,147,1,132,184,4.60,2026-05-31
833008820425318111,Vibrant 1950s Mt Scott Home,Mt. Scott-Arleta,45.4793569,-122.5984902,Entire home/apt,204,2,77,56,1.44,2026-05-24
833353819875092168,Quiet Portland Guest House,Cully,45.5508821,-122.6034969,Entire home/apt,159,2,295,82,2.21,2026-05-31
834080355583718471,Stylish retreat great for entertaining,Kenton,45.578495329483694,-122.68815975467736,Entire home/apt,,2,0,18,0.85,2025-02-25
835074424419955172,"Modern Private Full Suite, Central Location.",Creston-Kenilworth,45.4911513,-122.6141778,Entire home/apt,170,1,236,87,2.19,2026-05-31
835122195318139103,Charming *30+Day* Suite! 2 Min Walk From OHSU,Homestead,45.498495798635396,-122.6901537441803,Entire home/apt,109,30,269,4,0.12,2025-09-06
835717666863461578,"Modern 2 Bed, 2 Bath in Alberta Arts",Sabin,45.557123852660645,-122.6470528468176,Entire home/apt,249,2,228,171,4.33,2026-06-04
836545238567689756,Luxury 2 BDR in the Pearl with Rooftop!,Portland Downtown,45.5223848,-122.6841138,Entire home/apt,503,1,90,11,0.28,2026-05-17
838341411200410821,Walkable Portland Studio < 1 Mi to Dtwn!,Goose Hollow,45.51914,-122.69458,Entire home/apt,281,1,304,46,1.19,2026-06-07
838461309206940083,Historic 2BR | Walk to NW 23rd Shops & Eats,Northwest District,45.52472,-122.69458,Entire home/apt,395,1,302,181,4.58,2026-06-04
838470354781704787,NW Portland 8BR • Perfect for Large Groups,Northwest District,45.5247163,-122.6945748,Entire home/apt,1632,1,261,44,1.17,2026-05-04
839115035159081196,Portland Floating Home Getaway w/ Sauna!,Bridgeton,45.60277,-122.66501,Entire home/apt,332,3,333,72,1.83,2026-05-31
840233470616755202,Private Room and Full Bath + Private Pool Access,Powellhurst-Gilbert,45.50182,-122.56374,Private room,229,1,89,54,1.36,2025-02-02
841428982778722801,Peaceful basement studio,Kerns,45.5199,-122.63442,Entire home/apt,124,30,365,15,0.39,2023-09-06
842055674731103760,"Truly fantastic near cafés, w/Porch, Deck & Yard",Hosford-Abernethy,45.50266,-122.63829,Entire home/apt,31,30,233,11,0.29,2026-04-30
842813725493393910,Foodie Heaven Bungalow,Kerns,45.521608895457476,-122.63615986399476,Entire home/apt,320,2,168,96,2.46,2026-06-08
843427001852952453,"Historic Executive Rental, Free Parking",Hosford-Abernethy,45.50967,-122.65381,Entire home/apt,248,2,239,63,1.79,2026-06-12
843459903907068727,"Private Apartment-Walk to shops, bars, restaurants",Humboldt,45.555491290305,-122.670463857011,Entire home/apt,171,2,245,118,3.19,2026-06-01
843557718047015051,Casa Nena,North Tabor,45.526301974337194,-122.59962606296594,Entire home/apt,119,1,320,212,5.38,2026-06-09
844148741703712256,Spacious light-filled 1600 sf 2 Bed Home on MAX,Arbor Lodge,45.56689,-122.68427,Entire home/apt,268,2,12,20,0.52,2025-04-28
844223362514264939,PDX Studios: 3C- Short & Long-Term Stays Welcome!,Boise,45.55118,-122.66857,Entire home/apt,,30,0,13,0.33,2024-12-14
844861849804685816,Light-Filled Apartment,Concordia,45.56563824350929,-122.64295771475872,Entire home/apt,128,14,281,15,0.40,2026-03-17
845844713260815993,Cozy retreat in wooded neighborhood.,Maplewood,45.47096,-122.73123,Entire home/apt,,2,0,97,2.44,2026-06-19
845853041745497264,Stylish and cozy home in Portland,Mt. Scott-Arleta,45.47697,-122.58467,Entire home/apt,286,1,350,19,0.48,2026-06-08
846331310163630868,Longterm rental next to OHSU,Homestead,45.49713,-122.69412,Entire home/apt,495,30,365,1,0.03,2023-08-09
846543031665509353,"Comfort, Quiet, Convenience in 3-room Oasis",Markham,45.4521226,-122.7027993,Private room,53,30,44,46,1.17,2023-10-10
849430780621296700,Architect's Contemporary Cottage,Humboldt,45.56566,-122.66727,Entire home/apt,,1,0,55,1.68,2024-11-30
850642213054811357,"Eastmoreland Guesthouse | Quiet, Cozy & Inviting",Eastmoreland,45.469095370418906,-122.62978546211201,Entire home/apt,172,1,217,49,3.04,2026-06-02
850795469124431230,Farmhouse + Tiny Home Village | 7BR/5BA| Sleeps 14,Hosford-Abernethy,45.49874,-122.6414,Entire home/apt,1637,1,281,32,0.92,2026-03-13
851419394796144737,Little Green Garden Apartment,Sabin,45.55430688185383,-122.65426090352022,Entire home/apt,164,3,334,60,1.67,2026-06-12
851437745027355952,Bright artist’s condo in Pearl (Daimler ok),Pearl,45.5261744,-122.681954,Entire home/apt,177,30,335,12,0.33,2026-05-02
852174998208945495,Convenient duplex close to airport,Wilkes,45.549103715456084,-122.50967111438513,Entire home/apt,83,30,75,3,0.10,2025-07-31
852202953451833825,Charming Historic Portland Home Near Downtown,Madison South,45.53956,-122.5775,Entire home/apt,,30,1,0,,
852460521953545346,The Spanish Flat | 3BR / 2BA | Mississippi Ave,Boise,45.55311,-122.67579,Entire home/apt,431,1,311,160,4.09,2026-06-04
852477677487336792,Experience Urban Living in the Pearl District!,Pearl,45.531402487834654,-122.6819119171843,Entire home/apt,105,30,289,6,0.16,2025-05-24
852847637766720251,Historic Nob Hill 2BR | Prime Walkable Spot,Northwest District,45.5247163,-122.6945748,Entire home/apt,306,1,302,124,3.25,2026-05-25
853145330798317295,Modern Boho Subunit in Stunning Sellwood-Moreland,Sellwood-Moreland Improvement League,45.4741574856053,-122.64646344105216,Entire home/apt,163,2,321,64,1.77,2026-04-25
854276125903354595,Modern Home with Cedar Sauna & Outdoor Patio,Cully,45.5508321,-122.6017186,Entire home/apt,200,2,210,146,3.87,2026-06-11
854425035138978032,"The Yellow Cottage - Private, Peaceful, & Near PDX",Hazelwood,45.5300113,-122.5501485,Entire home/apt,177,1,241,182,4.79,2026-06-04
855692533793103757,Hawthorne Schoolhouse,Richmond,45.51142,-122.63217,Entire home/apt,212,2,230,181,4.70,2026-06-11
855762641762098497,Rose City Modern Loft,Boise,45.554063,-122.675313,Entire home/apt,319,3,238,98,2.57,2026-06-12
856660054921966822,NEW! Cozy Garden Suite Steps from Restaurant Row,Kerns,45.527597225584024,-122.6361298173844,Entire home/apt,187,1,330,101,3.05,2026-06-08
856809773339671182,Oregon apartment across OHSU,Homestead,45.497568194815436,-122.68908095819702,Entire home/apt,141,30,120,17,0.46,2025-01-09
856811017433604364,Unique-Studio Apt. Across OHSU Hospital,Homestead,45.49744,-122.69023,Entire home/apt,94,30,152,2,0.06,2024-09-22
858806723683921843,Upscale •Balcony •Gym •Rooftop +Amenities,Portland Downtown,45.52156,-122.68322,Entire home/apt,345,1,348,117,3.04,2026-05-25
859348828157007152,Cozy Portland Studio w/ Electric Fireplace,Irvington,45.5369,-122.64974,Entire home/apt,122,2,333,25,0.70,2026-05-16
859717456092128576,Private Room in 50s Mid-Century MOD Designer Home,Reed,45.48458,-122.62414,Private room,76,30,178,16,0.43,2023-12-27
860840967402524592,North Portland Studio,University Park,45.577750597125394,-122.7161860517577,Private room,62,30,43,2,0.06,2023-09-17
861609058406347193,Renewed Classic Craftsman in SE - 95 WalkScore,Buckman,45.5151816,-122.6534939,Entire home/apt,385,1,224,104,2.68,2026-06-04
862445680815798514,"Classic, Newly Restored Portland Home.",South Burlingame,45.465267231373176,-122.68868530698788,Entire home/apt,168,31,348,2,0.05,2026-01-02
862455832416419352,Arnold Creek Hidden Gem,Marshall Park,45.44688379999999,-122.699408,Entire home/apt,111,2,166,46,1.20,2026-05-31
862921843725921525,Bright and cozy craftsman,Woodlawn,45.5694515,-122.6554396,Entire home/apt,119,30,53,1,0.04,2024-02-22
864485328754597191,Cute on a budget!,Sunnyside,45.51316,-122.63259,Entire home/apt,110,2,169,72,1.85,2025-08-27
865096351459731670,Super Walkable Hillsdale Home,Hillsdale,45.480011249214705,-122.69655977114381,Entire home/apt,,30,0,0,,
865926000216939252,Art-Deco Inspired Guest Suite,Richmond,45.50015980375358,-122.63256302371714,Entire home/apt,145,2,214,114,3.05,2026-05-30
865945198947434343,Entire Beautiful Victorian in Overlook! 30 day min,Overlook,45.55964,-122.68472,Entire home/apt,150,30,311,10,0.29,2026-06-07
866715379618734502,Groovy on Glisan,Laurelhurst,45.527153131815844,-122.61863034163586,Private room,,30,260,0,,
867593258576533950,Modern cozy heaven - full independent appartment,Overlook,45.56223,-122.68857,Entire home/apt,,8,15,20,0.52,2026-06-04
867654779094903220,Charming Queen Ann Home in the Heart of SE PDX,Hosford-Abernethy,45.50322860000001,-122.6458944,Entire home/apt,164,30,117,58,1.54,2026-06-13
869131332756468753,El Oasis,North Tabor,45.52626306580342,-122.59995764133348,Entire home/apt,120,1,323,148,3.86,2026-05-31
870316809473416299,Windows Galore - Heart of Pearl!,Pearl,45.5287869,-122.6846317,Entire home/apt,107,31,296,7,0.28,2025-10-07
870604175096902996,Heart of Alphabet | Walkable | Bike Storage,Northwest District,45.52841098777242,-122.69422764603272,Entire home/apt,98,30,272,7,0.20,2026-03-31
871238042431556186,The Kenilworth Guest House,Creston-Kenilworth,45.49307352738117,-122.63394898973804,Entire home/apt,323,2,199,162,4.37,2026-06-05
873361518310613092,Private room w/ dedicated bathroom,Sumner,45.55975902269244,-122.57215873657387,Private room,,30,88,1,0.03,2023-08-12
873455517566890127,Bright Portland Bungalow 3Beds/2Bath/Office,Foster-Powell,45.49271,-122.59247,Entire home/apt,415,1,72,24,0.84,2025-10-26
873918210376496557,Halsey Abode in Rose City Park (with parking),Rose City Park,45.53282,-122.60501,Entire home/apt,136,2,233,83,2.22,2026-06-01
874156225451139627,Suburban Sanctuary PDX,Centennial,45.495231,-122.4882116,Entire home/apt,156,30,88,7,0.19,2024-09-15
874692954316448703,Guesthouse in Historic Kenton,Kenton,45.57760592212727,-122.69010103902905,Entire home/apt,67,30,71,2,0.10,2025-01-12
874787906960807152,Sweeeeet Home Alberta 3BR/1BA,Vernon,45.56124,-122.65124,Entire home/apt,,30,0,78,2.03,2024-07-24
875622827519972255,Historic Haven 1bd/1ba in Brooklyn Portland SE,Brooklyn Action Corps,45.49564293493494,-122.65190790847439,Entire home/apt,,2,0,21,0.78,2024-10-11
876051321284691129,The Leo | Pet-Friendly Furnished Home in w/Yard,Hayhurst,45.4840678,-122.7286103,Entire home/apt,302,30,318,2,0.07,2025-08-15
876389450263948202,Beautiful Custom House in Arbor Lodge Neighborhood,Overlook,45.56593377427301,-122.69784762071752,Entire home/apt,157,30,61,1,0.03,2023-07-10
876755080078350164,Family-Friendly Home • 3BR • Great Location,Buckman,45.5152622,-122.653503,Entire home/apt,339,1,298,84,2.20,2026-06-03
876804719870419767,Renewed Classic Craftsman 6 Bed ~ 95 WalkScore,Buckman,45.5152622,-122.653503,Entire home/apt,877,1,282,4,0.15,2026-05-17
877736133901244428,"Luxury Living on NW 23rd Ave, Walk Score 99",Northwest District,45.5289126,-122.69902,Entire home/apt,770,1,307,139,3.66,2026-06-07
877771899994133091,Auna's Place and Garden,Sellwood-Moreland Improvement League,45.462759747604416,-122.65516600697298,Entire home/apt,386,2,287,43,1.29,2026-05-19
878278378268415086,"Burnside Manor, best location, full 1bd (Unit B)",Kerns,45.5237586,-122.6361379,Entire home/apt,75,31,279,14,0.40,2026-02-06
878409986177596890,Perfect Retro-Modern Bungalow,Foster-Powell,45.49463,-122.60253,Entire home/apt,117,30,236,1,0.18,2026-01-04
879827947604573552,plant sanctuary,Montavilla,45.524990457797756,-122.5709564883053,Entire home/apt,247,3,138,27,0.76,2025-08-04
880412830796813344,Stay Wildwood,Linnton,45.5826,-122.77425,Entire home/apt,365,1,288,29,0.86,2026-06-03
880823389662096486,Arbor Den - N Portland Cozy Downstairs Hideaway,Arbor Lodge,45.56984124311999,-122.69572162742097,Entire home/apt,85,30,106,23,0.62,2025-12-20
881189619149329653,Maplewood Retreat,Maplewood,45.47041272870189,-122.72534653544425,Entire home/apt,302,5,311,2,0.06,2024-08-06
881431276327906589,Modern condo in North Tabor,North Tabor,45.52592724833489,-122.60619054578856,Entire home/apt,123,30,294,2,0.06,2024-01-07
881431286255017318,Modern condo in North Tabor,North Tabor,45.52513795040409,-122.60684909237249,Entire home/apt,123,30,309,1,0.03,2023-10-01
882133205079344979,Central & Peaceful walk to transit & restaurants,Irvington,45.54064343767531,-122.65439817789337,Private room,,1,0,149,3.93,2026-03-13
882516112627638676,Modern Apartment in Portland's Pearl District,Pearl,45.5292249,-122.6857045,Entire home/apt,128,31,106,5,0.18,2024-09-25
882551413492261260,Private room + private bath in new home - Room B,Powellhurst-Gilbert,45.48677,-122.53756,Private room,37,30,120,15,0.40,2024-09-04
882737451887617905,Alberta Arts District Retreat,Concordia,45.5668625,-122.6363025,Entire home/apt,64,30,59,14,0.41,2026-04-03
883518232938647263,Cozy pied-à-terre in NE PDX,Concordia,45.5622879,-122.6345323,Entire home/apt,69,30,134,9,0.24,2025-11-25
884864258204779775,Cozy & Elegant 1-bdr Condo.,Goose Hollow,45.5214879,-122.6885296,Entire home/apt,76,31,137,12,0.33,2025-08-30
884900553639737710,Modern Apt | Close to Everything,Boise,45.5513657,-122.6650087,Entire home/apt,159,1,128,222,6.05,2026-05-24
885124970398557753,Cozy Sellwood District Studio,Sellwood-Moreland Improvement League,45.46079,-122.64234,Entire home/apt,172,1,327,129,4.31,2026-05-31
886952564101590976,"Garnet rm- On transit, wifi, perfect for med staff",Kenton,45.57916254335364,-122.70050743406806,Private room,44,30,350,9,0.25,2025-08-15
887673173819916858,Private city retreat; Cozy Studio w/backyard.,Laurelhurst,45.5303221,-122.6297347,Entire home/apt,134,2,87,135,3.63,2026-05-10
887745300179116212,2 bdrm Lovely Peace of Paradise w/ secure parking,Portland Downtown,45.5103912,-122.6782267,Entire home/apt,125,30,79,10,0.32,2025-08-01
888355193556146850,Upscale Relaxing Retreat 2 BR/1 BA ~ Sleeps 4,Lents,45.47436642349438,-122.5680455288583,Entire home/apt,104,30,244,34,0.90,2024-04-21
888467456581934420,Cedar House: A Quiet Retreat,Roseway,45.55278115240964,-122.58634507656097,Entire home/apt,90,30,257,17,0.46,2026-04-17
888684393175448358,Spacious private guest suite in a great location.,Hosford-Abernethy,45.507272693354835,-122.65379810000002,Entire home/apt,152,1,267,151,4.14,2026-06-07
889347365329464731,N Portland Adventure Basecamp!,Kenton,45.5829113,-122.6928081,Private room,97,2,151,46,1.23,2026-06-08
889780629145553306,"Private 2 Bedroom with Backyard, Fire-pit, parking",East Columbia,45.60181,-122.66957,Entire home/apt,272,1,110,55,1.50,2026-03-06
891703444010811592,Craftsman Subterranean Retreat,Roseway,45.54595,-122.59405,Entire home/apt,101,30,89,2,0.06,2025-07-31
892200612531088895,Hillsdale Retreat,Hillsdale,45.47379981836275,-122.69149059207321,Entire home/apt,167,30,263,11,0.30,2024-11-20
893799897736979995,FamilyFriendly 2 BR Spacious Apt,Hillsdale,45.4739,-122.69491,Entire home/apt,169,2,207,28,0.76,2026-02-16
895608030748887075,Back to Black | Modern Stylish Alberta Arts Home,Concordia,45.564,-122.63679,Entire home/apt,380,1,276,120,3.28,2026-06-02
895711833921636990,A Gorgeous River View Modern Suit.,Linnton,45.5970855,-122.7880667,Entire home/apt,,30,0,1,0.03,2023-07-30
895738378282073345,Sellwood Yellow Bungalow,Sellwood-Moreland Improvement League,45.46764916175612,-122.64570729284013,Entire home/apt,149,30,112,9,0.25,2025-12-21
896345924356452882,Mountain & River View ‧ Spacious ‧ Modern Home!,Linnton,45.59654,-122.78891,Entire home/apt,329,1,301,153,4.20,2026-06-02
897256146402650825,"The Empire: Cozy luxury studio, steps to 23rd!",Northwest District,45.5281441,-122.6977315,Entire home/apt,120,30,254,4,0.15,2025-08-22
897258314573927843,The Hygge Room,Buckman,45.51511,-122.64924,Private room,126,2,73,197,5.61,2026-06-08
897391468276692529,"The Black Studio: Modern, Private Guesthouse",Beaumont-Wilshire,45.54807,-122.62987,Entire home/apt,119,2,350,137,3.69,2026-05-28
898059556478835853,95 Walk Score /AC+Heat+Laundry /Shops+Restaurants,Eliot,45.54806118356353,-122.6635605718257,Entire home/apt,124,30,319,37,1.01,2026-04-15
898510051189308762,Pet-Friendly 3-Bedroom House,Lents,45.48044230140445,-122.56288669116665,Entire home/apt,88,30,69,0,,
898921729130447606,Newly Remodeled Private Apartment in Hillsdale,Hillsdale,45.47864,-122.7001,Entire home/apt,94,30,270,101,2.73,2026-03-31
899603714273138617,Lofted Eastmoreland Guesthouse,Eastmoreland,45.4764071,-122.628567,Entire home/apt,233,2,252,7,0.20,2025-12-29
904346162900783284,"Cozy PDX Hideout, Ideal Location",Boise,45.55162,-122.66903,Entire home/apt,226,1,340,91,2.46,2026-05-25
906033198265947735,Roomy Townhouse near Portland,West Portland Park,45.4516484916237,-122.72300481679858,Private room,62,30,365,0,,
907311141960761779,Vintage Charm & Modern Appeal in Downtown NW,Northwest District,45.52418,-122.68764,Entire home/apt,69,30,90,13,0.38,2026-06-01
908014927769295067,Tabor Hideaway,South Tabor,45.5020404,-122.5865534,Entire home/apt,137,2,223,99,2.73,2026-05-25
908304649068689178,Garden studio in Laurelhurst,Sunnyside,45.51744,-122.63133,Entire home/apt,181,2,307,134,3.68,2026-06-13
908743277651383231,Modern ADU near Penninsula Park,Woodlawn,45.5720316253388,-122.66111357503759,Entire home/apt,95,30,258,5,0.15,2025-10-13
909392262743592919,Tasteful bungalow in quiet area,Beaumont-Wilshire,45.5571,-122.62324,Entire home/apt,140,30,104,8,0.24,2026-04-06
910045500215544034,"Coral Rm–Upstairs XL room, Long term welcome",Kenton,45.57907,-122.70256,Private room,46,30,296,4,0.12,2025-12-31
911907936546162036,"BEST Location! Upscale, beautiful Slabtown home!",Northwest District,45.531661,-122.6907526,Entire home/apt,547,1,320,125,3.47,2026-06-11
912543945106086277,Posh Victorian Studio (31 day min-no tax),Northwest District,45.53878402617625,-122.69713664838298,Entire home/apt,,31,15,7,0.26,2026-03-28
912548820450963364,Comfy 2 bed Victorian Apt (31 day min-no tax),Northwest District,45.53685,-122.6986,Entire home/apt,,31,0,0,,
913267448023771763,Whole Unit with Free Parking,Montavilla,45.515363585776576,-122.5744073266605,Entire home/apt,137,2,295,40,1.12,2026-05-18
913360251548614489,Private Room/Desk,Montavilla,45.51397649914338,-122.57542108271159,Private room,48,31,349,6,0.17,2025-06-01
913973594958488920,Retreat @ the Tangerine Bungalow,Hillsdale,45.4679396,-122.6971111,Private room,166,1,263,9,0.25,2026-05-25
915963764943538408,"Impeccable Home, Pet Friendly, BBQ, Next to Park",Bridlemile,45.49201026126763,-122.72658361661505,Entire home/apt,434,30,363,18,0.51,2026-03-21
916199820963776027,Unit B ~ Victorian-style home ~ very walkable,Buckman,45.51684,-122.65132,Entire home/apt,289,1,82,177,5.10,2026-05-28
917396044972279338,"Historic LUX, Foodie Paradise + Best Location",Eliot,45.5457000625548,-122.66436620601293,Entire home/apt,206,25,58,50,1.39,2025-08-14
917481835900528362,Charming Guest Suite in the Heart of Hawthorne,Richmond,45.5070966,-122.6211928,Private room,98,2,293,106,2.98,2026-06-12
918090546520538102,"Serene Oasis: Swim Spa, Sauna, huge deck and grill",Southwest Hills,45.5072149,-122.70848,Entire home/apt,375,2,71,121,3.67,2026-06-02
918455436573148298,Stunning Floating Home on the Willamette River!,South Portland,45.4678464,-122.6684666,Entire home/apt,288,30,304,4,0.13,2024-07-12
920269277018184160,The Black House Studio Unit #1 (North Portland),Overlook,45.5567599,-122.6831454,Entire home/apt,184,1,252,41,1.16,2026-05-09
922076577301419678,Southwest PDX Casita near Max/Airport &  I84/205,Parkrose,45.55759,-122.56262,Entire home/apt,169,30,360,11,0.33,2024-01-01
923162268964691788,Farmhouse Studio,Eliot,45.5425634,-122.6634739,Entire home/apt,89,30,179,35,0.97,2024-03-09
923267881103406541,The Little Blue ADU,Concordia,45.56437023140178,-122.63113126158714,Entire home/apt,193,2,235,220,6.18,2026-05-31
923995127784439421,Updated & Cozy Portland Home,St. Johns,45.59308079666039,-122.73890439675418,Entire home/apt,300,2,274,5,0.23,2025-01-02
924785367893536388,A modern guest room in the peaceful neighborhood,North Tabor,45.5257072100483,-122.6067995563646,Private room,,30,0,0,,
924891373027461452,BEST location (99 walk score!) low clean fee,Northwest District,45.52805598359648,-122.68949317628912,Entire home/apt,233,3,310,95,2.65,2026-05-25
925471616132982698,1-BR Condo w/ Private Parking,South Portland,45.47375,-122.67391,Entire home/apt,207,30,162,4,0.13,2026-01-25
930641485021623765,"Immaculate and Private Space, Walk to Everything",Laurelhurst,45.52537510911049,-122.62453098183595,Entire home/apt,256,2,321,43,1.27,2026-05-31
931302173378290933,Maplewood ADU Garden Retreat,Maplewood,45.47031639999999,-122.7252604,Entire home/apt,177,4,311,4,0.12,2026-05-03
931418244950696318,"Cozy Sunnyside 2BD/1BA w/ AC, full kitchen",Sunnyside,45.51412800806845,-122.63421742508545,Entire home/apt,,1,0,20,0.71,2024-10-20
932912790261502097,The 1911 on Fremont,Roseway,45.545822959704,-122.58121365893915,Private room,86,2,14,77,2.22,2026-06-08
934111763448689801,Floatopia Getaway,Sellwood-Moreland Improvement League,45.47359,-122.6617,Entire home/apt,80,30,134,10,0.29,2025-12-04
934153785651922901,"Mt Tabor Tree House, Hidden Urban Retreat",Mt. Tabor,45.51715,-122.59431,Entire home/apt,358,1,315,218,6.22,2026-05-31
935631617595917441,"Fantastic Woodstock Townhouse, Pet Friendly",Woodstock,45.488956767994125,-122.62030882537222,Entire home/apt,601,2,55,21,0.72,2026-05-10
937147556749225708,room w/ private bath avail near OHSU,South Portland,45.490857491023675,-122.67389639979613,Private room,46,30,319,1,0.04,2024-07-27
938655486483273224,Amazing location in SE Portland,Hosford-Abernethy,45.50798,-122.6546,Entire home/apt,155,1,315,143,4.05,2026-05-23
939382785339327685,Cathedral Park Chateau/ Office & Private Yard,Cathedral Park,45.58724,-122.74861,Entire home/apt,,3,0,39,1.14,2025-02-24
939816739441592530,Mid-Century Modern Gem in PDX/LO,Far Southwest,45.43340226867938,-122.74170630875027,Entire home/apt,478,2,313,76,2.20,2026-05-26
940691745482668307,Cozy Studio with Private Patio,Goose Hollow,45.519849331656545,-122.69531280483658,Entire home/apt,93,31,96,0,,
940745277869635715,The Plex PDX,Kerns,45.52095,-122.63251,Entire home/apt,273,1,168,137,3.95,2026-06-05
941455725289167595,Modern Home — Prime Alberta Arts,Vernon,45.561116867135325,-122.64737143929112,Entire home/apt,171,2,23,109,3.13,2026-05-11
942352505794589081,The Willamette House,Cathedral Park,45.58643,-122.75062,Entire home/apt,117,31,130,1,0.03,2023-09-30
942383793527622418,Privacy and peace to relax.,Brentwood-Darlington,45.4683399,-122.5975812,Entire home/apt,88,30,365,8,0.23,2023-10-09
942873336541176566,Quiet & bright NW townhouse (2 bd/2.5 bath),Northwest District,45.53482332039998,-122.70292928733669,Entire home/apt,216,30,364,28,0.80,2024-04-22
943601291050028057,Portland Waterfront Park Studio,Old Town/Chinatown,45.52102,-122.67067,Entire home/apt,210,30,76,0,,
944177182671893320,"Massive Nob Hill Craftsman ~ 99 WalkScore, 8 beds",Northwest District,45.52758,-122.68835,Entire home/apt,750,1,310,176,5.49,2026-06-03
944565109548195613,Forest Studio Oasis - Mile from Multnomah Village,Ashcreek,45.45576355169503,-122.7198657,Entire home/apt,140,1,312,209,5.99,2026-06-04
944584641965855879,Serene Forest Studio - Walk to Multnomah Village,Ashcreek,45.4557485,-122.7198657,Entire home/apt,156,1,328,196,5.59,2026-06-05
945628340551167140,Portland Guesthouse,Montavilla,45.53373,-122.5895,Entire home/apt,117,1,114,109,3.45,2026-05-30
947763236924837269,Portland Vacation Rental: 3 Mi to Downtown!,Boise,45.55273,-122.6717,Entire home/apt,133,30,364,0,,
947875521964741891,Portland Waterfront Park Studio,Old Town/Chinatown,45.52001305203638,-122.67056266603421,Entire home/apt,210,30,76,0,,
948588166133141058,Urban Fern Bungalow ~ steps to shops/MAX/food!,Overlook,45.565316321716445,-122.68671160304713,Entire home/apt,387,1,283,14,0.47,2025-09-27
948722280357366372,King Beds | AC | Games | Yard | Very Walkable,Boise,45.54975,-122.6691,Entire home/apt,811,2,231,103,3.18,2026-06-09
949148236424023110,Quiet Room in Quiet Neighborhood,Woodstock,45.48635384650204,-122.61227047925644,Private room,93,2,365,7,0.21,2025-09-22
950142189466710669,*Sunny Room in Comfy Boho Loft + Huge Deck*,Madison South,45.54654,-122.56858,Private room,96,1,255,148,4.27,2026-06-09
950204985400764289,Peaceful Portland Studio,Brooklyn Action Corps,45.49812,-122.65662,Entire home/apt,160,2,133,71,2.17,2026-06-11
950244984066737378,*Comfy Room in Sunny Boho Loft w/Huge Deck*,Madison South,45.54563359245309,-122.56684065908847,Private room,120,1,258,147,4.23,2026-06-12
950444551338776284,Home Office｜Trendy 4BR Bartholomew Gem｜E#41001,Northwest Heights,45.5396933932916,-122.76932122561568,Entire home/apt,430,30,325,1,0.03,2023-11-03
950766433856164781,Condo in a vibrant harborside,Portland Downtown,45.50865,-122.67274,Entire home/apt,110,30,43,1,0.09,2025-08-02
951042244918602409,Stylish Urban Retreat,Kerns,45.52442,-122.64659,Entire home/apt,143,30,282,9,0.28,2025-11-06
951717761693896847,The Drop INN,St. Johns,45.59318864574072,-122.73194954600096,Entire home/apt,202,1,195,9,0.26,2025-09-27
952219185508515736,Airstream oasis w/ hot tub,Foster-Powell,45.487040576516996,-122.58639349575789,Entire home/apt,61,30,281,23,0.71,2025-05-29
953268457098917806,"Charming 2-Bed Minutes to OHSU, Walkable (18B)",Homestead,45.49730001332016,-122.69100913904626,Entire home/apt,102,30,192,2,0.34,2026-04-08
955223896557162511,"Private, peaceful treetop studio in Alberta Arts",Concordia,45.56485,-122.64281,Entire home/apt,170,3,242,80,2.36,2026-05-25
955331771782942396,New studio in Foster Powell -Unit C,Creston-Kenilworth,45.49325318828033,-122.60566011905583,Entire home/apt,111,2,253,94,2.81,2026-05-26
955346639642318313,Clean and Cozy New Studio - Unit B,Creston-Kenilworth,45.493166721981474,-122.60627836955261,Entire home/apt,107,1,257,94,2.76,2026-05-26
955457763522180499,Private Room & Shared Bath - Room C,Powellhurst-Gilbert,45.485,-122.53963,Private room,35,30,74,9,0.26,2026-05-11
956126149466173650,Spacious Southeast Craftsman - WFH Bliss,Foster-Powell,45.49628360508767,-122.60103951343721,Private room,248,3,128,123,3.64,2026-06-14
956544720912406604,1 bedroom between Mississippi and Williams Ave,Boise,45.55427,-122.66986,Entire home/apt,137,1,181,65,1.90,2026-05-24
957233776998175657,Walk to Mississippi Ave! Cozy Folk Victorian.,Boise,45.55341908102529,-122.67712126106211,Entire home/apt,263,1,201,133,4.21,2026-06-06
957368130732232173,Corporate Housing - Fast WIFI - 5 Beds,Portsmouth,45.586243036007005,-122.71537889457291,Entire home/apt,167,30,300,80,2.34,2026-02-03
957565663596363579,City Views + Deck | 3BR Hillside Retreat,Southwest Hills,45.50701268699304,-122.68687427281043,Entire home/apt,,30,16,33,0.97,2024-12-18
957982295911121191,Modern home w/spacious loft BR in NE Alberta Arts,Vernon,45.56271,-122.64989,Entire home/apt,209,2,113,33,1.25,2026-05-28
958121097873778733,Sunny in Sellwood,Sellwood-Moreland Improvement League,45.46805,-122.65456,Entire home/apt,100,30,185,14,0.41,2026-02-06
958145188311797410,The Madrona House,Overlook,45.56310764494909,-122.69526683965665,Entire home/apt,157,30,281,4,0.13,2026-02-28
958326698629083779,City Views + Deck | 3BR Hillside Retreat,Southwest Hills,45.50535205189099,-122.6870578083767,Entire home/apt,183,30,178,33,1.00,2026-06-06
958750368664910206,Private room in Overlook,Overlook,45.56547802428813,-122.68932582274407,Private room,,30,173,0,,
961998938626131629,Very clean room in house in great neighborhood,Creston-Kenilworth,45.494758992779786,-122.61063789739688,Private room,70,30,87,1,0.04,2024-07-19
963166265899727509,Cozy home in heart of Portland,Arbor Lodge,45.57299,-122.68781,Entire home/apt,154,1,166,11,0.62,2026-05-25
964511911828115052,Alberta Arts Luxe 2 bed 2 bath with AC,King,45.556455564680526,-122.65488863739661,Entire home/apt,244,2,202,111,3.35,2026-06-13
964795565024109995,Tiny Home Haven in Montavilla,Montavilla,45.52885924609834,-122.58005383751711,Entire home/apt,82,30,344,28,0.82,2025-11-16
964850040753513916,Charming Apt in NE Portland,North Tabor,45.52496,-122.60463,Entire home/apt,133,2,165,80,2.37,2026-06-08
965312717236966183,Zen Cottage 800sq ft/ High End,Beaumont-Wilshire,45.555238,-122.628415,Entire home/apt,131,8,287,0,,
965917701407953784,2BR Minutes Walk from OHSU! (18A),Homestead,45.49585233318758,-122.69198415328852,Entire home/apt,102,30,196,3,0.09,2025-11-22
966731493012568759,Modern! Views! Heart of The Pearl,Pearl,45.52994594754892,-122.68378615565187,Entire home/apt,76,31,176,6,0.21,2026-01-08
967384399592804456,"Spacious 3BR/2BA w/ Steam Shower, Gated Parking &",Buckman,45.5163047,-122.6519507,Hotel room,,1,0,22,0.66,2025-11-13
968040232556866373,#StayInMyDistrict Arbor Lodge The Ainsworth,Arbor Lodge,45.5665696,-122.6857367,Entire home/apt,279,1,98,68,2.01,2026-06-13
968090629222705357,Portland - WP Studio Deluxe,Old Town/Chinatown,45.52172,-122.67172,Entire home/apt,321,1,4,0,,
968133154582454297,Portland - WP 1 Bedroom,Old Town/Chinatown,45.51964762487937,-122.67190597375871,Entire home/apt,,30,0,0,,
968147615007098010,Portland - WP 1 Bedroom PH,Old Town/Chinatown,45.51992,-122.67057,Entire home/apt,,30,0,0,,
968380651569439343,St. John’s Townhouse 2 story in quiet neighborhood,St. Johns,45.59394,-122.73442,Entire home/apt,94,30,185,12,0.36,2026-06-10
968397916814310248,SE Portland/Sellwood good Neighborhood,Sellwood-Moreland Improvement League,45.45975652684277,-122.64557098635417,Entire home/apt,89,30,226,6,0.22,2026-04-26
968742014925537030,Northwest Nob Hill!  Free Parking! Walk to it all!,Northwest District,45.5362908,-122.7013965,Entire home/apt,260,2,280,45,1.37,2026-06-07
968759063348468915,Victorian with Modern Comforts in NW Portland. Dri,Northwest District,45.536362,-122.701559,Entire home/apt,659,1,300,63,1.95,2026-06-12
968955759201440812,Bright & Bold 2BR/2BA w/ Vaulted Ceilings + Laundr,Buckman,45.5163047,-122.6519507,Hotel room,,1,0,13,0.39,2026-01-02
968957740832247538,"Colorful 2BR/2BA w/ King Bed, Local Art + Secure P",Buckman,45.5163047,-122.6519507,Hotel room,,1,0,22,0.65,2025-11-28
968960713848236432,Quiet End-Unit Studio w/ Full Kitchen + Natural Li,Buckman,45.5163047,-122.6519507,Hotel room,,1,0,8,0.24,2025-08-04
971092511345161024,Hawthorne Bungalow,Richmond,45.51166117804823,-122.62811773982959,Entire home/apt,,120,121,1,0.04,2024-03-02
971673863552654417,City Forest Retreat,Southwest Hills,45.5056956517736,-122.71096674762889,Entire home/apt,194,1,194,122,3.62,2026-06-01
973148273721602085,3 bd/2bath Perfect location!,Richmond,45.51112047706101,-122.63295771711725,Entire home/apt,,2,0,10,0.38,2026-04-26
974108770045896073,Cute Room w/ Pool on the Roof,Buckman,45.5226453,-122.6623776,Entire home/apt,151,30,360,2,0.06,2023-09-24
974257294889296131,My Little Jewel Box,Northwest District,45.5232268,-122.6870496,Entire home/apt,89,30,237,1,0.04,2024-03-31
975442305072551533,The Owl Room - Upstairs Room in a Hillsdale,Hillsdale,45.47926534793807,-122.69961852670515,Private room,56,30,59,77,2.33,2026-04-28
975532468139167516,"Private Room w Bath Kitchenete, parking, SAFE area",Mill Park,45.512483332239356,-122.53269295557885,Private room,59,30,57,25,0.75,2026-04-30
975800646823202883,Charming Roseway House,Roseway,45.54893067266575,-122.58171658962965,Entire home/apt,,30,0,4,0.14,2025-03-25
976889855332538771,Modern Apartment,King,45.553029617519464,-122.66109406668701,Entire home/apt,149,1,35,401,12.58,2026-06-12
977627258752009484,Cozy forest facing studio,Northwest Heights,45.54016114275542,-122.78238940984009,Entire home/apt,81,30,164,0,,
977855333525415738,"Rustic home in Multnomah village, Portland",Multnomah,45.46399,-122.70683,Entire home/apt,110,28,296,8,0.27,2025-09-15
978577475168686072,Historic Portland Landmark w/ Fireplace & Parking,Hosford-Abernethy,45.51008,-122.65286,Entire home/apt,246,2,255,61,1.84,2026-06-13
978887542628794026,a/c ~ {Petite Palazzo VlLLA} ~ Small+Stylish!,Mt. Tabor,45.52285320000001,-122.5951038,Entire home/apt,233,1,215,194,5.93,2026-05-27
978906954246756391,1928 Craftsman•Steps to Bars•Food Carts•Grocery,St. Johns,45.59063,-122.74785,Entire home/apt,327,3,84,23,0.72,2026-05-25
978983600664347803,Oak Street Retreat,Buckman,45.5198683,-122.6458589,Private room,,30,269,0,,
981118808708297933,The Betty - A Pet Friendly 1920s Vintage Bungalow,Buckman,45.51765555084311,-122.65301946866215,Entire home/apt,266,1,259,148,4.69,2026-06-13
981307394211319494,spacious beautiful home,Hazelwood,45.512814,-122.5524091,Entire home/apt,329,30,360,13,0.46,2024-08-18
982596981779167077,Urban Oasis in the Heart of the Pearl District,Pearl,45.52613505720129,-122.68025642846163,Entire home/apt,89,31,285,8,0.26,2026-02-06
983278640222145228,Portland Modern,Multnomah,45.46362,-122.72367,Entire home/apt,462,2,256,150,4.67,2026-05-15
984043712273390826,Peaceful Inner Southeast Studio!,Buckman,45.522375,-122.649791,Entire home/apt,224,1,321,129,3.89,2026-06-03
984099718263107224,Spacious Division Convenient,Mill Park,45.5044562,-122.532025,Entire home/apt,220,30,332,18,0.55,2025-11-18
984167458407555619,Ivon Street Dual Suite Rowhome,Hosford-Abernethy,45.50519,-122.65021,Entire home/apt,141,31,166,7,0.23,2026-05-27
984274338904473188,Benji and Friends,Rose City Park,45.53846273385286,-122.6112401085755,Private room,86,1,66,134,4.11,2026-05-29
984339351067450587,Fremont Cottage,Cully,45.55213579689565,-122.60897610762471,Entire home/apt,,30,0,3,0.09,2023-11-09
985516440770760904,Noble Old Geezer squatting in Slabtown,Northwest District,45.533374,-122.695876,Entire home/apt,,30,0,84,2.57,2026-03-23
987738194847784693,Heart of the Pearl. South Facing Studio.,Pearl,45.52806,-122.68375,Entire home/apt,77,31,282,5,0.18,2026-02-15
987855691022078561,The Happy House,Woodstock,45.48301,-122.61612,Entire home/apt,133,30,162,1,0.04,2024-05-15
988346770685329049,Cozy basement room,Mt. Tabor,45.506308628613134,-122.60607978248524,Private room,,30,83,1,0.03,2024-01-21
988608946014273382,"Family & pet friendly, 5BR, sleeps 12",Cully,45.557265360582676,-122.58893943048265,Entire home/apt,306,30,174,7,0.21,2025-12-12
988652358260268989,"Newer Built Fopo Gem, Close to Everything!",Mt. Scott-Arleta,45.48656714719636,-122.59599647019853,Entire home/apt,216,1,295,157,5.16,2026-05-30
989071216670299123,OHSU 1Bed Huge deck Pets love it! (04A),Homestead,45.49603,-122.6912,Entire home/apt,88,30,119,1,0.04,2024-07-28
990581500754669978,The Secret Garden,Mt. Tabor,45.51385,-122.60967,Entire home/apt,159,1,77,101,3.44,2026-05-23
991377971675951867,Spacious Craftsman in the Heart of St. Johns,St. Johns,45.5895,-122.74962,Entire home/apt,483,1,199,35,1.15,2026-05-05
992709540375836743,Modern condo in North Tabor,North Tabor,45.52390886332416,-122.60472737776804,Entire home/apt,123,30,287,3,0.10,2026-05-16
992773814986483743,Beautiful Portland Gem Minutes from Mt. Tabor,Montavilla,45.51026,-122.5843,Entire home/apt,217,1,315,129,4.14,2026-06-14
992949858004557003,Modern studio heart of The Pearl,Pearl,45.52798387945975,-122.68507129213833,Entire home/apt,79,31,283,5,0.22,2026-04-14
994374745361485342,Million dollar views condo,Hillside,45.524497698362005,-122.70243668953223,Entire home/apt,,30,0,1,0.03,2023-12-01
994473318337328068,Frankie's Place; Walkable Craftsman luxury!,Richmond,45.50112,-122.62001,Entire home/apt,573,2,205,58,1.85,2026-06-05
994990150833930882,Irvington Garden Suite,Irvington,45.5406932,-122.6517649,Entire home/apt,185,3,306,57,2.20,2026-06-09
995029431118894021,Close In NE Portland Studio,Eliot,45.540359613278056,-122.66420809658493,Entire home/apt,183,1,200,165,5.47,2026-05-31
995304495062249613,Stylish Overlook Guest Suite,Overlook,45.5621931721026,-122.68778822811899,Entire home/apt,161,1,125,182,5.76,2026-06-14
996343834072385168,Classic Country Style Home,St. Johns,45.59356,-122.74232,Entire home/apt,322,30,360,0,,
996382563947841589,"Peaceful, Spacious Bungalow in Overlook",University Park,45.57707498258768,-122.71039981299633,Entire home/apt,346,1,166,37,1.44,2026-05-24
998526319006717916,Sweet Beech St Retreat,Beaumont-Wilshire,45.55050415671671,-122.61740656997628,Entire home/apt,115,2,150,34,1.08,2026-05-31
998622425722470713,A queer little craftsmen,Sabin,45.54897857823915,-122.64880179664934,Private room,53,30,263,0,,
998874941320111854,Bright and modern 2bd/2.5ba- close to Alberta st!,Vernon,45.5658536,-122.6487761,Entire home/apt,269,2,63,92,3.06,2026-05-30
999273678789048919,Private guesthouse,Woodlawn,45.57373,-122.65887,Entire home/apt,100,2,327,146,4.52,2026-06-07
999305306050472647,Eclectic 5 BR House in Trendy Hawthorne+Division,Richmond,45.50471896970194,-122.62195020418378,Entire home/apt,464,1,322,121,3.74,2026-06-09
1000027220855533708,Fairmount Forested Lower Suite,Southwest Hills,45.500016640060835,-122.7111566439271,Entire home/apt,212,1,53,10,2.70,2026-06-09
1000814547576538131,"Roomy 1BR w/ patio, 205 access!",Montavilla,45.5278,-122.56956,Entire home/apt,73,30,289,5,0.16,2025-11-06
1000826855572177238,"Roomy 2BR w/ patio, 205 access!",Montavilla,45.525993460717345,-122.56952743138395,Entire home/apt,80,30,304,5,0.16,2024-11-30
1001052889641317898,Basement Apartment,Piedmont,45.5708,-122.67102,Entire home/apt,126,1,13,36,1.13,2026-05-24
1001627335081881662,"Family + Pet-friendly, sleeps 16",Cully,45.55722,-122.58898,Entire home/apt,445,30,217,5,0.16,2025-10-24
1003066133694324177,Spacious Oasis Near Stunning Mount Tabor Park,Montavilla,45.5080695,-122.5725316,Entire home/apt,314,1,302,22,0.79,2025-09-21
1003741240720740663,Adorable St John's Garage Studio,St. Johns,45.599906832166255,-122.74908084396878,Entire home/apt,137,1,308,20,2.05,2026-05-31
1004321605767790849,Pearl Studio in Streetcar Lofts,Pearl,45.531499594157,-122.6828535442184,Entire home/apt,,60,233,7,0.23,2026-05-06
1004397153146826136,Lovely Modern Basement Apartment,Buckman,45.5162561,-122.6571009,Entire home/apt,57,90,173,4,0.13,2024-03-03
1005288596527472363,FoPo Craftsman,Foster-Powell,45.48782373860765,-122.58756423453885,Entire home/apt,457,2,332,26,0.83,2026-05-25
1005879503517963785,Hazelwood getaway in NE PDX #3,Hazelwood,45.52524,-122.51752,Private room,42,30,349,7,0.24,2026-05-31
1006595988054094192,La Casa del Abuelo,Buckman,45.51546319390009,-122.64233063703774,Entire home/apt,241,2,297,108,3.95,2026-06-05
1006823034177451494,Spacious private whole guest house in NE Portland!,Woodlawn,45.57622661014088,-122.65205147365425,Entire home/apt,109,2,315,175,5.46,2026-05-18
1007367939386007473,Arboreal Room at Hayhurst Manor,Hayhurst,45.48659,-122.72727,Private room,41,30,131,32,0.99,2026-04-03
1008623755972647188,"NE Portland Irvington Craftsman 
King Suite",Irvington,45.5385757,-122.6438735,Private room,137,1,351,3,2.05,2026-06-13
1009047174799471899,Brooklyn Bungalow,Brooklyn Action Corps,45.49973,-122.64867,Entire home/apt,72,30,55,2,0.07,2024-01-05
1009386553931324024,Floating Home on the Columbia,Hayden Island,45.611551281339665,-122.68782652940932,Entire home/apt,82,90,267,0,,
1009693143026517956,Emerald Heights Retreat near hiking trail 5BD/3BTH,Southwest Hills,45.500201255799816,-122.69994573971726,Entire home/apt,271,30,90,4,0.13,2026-04-26
1011235917149279200,Magic 2nd Floor / Walk Everywhere!,Richmond,45.50986,-122.62401,Entire home/apt,90,1,1,135,4.82,2026-06-10
1011702387381898063,Arbor Lodge Retreat Blissful Sanctuary,Arbor Lodge,45.56749041199184,-122.68909618672598,Private room,,30,364,0,,
1011887443911257508,Landmark 23 ~ Historic 3BD-2BA House Garden Garage,Hosford-Abernethy,45.50813,-122.65984,Entire home/apt,580,2,336,73,2.38,2026-06-12
1013092144345637783,Lively and Cozy Portland home. Sleeps 10.,Woodlawn,45.56977585751,-122.66108446624338,Entire home/apt,292,1,328,220,7.07,2026-06-08
1013901560926844318,"15min to PDX & DT, Fireplace, Garage, W/D in-unit",Montavilla,45.50466,-122.56727,Entire home/apt,184,30,269,0,,
1014604005281042281,Downtown Portland Poolside Condo with Hot Tub.,Old Town/Chinatown,45.53051042690672,-122.67533205449583,Entire home/apt,63,30,143,4,0.17,2026-05-10
1016059367607163707,Chic Retreat in the Pearl,Pearl,45.52901975236683,-122.68433756371262,Entire home/apt,200,2,327,57,1.95,2026-06-14
1016191923901612313,Portland AF,Powellhurst-Gilbert,45.48049844091069,-122.54357634530294,Entire home/apt,54,30,185,4,0.13,2025-12-20
1016879831727643365,Private Fernview Bed and Bath,Concordia,45.56812,-122.62078,Private room,,2,0,52,1.63,2024-11-11
1018954728359821877,Sellwood Apt - Quiet & Walkable!,Sellwood-Moreland Improvement League,45.46783,-122.65188,Entire home/apt,155,1,221,80,2.76,2026-06-07
1018962420190965021,Burlingame Bliss,Hillsdale,45.47311740000001,-122.6878826,Entire home/apt,500,2,144,5,0.16,2026-05-10
1020303134753104666,Hazel Haus: secluded SW PDX home with hot tub,Collins View,45.4569,-122.68283,Entire home/apt,205,30,287,7,0.24,2026-03-16
1020324895941264891,South Tabor Mid-Century Gem,South Tabor,45.50478,-122.59363,Entire home/apt,,2,0,0,,
1020455421434435178,Alberta Arts Acorn Den,Concordia,45.55751050042361,-122.63221138198755,Entire home/apt,,1,0,39,1.39,2026-05-04
1021130162613104436,Sweeeeet Home Alberta 1BR/1BA,Vernon,45.56512,-122.65067,Entire home/apt,,30,0,16,0.52,2024-05-29
1021172111056064388,Designer 3BD Hawthorne Home,Richmond,45.50795,-122.62797,Entire home/apt,,30,0,67,2.19,2025-07-23
1021255135465217072,Beautiful two level Craftsman,Richmond,45.50619,-122.62715,Entire home/apt,295,30,162,0,,
1021667442026901728,Entire PDX Condo with City View,Goose Hollow,45.52157,-122.69081,Entire home/apt,54,60,108,3,0.11,2025-04-14
1021714725123193540,Cozy Dome with AC: off-grid glamping in Portland,South Tabor,45.50363,-122.59135,Entire home/apt,112,2,353,10,0.33,2025-07-21
1021781616484144153,Designer Owned Suite in Historic Hollywood,Grant Park,45.5393263,-122.6186725,Entire home/apt,196,1,292,74,2.43,2026-06-07
1022416138200261072,Private NE Portland Guesthouse,Alameda,45.55205,-122.63095,Entire home/apt,216,1,144,262,8.74,2026-06-10
1023996513050492606,"River Views, Serenity, & Paths!",Old Town/Chinatown,45.5298943,-122.6745259,Entire home/apt,120,31,159,5,0.20,2026-06-11
1024297617129482353,Williams Avenue Hideaway,Boise,45.55326326646057,-122.66647064310966,Entire home/apt,188,1,234,115,3.75,2026-06-09
1025399831778175717,"Portland Condo w/ Hot Tub Access, Near Downtown!",Old Town/Chinatown,45.53063,-122.67599,Entire home/apt,79,30,275,3,0.14,2026-05-09
1026407601572557182,Garden House Apartment,Richmond,45.50108802056681,-122.61771901534424,Entire home/apt,133,30,360,0,,
1026781455659992140,Hawthorne Apartment,Buckman,45.51394,-122.63959,Entire home/apt,245,1,193,74,2.40,2026-06-03
1026978495677416284,Summer-Ready Family 2BR: A/C+King+Parking+Pets OK,Woodstock,45.47786127041318,-122.60791760678524,Entire home/apt,246,1,140,98,3.77,2026-06-08
1027553276591051654,Hawthorne House - A+ Location! Pet Friendly!,Richmond,45.50801558014541,-122.62663892233077,Entire home/apt,194,1,18,137,4.46,2026-06-13
1029082016777210902,"Exceptional Pet Friendly Home, Game Room w/ Pool",Bridlemile,45.49014420558069,-122.73613589534833,Entire home/apt,487,2,345,50,1.61,2026-06-05
1029398723212833583,Furnished 1 BR unit near OHSU Dog Friendly (04D),Homestead,45.49568800545293,-122.69091533520964,Entire home/apt,66,30,139,6,0.21,2026-05-22
1029739785052383741,Getmash Suit,Hazelwood,45.51494262069415,-122.52309111154815,Entire home/apt,151,30,270,3,0.10,2024-12-20
1029825129098370434,PDX Studios: 2A- Short & Long-Term Stays Welcome!,Boise,45.55124,-122.66758,Entire home/apt,,30,0,2,0.06,2024-04-15
1030504841750880148,Luxurious 1Br Condo in the Pearl,Pearl,45.53003431169428,-122.68219104456722,Entire home/apt,27,90,160,0,,
1032656952166462864,Corner of  Heaven,Sellwood-Moreland Improvement League,45.46508,-122.65833,Entire home/apt,337,2,215,107,3.56,2026-05-29
1033502422786263877,"Cozy, walkable and safe",Rose City Park,45.5317,-122.61434,Entire home/apt,,2,0,23,0.74,2024-06-23
1033547371117770728,Modern Apt Nestled in Lush Hills,Hillsdale,45.48900127456048,-122.70317385724556,Entire home/apt,103,14,175,4,0.18,2025-01-18
1036096016941720189,$100/night｜Membership Pricing｜Two Homes One Stay,Northwest Heights,45.54132,-122.77471,Entire home/apt,437,30,338,0,,
1036929634174016323,Coda | Walkable Woodstock Guesthouse | Portland,Brentwood-Darlington,45.4729259,-122.6137783,Entire home/apt,265,1,330,127,4.35,2026-06-06
1037547091941624799,Cozy loft cottage,Sellwood-Moreland Improvement League,45.459219719106926,-122.64434798582433,Entire home/apt,135,2,198,78,2.72,2026-06-09
1039360464260912150,Downtown Penthouse Condo - Minutes from PSU & OHSU,Portland Downtown,45.51599,-122.68653,Entire home/apt,79,30,171,9,0.33,2026-02-01
1039951678032368494,Family Farm Camper,Powellhurst-Gilbert,45.48831,-122.51914,Entire home/apt,49,31,223,8,0.30,2026-01-15
1040061263692755695,"Warm and Cozy Basement, Covered Outdoor Area w/",Madison South,45.53482,-122.57912,Entire home/apt,,2,0,4,0.14,2024-06-30
1041343710221736784,Swanky in Overlook,Overlook,45.55242,-122.68283,Entire home/apt,157,2,73,62,2.12,2026-01-04
1042400504348522876,"Long term, incredible Goose Hollow location",Goose Hollow,45.51418570299069,-122.69099548459053,Entire home/apt,,30,22,3,0.12,2026-05-31
1044358027236291632,Corner One Bedroom with Views!,Pearl,45.52883364684177,-122.68462255597116,Entire home/apt,112,31,309,9,0.31,2026-01-15
1044460668752688190,Inner SE Lux Townhouse - Close to Revolution Hall.,Buckman,45.522375,-122.649791,Entire home/apt,357,2,335,43,1.43,2026-06-08
1044776352594191894,"Blueground | Overlook, nr coffee, zoo & hiking",Overlook,45.56464039999999,-122.6818621,Entire home/apt,,30,337,1,0.09,2025-07-13
1044776679107723746,"Blueground | Old Town, nr dining, bars & tech hubs",Old Town/Chinatown,45.5286955,-122.6729121,Entire home/apt,,30,30,1,0.56,2026-04-23
1047542319928861771,Bright Spacious Elliot Cottage,Eliot,45.5404312,-122.6636485,Entire home/apt,107,30,60,1,0.05,2024-08-31
1048611916554444380,Airsteam on Farm-Nature-City,Powellhurst-Gilbert,45.48897886399015,-122.51804664731026,Entire home/apt,57,31,250,7,0.26,2026-02-01
1048618585097145025,Nicki's Million dollar view Home @ Downtown PDX,Goose Hollow,45.51461975114619,-122.69247294285277,Entire home/apt,457,1,218,23,0.86,2026-05-10
1049360366962493526,Pdx- great for travel workers.,Brentwood-Darlington,45.4703935,-122.5925687,Entire home/apt,75,30,68,0,,
1049513852726237408,Portland Laurelhurst Kerns,Kerns,45.524461486256705,-122.63179295501179,Entire home/apt,112,30,146,75,2.51,2026-06-03
1049518799963990950,PDX Laurelhurst / Kerns Studio,Kerns,45.52493173691887,-122.63325726874439,Entire home/apt,76,30,209,45,1.50,2024-11-24
1049522771449337588,Portland Laurelhurst / Kerns,Kerns,45.52341,-122.63357,Entire home/apt,104,30,67,79,2.62,2024-12-27
1049612122437207411,Arbor Lodge Retreat Pine Tree Room,Arbor Lodge,45.56643948796177,-122.69074771878016,Private room,,30,269,0,,
1050119973482094081,The Portland Sun House,King,45.5523,-122.65722,Entire home/apt,269,1,313,226,7.56,2026-05-31
1050484465431584757,Quirky Loft by Alberta Arts District,King,45.56121623601416,-122.66401113142825,Entire home/apt,142,2,223,32,1.94,2026-06-07
1053694438951150205,New & modern in central area,Woodstock,45.47351481003379,-122.61710924291508,Entire home/apt,94,30,156,4,0.18,2025-09-13
1055196566132445470,Mid-Century Hillsdale Retreat,Hillsdale,45.480551503781015,-122.69225385950082,Entire home/apt,242,1,315,168,5.68,2026-05-23
1058057157362322138,Cozy Apartment in the Heart of Foster-Powell,Foster-Powell,45.49319,-122.59415,Entire home/apt,252,1,167,49,2.17,2026-06-14
1060393144483495940,Cozy Apt in the Heart of SE,Richmond,45.504512543397006,-122.63344729374326,Entire home/apt,80,30,101,1,0.05,2024-11-17
1060399313097325114,Montavilla Mid-century eco duplex apt- great area!,Mt. Tabor,45.520311224022116,-122.58687564510339,Entire home/apt,128,4,31,2,0.19,2025-10-05
1060470225656512076,"Chic Upper Loft: Walk to Rev Hall, Coffee & Fun!",Buckman,45.52249,-122.64927,Entire home/apt,192,1,82,157,5.50,2026-06-05
1060953051114421730,Charming Alberta Park Duplex,Vernon,45.56489890845243,-122.6465540927252,Entire home/apt,217,1,293,15,0.92,2026-05-25
1060970093786538309,Super Cute Vintage Apt in the Heart of SE,Richmond,45.503145852504936,-122.6315944067374,Entire home/apt,88,30,216,1,0.05,2024-12-13
1061029974620288077,Sequoia View tiny home,Concordia,45.55799,-122.63411,Entire home/apt,137,1,185,201,7.28,2026-06-08
1061122220595454652,Montis - Free Parking/DT PDX/Rooftop/Gym/Pool,Buckman,45.52181305164338,-122.66104889698279,Entire home/apt,249,2,136,57,2.01,2026-06-07
1061146794606232217,Lavender Farm Stay at Urban Donkey Studio,Sunderland,45.585082915450656,-122.64020391154128,Entire home/apt,370,1,205,7,0.30,2026-06-09
1061196632333999104,Fluvio - Free Parking/DT PDX/Rooftop/Gym/Pool,Buckman,45.52161062302518,-122.66169988813007,Entire home/apt,242,2,149,75,2.65,2026-05-31
1061792428581317560,"Skylit Industrial Studio – No Windows, Ultra Quiet",Buckman,45.5163047,-122.6519507,Hotel room,,1,0,13,0.46,2026-01-18
1062339027647734815,Bright&Colorful 2-bed + HOT TUB!,Kenton,45.58187909999999,-122.6839335,Entire home/apt,305,1,182,136,4.72,2026-06-07
1062339344166045032,Tandem House - Perfectly Cozy SE Portland Gem!,South Tabor,45.50132,-122.60822,Entire home/apt,221,3,246,36,1.38,2026-06-08
1062454649888081063,Tree Views in the city!,Homestead,45.49167808584356,-122.6810675353352,Entire home/apt,97,30,223,3,0.12,2025-04-17
1062516551280572236,"The Montana Studio, new remodel",Overlook,45.5593282512727,-122.68063145468282,Entire home/apt,67,30,104,1,0.32,2026-03-13
1062576133986479336,Hideaway retreat in the trees!,Homestead,45.4903,-122.68114,Entire home/apt,97,30,224,1,0.15,2025-12-01
1062589223192713275,Cozy-Comfy Central - 2 bdrm,Richmond,45.50718889701538,-122.62011656335338,Entire home/apt,94,30,83,13,0.48,2024-12-27
1062668037446533470,Creekside Cottage in the city!,Marshall Park,45.455687891009326,-122.69063901147238,Entire home/apt,90,30,73,5,0.18,2026-03-28
1063192899009656860,The Arbor Lodge Retreat Ground Floor Suite,Arbor Lodge,45.56775254141657,-122.69081260278716,Private room,,30,269,0,,
1063789741515155362,Creekside Sanctuary in the City,Marshall Park,45.45585,-122.68961,Entire home/apt,103,30,102,6,0.25,2025-11-12
1063943630643440445,Marquam Hill OHSU 1BR w/ Fenced Yard (04C),Homestead,45.49586343851083,-122.692075008296,Entire home/apt,88,30,162,1,0.13,2025-10-26
1064608704353965319,Historic Haven in Sellwood,Sellwood-Moreland Improvement League,45.46624,-122.65412,Entire home/apt,129,30,312,2,0.09,2024-09-02
1064609257803196914,Hobbit’s Hideaway in Sellwood,Sellwood-Moreland Improvement League,45.4652592,-122.6548061,Entire home/apt,123,30,349,2,0.08,2024-07-31
1064609476718123970,A Victorian Portland Paradise,Sellwood-Moreland Improvement League,45.46539897059878,-122.65390339605665,Entire home/apt,142,30,90,0,,
1065105756300618904,Spacious room with  bathroom,Centennial,45.49801840145404,-122.51415302553791,Private room,44,30,173,0,,
1067708377859497529,Uncle Kev's,Rose City Park,45.54038,-122.6057,Entire home/apt,142,2,341,3,3,2026-06-11
1068987193792004725,Vista Room with Private Bath,Powellhurst-Gilbert,45.5032696,-122.551048,Private room,85,3,308,58,2.21,2026-05-27
1069062904197609358,Elegant 1bed 1bath with Rooftop and Amenities,Pearl,45.52815,-122.68375,Entire home/apt,429,1,360,71,2.58,2026-04-06
1069656648862856982,Matt's place,Argay,45.55291735427169,-122.519225582958,Private room,25,30,193,0,,
1070391269467616057,Cozy Portland Vacation Rental ~ 6 Mi to Downtown!,Markham,45.45617,-122.70744,Entire home/apt,71,30,290,5,0.19,2025-10-01
1070541616824115894,Sellwood Park Prime Location,Sellwood-Moreland Improvement League,45.46633016443407,-122.65834998339415,Entire home/apt,194,30,285,5,0.42,2026-04-18
1071072879297209810,Designer 4BD Hawthorne Home,Richmond,45.5082885,-122.6290354,Entire home/apt,,1,0,13,0.58,2025-06-29
1071177296250301249,Modern Victorian Retreat with Sauna & Piano,Buckman,45.51617,-122.64832,Entire home/apt,639,1,178,23,2.33,2026-05-20
1071831160641615770,Spacious apt w/lux steam shower; Heart of PDX,Laurelhurst,45.5303618,-122.6297348,Entire home/apt,154,2,56,51,1.79,2026-05-25
1073964520206045088,Brooklyn 2BR House with Hot Tub,Brooklyn Action Corps,45.49493,-122.65286,Entire home/apt,217,4,229,32,1.12,2026-06-01
1074596637948145636,The Tulip Tree | 2 Blks to Alberta | Shops/Dining,King,45.558358197168786,-122.65685478771803,Entire home/apt,276,1,338,144,5.05,2026-06-14
1079185748816520699,Victorian Vibes • 3BR • Steps to Mississippi,King,45.5496809,-122.6622415,Entire home/apt,290,1,314,52,1.82,2026-05-18
1079298293494925447,3BR • Sleeps 8 • Perfect for Groups • Renovated,King,45.5496905,-122.6621474,Entire home/apt,410,1,324,62,2.26,2026-05-15
1079304867676158693,Soul District Mansion - Food Carts & Local Shops,King,45.5496809,-122.6622415,Entire home/apt,1003,1,306,22,0.85,2026-01-10
1080396309400254741,Private Room in Quiet Irvington,Irvington,45.538144793355976,-122.64970699435912,Private room,,1,0,21,0.76,2024-11-24
1080589389764411655,"Modern, Pool table, Near Airport",Cully,45.557461276224494,-122.58850039417692,Entire home/apt,100,30,37,1,0.04,2024-05-10
1081074550335559779,Garden Zen Getaway,Montavilla,45.52362798481916,-122.57055492842494,Entire home/apt,143,2,144,74,3.20,2026-06-04
1081415489941399805,Basement Studio Apartment,Alameda,45.5506088,-122.6329758,Private room,116,1,227,1,0.04,2024-03-31
1082724808899917233,Brick+Bloom,Arbor Lodge,45.574955145038494,-122.68025523439331,Entire home/apt,173,1,157,125,4.38,2026-06-07
1086323753007185613,Mississippi Retreat,Boise,45.554312480300204,-122.67273209931132,Entire home/apt,200,1,244,41,1.59,2026-06-07
1087118588963723214,Safe and Convenient OHSU Studio w/ Own Yard! (04B),Homestead,45.49586,-122.69202,Entire home/apt,88,30,209,3,0.32,2026-06-10
1087325550559254471,Comfy Mt Tabor Studio,Mt. Tabor,45.51062944742509,-122.6016953992177,Entire home/apt,177,2,203,30,1.18,2026-06-07
1090130766755983099,Owl's Nest: Private Guest Suite in Multnomah,Multnomah,45.46903,-122.71078,Private room,116,1,337,139,5.12,2026-06-05
1091358876865200334,Elegant Private Guest Suite w/French Country Charm,Mill Park,45.5080602,-122.54594,Entire home/apt,48,30,191,0,,
1091413309953163811,Best Neighborhood in Town! #9,Northwest District,45.53608850000001,-122.7025662,Entire home/apt,84,30,196,6,0.36,2026-03-02
1091480877668432895,Beautiful Newly Renovated House,Powellhurst-Gilbert,45.50199,-122.52681,Entire home/apt,250,1,174,1,0.04,2024-06-30
1092826174665173484,Best Neighborhood in Town! #26,Northwest District,45.536734203558844,-122.7036843055119,Entire home/apt,76,30,330,4,0.15,2026-02-26
1095052785822573704,Pinky's Place; Vintage Hawthorne luxury,Sunnyside,45.51325,-122.63183,Entire home/apt,393,1,292,72,2.62,2026-06-04
1095619560275179737,Creston & Chill Studio,Creston-Kenilworth,45.49394076226873,-122.61664878990642,Entire home/apt,143,2,243,35,1.42,2026-06-06
1095967070900307704,Casetta,Hillsdale,45.46692840507323,-122.69812593211189,Entire home/apt,257,2,101,89,3.54,2026-06-10
1096769722607864777,Sunny Studio Heart of The Pearl,Pearl,45.5287869,-122.6846317,Entire home/apt,89,31,309,8,0.31,2026-05-01
1096830891675257462,Charming 4BR Portland Home | Deck & Views M#42048,Northwest Heights,45.53929298755147,-122.778966616513,Entire home/apt,475,30,347,0,,
1097034144429072970,"Blueground | Old Town, rooftop deck, nr park",Portland Downtown,45.5138725,-122.6777685,Entire home/apt,,30,4,0,,
1097994493666340491,West End address near Pearl & Culture districts,Portland Downtown,45.520937,-122.6819746,Private room,103,1,103,185,6.65,2026-03-28
1098777147184848185,Basement Guest Suite w/ Patio!,Piedmont,45.574209526740944,-122.66968650910043,Entire home/apt,110,3,43,57,2.13,2026-06-07
1099507788483956027,Brand New Home in NE Portland,Woodlawn,45.56756386803336,-122.65100883335677,Entire home/apt,131,31,134,0,,
1099529429273847159,Yalem place,Argay,45.55372480802736,-122.51921443483214,Private room,29,30,103,0,,
1100129594352683341,Central studio with bonus room,Piedmont,45.57060937274162,-122.67130323142817,Entire home/apt,96,30,263,0,,
1100737158098094483,City center escape with High Horse bar/restaurant,Portland Downtown,45.5204493,-122.6786825,Private room,279,1,114,91,3.33,2026-05-23
1100833950683788181,Mt. Tabor Oasis,Mt. Tabor,45.52258,-122.5954,Entire home/apt,239,1,86,26,0.98,2026-05-25
1100853551241099783,"High Rise Condo, Stunning Views",South Portland,45.4967915,-122.6702786,Entire home/apt,122,30,257,6,0.22,2026-02-11
1102918030285255523,Private Pet-Friendly Studio in Portland,Boise,45.55106809999999,-122.6685625,Entire home/apt,137,1,195,120,5.06,2026-06-13
1103681247682826616,Cozy Condo in PDX,Rose City Park,45.53302279099679,-122.60370075351553,Private room,,30,212,0,,
1104340170176037493,Bright! Modern! South-facing studio with views!,Pearl,45.5287869,-122.6846317,Entire home/apt,80,31,200,4,0.34,2026-06-02
1104487986036504972,Cozy Cottage in Central Portland,Hosford-Abernethy,45.50124,-122.64705,Entire home/apt,100,30,263,0,,
1104839733177487789,Modern 4BR Portland Retreat | Deck & Work E#42048,Northwest Heights,45.53787,-122.77719,Entire home/apt,474,30,347,0,,
1105791721156016415,The Walnut-Beautiful One-Bedroom,Hosford-Abernethy,45.50327306059247,-122.64552613477841,Entire home/apt,73,30,143,0,,
1105854415657769677,Modern 3b Home - Family Heaven - Bike Score 99!,University Park,45.5836666,-122.7335005,Entire home/apt,157,30,165,1,0.05,2024-10-07
1105886822863948646,Edison Street House,Cathedral Park,45.58504962385032,-122.75009761678191,Private room,58,1,261,64,2.32,2026-05-31
1108768897452044117,Light-filled 1- bd loft with city & mountain views,Pearl,45.5292249,-122.6857045,Entire home/apt,136,30,45,3,0.11,2024-11-16
1109653206569074320,Colorful mid-mod guest suite - no cleaning fee,Beaumont-Wilshire,45.5529757,-122.6247263,Entire home/apt,130,1,348,331,12.21,2026-06-13
1110949444575871394,Bright Studio with huge windows!,Pearl,45.52983019755131,-122.68347392408637,Entire home/apt,84,31,303,2,0.19,2026-01-01
1112518045809766403,Nob Hill Retreat - Steps to NW 23rd Shops & Fast W,Northwest District,45.5363177,-122.7033303,Entire home/apt,292,1,301,75,2.82,2026-06-07
1113131483672875455,1BR condo in central Nob Hill/NW Alphabet District,Northwest District,45.5279012,-122.6947192,Entire home/apt,98,30,125,3,0.12,2025-09-29
1114709133889331276,Cedar Room with Private Bath,Powellhurst-Gilbert,45.5032696,-122.551048,Private room,68,3,223,31,1.22,2026-05-06
1115262013481264611,The Brooklyn Guesthouse,Brooklyn Action Corps,45.49732,-122.64958,Entire home/apt,118,2,340,80,2.97,2026-06-05
1115360670436015357,Portland Oasis - Stylish 4br Home in Nob Hill,Northwest District,45.536167398028404,-122.70345904603272,Entire home/apt,768,1,271,3,0.12,2026-05-27
1115612205793708976,The Corgi Room,Lents,45.4827047,-122.5761263,Private room,43,30,269,0,,
1116953962654468791,"Luxury Penthouse Living, Breathtaking Views, Huge",Pearl,45.52875,-122.68584,Entire home/apt,816,30,356,0,,
1118377452931102179,"PDX Blue House, Art District.",King,45.563742666502904,-122.65551572795103,Entire home/apt,176,30,240,0,,
1118544892202820769,"Mt Park near OHSU, PCC, 
DT Portland & Lake Oswego",Far Southwest,45.43526,-122.73421,Private room,116,1,364,20,0.79,2024-09-13
1118848823530241848,The Little Restful Retreat,Multnomah,45.47091,-122.69941,Entire home/apt,74,30,91,5,0.23,2026-03-31
1118939903326254346,"Spacious 3 bedroom, pet friendly",Wilkes,45.53124185050341,-122.50428328018513,Entire home/apt,77,30,156,1,0.04,2024-05-31
1120359728810940269,Stylish Craftsman in Charming Alameda Neighborhood,Rose City Park,45.54286,-122.61367,Entire home/apt,354,4,321,20,0.82,2026-05-24
1121045393479463404,New Urban Pad N Williams Trendy Area PDX,Humboldt,45.55532,-122.66774,Entire home/apt,81,30,194,5,0.21,2025-11-09
1121211117934905786,Double queen room,Goose Hollow,45.522297,-122.695747,Private room,,1,197,17,0.66,2024-06-29
1121211118089238750,Single queen room,Goose Hollow,45.5223,-122.69575,Private room,112,1,196,133,5.21,2026-06-07
1121222625110476449,Private Retreat in Portland,Richmond,45.50235350622756,-122.63033399765655,Entire home/apt,234,1,331,52,2.52,2026-06-02
1122569357113480197,Mt. Tabor Garden Chalet,Mt. Tabor,45.513376745945166,-122.60129127420501,Entire home/apt,354,1,167,12,1.66,2026-05-21
1124767627626589847,Private Kenton Guest House,Kenton,45.5822102,-122.685211,Entire home/apt,231,1,174,95,3.79,2026-05-30
1127010490662298590,Budget friendly studio Location!,Pearl,45.52788222947498,-122.68532167752811,Entire home/apt,76,31,256,3,0.16,2025-12-27
1127893424387571317,NoPo 1906 House,Kenton,45.57985,-122.705,Entire home/apt,311,2,339,0,,
1128335342341697625,Private Studio NE Portland,Concordia,45.55980554109836,-122.63819364936383,Entire home/apt,194,1,84,156,6.12,2026-06-07
1128646883152487910,Pet friendly- newly renovated- monthly discounts,Mt. Scott-Arleta,45.48392707103257,-122.58787527680397,Entire home/apt,73,30,133,1,0.14,2025-11-10
1129021561053153992,"Lovely 2BR, patio, free parking",Hazelwood,45.5326,-122.52508,Entire home/apt,192,1,316,75,2.95,2026-06-08
1129093985409455291,Portland at your doorstep,Hosford-Abernethy,45.5110375,-122.6513326,Entire home/apt,155,1,88,298,11.27,2026-06-11
1130031081574563446,Modern Family Farmhouse,Beaumont-Wilshire,45.544202,-122.6164076,Entire home/apt,279,30,143,0,,
1130621358405748421,Rich history of celeb guests back in the day,Portland Downtown,45.522133,-122.682362,Private room,146,1,160,130,4.91,2026-05-07
1131590034081205908,Treetop Craftsman Over Garden,King,45.560179355941955,-122.6565054066261,Entire home/apt,90,31,180,0,,
1132141776547315669,Laurelhurst Apt w/ Patio,Kerns,45.52674,-122.63486,Entire home/apt,131,2,190,2,0.20,2025-08-31
1132842623187348861,2 Bedroom Apartment Portland - Steps to Moda,Eliot,45.53876,-122.66322,Entire home/apt,233,1,320,129,5.20,2026-06-13
1132842856981419943,Hawthorne 2 Bedroom Basement,Hosford-Abernethy,45.5114316070704,-122.6373758634369,Entire home/apt,,1,0,22,1.02,2026-05-31
1133977616751033752,"Near It All, In a Cozy Neighborhood",Beaumont-Wilshire,45.55539,-122.6210175,Entire home/apt,83,30,210,41,1.64,2026-06-08
1135579556531818807,1BR - Basement Bungalow Apartment with Hot Tub!,Homestead,45.49181,-122.68029,Entire home/apt,,1,0,15,0.57,2025-08-24
1135723702408280658,"Easy living, close to everything",Eliot,45.5459417,-122.6643827,Entire home/apt,,30,0,4,0.16,2024-10-30
1135741260940366019,Charming Boho Retreat ADU,Multnomah,45.46376,-122.72569,Entire home/apt,177,1,232,98,3.95,2026-06-11
1136398224149109941,D & M Homestay,St. Johns,45.59535789478961,-122.75127254198992,Entire home/apt,171,3,208,62,2.48,2026-06-07
1137644369143873183,It’s giving PDX: Division Vibes,Hosford-Abernethy,45.50533,-122.63677,Entire home/apt,101,2,242,66,2.64,2026-06-09
1137664330687585300,Luxurious Waterfront Living,Portland Downtown,45.50855,-122.67294,Entire home/apt,118,30,180,0,,
1138631952069605044,Portland Oasis in the Trees,Homestead,45.49491929153943,-122.68049396574497,Entire home/apt,65,30,345,0,,
1138770647064475997,PDX Hawthorne Hideaway,Richmond,45.5105221,-122.6311662,Entire home/apt,100,31,239,5,0.20,2025-10-25
1139863250721566913,Massive 8BD Home Steps from Trendy SE Pdx Eateries,Richmond,45.504887195303795,-122.62202806884981,Entire home/apt,1161,1,299,35,1.51,2026-05-25
1140572853357689691,Cabin Charli~Backyard Oasis,Overlook,45.56463,-122.6809,Entire home/apt,131,1,193,239,9.57,2026-06-10
1140825297879197193,Modern 2-BR Sanctuary - A Walkers Paradise,Richmond,45.50705,-122.62262,Entire home/apt,195,1,312,73,2.85,2026-04-24
1141267895103013015,Northwest Nob Hill Nest,Northwest District,45.5355391,-122.7042827,Entire home/apt,404,1,122,88,3.69,2026-05-28
1141337460983769623,Monthly Rental in Portland's Finest Hawthorne,Richmond,45.51048,-122.62519,Entire home/apt,121,30,353,3,0.12,2024-05-23
1141471524568778514,"5 Bed, Central Launchpad-Walk & Bike score 95",Humboldt,45.56047,-122.66506,Entire home/apt,149,30,83,0,,
1141601968301753879,Mississippi Victorian House - Pet friendly!,Boise,45.55010276185966,-122.67560187920988,Entire home/apt,302,1,268,109,4.36,2026-05-31
1141604868731929157,Small Cottage BIG Comfort,Beaumont-Wilshire,45.55467,-122.61972,Entire home/apt,184,1,114,117,4.68,2026-06-08
1142141767426237714,Quiet Spacious Woodstock Retreat,Woodstock,45.4862681,-122.6120995,Entire home/apt,,2,0,30,1.16,2026-05-20
1143446520850754123,The Tuscan VlLLA ~ a/c ~ Kitchen ~ Queen Suite,Mt. Tabor,45.5215,-122.59625,Entire home/apt,257,1,230,161,6.34,2026-06-09
1144243912847040448,"Private ADU 2 Bed Suite, Private Bath, Kitchenette",Beaumont-Wilshire,45.54909,-122.62999,Entire home/apt,257,1,326,11,0.47,2026-03-02
1144255058369098541,Room in Beautiful Backyard ADU,King,45.55406953121386,-122.66386718014168,Private room,44,31,164,0,,
1144309034763332769,Alberta Arts District ~ very walkable,Concordia,45.56083384537864,-122.63655921461019,Entire home/apt,253,1,179,83,3.41,2026-06-02
1145079195642784591,Sunnyside Sanctuary SE Portland,Sunnyside,45.515411588610846,-122.63380910062017,Entire home/apt,,2,0,14,1.15,2026-05-11
1145271768067601637,Multnomah Village Hideout,Multnomah,45.4695234,-122.7122587,Entire home/apt,249,1,221,159,6.46,2026-06-08
1145527687477416157,"Cozy,  Stylish, Comfortable Room with work space!",Centennial,45.51813090558277,-122.49251537024975,Private room,,30,19,4,0.17,2025-02-28
1146419744923078371,Corner One Bed! Views! Location!,Pearl,45.52991,-122.68374,Entire home/apt,112,31,310,5,0.38,2026-05-09
1146434679684915769,Kerby Basement Studio,Boise,45.55259439020436,-122.67179571804203,Entire home/apt,,30,0,0,,
1146518474439100798,Cozy 2 BR Apartment Near OHSU,Homestead,45.49663,-122.69133,Entire home/apt,116,30,208,0,,
1146540824139456850,Comfortable 2BD/2.5BA Apartment,Homestead,45.497531609750375,-122.6899890767588,Entire home/apt,116,30,202,2,0.16,2025-10-12
1147107049645509565,Monthly Furnished Studio | Pet-Friendly | Yard,Piedmont,45.578193134676816,-122.67435062538361,Entire home/apt,197,30,179,0,,
1147335083509448390,"HOT! 1 bed, 1 bath! Walk to Alberta & Mississippi",Humboldt,45.556797827351375,-122.66683733727555,Entire home/apt,80,30,149,0,,
1147390152414082997,Portland Tiki Hideaway Close to OHSU & City Center,Marshall Park,45.46253,-122.68896,Entire home/apt,162,2,130,45,2.29,2026-06-08
1148810439389499820,Spacious apt in heart of PDX!,Creston-Kenilworth,45.49288,-122.63388,Entire home/apt,157,2,228,26,1.05,2026-06-07
1149301896025488005,High-rise Pearl District 1bed 1bath+Den (2beds),Pearl,45.52701649999999,-122.6825704,Entire home/apt,380,1,323,47,1.92,2026-05-23
1149627752685513784,Luxury Cabin in the City,Eliot,45.54719,-122.66088,Entire home/apt,181,2,62,93,3.72,2026-06-09
1150835011514052479,Contemporary South Facing Studio,Pearl,45.52978,-122.68441,Entire home/apt,70,31,299,3,0.35,2026-05-18
1151550686501481123,Studio Suite,Pearl,45.53512,-122.68254,Entire home/apt,97,30,30,0,,
1152466511536648710,Charming studio in NW,Northwest District,45.533473259266216,-122.70185618135552,Entire home/apt,54,40,263,0,,
1152929203623833209,Spacious Irvington Retreat,Irvington,45.53750440296506,-122.65326747731318,Entire home/apt,261,30,186,1,0.33,2026-03-18
1154663173203023149,Beautiful Tinyhome in the garden,Hazelwood,45.532896744321285,-122.52499805323919,Entire home/apt,146,1,247,77,3.07,2026-06-08
1155307315507749885,Private Suite Near Portland and Lewis & Clark,Arnold Creek,45.44036,-122.70911,Entire home/apt,92,2,247,49,1.94,2026-06-13
1156027424029283086,3 Story Condo w/Balcony | Kerns Dist Foodie Haven,Kerns,45.52547879999999,-122.6400218,Entire home/apt,384,2,125,102,4.08,2026-06-08
1156182653769621493,"Casita Studio, W/D & Workspace",Piedmont,45.57775,-122.66862,Entire home/apt,91,30,303,4,0.16,2025-07-18
1156499988390986530,2 King Beds • Walkable & Historic • near Hawthorne,Buckman,45.51401,-122.64506,Entire home/apt,234,2,68,86,3.82,2026-05-24
1157383132911930734,1 Bedroom Apartment,Pearl,45.53512,-122.68254,Entire home/apt,181,30,350,0,,
1157396466862826686,2 Bedroom Apartment,Pearl,45.53512,-122.68254,Entire home/apt,285,30,62,0,,
1157460464023895943,Yurt Spa Retreat Just Minutes From Downtown,Arnold Creek,45.44417,-122.68995,Entire home/apt,220,1,331,69,2.84,2026-06-14
1158373537128473173,Deluxe Room | Portland Hub + Pulitzer Display,Portland Downtown,45.52212,-122.67879,Private room,163,1,356,12,0.53,2026-04-04
1158374014587115442,Deluxe Queen | Vibrant Locale + Pulitzer Display,Portland Downtown,45.52094258034274,-122.67728530455749,Private room,,1,319,36,1.65,2025-11-17
1158374501166884723,Cozy King | Elegant Ambiance + Premium Amenities,Portland Downtown,45.5205763686018,-122.67737201669065,Private room,131,1,345,1,0.04,2024-07-15
1158374972316359604,ADA Queen | Historic Place + Exceptional Service,Portland Downtown,45.52014,-122.67757,Private room,121,1,327,6,0.29,2025-10-22
1159045496117190629,Charming 2bdrm SE PDX bsmt suite,Mt. Scott-Arleta,45.47832023219434,-122.59374274629289,Entire home/apt,229,2,269,39,1.63,2026-06-08
1160517800418882533,Junior Suite | Eclectic Art + Downtown Location,Portland Downtown,45.52207,-122.67769,Private room,204,1,356,0,,
1160518303680991015,Premium King | Rose City Hub +  Pulitzer Tribute,Portland Downtown,45.52157,-122.67749,Private room,195,1,354,0,,
1160518784870510281,Premium Queen | Vivid Locale + Immersive Delights,Portland Downtown,45.520501114584285,-122.67769969524598,Private room,135,1,354,0,,
1160519234765220049,Superior King | Global Fusion + Tailored Luxury,Portland Downtown,45.52047,-122.67713,Private room,148,1,353,0,,
1160903024999966352,Urban Treehouse on Mt Scott,Pleasant Valley,45.46904,-122.54144,Entire home/apt,193,2,340,35,1.40,2026-05-25
1160912206896028660,Stylish 2-bed pet-friendly house near MAX Line,Kenton,45.58468,-122.6966,Entire home/apt,233,1,265,126,5.52,2026-06-01
1160947207062979736,Spacious 2 BR Urban Garden Apartment- Division St.,Hosford-Abernethy,45.5050118,-122.6400526,Entire home/apt,225,2,44,20,0.85,2026-06-05
1161055990101408759,Southeast Sunset Apartment,Hosford-Abernethy,45.50403,-122.64329,Entire home/apt,160,2,115,79,3.16,2026-06-02
1162007593590697452,Terrace Studio | Executive Floor w/ Lounge Access,Portland Downtown,45.52167,-122.68202,Private room,317,1,334,1,0.05,2024-08-25
1162008128458958978,Parlor Suite | Signature Amenities + 24-Hour Gym,Portland Downtown,45.51968,-122.68199,Private room,262,1,355,0,,
1162008630092492767,Premier Double Beds with Signature Amenities,Portland Downtown,45.52184,-122.68369,Private room,206,1,337,1,0.05,2024-10-06
1162009066473285718,Premier King near Boutiques and Art Galleries,Portland Downtown,45.51969002307961,-122.68157358441019,Private room,191,1,339,1,0.07,2025-03-29
1162009546981943336,Premier Corner Room | Access to 24-Hour Gym,Portland Downtown,45.52021,-122.68162,Private room,220,1,330,0,,
1162010010686673386,Executive Room w/ Terrace and Virtual Concierge,Portland Downtown,45.51985,-122.68215,Private room,273,1,336,3,0.13,2024-11-11
1162010512820000608,Executive King Room with Signature Amenities,Portland Downtown,45.521427163072744,-122.68329926223689,Private room,231,1,351,0,,
1162010966186283309,Deluxe Queen Room Near Boutiques and Art Galleries,Portland Downtown,45.51963,-122.68316,Private room,180,1,345,10,0.42,2025-05-25
1162011407563983146,Deluxe Room with Access to State-Of-The-Art Gym,Portland Downtown,45.52126,-122.68189,Private room,179,1,335,0,,
1162011844955322109,Accessible Deluxe Room w/ Virtual Concierge,Portland Downtown,45.52025,-122.68372,Private room,188,1,348,0,,
1162290964300925286,Standard one bedroom suite,Goose Hollow,45.522297,-122.695747,Private room,112,1,198,16,0.67,2026-06-07
1163858048574624302,The Clyde by Kasa | Double Full Room,Portland Downtown,45.522011,-122.681617,Private room,129,1,295,219,8.95,2026-06-12
1163858920894408683,"The Clyde by Kasa | Basic Triple, Shared Bathroom",Portland Downtown,45.52128,-122.68059,Private room,184,1,284,80,3.28,2026-06-13
1163867157687013629,The Clyde by Kasa | King Suite,Portland Downtown,45.522011,-122.681617,Private room,144,1,297,88,3.84,2026-06-04
1163875111287381809,The Clyde by Kasa | Standard Queen Room,Portland Downtown,45.522011,-122.681617,Private room,105,1,298,1110,45.62,2026-06-14
1163878862376123721,The Clyde by Kasa | Deluxe Queen Room,Portland Downtown,45.522011,-122.681617,Private room,119,1,288,26,1.06,2026-05-05
1163883252870975624,"The Clyde by Kasa | Basic Queen, Shared Bathroom",Portland Downtown,45.522011,-122.681617,Private room,100,1,298,55,2.24,2026-06-05
1163900763404073652,Private Woodstock Garden Oasis,Woodstock,45.48660645309965,-122.61397367568334,Entire home/apt,246,2,283,57,2.34,2026-06-03
1164555353538642155,Spacious Home Long Stays Pet Friendly Yard,Powellhurst-Gilbert,45.48683567904117,-122.53862488103208,Entire home/apt,232,30,237,0,,
1165583030195103157,Deluxe Queen Room with Classic Hollywood Style,Goose Hollow,45.52235,-122.68799,Private room,,1,340,23,0.95,2026-02-01
1165626108094099498,"Sellwood Pikachu House, Actually in Sellwood!",Sellwood-Moreland Improvement League,45.4666317,-122.6513204,Entire home/apt,,31,358,0,,
1166347941461020331,Urban respite in cozy bungalow with hot tub,South Portland,45.47896129999999,-122.6766347,Entire home/apt,,1,0,63,2.54,2026-06-03
1166716194562046008,Division Street Hideaway,Richmond,45.504123514018,-122.62619525549924,Entire home/apt,45,2,55,6,0.27,2026-02-16
1167410650282014702,The Portland Chalet,Hosford-Abernethy,45.49887,-122.64051,Entire home/apt,66,30,163,2,0.13,2025-05-10
1167737395396804893,The Richmond Rambler (Sauna),St. Johns,45.59294309530413,-122.74925818700288,Entire home/apt,,2,0,4,0.17,2026-03-07
1168365869740616591,"Charming, bright + cozy gateway to PNW adventures!",Montavilla,45.5300173665843,-122.58959771839382,Entire home/apt,206,1,316,166,6.82,2026-06-09
1169034745386864123,Sweeeeeet Home Alberta 3BR/1BA,Vernon,45.56526,-122.6523,Entire home/apt,,1,0,50,2.02,2025-02-06
1169081107963083225,Sweeeeeet Home Alberta 1BR/1BA,Woodlawn,45.56674445558323,-122.65033973450991,Entire home/apt,,1,0,24,0.98,2025-02-11
1169661069606795232,"The Michael I Pearl District I Portland, OR",Pearl,45.532548613835665,-122.68197932716056,Entire home/apt,135,30,308,3,0.19,2025-11-08
1170484550963230373,Burnside Manor-superb location - (Room #1),Kerns,45.52374,-122.63614,Private room,58,31,314,7,0.30,2025-07-24
1170586539555217847,Cozy Cully Suite | w/ Private Patio + Near PDX,Cully,45.5612013,-122.598389,Entire home/apt,147,1,330,89,3.73,2026-06-01
1171644337801975661,"Opal rm-Wi-fi, kitchen, close to dining/transit",Kenton,45.57908994905513,-122.70052684002005,Private room,49,30,329,2,0.09,2025-02-02
1171895031896150694,Deluxe queen room,Portland Downtown,45.52,-122.67725,Private room,129,1,364,18,0.73,2026-06-08
1172048749522202121,Beautiful ADU in Portland,Russell,45.5423,-122.52343,Entire home/apt,128,30,83,0,,
1172132873842435912,Cozy Studio in Portland,West Portland Park,45.44675426685593,-122.72695603204647,Entire home/apt,82,30,98,8,0.33,2025-03-06
1172160124928596276,Elegant Nob Hill Victorian,Northwest District,45.53036536794053,-122.69208401437137,Entire home/apt,616,1,293,133,5.60,2026-06-02
1172854875518860424,The Slabtown Loft ~ Local Coffee Shops & Eateries,Northwest District,45.528045495552654,-122.68914936588398,Entire home/apt,324,30,251,77,3.22,2026-06-10
1172900860791053931,The Slabtown Nest — 5BR house,Northwest District,45.52946,-122.68717,Entire home/apt,405,30,131,1,0.07,2025-05-09
1173327507968766353,"Private, Top floor of Craftsman w/ Creative Office",Hosford-Abernethy,45.50118,-122.64396,Private room,58,30,223,5,0.33,2026-02-15
1174471274633412874,Unit A ~ Victorian-style home ~ very walkable,Buckman,45.516965931602705,-122.65156842385822,Entire home/apt,275,1,79,92,3.81,2026-05-30
1175497529486184374,"Contemporary, sleeps 5, hot tub.",Kenton,45.58836,-122.70112,Entire home/apt,362,2,314,71,3.00,2026-05-31
1176228397546458099,Cozy Nook in Concordia near Alberta Arts,Concordia,45.56492084506814,-122.6260415539673,Entire home/apt,246,1,227,89,4.01,2026-05-25
1176444962161649718,Spacious Getaway in Woodlawn Triangle,Woodlawn,45.576006828868756,-122.65195279083079,Entire home/apt,419,3,166,44,1.82,2026-05-27
1176923623378111902,Stylish PDX Studio Oasis,Concordia,45.57007,-122.64297,Entire home/apt,125,1,162,84,3.44,2026-06-03
1176986131419146533,2BR Top Floor near NW 23rd and Forest Park,Northwest District,45.536347,-122.703334,Entire home/apt,391,1,289,43,1.76,2026-06-02
1177093770963046702,The Cedar,Arbor Lodge,45.57426,-122.68963,Entire home/apt,233,1,165,48,1.99,2026-05-23
1178338930478202975,#StayInMyDistrict St. Johns Bungalow,Cathedral Park,45.59359629999999,-122.7602958,Entire home/apt,393,1,137,98,4.07,2026-06-12
1180626481871537411,Bridge City Pink House,Bridgeton,45.60131,-122.66071,Entire home/apt,196,1,310,36,4.78,2026-06-13
1181315309085438217,Furnished Room in a 2 bdrm Aprt  (31 nights Min),Hazelwood,45.52306,-122.5322,Private room,38,30,255,1,0.07,2025-03-15
1181366632131055188,Hot tub | Mid-Century 3BR/1BA | Big Yard | Near Al,King,45.5555362,-122.662192,Entire home/apt,350,1,331,70,2.91,2026-05-09
1181417484595788591,Compact Retreat - Great Value - Prime NE Area,King,45.55554,-122.66219,Entire home/apt,147,1,344,86,3.60,2026-06-07
1181541357162789550,Hot tub | 3BR Home + Mother-in-Law Suite | Sleeps,King,45.55554,-122.66219,Entire home/apt,583,1,323,4,0.22,2026-05-18
1182653444590358758,Central Retreat w Patio & Office,Northwest District,45.536421371869324,-122.70411439133942,Entire home/apt,525,1,229,141,5.90,2026-05-31
1182702205461855854,#StayinMyDistrict Alberta Arts Daylight Studio,Humboldt,45.5599459,-122.6651135,Entire home/apt,196,1,129,72,2.99,2026-05-10
1182862931216955955,Monthly Furnished 2BR | Pet-Friendly | Large Yard,Kenton,45.58573,-122.69588,Entire home/apt,243,30,179,2,0.19,2025-10-27
1183425696008017307,Woodstock Apartment,Woodstock,45.483489751022006,-122.61847931619761,Entire home/apt,,30,0,0,,
1183494873950070231,Chic Belmont retreat w/tree views & king bed!,Sunnyside,45.51703,-122.6152,Entire home/apt,301,2,88,110,4.87,2026-05-27
1184820466622482427,"The Private Apartment, Hafner Haus, 1 block to PSU",Portland Downtown,45.51507836845466,-122.68635654854869,Entire home/apt,43,1,165,1,0.04,2024-07-09
1185506875065676966,Modern Portland Monthly Stay | Yard + Pets,Cathedral Park,45.5931088,-122.7632261,Entire home/apt,269,30,333,1,0.12,2025-10-10
1185547509214938202,"Apatite Rm - XL Master, Spacious, quiet, kitchen",Arbor Lodge,45.57675548946534,-122.70152679642771,Private room,146,30,318,3,0.14,2025-06-18
1186337302549565753,#StayinMyDistrict St Johns Forest Park Apt,Linnton,45.5825669,-122.7756075,Entire home/apt,173,1,103,210,2.54,2026-05-17
1188598794773234366,"Beaumont Wilshire Tudor 2BR, 3 BA",Beaumont-Wilshire,45.55115,-122.62526,Entire home/apt,571,1,152,9,0.38,2025-08-10
1189349514136132188,Sabin Potter's Cottage,Sabin,45.553952208490166,-122.65553049300279,Entire home/apt,175,3,32,45,1.95,2026-06-07
1190999582341459141,Spacious Suite for Extended Stay near Disvision,Richmond,45.50384563035613,-122.6289531743054,Entire home/apt,88,30,193,1,0.13,2025-10-23
1191268344678580677,"Historic Hafner Haus, 6 guests, 3  Rooms",Portland Downtown,45.51461356812736,-122.68746554807758,Entire home/apt,289,2,359,22,0.94,2026-04-19
1191417168662093908,Sellwood Manor,Sellwood-Moreland Improvement League,45.45869643226402,-122.65630683888324,Entire home/apt,227,4,31,27,1.20,2026-05-18
1191465502742862968,Modern 2BR | Alberta Arts Hub + Great Eats,Humboldt,45.5589537,-122.6680672,Entire home/apt,272,1,194,13,0.67,2026-05-27
1192001099004589760,Spacious Home in Irvington,Irvington,45.53874068906601,-122.65499154176695,Entire home/apt,491,4,24,19,0.85,2026-04-17
1193087581136975835,N Portland - MAX Yellow - Peninsula Park,Piedmont,45.5693,-122.67744,Private room,660,1,269,0,,
1193400447564683374,The Starship Cottage,University Park,45.58091,-122.72902,Entire home/apt,72,30,184,1,0.13,2025-10-31
1193429745768106430,"Historic Hafner Haus, 16 guests, 6 Rooms",Portland Downtown,45.516426074325125,-122.68765549800553,Entire home/apt,787,2,344,4,0.30,2026-01-19
1193453571816599590,"Historic Hafner Haus B & B, Rm.1",Portland Downtown,45.51518,-122.68822,Private room,91,2,10,3,0.13,2025-08-24
1193488768145242266,Stylish Gem in N Mississippi 4BD,Boise,45.5480188772195,-122.67640131363274,Entire home/apt,378,1,290,105,4.51,2026-06-10
1193754112337784226,Backyard Bliss in Mt Tabor,South Tabor,45.5009786,-122.6077642,Entire home/apt,234,3,34,57,2.72,2026-02-28
1194385284964019536,Modern 2BR + pull-out couch • Alberta Arts • WalkS,Vernon,45.5596516,-122.6465888,Entire home/apt,287,1,206,52,2.21,2026-06-05
1194403370250351181,Vintage Craftsman in Byrnes Addition ~99 WalkScore,Kerns,45.5255886,-122.6446846,Entire home/apt,305,1,303,8,0.39,2026-04-12
1194911070288836634,"Historic Hafner Haus B & B, Room 2",Portland Downtown,45.5165,-122.68639,Private room,79,3,307,9,0.39,2026-04-11
1195675966853343937,Cozy Portland Monthly Stay | Yard + Pets,Piedmont,45.57812,-122.67399,Entire home/apt,102,30,146,0,,
1195813779390539224,Exclusive Parkrose Heights Experience,Parkrose Heights,45.544028935893195,-122.54579189877072,Entire home/apt,269,1,151,39,1.99,2026-05-13
1196031016876098747,2BR/2BA • SE Portland Charm • Modern Farmhouse,Hosford-Abernethy,45.4987575,-122.6414378,Entire home/apt,256,1,307,28,1.24,2026-05-21
1196041329273472060,2BR/2BA • Hawthorne Penthouse • Roof Deck Retreat,Buckman,45.51247,-122.64636,Entire home/apt,334,1,213,8,0.42,2026-04-08
1196427049246089889,Cozy SE Bungalow | Outdoor Patio | Fast Wifi,Creston-Kenilworth,45.4907,-122.60598,Entire home/apt,178,2,308,76,3.34,2026-06-07
1196522881547045497,1BR/1BA • Walkable Sunnyside • Shops & Dining,Sunnyside,45.5161199,-122.6363147,Entire home/apt,182,1,228,15,0.72,2026-05-10
1197326452408653972,Beautiful Home in SW Portland,Ashcreek,45.4535943,-122.7422335,Entire home/apt,148,30,229,1,0.18,2025-12-31
1197841139459734039,Arbor Lodge Retreat Master Suite,Overlook,45.56614404087776,-122.69112966119215,Private room,,30,364,0,,
1198629730285682205,The Zen Loft,Woodlawn,45.57056384962092,-122.65634107868848,Entire home/apt,232,2,117,32,1.39,2026-06-07
1199489995637105211,2BR/2BA • Garfield Retreat • Modern Build • Walkab,King,45.556795,-122.662289,Entire home/apt,233,1,200,65,2.91,2026-05-15
1201671978189408312,Spacious Suite - Private Entry - Hip Kitchenette,Overlook,45.559331655924694,-122.68005571904908,Entire home/apt,131,1,183,188,8.36,2026-06-12
1201793232538286968,Good Clean place walking distanc,Goose Hollow,45.52294,-122.69345,Private room,157,1,269,1,0.04,2024-08-17
1202339687084635071,Walkable to all the good things!,Hosford-Abernethy,45.50897390566252,-122.63993623017302,Entire home/apt,237,2,40,56,2.42,2026-06-14
1202365179689693635,"$100 -1Br1Ba unique, comfy, urban near in",Ashcreek,45.45904,-122.71903,Entire home/apt,185,1,316,108,5.82,2026-06-14
1203754833257046278,City Serenity: Stylish 2-Bed in heart of St. Johns,St. Johns,45.58828639454388,-122.74741768817084,Entire home/apt,159,30,239,28,1.22,2025-11-28
1204441657929046019,Radiant Roselawn | Entire Alberta Arts Home,King,45.56067,-122.65949,Entire home/apt,410,2,285,80,3.52,2026-06-07
1205981967194041588,The Badger Haven,Ardenwald-Johnson Creek,45.4627221,-122.6275449,Entire home/apt,231,30,287,27,1.18,2026-01-03
1206662400232746332,Pearl District 2 Bed/Bath Condo,Pearl,45.52864945429147,-122.68200578234489,Entire home/apt,183,30,294,2,0.17,2026-05-01
1207659244867791296,The Prairie Pin-up Motel,South Tabor,45.50052783430017,-122.59657607514855,Private room,103,1,73,37,2.42,2026-06-01
1208238199871170691,Downtown Portland Cozy Studio,Northwest District,45.52386,-122.68766,Entire home/apt,83,30,258,2,0.09,2024-10-17
1210187411580734221,4BR House • Parking • Great Eats • AC • Deck,Sunnyside,45.51627149999999,-122.6239512,Entire home/apt,778,1,313,30,1.52,2026-05-17
1210903063101977846,The Reed Hideaway - Cozy 1BR & Private Yard,Creston-Kenilworth,45.4904518,-122.6369987,Entire home/apt,162,1,333,60,2.64,2026-06-04
1210915542343711782,1BR - Walkable SE Retreat - Close to Dining,Creston-Kenilworth,45.4904343,-122.637,Entire home/apt,166,1,323,102,4.50,2026-06-02
1210926221106049141,Remodeled 4BR | Historic Home + Studio Combo,Eliot,45.5420916,-122.6621238,Entire home/apt,433,1,270,6,0.32,2026-02-28
1210936356869152861,2BR/1.5BA • Soul District Retreat • Near Moda Cent,Eliot,45.5420916,-122.6621238,Entire home/apt,260,1,307,58,2.56,2026-05-11
1210962593190719791,Quiet Apartment-Inner NE,Eliot,45.54438,-122.65998,Entire home/apt,,30,246,0,,
1211005276342278417,Historic Brooklyn | A/C + Walk to Everything,Brooklyn Action Corps,45.4915425,-122.6519658,Entire home/apt,,1,320,78,3.52,2026-06-06
1211020272736330308,Historic Brooklyn | Bike Trails + Craft Beer,Brooklyn Action Corps,45.4915425,-122.6519658,Entire home/apt,195,1,347,81,3.72,2026-06-04
1211645896249350344,Velvet Haus - Retro Charm Near Parks & Bars,Brooklyn Action Corps,45.4915425,-122.6519658,Entire home/apt,172,1,349,44,2.06,2026-05-20
1211655371372897960,Historic Brooklyn | A/C + Fast Wifi + Smart TV,Brooklyn Action Corps,45.4915425,-122.6519658,Entire home/apt,121,1,351,72,3.17,2026-06-08
1211661382738312931,Brooklyn Flat - Moody Aesthetic & Fast WiFi,Brooklyn Action Corps,45.4915425,-122.6519658,Entire home/apt,190,1,336,53,2.35,2026-05-25
1211673064417176513,Modern Brooklyn Flat - Steps to Cafes & Parks,Brooklyn Action Corps,45.4915425,-122.6519658,Entire home/apt,159,1,333,111,4.94,2026-05-31
1211699448016106867,Bright + Walkable | Vintage Hawthorne Charm,Buckman,45.51248349999999,-122.6400622,Entire home/apt,142,1,297,99,4.35,2026-06-06
1211705159633256382,2BR - Sleeps 6 - Perfect Location for Foodies,Buckman,45.51248349999999,-122.6400622,Entire home/apt,245,1,324,77,3.49,2026-06-08
1211709784437185160,Cozy Portland Classic- Walk to Local Coffee & Food,Buckman,45.51248349999999,-122.6400622,Entire home/apt,243,1,324,11,0.49,2026-05-13
1211713097419455686,Moab Vibes in PDX - Walk to Local Coffee & Food,Buckman,45.51248349999999,-122.6400622,Entire home/apt,267,1,297,77,3.47,2026-05-31
1211716979367462753,Cozy Calm Vibes in PDX- Near Local Coffee & Food,Buckman,45.51248349999999,-122.6400622,Entire home/apt,166,1,297,17,0.75,2026-05-26
1211786360676846020,The Richmond Revival,Richmond,45.503404164897184,-122.61635174305397,Entire home/apt,143,31,72,3,0.14,2025-09-12
1211828695481374831,#StayinMyDistrict Kenton Private Guest House,Kenton,45.5809027,-122.6794152,Entire home/apt,181,1,355,126,1.79,2026-05-27
1211841126762877380,#StayInMyDistrict Sunnyside Vintage Charmer,Sunnyside,45.5134271,-122.6291806,Entire home/apt,183,1,140,183,2.39,2026-06-08
1212361976961943520,Boho Charm • Walk to Dining & Coffee • 1BR,Hosford-Abernethy,45.506373,-122.654974,Entire home/apt,188,1,327,87,3.86,2026-06-05
1212368110742945644,Studio Hideout • Historic Ladd’s • Walk to Eats,Hosford-Abernethy,45.5063912,-122.6550266,Entire home/apt,213,1,320,52,2.29,2026-06-07
1212395771130454952,Historic Craftsman - Fast WiFi - 2BR - King Bed,Buckman,45.5152442,-122.6533255,Entire home/apt,374,1,320,62,2.82,2026-05-25
1212503220558805110,Spacious 1BR Flat | Burnside Foodie District,Buckman,45.5226795,-122.6440689,Entire home/apt,167,1,330,81,3.60,2026-06-08
1212509900236246202,Spanish Revival Flat | 2BR | Near Hawthorne,Buckman,45.5226795,-122.6440689,Entire home/apt,242,1,326,75,3.42,2026-05-31
1212518031242107767,Spanish Vibes | Central Apartment • Walkable,Buckman,45.5226795,-122.6440689,Entire home/apt,205,1,300,73,3.23,2026-05-27
1212523599203682031,Classic Spanish Apartment | Central + Walkable,Buckman,45.5226795,-122.6440689,Entire home/apt,149,1,325,65,3.04,2026-06-08
1212529561662598552,Spanish Revival Flat | Near Shops + Nightlife,Buckman,45.5226795,-122.6440689,Entire home/apt,155,1,341,104,4.73,2026-06-08
1213079392080802798,Mt. Tabor Basecamp | Local Eats + Shops,Richmond,45.5086155,-122.6114737,Entire home/apt,169,1,341,66,2.92,2026-05-28
1213080176618382968,"Mt. Tabor Retreat | Walk to Eats, Shops & Bars",Richmond,45.5086155,-122.6114737,Entire home/apt,137,1,325,99,4.59,2026-06-06
1213110641570845327,Mt. Tabor Hideaway | Near Food & Nature,Richmond,45.5086155,-122.6114737,Entire home/apt,271,1,314,87,3.90,2026-05-22
1213175219747157572,Studio near OHSU | AC - Fast Wi‑Fi - Smart TV,South Portland,45.49764020000001,-122.6764944,Entire home/apt,171,1,296,77,3.52,2026-06-02
1213182084263061899,Portland Studio | Near OHSU + Riverfront,South Portland,45.49764020000001,-122.6764944,Entire home/apt,142,1,321,50,2.25,2026-05-29
1213199586352570521,Steps from OHSU & Downtown ~ Sunny Urban Oasis,South Portland,45.49764020000001,-122.6764944,Entire home/apt,151,1,336,60,2.72,2026-06-08
1213207428955258350,South Portland Hideaway –  OHSU | Fast Wi‑Fi | A/C,South Portland,45.49764020000001,-122.6764944,Entire home/apt,173,1,316,95,4.57,2026-05-27
1213825646510786058,Sweet 2 Room Suite-Private Quiet,Arbor Lodge,45.56778676799694,-122.68081258240711,Private room,69,4,129,41,1.93,2026-06-08
1213975487439763351,Classic Nob Hill Victorian,Northwest District,45.53047,-122.69064,Entire home/apt,405,1,296,114,5.21,2026-06-09
1214644982530360888,The Perfect Artist's Retreat in Woodstock,Woodstock,45.49016899999999,-122.6084048,Entire home/apt,1080,1,361,50,2.20,2026-01-22
1214650194076374187,Trendy Retro Apartment - Fast WiFi - AC,Woodstock,45.49016899999999,-122.6084048,Entire home/apt,155,1,103,66,3.03,2026-02-17
1214651908656982635,Queen Anne Studio | Central SE • Walk to Food,Buckman,45.5153381,-122.653939,Entire home/apt,168,1,328,96,4.42,2026-06-07
1214660175627520499,Queen Anne 1BR | SE Portland • Super Walkable,Buckman,45.5153381,-122.653939,Entire home/apt,194,1,285,115,5.12,2026-06-05
1214667513986627564,Historic Portland - 2BR - Prime Location,Buckman,45.5153381,-122.653939,Entire home/apt,252,1,200,85,3.80,2026-06-07
1215508439997198474,Like new beautiful 1 bedroom.,Boise,45.55327606927942,-122.66505545461813,Entire home/apt,187,1,331,49,2.18,2026-06-03
1215990885690632162,3BR Craftsman - Vintage Charm - Great Location,Goose Hollow,45.5190369,-122.6941958,Entire home/apt,410,1,300,44,2.05,2026-06-08
1216001946541875083,Private Underground Getaway - 92 WalkScore,Goose Hollow,45.5190369,-122.6941958,Entire home/apt,169,1,310,89,4.02,2026-06-04
1216008932509595242,Historic 4BR • Sleeps 11 • Updated Craftsman,Goose Hollow,45.5190369,-122.6941958,Entire home/apt,985,1,278,12,0.63,2026-05-10
1216071426077891668,1923 Belmont House of Antiques - Coffee & Brunch,Buckman,45.5161552,-122.6403356,Entire home/apt,287,2,71,22,0.99,2026-02-21
1216074663050436936,Bright Studio Heart of Pearl,Pearl,45.5287869,-122.6846317,Entire home/apt,87,31,189,6,0.30,2026-03-01
1216074883043918210,Unit F - Hotel Style Studio Apartment,Overlook,45.55777822550246,-122.68051981047196,Entire home/apt,56,30,94,4,0.36,2026-06-06
1216300449899549855,Heritage Room at Hayhurst Manor,Hayhurst,45.48439,-122.72586,Private room,86,2,13,7,0.31,2026-05-21
1216713384380614094,3BR - Sleeps 8 - Prime NW Location - 99 WalkScore,Northwest District,45.52673129999999,-122.6947997,Entire home/apt,446,1,282,38,1.86,2026-06-02
1216792972717587506,Teal & Terrazzo - Bright Portland Tiny Home,Overlook,45.55383020000001,-122.6795619,Entire home/apt,154,1,361,46,2.07,2026-06-01
1216915547534417843,Sunnyside Sweet Spot!,Sunnyside,45.51799,-122.62906,Entire home/apt,,30,0,2,0.13,2025-05-18
1217615797761867398,Boho Vibes | Alberta 2BR • Coffee + Culture,Concordia,45.5593012,-122.6381373,Entire home/apt,239,1,321,47,2.09,2026-06-07
1217626441492709454,"Tiny Oasis • Walk to Coffee, Food & Alberta Arts",Concordia,45.5593012,-122.6381373,Entire home/apt,137,1,337,47,2.10,2026-06-05
1217630430205506624,"Tiny House • Close to Food, Coffee & Art",Concordia,45.5593012,-122.6381373,Entire home/apt,151,1,343,62,2.81,2026-05-10
1217642137202561345,Laurelhurst Dream on Restaurant Row - 97 WalkScore,Kerns,45.5266188,-122.6355982,Entire home/apt,340,1,295,81,3.70,2026-06-03
1219777428696128193,Bright & Charming Basement Unit,University Park,45.578709129735905,-122.72004328985777,Entire home/apt,106,30,319,0,,
1219861584902740523,Tiny House Retreat in Outer Southeast Portland,Brentwood-Darlington,45.46771,-122.59369,Entire home/apt,77,30,341,4,0.23,2026-05-05
1220466224892344993,Cute and Cozy 2 bdrm Bungalow by OHSU/VA,Hillsdale,45.47153216408506,-122.68415478299916,Entire home/apt,180,4,119,2,0.11,2026-03-31
1221111367183910932,Foxchase Flat 3 with back patio,Concordia,45.56277417150557,-122.63386356407602,Entire home/apt,245,1,309,39,1.75,2026-05-03
1221778226401159917,#StayinMyDistrict Sellwood Coco Rose Retreat,Sellwood-Moreland Improvement League,45.4673808,-122.6540142,Entire home/apt,187,1,150,309,4.56,2026-05-31
1221794988319618798,The Madison Farmhouse - Vintage Shops & Espresso,Buckman,45.5127657,-122.6428856,Entire home/apt,150,1,335,67,3.02,2026-06-04
1222074025002548768,Princeton Street Bungalow,Cathedral Park,45.58434,-122.74919,Entire home/apt,,30,0,0,,
1222087807300533546,"Quiet, walkable, convenient SE PDX Home",Richmond,45.503518847165864,-122.63089561540524,Entire home/apt,230,1,327,53,2.73,2026-06-09
1222477338564932208,"Historic Hafner Haus B&B, Room 3",Portland Downtown,45.51508,-122.686,Private room,89,3,304,6,0.32,2025-10-24
1223252192205014352,2BR House on Belmont - Parking - Fast Wifi,Sunnyside,45.51627149999999,-122.6239512,Entire home/apt,358,1,313,36,1.76,2026-04-07
1223962828815418140,Tiny House SW Portland! TreeView,South Portland,45.488897788311526,-122.67740117331672,Entire home/apt,57,30,287,5,0.27,2026-01-31
1224063362163721666,"The Jennifer I Alphabet District I Portland, OR",Northwest District,45.528991757761915,-122.69686339254213,Entire home/apt,360,30,332,0,,
1224245354362400522,"Bright 2BR/1BA w/ Full Kitchen, Walkability + Gate",Buckman,45.5163047,-122.6519507,Hotel room,,1,0,2,0.09,2024-08-26
1226916273646198687,St. John's Oasis,St. Johns,45.598509944629164,-122.7518097637249,Entire home/apt,71,30,317,2,0.19,2025-12-26
1226959758389056548,"Stylish, Private, Walkable SE Portland Guesthouse",Richmond,45.505233627178455,-122.61318342630383,Entire home/apt,318,2,78,68,3.09,2026-06-08
1227222193025681045,2BR Bungalow • Private Yard • Off-Street Parking,Cully,45.548842,-122.6041148,Entire home/apt,277,1,301,76,3.50,2026-06-05
1229172861084734269,Dual Townhomes | 6BR/5BA | 2 Kitchens | Decks,North Tabor,45.5266434,-122.6059778,Entire home/apt,1058,1,307,9,0.49,2026-05-19
1229188751637987307,New Build Townhome | 3BR/2.5BA | Near Mt. Tabor,North Tabor,45.5266434,-122.6059778,Entire home/apt,403,1,334,22,1.13,2026-05-04
1229763242309632205,Bright Townhome | 3BR/2.5BA | Near Mt. Tabor,North Tabor,45.5267014,-122.6059683,Entire home/apt,516,1,311,32,1.52,2026-06-04
1229779812569026293,Dual Modern Townhomes | 6BR/4BA | Sleeps 13,North Tabor,45.5267714,-122.6059682,Entire home/apt,1100,1,321,5,0.29,2025-06-29
1229794165029251098,Modern Townhome | 3BR/2.5BA | Near Mt. Tabor,North Tabor,45.5267714,-122.6059682,Entire home/apt,373,1,334,26,1.31,2026-05-24
1229806708253353943,Luxury Townhouse • New Build • 3BR • Sleeps 5,North Tabor,45.5268334,-122.6059695,Entire home/apt,377,1,333,31,1.50,2026-06-03
1231121482931675188,Kerns 1 BR Apartment,Kerns,45.52846958732574,-122.63169050216675,Entire home/apt,70,31,116,9,0.44,2026-05-17
1231916761562360033,2BD/2.5BA • Parking • Deck • Luxury Vibes,North Tabor,45.52664,-122.60598,Entire home/apt,258,1,334,23,1.08,2026-05-02
1231923519949126325,North Tabor 2BR - Gym - Gourmet Kitchen,North Tabor,45.5267014,-122.6059683,Entire home/apt,369,1,311,17,0.79,2026-05-16
1231937321624466286,Bright 2BR - North Tabor - Work & Recharge,North Tabor,45.5267714,-122.6059682,Entire home/apt,299,1,334,15,0.70,2026-06-05
1231984266379296924,Retro-Chic • Walk to Galleries + Cafés • Fenced,Concordia,45.55902,-122.63463,Entire home/apt,232,30,134,0,,
1232043523557527717,SW Portland 4BR/3BA | 2 King Suites | Perfect for,South Burlingame,45.46522642316508,-122.68171321300859,Entire home/apt,684,2,302,19,0.89,2026-04-07
1232105424125404207,Cute Bungalow - sleeps up to 6!,University Park,45.57846745441889,-122.72236891512583,Entire home/apt,83,30,257,2,0.12,2025-11-15
1232168500848758342,Historic NW Nob Hill Firehouse No. 17,Northwest District,45.52965,-122.69965,Entire home/apt,457,1,190,109,5.40,2026-06-07
1232694658172792870,Elegant Mansion Retreat!,Reed,45.49011327396767,-122.6382026809001,Entire home/apt,116,2,332,39,1.81,2026-05-31
1232767742748755582,Afroso Guest Suite,Cully,45.56351757687725,-122.60758419732385,Private room,91,1,180,1,0.05,2024-10-07
1234069767311563780,5 Star-Apartment Live Like Hotel,Humboldt,45.554614315432424,-122.67416599020109,Entire home/apt,,2,0,7,0.34,2026-05-26
1234432098310812080,Spacious Cozy 2BR in SW Portland,West Portland Park,45.4485512,-122.7251835,Entire home/apt,172,2,231,10,0.48,2025-10-14
1235031588343228891,The Laid-Back Loft | Mississippi Ave | Parking,Boise,45.5531009,-122.6758088,Entire home/apt,192,1,318,83,3.85,2026-05-27
1235587499101413291,Cozy 2-Bed Home Near U of O | Sleeps 4 w/ Trundle,Concordia,45.57282,-122.63875,Entire home/apt,200,2,148,11,0.53,2026-06-14
1237135028233204841,2BR - Alphabet District - Historic Home,Northwest District,45.52673129999999,-122.6947997,Entire home/apt,424,1,282,41,1.95,2026-05-21
1237192279478230378,Cozy Rocky Butte Guest House,Madison South,45.5436,-122.57036,Entire home/apt,109,30,177,0,,
1237315060543630260,Historic 3BR • Sleeps 10 • Prime Location,Kerns,45.52339569999999,-122.6543468,Entire home/apt,374,1,315,56,2.63,2026-06-07
1237408511948184076,Barnsley Court Retreat M#42234,Northwest Heights,45.53567,-122.76604,Entire home/apt,354,30,256,0,,
1237747217992575503,Guesthouse in the Garden - Alberta Arts District,Vernon,45.560039408294266,-122.64519363068847,Entire home/apt,109,1,83,142,6.96,2026-06-11
1237878281318180887,Spacious Craftsman Mansion Getaway,Reed,45.488631629739864,-122.63873621981047,Entire home/apt,137,2,322,13,0.60,2026-05-30
1238070631219002243,Private room in Portland Downtown. P,Goose Hollow,45.51624,-122.68946,Private room,128,2,161,13,0.83,2026-06-10
1238632268461810857,Peaceful and centrally located!,Buckman,45.51271,-122.64323,Entire home/apt,135,2,346,70,3.37,2026-05-28
1238819120342037491,"Skyline Sanctuary
Ultimate Getaway
Near Downtown",Northwest Heights,45.5371155,-122.7595634,Entire home/apt,451,1,306,53,2.97,2026-06-08
1239012635074051037,Quiet Sunny Home in Hip Walkable Alberta Arts,Sabin,45.55720465835114,-122.64938469976187,Private room,48,30,333,2,0.10,2025-06-02
1239145380314229162,4BR • Sleeps 8 • Perfect for Groups & Families,Grant Park,45.5353333,-122.626646,Entire home/apt,425,1,304,37,1.79,2026-06-05
1239463225561343316,Dream Two-Bedroom in Laurelhurst ~ 97 WalkScore,Kerns,45.5266188,-122.6355982,Entire home/apt,287,1,295,14,0.80,2026-04-27
1239468899417584498,Downtown Portland Condo,Northwest District,45.52346568712731,-122.68773509694648,Entire home/apt,85,30,127,2,0.20,2025-11-08
1239523162116197460,Walk to Coffee & Eats | Vinyl | Fireplace | Yard,Overlook,45.55932,-122.68345,Entire home/apt,468,2,285,75,3.76,2026-05-21
1240593027280674693,Botanical Creekside Cottage,Sellwood-Moreland Improvement League,45.46259,-122.64291,Entire home/apt,179,1,155,73,3.74,2026-06-07
1240643589706788177,Basement apartment near Downtown St. Johns,St. Johns,45.59195,-122.7411,Entire home/apt,,1,44,54,2.56,2026-06-07
1241401230164040982,Modern Boho Charm - Fast WiFi - 2 Beds - AC,Hosford-Abernethy,45.5062954,-122.654916,Entire home/apt,170,1,305,62,2.96,2026-06-07
1241408666649780667,Walk to Pizza & Bars - Fast WiFi - Historic Studio,Hosford-Abernethy,45.5062954,-122.654916,Entire home/apt,212,1,311,86,4.16,2026-06-06
1242142860300496745,Private 1br Unit in SW Portland,Collins View,45.45947172703511,-122.68323253583772,Entire home/apt,99,30,158,4,0.21,2026-05-31
1242865286651385624,Martha's Haven,Vernon,45.5620329,-122.6470059,Private room,98,2,349,3,0.22,2025-07-28
1243078344092949979,Little Starling Cottage,Sunderland,45.58211,-122.64147,Entire home/apt,138,31,150,3,0.35,2026-06-07
1243299840009302891,Modern Townhouse in Hillsdale,Hillsdale,45.47825,-122.69689,Entire home/apt,207,31,358,3,0.25,2025-12-29
1243640964236876810,Waterfront w/ Mt. St. Helen's,South Portland,45.49567669252953,-122.66973590865284,Entire home/apt,91,30,321,6,0.31,2025-12-22
1243706555847791615,"The Zach | North Portland, OR",Portsmouth,45.58145,-122.70917,Entire home/apt,237,5,164,0,,
1244404643501873804,Hawthorne Classic,Buckman,45.51458,-122.64773,Entire home/apt,371,2,76,44,2.72,2026-06-07
1245054190166105267,Garage-Mahal 2 bd  w Laundry monthly lux living,Hayhurst,45.48231060958139,-122.7228134116394,Entire home/apt,100,30,303,2,0.11,2025-02-28
1245083626517680775,Cozy and Clean Room in North Portland,St. Johns,45.59716237991815,-122.75634291801839,Private room,109,1,351,51,2.82,2026-06-05
1245101549395711000,Pearl District Luxury • 2BR • AC • Sleeps 4,Northwest District,45.5312825,-122.6879467,Entire home/apt,368,1,321,27,1.32,2026-03-15
1245107865396460878,Luxury Penthouse - Rooftop Deck - 2BR - AC,Hosford-Abernethy,45.5046739,-122.6441743,Entire home/apt,344,1,277,12,0.94,2026-06-05
1245127237859248458,Alphabet District Gem • AC • Patio • Fast WiFi,Northwest District,45.5247087,-122.6945925,Entire home/apt,697,1,299,25,1.45,2026-04-12
1245135481336767523,Walkable NW 23rd Retreat – Style & Comfort,Northwest District,45.52892000000001,-122.6990098,Entire home/apt,265,1,297,93,5.04,2026-06-07
1246833288462353112,The Château VlLLA ~ a/c ~ Queen Suite ~ Kitchen,Mt. Tabor,45.521277968969194,-122.59431662527692,Entire home/apt,157,1,308,37,2.22,2026-06-07
1247144666051908754,The Quirky Portland Bungalow,Concordia,45.55802229377887,-122.6361588699224,Entire home/apt,,60,0,0,,
1247336786707205078,Angel's Rest Suite!,Lloyd District,45.5348604,-122.6571881,Private room,323,3,143,27,1.99,2026-06-08
1247351426410960433,1BR apt w/ free parking by restaurant row (Kerns),Kerns,45.52305,-122.64213,Entire home/apt,223,1,332,42,2.04,2026-05-31
1247477238988735640,Stylish 1bed1bath •Rooftop City Views +Amenities,Pearl,45.527448731403794,-122.68141930840736,Entire home/apt,345,1,348,31,1.81,2026-06-01
1248705532694233497,2BR/2BA • Sunny Retreat • Parks + Coffee Nearby,Sunnyside,45.5161199,-122.6363147,Entire home/apt,359,1,298,20,0.95,2026-04-29
1248717369348061934,Mid-Century Charm - Prime SE Location - 2BR,Buckman,45.51689570000001,-122.6447176,Entire home/apt,395,1,302,17,0.82,2026-05-15
1248731865719201417,Desert Vibe 1BR in SE PDX - Local Bars & Food,Buckman,45.516848,-122.644728,Entire home/apt,166,1,315,22,1.10,2026-06-06
1248751921061550011,"4BR • Sleeps 8 • Walk to Brunch, Bars & Boutiques",Buckman,45.5161552,-122.6403356,Entire home/apt,539,1,71,40,2.00,2026-04-05
1249331361656505558,Luxury 2BR Mississisppi Home  95 WalkScore,Boise,45.5531009,-122.6758088,Entire home/apt,296,1,311,20,0.99,2026-05-31
1249336962611011665,2BR/1BA • Modern Craftsman • Walkable • Fast WiFi,Buckman,45.5152623,-122.6535029,Entire home/apt,242,1,298,34,2.04,2026-05-24
1249340997511828513,Renewed Classic 2BR - 95 WalkScore,Buckman,45.5151817,-122.6534937,Entire home/apt,258,1,224,68,3.32,2026-06-02
1249577524699926431,"Sauna, Tonal, Redlight, Queen Bed",Richmond,45.50897064765712,-122.62694168501957,Private room,113,4,129,1,1,2026-06-01
1250206071813588209,Stylish 1 BR •Walkable to Belmont & Hawthorne,Sunnyside,45.51591880000001,-122.6275425,Entire home/apt,240,1,94,76,3.86,2026-06-14
1251788592876791093,2BR Bohemian Oasis - Food & Craft Beer Lovers,Buckman,45.5161428,-122.6393185,Entire home/apt,233,1,305,16,0.85,2026-06-03
1252421394537012298,Walkable Alphabet District- 1 Bdrm W office Condo,Northwest District,45.5318346,-122.6934143,Entire home/apt,70,30,33,5,0.48,2026-06-01
1252444802539432913,Mini Dome by Dodeca Domes,Arbor Lodge,45.5706607,-122.682528,Entire home/apt,231,2,164,24,1.27,2026-05-24
1253689861594120993,Little Henry House on Duke St,Woodstock,45.47589,-122.61034,Entire home/apt,137,2,10,15,0.83,2026-05-14
1254019089032383954,Stylish 2BR Duplex Near Alberta Arts District,Concordia,45.56203,-122.62872,Entire home/apt,354,1,324,88,4.27,2026-06-11
1255749656265243096,"Private lower-level suite, walk to Reed College",Woodstock,45.4738,-122.62011,Entire home/apt,102,1,229,12,4.68,2026-06-06
1256694311116926491,"Cascade Cove (Rm&BR in home, private entrance)",Argay,45.547365186871566,-122.52663347264387,Private room,116,1,212,157,9.42,2026-06-11
1256695349900209760,City Cottage with Country Feel,Lents,45.4683893,-122.553511,Entire home/apt,191,1,308,108,5.32,2026-06-11
1256980178403487727,The Willows ADU - Peaceful 2 BDR,East Columbia,45.59354,-122.66139,Entire home/apt,99,30,319,1,0.08,2025-05-16
1257447110387358031,"Gulch gem • office, driveway, fenced yard oasis",Sullivan's Gulch,45.53506,-122.63817,Entire home/apt,148,30,290,1,0.14,2025-11-09
1258030518825555336,Snug,Old Town/Chinatown,45.5234861,-122.6745926,Private room,109,1,364,315,3.99,2026-06-10
1258030606766040958,"The Hoxton Portland, Cosy queen",Old Town/Chinatown,45.5234861,-122.6745926,Private room,119,1,347,387,4.77,2026-06-11
1258030618124767618,Cosy view,Old Town/Chinatown,45.5234861,-122.6745926,Private room,129,1,12,6,1.49,2026-04-19
1258030679649357607,Roomy view,Old Town/Chinatown,45.5234861,-122.6745926,Private room,129,1,359,4,2.61,2026-06-14
1258138310448827507,Parkrose Cedar Loft,Parkrose Heights,45.537726140038075,-122.54682195270212,Entire home/apt,121,1,134,86,4.36,2026-06-06
1258178894931827417,University Park NoPo Bungalow,University Park,45.57946,-122.72868,Entire home/apt,138,30,364,1,0.08,2025-06-07
1258727634110216045,Stunning  Mt Tabor Gem Custom Designed,Mt. Tabor,45.52183,-122.601,Entire home/apt,436,1,194,51,2.59,2026-05-29
1259426831699100841,New ADU in NoPo!,Kenton,45.58167,-122.69172,Entire home/apt,97,1,282,198,10.19,2026-06-11
1263282004512153257,5 BD/3.5BA -Arcade-WFH Desks-Pool/Pingpong Table,Sunnyside,45.51244,-122.61348,Entire home/apt,762,1,300,72,4.33,2026-05-31
1264120463172680261,Jerald Guesthouse,Bridlemile,45.493668609705644,-122.7171135023089,Entire home/apt,165,2,19,25,1.40,2026-02-01
1264611556686093723,Downtown 1 bedroom condo,Portland Downtown,45.51597,-122.68513,Entire home/apt,70,30,321,0,,
1264749437088281652,Buffalo Terrace with Sauna,Woodlawn,45.57628,-122.65604,Entire home/apt,,2,0,38,2.04,2026-06-13
1265159767757998662,Room in 2brm Apartment.,Hazelwood,45.52243,-122.53246,Private room,37,30,298,0,,
1265330415288298051,"2BR Pearl District, Near Dining",Pearl,45.52868748240784,-122.68095424798821,Entire home/apt,,30,57,0,,
1265360779349006318,Cornus House,Overlook,45.55123863823289,-122.68322344869375,Entire home/apt,141,1,66,121,7.09,2026-06-14
1266803867385459817,John’s Landing Townhome,South Portland,45.4821691,-122.6762398,Private room,111,2,233,18,0.89,2026-06-08
1267900314145219185,Modern & Spacious Barnsley Court Retreat G#42234,Northwest Heights,45.53408805404298,-122.7654934880642,Entire home/apt,354,30,256,0,,
1267983714851169062,Charming 4BR Gem | Outdoor Haven & Deck E#42234,Northwest Heights,45.53572267849505,-122.76597760540332,Entire home/apt,350,30,256,0,,
1268126729965231605,"Fly in, rest easy",Parkrose,45.567129,-122.542194,Private room,,1,0,1,0.08,2025-06-14
1268126730110509808,King comfort minutes from PDX,Parkrose,45.567129,-122.542194,Private room,,1,0,14,0.96,2025-11-28
1268431601858176762,New Private Studio Retreat in NE PDX (Beaumont),Beaumont-Wilshire,45.54931,-122.62391,Entire home/apt,194,1,297,90,4.47,2026-06-14
1269661167505123980,Garden Studio Near Forest Park,Northwest District,45.53523,-122.7158,Private room,226,1,51,32,2.46,2026-06-02
1270527444904770029,Elegant Retreat in Serene Gardens PD#42234,Northwest Heights,45.53397658938837,-122.76712360433108,Entire home/apt,,30,256,0,,
1271164597124512665,Cully Neighborhood Backyard Birdhouse,Cully,45.56113906506299,-122.61256725301944,Entire home/apt,129,3,114,58,3.01,2026-06-04
1271364038118380604,Cozy condo with a view!,Homestead,45.497311,-122.6795935,Entire home/apt,79,30,64,4,0.30,2026-03-27
1272696891315438608,Garden Charmer Amazing location in SE Mount Tabor,Mt. Tabor,45.51994,-122.59968,Entire home/apt,256,1,89,57,2.90,2026-05-27
1272718053257401098,Mocks Crest Oasis- 5BD/2BA- Arbor Lodge Getaway,Kenton,45.57751923063189,-122.7073161935904,Entire home/apt,541,1,304,37,3.26,2026-06-03
1273213402982038654,Squiggly Room,Mt. Scott-Arleta,45.48796,-122.59928,Private room,75,30,365,1,0.05,2024-11-23
1274892065575878293,Victorian Apartment in Slabtown!,Northwest District,45.5322323,-122.6940556,Entire home/apt,189,2,206,76,3.90,2026-05-25
1274950505762799417,"Walkable, Charming Guest House",St. Johns,45.58623742589761,-122.74125338017689,Entire home/apt,123,2,193,74,3.87,2026-06-12
1275773195220377758,Cozpacious · Stroll 2 Fun · Self Check · Easy Park,Humboldt,45.559283410422466,-122.66665946692228,Entire home/apt,151,1,50,39,2.04,2026-05-28
1276193402745759592,Awesome Alberta Arts Apt Quiet & Walkable,Vernon,45.5611483,-122.6498871,Entire home/apt,310,1,351,26,1.76,2026-05-26
1277050641648090791,Cozy SE Portland Hideaway,Creston-Kenilworth,45.49509,-122.63947,Entire home/apt,216,1,216,162,9.60,2026-05-26
1277076071358137325,Empress Rose,Northwest District,45.52345,-122.68806,Entire home/apt,137,3,187,4,0.36,2026-06-08
1277922303298190178,Portland Chalet,Creston-Kenilworth,45.49776,-122.63852,Entire home/apt,74,30,365,3,0.18,2026-01-30
1278446982513048641,Urban nest: Room A,Humboldt,45.563070819886754,-122.67827626120605,Private room,75,1,359,45,3.31,2026-05-30
1281405876459557317,Villa Eco-Studio,Montavilla,45.517183,-122.5811185,Entire home/apt,76,30,295,7,0.44,2026-04-30
1282084317416584919,Charming Portland 2BR Home in Hollywood,Grant Park,45.5353333,-122.626646,Entire home/apt,223,1,304,12,0.69,2026-01-08
1282254854280491751,Chez Cozy | Alberta Arts 15th Avenue Plex,Sabin,45.55354978942786,-122.6498605483802,Entire home/apt,369,1,234,44,2.57,2026-05-31
1282599563291311114,Front facing bedroom at the Michigan House,Boise,45.5464,-122.6773,Private room,47,30,47,4,0.23,2026-04-09
1282957605830083086,Charming Flat in Downtown Portland,Northwest District,45.5279012,-122.6947192,Entire home/apt,86,30,133,3,0.19,2025-12-07
1283568174210420936,"Studio 1 Bath, OHSU, Dog Friendly (04E)",Homestead,45.49583,-122.69231,Entire home/apt,72,30,281,3,0.30,2026-02-05
1285108003318001457,PDX River View Hidaway: Bridge & Waterfront Bliss,Portland Downtown,45.510415547436565,-122.67976405906658,Entire home/apt,98,30,133,4,0.23,2026-03-21
1286264310360856929,Monthly Stay among Iconic Neighborhoods and Trails,Eastmoreland,45.4655117292041,-122.6227076421547,Entire home/apt,73,30,69,0,,
1286348556240734822,Bright modern basement apartment,Woodlawn,45.57363,-122.64531,Entire home/apt,183,1,52,58,3.01,2026-06-14
1286544783939501825,Cozy Mt. Tabor Retreat,Mt. Tabor,45.5212,-122.60684,Entire home/apt,,1,143,13,0.73,2025-10-26
1287312082914640871,Mid-Century Vibe With Views,Cathedral Park,45.58206,-122.7453,Entire home/apt,112,30,169,1,0.10,2025-08-31
1287380872845413447,"Tiny Living, Big Comfort | Walk to MAX",Overlook,45.5648,-122.68183,Entire home/apt,147,1,147,125,6.51,2026-06-07
1289156461652671264,Stylish 2BR near Mississippi,Boise,45.55292,-122.6711,Entire home/apt,389,3,138,2,0.49,2026-05-18
1289197474809470307,Modern Apt. Downtown Portland,Portland Downtown,45.50854,-122.68311,Entire home/apt,143,30,179,0,,
1291573482930896948,Peaceful SE Portland Getaway – Walkable & Bright,Brooklyn Action Corps,45.4998124,-122.6529472,Entire home/apt,176,1,309,69,3.64,2026-05-25
1292164626775706180,Bright Home in Walkable Richmond,Richmond,45.5032809534443,-122.63062041024027,Entire home/apt,194,30,307,1,1,2026-05-21
1292783906868554609,Stylish Guest Suite in Alberta Arts w/new Hot Tub,Concordia,45.5606897,-122.6346123,Entire home/apt,218,1,294,51,2.67,2026-06-01
1292912173809854297,Modern Studio Steps from OHSU!,Homestead,45.4972115769254,-122.68816591734267,Entire home/apt,75,31,321,4,0.23,2025-12-05
1293106783608757593,Charming Retreat in Portland,Hayhurst,45.477117607563116,-122.73136569972442,Private room,96,1,311,18,1.02,2026-06-11
1294196969203030860,Premier King | Oasis in the heart of Downtown,Portland Downtown,45.51381402413169,-122.68081429980339,Private room,154,1,105,81,4.26,2026-05-31
1294199802056485688,Outdoor Haven | Game room. Bars,Portland Downtown,45.513813397329244,-122.68076536441804,Private room,212,1,96,115,6.13,2026-06-07
1294325654174365530,Comfortable and Clean Room near Pier Park,St. Johns,45.59639,-122.75638,Private room,109,1,352,45,2.46,2026-06-02
1294573912271381455,"PDX Home | Cozy Stay w/BBQ, Firepit & Pool Table",Parkrose Heights,45.54259,-122.5512,Entire home/apt,275,1,144,43,2.91,2026-05-19
1294599934484989724,Brand New Westmoreland Contemporary,Sellwood-Moreland Improvement League,45.4829665,-122.6473438,Entire home/apt,371,2,95,61,3.38,2026-06-08
1296355512400960966,Cozy Boho 1BR - Walk to Shops & Cafes,Concordia,45.5593012,-122.6381373,Entire home/apt,152,1,321,15,0.81,2026-05-28
1296367678914617775,Mid-Century Dream | 2BR / 2BA | Heart of Hawthorne,Sunnyside,45.5124598,-122.6204664,Entire home/apt,334,1,288,58,3.38,2026-06-04
1296420745117627912,"NW 23rd Luxury | Walk to Shops, Cafés & More",Northwest District,45.52892000000001,-122.6990098,Entire home/apt,1271,1,272,5,0.51,2026-02-01
1296526322024566676,Château Woodstock – Cozy Stay Near Cafés & Parks,Mt. Scott-Arleta,45.4798058,-122.5857376,Entire home/apt,121,1,237,86,5.50,2026-06-08
1296563601263020523,Basement suite in North Portland,Piedmont,45.57519,-122.67633,Private room,,50,0,0,,
1296835499508566929,Garden Oasis in Se PDX W/Bikes,Woodstock,45.48577,-122.60177,Entire home/apt,72,30,319,0,,
1297275113610364263,Furnished 2BR Home w/Yard • Near Hospitals • WiFi,Montavilla,45.5217093,-122.570786,Entire home/apt,76,30,41,1,0.64,2026-04-30
1297466901520339667,Newly Remodeled Private Suite w/ Separate Entry,Powellhurst-Gilbert,45.48438,-122.52043,Private room,139,1,319,48,2.59,2026-06-07
1297545106190653259,Charming Single-Level Kenton Home | Pet Paradise,Kenton,45.58727,-122.70034,Entire home/apt,158,30,94,3,0.43,2026-04-19
1297644131209088720,3 BDR Pet Friendly | Fenced Yard | Monthly,Sunnyside,45.51824960673026,-122.62044108797728,Entire home/apt,324,30,328,1,0.79,2026-05-09
1297963677986920616,"Hawthorne MultiUnit, 99 Walk Score,Remote Workers",Richmond,45.5112207,-122.6231699,Entire home/apt,685,1,254,8,0.58,2026-06-02
1297975417677892082,"Heart of Hawthorne! Newly Remodeled, 99 Walk Score",Richmond,45.5112207,-122.6231699,Entire home/apt,242,1,262,79,4.64,2026-06-07
1297981551097542964,2BR Upper unit - Sleeps 4 - Trendy Area - Walk Eve,Richmond,45.5112207,-122.6231699,Entire home/apt,278,1,331,40,2.21,2026-06-07
1297986691151847258,Tiny Refuge - Quiet & Cozy,Richmond,45.5112207,-122.6231699,Entire home/apt,142,1,331,84,4.78,2026-05-26
1298154277738180105,Modern Cozy & Private Retreat with deck/seating,Northwest District,45.53788489999999,-122.7157792,Entire home/apt,239,2,220,64,3.54,2026-06-01
1298248474554381134,"N Portland Condo - Walk to Food, Bars, Music",Humboldt,45.5589537,-122.6680672,Entire home/apt,265,1,303,29,1.57,2026-05-21
1298255919482982300,Luxury 2BR | Walk to Mississippi & Alberta,Humboldt,45.5589537,-122.6680672,Entire home/apt,248,1,313,8,0.45,2026-04-05
1298835607539152274,Private Portland Group Getaway - Sleeps 12,Richmond,45.50457,-122.62131,Entire home/apt,680,1,305,6,0.42,2025-11-24
1298844467425808731,4BR Portland Classic | Steps from Division Fun,Richmond,45.5045729,-122.6213049,Entire home/apt,381,1,313,27,1.60,2026-06-06
1298851580263131025,Vibrant Portland Getaway - Chic Flat,Richmond,45.50457,-122.62131,Entire home/apt,187,1,323,41,2.18,2026-06-07
1299331554509630442,Luxury Living in Prime Location FREE Airport Rides,Portland Downtown,45.5223848,-122.6841138,Entire home/apt,,4,142,13,1.35,2026-05-26
1300377147816504519,Eliot Private Suite,Eliot,45.54348,-122.66585,Entire home/apt,53,30,100,0,,
1300930959577415954,Home stay in Division - Nature-Inspired Sanctuary,Hosford-Abernethy,45.50403139491249,-122.63614573508211,Entire home/apt,102,30,334,1,0.09,2025-07-01
1301179357057658933,The Botanist's Study,Roseway,45.549492246188244,-122.58710693002772,Entire home/apt,163,1,63,9,1.11,2026-06-07
1301693230762381261,Nomad Nest in Hip Neighborhood,Sabin,45.55704,-122.64943,Private room,47,30,345,4,0.40,2026-03-17
1301813336415780154,"2 Bedroom Home for Long Term Stays, Pet Friendly",Powellhurst-Gilbert,45.50019125028266,-122.5634742858265,Entire home/apt,141,30,256,3,0.19,2025-10-05
1302323806418388412,Classic Craftsman Stay - 2BR 2BA -  Portland Charm,Kerns,45.52624369999999,-122.6335161,Entire home/apt,304,1,308,26,1.43,2026-06-08
1302334047084730001,Eclectic 2BR - Victorian Charm - Steps to Fun,King,45.5496809,-122.6622415,Entire home/apt,240,1,314,31,1.75,2026-05-31
1302342962252842668,2BR/1BA • Portland Soul Lounge • Walkable Retreat,King,45.5496905,-122.6621474,Entire home/apt,217,1,324,15,0.83,2026-03-22
1302343649715362801,Relaxing Central Loft off Mississippi St W/King Bd,Boise,45.55274,-122.67654,Entire home/apt,230,3,346,53,2.97,2026-05-29
1303034143005097561,2BR Flat - Walk to NW 23rd Shops & Cafes,Northwest District,45.53420089999999,-122.6990771,Entire home/apt,266,1,302,19,1.12,2026-06-02
1303041492203032187,Renovated 2BR • Walk to NW 23rd Shops & Dining,Northwest District,45.5342499,-122.6990607,Entire home/apt,220,1,316,22,1.26,2026-03-31
1303050999351837148,Enchanting Old Portland Home - 92 WalkScore,Hosford-Abernethy,45.5061237,-122.6549706,Entire home/apt,356,1,314,31,1.76,2026-06-07
1303725729396873436,Rustic Guesthouse in Hawthorne,Sunnyside,45.51476200982525,-122.62841161027963,Entire home/apt,204,1,232,48,2.68,2026-06-14
1305070188248808613,Sellwood Getaway,Sellwood-Moreland Improvement League,45.4623,-122.65471,Entire home/apt,234,2,192,19,1.23,2026-06-07
1305703168068793072,Pdx Vintage,Parkrose,45.548055624059074,-122.54237288482169,Entire home/apt,75,30,311,0,,
1305899178585000405,2-Bedroom Private Cozy Guest Suite,St. Johns,45.59809740869688,-122.7561307097291,Entire home/apt,252,1,347,11,0.61,2026-05-17
1306557894945425394,"Sweeping views: mountains, city",Hillside,45.52716340941467,-122.70535603165627,Entire home/apt,232,30,269,0,,
1307296172385385257,Queen's Corner with Private Deck & Hot Tub Access,South Tabor,45.50142,-122.60004,Entire home/apt,121,2,130,110,6.21,2026-05-27
1307468300616821264,Monthly Rental - Modern Portland Charm,Sabin,45.54935988835135,-122.6530418332,Entire home/apt,227,31,294,2,0.24,2025-11-26
1307519272934746962,Stay Portland 2 bed Enjoy entire space,Pearl,45.53553,-122.68355,Private room,259,30,107,0,,
1309732657145018672,The PDX Nest,Arbor Lodge,45.5697419,-122.6906027,Entire home/apt,189,1,350,40,2.59,2026-05-31
1309861125786202124,A charming home in SE Portland,Sunnyside,45.51811905983159,-122.61823151481792,Entire home/apt,165,30,318,0,,
1310213714961837230,Soak & Stay Cottage,Mill Park,45.51196928784621,-122.53556927572212,Entire home/apt,,30,29,40,2.44,2026-01-09
1310285563441818098,1928 Craftsman Gem 30+ Day Stays,St. Johns,45.59204726933448,-122.74716241597218,Entire home/apt,272,31,90,1,0.15,2025-11-23
1312388395992845025,Hawthorne Guest House,Richmond,45.5117,-122.6147,Entire home/apt,97,30,317,3,0.21,2025-10-06
1313099966051799732,"Historic Hafner Haus, 23 Guests, 16 beds-near PSU",Portland Downtown,45.51639,-122.68602,Entire home/apt,1085,2,348,8,0.50,2026-06-07
1313190764435202048,Riverplace Retreat - 1BD Condo,Portland Downtown,45.5089678922781,-122.67477308940411,Entire home/apt,121,31,295,4,0.32,2026-05-15
1313219337300528188,"Remodeled 2BR - Walk to Coffee, Bars & More",Richmond,45.5045729,-122.6213049,Entire home/apt,223,1,313,2,0.11,2026-05-06
1313224417665022515,Modern bungalow + outdoor oasis,South Portland,45.48504987064403,-122.67693499038143,Entire home/apt,111,30,358,0,,
1314569597892743693,Mossy Haven - St John’s cottage,St. Johns,45.60032,-122.76002,Entire home/apt,337,1,273,29,1.79,2026-06-06
1314599277509634637,Sophisticated 2BR - Prime NW 23rd Location,Northwest District,45.5236996,-122.6971698,Entire home/apt,305,1,300,19,1.07,2026-05-30
1314617822483906794,Pearl District Stay - AC & WiFi - 2BR - Sleeps 4,Northwest District,45.5312825,-122.6879467,Entire home/apt,172,1,317,10,0.60,2026-06-04
1314722614252360414,Preserved 1907 Classic 2BR - 92 WalkScore,Goose Hollow,45.5190369,-122.6941958,Entire home/apt,273,1,300,31,1.75,2026-05-01
1315393117057465302,2BR/1BA • Remodeled Duplex • Heart of Hawthorne,Richmond,45.5112207,-122.6231699,Entire home/apt,203,1,262,7,0.42,2026-05-21
1319026922579907677,2+ Bdrm in Heart of NW Portland (1 month min),Northwest District,45.526935323431346,-122.69657857075356,Entire home/apt,105,30,257,0,,
1320404298380100144,Artists Way,Overlook,45.56446,-122.68146,Private room,46,5,156,0,,
1320841727737496207,Convenience meets Cozy!,Centennial,45.50747,-122.50682,Entire home/apt,107,30,194,0,,
1321309937050925327,New Build • 4BR • Sleeps 10 • Great Location,King,45.5506334,-122.6607762,Entire home/apt,513,1,98,48,2.81,2026-06-07
1321472690930606756,Modern Comfort in a 1920s Southwest Hills Home,Southwest Hills,45.51172,-122.70166,Entire home/apt,225,1,103,2,1.20,2026-05-27
1321897663706021714,Stanhope Cottage,Southwest Hills,45.50651,-122.69344,Entire home/apt,191,4,188,15,1.04,2026-05-07
1322084161526283997,Vintage Portland Home ~ Steps from Mississippi Ave,Overlook,45.55943,-122.68299,Entire home/apt,226,1,318,116,6.55,2026-06-12
1322487419096832537,Baggins’ Burrow,Sabin,45.55028,-122.65254,Entire home/apt,116,4,142,31,2.74,2026-06-03
1322512310565694504,Creekside Cottage + Cozy Studio,Sellwood-Moreland Improvement League,45.46081,-122.64222,Entire home/apt,301,1,229,10,0.68,2025-10-05
1322716931014838733,"Spacious 2BR, washer/dryer, near Airport",Madison South,45.54778,-122.56897,Entire home/apt,215,1,324,40,2.31,2026-06-04
1322764087077009188,Modest room in quiet neighborhood,Madison South,45.53777,-122.59213,Private room,48,30,362,1,0.14,2025-11-08
1323310046481563763,Prime Portland Location w/View!,Rose City Park,45.5408,-122.60529,Entire home/apt,81,30,330,3,0.19,2025-11-08
1323327866180699744,Mt. Tabor Modern & Accessible Studio w/ Hot Tub,South Tabor,45.50303,-122.60031,Entire home/apt,109,2,249,99,5.61,2026-05-29
1323369674476311836,Lulu's Haven,University Park,45.58067,-122.73304,Entire home/apt,78,30,213,4,0.28,2026-04-16
1323436549248729212,Cali-Modern Inner SE Bungalow,Richmond,45.50923,-122.62535,Entire home/apt,159,31,334,1,0.07,2025-05-02
1325661191330281489,Custom Designed Hawthorne Stunner!,Buckman,45.51373,-122.64316,Entire home/apt,109,30,287,3,0.21,2025-09-01
1326432113017731107,Storybook Mt. Tabor Home w/ Mountain Views,Mt. Tabor,45.51151,-122.58814,Entire home/apt,,30,25,1,0.88,2026-05-20
1326946216983457158,Northwest Alphabet District! Walk to it all! Light,Northwest District,45.5362774,-122.7016812,Entire home/apt,297,2,293,14,0.93,2026-06-07
1327814846041592587,Cozy Loft With Hot Tub,Piedmont,45.57746,-122.66527,Entire home/apt,134,1,42,131,7.66,2026-05-26
1327885680177944717,"2 bed Portland Pad - AC, Wifi, Free Parking",Hazelwood,45.52686,-122.55425,Entire home/apt,322,2,20,3,0.54,2026-05-05
1328555584568110917,Quiet Kerns Studio Retreat,Kerns,45.5269,-122.63406,Entire home/apt,84,31,132,2,0.12,2026-01-26
1329076004295036892,"Private, cozy, quiet, safe, central 1br  near park",Alameda,45.5444018,-122.6294018,Entire home/apt,132,2,185,3,0.24,2026-06-08
1331408541157286796,"Wellness Oasis w/ Sauna, Hot Tub & Fireplace",Argay,45.5493452,-122.5185996,Entire home/apt,286,1,96,77,4.50,2026-06-14
1331428927604071993,South Tabor Charmer,South Tabor,45.5021294590544,-122.59885199426472,Entire home/apt,323,2,154,22,1.66,2026-06-04
1331485068224233055,Bright Portland Retreat · Walkable · Private Yard,Boise,45.55226,-122.67098,Entire home/apt,370,1,139,30,1.80,2026-05-14
1332065846422350789,Bright and Airy Home,Hillsdale,45.46780149495023,-122.69728150398069,Entire home/apt,99,30,210,6,0.43,2026-06-06
1332143512492080762,Charming Close-In Craftsman Apartment,King,45.55314,-122.65904,Entire home/apt,82,31,102,1,0.77,2026-05-08
1333093439691428265,Serene John's Landing Condo,South Portland,45.47292794033896,-122.67323729204595,Entire home/apt,86,30,128,2,0.13,2025-10-31
1334120003162957901,"Baby Cedar | Steps to Food Carts, Bars, Grocery",St. Johns,45.5919244901192,-122.74721111759426,Entire home/apt,303,2,74,21,1.30,2026-03-29
1334238358586811838,Southern Exposure in the Pearl,Pearl,45.52965,-122.68174,Entire home/apt,139,31,222,2,0.21,2025-11-25
1334816239945341918,Gallery Suite | Vibrant Locale + Artistic Touches,Portland Downtown,45.52171427012539,-122.67927319292059,Private room,289,1,311,0,,
1334889831761774536,Hollywood House 1BR Pet Friendly Ext stays,Hollywood,45.53572,-122.62439,Entire home/apt,90,30,71,0,,
1335090176821123570,North Studio: Smart TV | A/C | Airport 20 mins,Brooklyn Action Corps,45.49912,-122.6529,Entire home/apt,143,2,350,34,2.11,2026-05-23
1335750990905573503,Charmer,Overlook,45.5565059,-122.6841337,Entire home/apt,124,30,77,4,0.26,2026-03-13
1336627603319021177,Cozy two bedroom ne Portland,Cully,45.55805,-122.61579,Entire home/apt,149,30,274,4,0.56,2026-05-08
1336697785473128271,4 Bed 2 Bath Home for Long Stays in SE Portland,Powellhurst-Gilbert,45.50229919278137,-122.56283392419772,Entire home/apt,208,30,256,0,,
1337236248686279622,"The Kevin I South Waterfront I Portland, OR",Portland Downtown,45.50864128558434,-122.67472768826144,Entire home/apt,296,30,134,0,,
1338762939914326769,Alberta House,Cully,45.5580833,-122.6159022,Entire home/apt,132,30,41,2,0.15,2025-11-15
1339333014069645029,Sunny  1BR MT Tabor Home- HoodView-MontavillaWalk!,Mt. Tabor,45.513009644397215,-122.58771267235427,Entire home/apt,250,1,47,80,4.72,2026-05-22
1340072409683304227,Inner-City Garden Oasis in PDX w/ Hot Tub,Brentwood-Darlington,45.471565754173966,-122.58645997030878,Entire home/apt,,30,267,0,,
1340116776448469158,Private & Cozy Mt. Tabor House - Centrally Located,South Tabor,45.50127,-122.59912,Entire home/apt,188,1,134,89,5.87,2026-05-31
1342382998636626411,NE PDX Blue Bungalow,Concordia,45.56449,-122.63203,Entire home/apt,162,30,307,4,0.27,2026-04-24
1343125623698410766,Belmont Lounge,Sunnyside,45.515691743649306,-122.62225042329605,Entire home/apt,141,1,42,84,5.79,2026-05-24
1343713794672942560,World Travel without leaving PDX,Woodstock,45.48562,-122.6152,Entire home/apt,188,30,313,1,0.81,2026-05-10
1344251380889319345,Cozy two-bed basement apartment in NE Portland,Irvington,45.5361976,-122.6552579,Entire home/apt,183,2,305,22,1.39,2026-05-31
1345160270587218845,Adventures in PDX,Woodstock,45.4849373,-122.6141474,Entire home/apt,145,30,342,1,0.08,2025-06-07
1346627820876124691,Container Cottage in the City,Richmond,45.4994,-122.62134,Entire home/apt,132,1,346,78,4.74,2026-06-02
1347319536162785677,Hawthorne Sweet Secret Cottage,Sunnyside,45.51345,-122.62983,Entire home/apt,84,31,207,0,,
1347340794063734039,Refuge Del Mar. Backyard Oasis with SAUNA!,Woodlawn,45.5754,-122.65607,Entire home/apt,223,1,331,26,1.73,2026-04-05
1348581548784208583,Charming dog friendly studio,St. Johns,45.59455144778397,-122.74481583892941,Entire home/apt,200,1,251,27,1.92,2026-06-05
1348882512117496007,*Modern PDX Home* Colorful & Spacious w/ Backyard!,Brentwood-Darlington,45.470300216726656,-122.59292107804461,Entire home/apt,253,2,81,40,2.81,2026-06-07
1349508010776674831,Private Walkable Cottage Close to Downtown,South Portland,45.4841964864,-122.67622068599611,Entire home/apt,242,3,146,11,0.78,2026-06-08
1350196736725099103,"KING Basement Suite near PDX Airport, Fire Pit",Piedmont,45.578321278501654,-122.66643644805822,Entire home/apt,167,1,346,52,3.17,2026-05-28
1350835497459727240,The Painted Lady OHSU,South Portland,45.50497,-122.67518,Entire home/apt,,30,0,0,,
1350935873584851494,Steps to Powell’s & Art Museum | Pet-friendly. Gym,Portland Downtown,45.5173,-122.68103,Private room,,1,117,172,11.92,2026-06-03
1350935940915912166,Downtown Views | Pet-friendly & In-Room Dining,Portland Downtown,45.51729,-122.68099,Private room,,1,111,6,0.44,2025-11-08
1350936068471948868,Stay Near Pioneer Square | Pet-friendly & Gym,Portland Downtown,45.51731,-122.68093,Private room,,1,106,8,0.57,2026-06-01
1350937575291126482,Walk to Schnitzer & Powell’s | Bike & Pet-friendly,Portland Downtown,45.51726,-122.68104,Private room,,1,108,34,2.38,2026-06-07
1350965129912658086,"Charming Updated Inner Southeast Portland Home,",Sunnyside,45.51528179988001,-122.6167680425314,Entire home/apt,251,2,331,19,1.21,2026-05-16
1351102587707087988,Bali-Inspired Garden Studio Retreat,Hazelwood,45.52287,-122.54998,Entire home/apt,,30,110,0,,
1351601353530137069,Mississippi Ave Compound | 7BR • Sleeps 14,Boise,45.5531009,-122.6758088,Entire home/apt,1417,1,278,2,0.18,2025-09-01
1351756227426339804,Chill Modern Private Guesthouse,Beaumont-Wilshire,45.55405389288034,-122.61685809001314,Entire home/apt,83,30,272,1,0.33,2026-03-17
1352474806416251783,The Little Purple House & Sauna - Walk to Mt Tabor,Mt. Tabor,45.519108041804635,-122.5883907135515,Entire home/apt,357,2,83,57,3.85,2026-06-12
1353066375428828433,2-Bed Mid Century OHSU Triplex Main Level Unit,Homestead,45.497468635221196,-122.69057838612657,Entire home/apt,102,30,294,2,0.16,2026-05-14
1353862881624036794,Multnomah Village Home PDX,Multnomah,45.46785,-122.71627,Entire home/apt,200,30,129,0,,
1354740019603177636,2BR/1BA • Big Yard • Near Moda Center,King,45.5555362,-122.662192,Entire home/apt,254,1,331,28,1.97,2026-05-21
1356561042830475981,Casa Mariposa!,Brooklyn Action Corps,45.4981178,-122.6566239,Entire home/apt,192,2,138,42,2.83,2026-06-14
1356759239614187685,Verdant Retreat on Bartholomew w/ Office G#42048,Northwest Heights,45.53992,-122.77921,Entire home/apt,479,30,347,0,,
1358841451380442831,5 Mi to Oregon Zoo: Spacious Retreat w/ Patio,Eliot,45.542459,-122.6657879,Entire home/apt,183,31,200,0,,
1360192615301838780,Stay & Unwind PDX,Woodlawn,45.5701621,-122.6587467,Entire home/apt,226,2,75,41,3.01,2026-06-14
1360417024782376020,Parkside PDX Cottage,Kenton,45.579233266380065,-122.68944423598853,Entire home/apt,110,30,310,0,,
1360651466880630055,Stumptown Station / King Bed,Kenton,45.5812,-122.68763,Entire home/apt,98,30,316,0,,
1361723386510167978,Holgate Hideaway,Powellhurst-Gilbert,45.48872,-122.53478,Entire home/apt,89,2,171,19,2.28,2026-05-15
1361811687583041606,Cozy City Bungalow,Boise,45.55187272483519,-122.66748682825246,Entire home/apt,125,30,303,0,,
1362622996140955596,Oregon-Themed Retreat | Walkable | AC | Deck+Yard,Sabin,45.55072,-122.65484,Entire home/apt,689,2,326,36,2.33,2026-05-17
1362673420390629094,Sunlit B&B | Luxe & Natural,Brentwood-Darlington,45.47498,-122.59823,Private room,,30,0,10,0.63,2025-03-31
1363203014195531642,Enchanting Spacious Cottage,Woodstock,45.48140075354754,-122.61428075648438,Entire home/apt,419,2,47,8,0.54,2026-05-19
1363859363736195864,Cozy Brooklyn Home,Brooklyn Action Corps,45.49734,-122.64959,Entire home/apt,220,2,351,38,2.54,2026-06-05
1363892102965823486,Classic PDX Experience | Hot Tub,Boise,45.5504,-122.67688,Entire home/apt,262,2,333,56,3.57,2026-06-08
1363923961105954191,Cute condo on Portland's island,Hayden Island,45.6094656230103,-122.67552159203993,Entire home/apt,,30,83,0,,
1366046564753259826,BEST Portland Location,Richmond,45.51109807314371,-122.63509976551165,Entire home/apt,159,2,191,43,2.74,2026-05-26
1366223735138969868,Luxury townhouse in walkable NW,Northwest District,45.5363213,-122.7039916,Entire home/apt,198,30,137,0,,
1366874038775939166,Designer Townhome in Alberta Arts + In-Law Suite,Concordia,45.5594309,-122.6385408,Entire home/apt,730,1,216,10,0.74,2026-04-12
1366893976395704348,New Build Townhome | 3BR / 1BA | Alberta Arts,Concordia,45.5594309,-122.6385408,Entire home/apt,379,1,216,29,1.96,2026-04-27
1366902373000464221,Alberta Arts Studio | Walk to Cafés & Culture,Concordia,45.5594309,-122.6385408,Entire home/apt,142,1,354,60,3.91,2026-05-31
1366919842187347858,Alberta Arts Gem - 4BR Townhome - Walkable - AC,Concordia,45.5594281,-122.6386307,Entire home/apt,551,1,330,6,0.47,2026-06-07
1366927396111402650,Alberta Arts Escape - Modern 3BR Townhome,Concordia,45.5594281,-122.6386307,Entire home/apt,408,1,335,32,2.10,2026-05-29
1366932973533507958,Alberta Arts District Hideaway - Stylish Studio,Concordia,45.5594281,-122.6386307,Entire home/apt,142,1,336,33,2.22,2026-05-29
1367005383528420396,Irving Park Place | Close to Moda Center,Eliot,45.54381,-122.65938,Entire home/apt,339,1,342,18,1.35,2026-01-31
1368963615780194958,Vintage Studio in heart of Pdx!,Northwest District,45.52375,-122.68787,Entire home/apt,,30,0,0,,
1368981529488846560,Cozy SW Portland Retreat • Ideal for Longer Stays,Hayhurst,45.4819064,-122.7223212,Entire home/apt,175,2,310,68,4.68,2026-06-06
1369222843326288921,Richmond nook,Richmond,45.506893024359115,-122.62141293544417,Entire home/apt,65,30,358,2,0.21,2025-09-21
1369793067600834827,"NW NEW Luxury 1BR w/CoWork Space, Gym, and Rooftop",Northwest District,45.53557,-122.69156,Entire home/apt,,2,0,14,0.94,2025-11-29
1370572567815353626,"Cozy Sellwood Cottage, Walkable, Fenced Yard",Sellwood-Moreland Improvement League,45.46302,-122.65682,Entire home/apt,129,30,43,3,0.23,2025-08-09
1370641335329534525,"Downtown 1-Bed, 1-Bath w/ Balcony & Amenities",Portland Downtown,45.52154720938788,-122.68518127453078,Entire home/apt,,1,0,26,1.78,2025-09-01
1371285801233795611,Cozy N. Portland Nook *Walk to U of P*,University Park,45.57889,-122.72484,Entire home/apt,177,2,140,37,2.48,2026-05-04
1371321083217351171,Rog's Fave: Sleek & Cozy #42234,Northwest Heights,45.5359110898767,-122.76725987436248,Entire home/apt,,30,256,0,,
1371785159336029168,Alberta Arts Escape | 4BR + WalkScore 91,Concordia,45.5594267,-122.6386924,Entire home/apt,534,1,329,10,0.69,2026-05-03
1371793191380972288,"3BR Townhome | Alberta Art, Eats, & Style",Concordia,45.5594267,-122.6386924,Entire home/apt,367,1,332,28,1.84,2026-06-03
1371802029779434683,Designer Townhome in Alberta Arts + In-Law Suite,Concordia,45.5594148,-122.6387423,Entire home/apt,727,1,301,33,2.27,2026-06-07
1371805974848886218,Alberta 3BR - Modern Design w/ large covered deck,Concordia,45.5594148,-122.6387423,Entire home/apt,562,1,307,24,1.60,2026-06-05
1371809790011762014,Alberta Arts-tastic Mother-In-Law Suite,Concordia,45.5594148,-122.6387423,Entire home/apt,153,1,330,58,3.82,2026-06-03
1372005780805527955,Stunning Macadam Floating Home on the Wilamette!,South Portland,45.4678491,-122.6684514,Entire home/apt,288,30,349,1,0.08,2025-06-15
1373610833705211434,SE Portland Green House Near Montavilla,Montavilla,45.517033179606145,-122.57620167653567,Entire home/apt,180,2,334,3,3,2026-05-31
1374072274973665215,Amazing Overlook Bungalow,Overlook,45.550269916182884,-122.68361303955317,Entire home/apt,70,60,173,0,,
1374138641735111821,Just right.,Cathedral Park,45.584749855657314,-122.75186200935718,Entire home/apt,99,31,221,1,0.09,2025-07-25
1374360532420069590,Backyard Hillsdale Studio Retreat,Hillsdale,45.4805329,-122.6956634,Entire home/apt,139,2,114,66,4.41,2026-06-08
1376920908849903700,Sweet Suite - Private Studio,South Tabor,45.49888287552621,-122.59816182940008,Entire home/apt,161,2,217,26,1.74,2026-05-31
1377655602518665299,Private New ADU in Cully,Cully,45.556577612775214,-122.57932238280773,Entire home/apt,83,30,353,0,,
1379908675113767176,"Modern house, home theater",Glenfair,45.523238279945346,-122.5047175478012,Entire home/apt,428,2,336,26,1.79,2026-06-07
1380397152305420675,Luxurious Scandinavian Modern Home (30+ Day Stays),South Tabor,45.49938,-122.59464,Entire home/apt,218,30,307,0,,
1381310620064638503,Light-Filled ADU with Yard in Quiet SE Portland,Creston-Kenilworth,45.490578563469164,-122.63610786455602,Entire home/apt,206,2,151,48,3.30,2026-05-25
1383529778742946223,4BR Portland Stay | Walkable • Unique • Fun,Overlook,45.55560500000001,-122.6795744,Entire home/apt,516,1,323,40,2.71,2026-05-31
1384189997904089567,King Bed | AC | Patio| Laundry | 95 Walk Score,Boise,45.55039,-122.66486,Entire home/apt,,31,93,6,0.49,2026-04-30
1385052261808180709,Townhouse Unit Close In Town,Buckman,45.51575037022132,-122.65187273549759,Entire home/apt,91,30,305,0,,
1385814511201997394,Historic 2 Bed Home In North Mt. Tabor Near Park,North Tabor,45.52531,-122.59358,Entire home/apt,104,31,157,2,0.19,2026-02-06
1386381396457041909,Heart of NW Portland on 25th Ave,Northwest District,45.5360765,-122.7025766,Entire home/apt,264,30,359,1,0.08,2025-05-31
1386565053861039462,Long term stays over 31 days!,Russell,45.53388,-122.53155,Private room,274,31,287,0,,
1387037247020326769,Portland Affordable Getaway Jesus Themed,Woodstock,45.490091,-122.6213862,Entire home/apt,88,30,314,0,,
1387054925726838264,Portland Family Getaway MAGA Themed,Woodstock,45.490091,-122.6213862,Entire home/apt,76,30,258,1,0.08,2025-06-12
1391429236599327267,Portland Peaceful Retreat | Family & Work Hub,Pleasant Valley,45.46421,-122.52643,Entire home/apt,355,1,77,15,1.42,2026-05-19
1392878755528413608,PDX Charm: Cozy Retreat in NE!,North Tabor,45.52649,-122.60082,Entire home/apt,104,30,252,1,0.09,2025-07-11
1394531266793098078,Slabtown Stunner,Northwest District,45.530375732475186,-122.69053006779102,Entire home/apt,305,1,296,55,3.84,2026-06-12
1394538085769236017,Camellia Cottage,North Tabor,45.52316,-122.61123,Entire home/apt,126,30,192,1,0.09,2025-07-23
1394940315298673947,Sunlit Laurelhurst Cottage · Office · Dog-Friendly,Kerns,45.5254447,-122.6341114,Entire home/apt,200,2,78,44,3.16,2026-06-08
1394997995332128546,"Cozy, Historic, Portland home.",Irvington,45.53870279928788,-122.65805224165037,Entire home/apt,89,31,89,3,0.27,2026-05-09
1395128072659633460,Walkable Woodstock 2BR/2BA | AC + W/D + Parking,Brentwood-Darlington,45.4757472,-122.6131652,Entire home/apt,,30,1,1,0.59,2026-05-03
1395202881514187109,Old Portland Charmer,Northwest District,45.52655,-122.68895,Entire home/apt,446,2,248,62,4.35,2026-05-31
1395838341657974752,"Landing | Chic Studio, Gym, Courtyard",Pearl,45.53347298335774,-122.68648097376058,Entire home/apt,86,30,352,10,0.76,2026-05-31
1397227519410076132,Near Portland Art Museum + Café & Fitness Center,Portland Downtown,45.51454,-122.682606,Private room,148,1,167,168,12.29,2026-05-31
1397227605149777021,Close to PSU Campus + Café & Fitness Center,Portland Downtown,45.51454,-122.682606,Private room,148,1,163,66,5.21,2026-06-13
1397227946172698376,Steps to PSU Campus + Café & Fitness Center,Portland Downtown,45.515109494116565,-122.68146855610476,Private room,182,1,168,1,0.45,2026-04-10
1397854959347137557,Family Friendly Home in Alberta,Vernon,45.56080997104987,-122.65031742364367,Entire home/apt,485,2,12,4,0.33,2025-10-12
1398587944286945006,"North Tabor Neighborhood, Across from Providence",North Tabor,45.52635576424778,-122.61067221534422,Entire home/apt,84,30,225,2,0.16,2025-06-26
1399367147425273545,Modern Basement Apartment Near Downtown,Homestead,45.497828322434486,-122.67965471107345,Entire home/apt,101,2,75,4,0.76,2026-03-20
1400148083572247513,New Studio - 4 Blocks to Alberta,Vernon,45.5621613,-122.6523213,Entire home/apt,82,13,260,2,0.19,2025-11-01
1400215313974546563,Parkrose Casita,Parkrose Heights,45.54136,-122.54584,Entire home/apt,,1,83,23,1.63,2025-10-17
1400460679542967412,"Cute, centrally-located, and secure condo",Goose Hollow,45.5208607337301,-122.687936305838,Entire home/apt,100,30,351,1,0.09,2025-07-20
1401489843541962341,"Landing | Chic 2BD, Gym",Homestead,45.50046,-122.69286,Entire home/apt,161,30,338,4,0.35,2025-10-21
1401502934817126695,Cozy 1-Bedroom in Rose City!,Reed,45.48867067682928,-122.63925871515335,Entire home/apt,126,2,335,29,2.13,2026-05-31
1401793344810430475,Dog‑Friendly Alberta Arts 2BR Home w/ Fenced Yard,Vernon,45.56335689803876,-122.64980681240559,Entire home/apt,277,1,326,1,0.08,2025-06-22
1402344909148631473,Multnomah Village's Cedarbrook #6,Bridlemile,45.48740884397853,-122.72195722709485,Entire home/apt,116,30,320,0,,
1402803141495894011,Peaceful Single family 2bd Alberta Gem,King,45.56046000000001,-122.6572065,Entire home/apt,104,30,279,1,0.09,2025-07-30
1404244769549463771,Deluxe 2 doubles mobility/hearing accessible room,Portland Downtown,45.52,-122.67725,Private room,114,1,327,1,1,2026-06-06
1404417592973852280,Overlook Bungalow Near N. Mississippi Avenue,Overlook,45.5643843,-122.6898295,Entire home/apt,188,3,330,31,2.24,2026-06-14
1405919364339683539,Mississippi Gem • A/C • Smart TV • Great Location,Overlook,45.55383020000001,-122.6795619,Entire home/apt,309,1,332,33,2.42,2026-05-18
1406612677682618204,Group of 3 Tiny Homes - Free Street Parking!,Northwest District,45.53196307350683,-122.69040763558198,Entire home/apt,542,2,250,2,0.20,2025-11-15
1406689785179404873,Stylish Urban Oasis + Balcony!,Pearl,45.5287869,-122.6846317,Entire home/apt,115,31,231,3,0.26,2026-05-08
1407327505737726550,Posh Belmont/Mt Tabor Studio w/King & Steam Shower,Sunnyside,45.51499861932388,-122.61505428351288,Entire home/apt,192,2,85,52,4.48,2026-05-27
1407553779128908363,Casa de Linda,Lents,45.46186489999999,-122.5611329,Entire home/apt,,30,21,1,1,2026-06-01
1409601538798236440,Modern 1bed 1bath +Den (2beds) in Portland,Pearl,45.52608251662424,-122.68374202820438,Entire home/apt,454,1,333,13,1.17,2026-05-28
1410159755349257434,Spacious Portland Apartment,Montavilla,45.5098861,-122.5703171,Entire home/apt,,30,133,0,,
1412461426460673576,Private Room + Bath in SE Portland,Foster-Powell,45.490411604677,-122.58486897580863,Private room,112,1,365,5,0.40,2025-08-09
1412584755010553868,Penthouse 2 bedroom with balcony,Pearl,45.52802,-122.68513,Entire home/apt,141,31,220,2,0.78,2026-06-09
1412602893058932921,3 BR Retreat | Private Backyard | Prime Location,Boise,45.55305006842464,-122.67761168316109,Entire home/apt,582,2,365,5,0.44,2025-08-03
1413228374374736839,Budget friendly studio w/ views!,Pearl,45.5287869,-122.6846317,Entire home/apt,72,31,317,2,0.19,2025-12-21
1414746402243291070,Zen Haven,Woodlawn,45.56994,-122.65607,Entire home/apt,246,1,83,17,1.35,2026-06-09
1415319220218639905,Portland Gospel Themed Retreat,Woodstock,45.490091,-122.6213862,Entire home/apt,160,2,316,5,1.16,2026-05-18
1415420801176811129,Music lover’s walkable stay w/ baby grand piano,Buckman,45.517374594619675,-122.64930810674592,Entire home/apt,189,1,222,49,3.70,2026-06-08
1416056116693594570,Views from a Historic Home,Homestead,45.49574,-122.67858,Private room,,2,1,12,2.20,2026-05-21
1416265788630053917,Spacious 4BR Family Retreat w/ Beautiful Backyard!,Hillsdale,45.4880453,-122.7029061,Entire home/apt,317,30,221,4,0.65,2026-05-09
1418172554162102014,Modern Cottage/Pet Friendly/Laundry/Dishwasher/AC,South Tabor,45.50326649066044,-122.58262847876303,Entire home/apt,73,30,257,1,0.17,2025-12-26
1418189118229725789,Stylish studio sunny and bright.,Pearl,45.527889037663265,-122.68578399239433,Entire home/apt,83,31,310,2,0.29,2026-05-14
1418198580159167285,Budget friendly studio location,Pearl,45.52997,-122.68554,Entire home/apt,82,31,332,2,0.19,2026-01-31
1419242271467173507,Private suite in SE Portland,Creston-Kenilworth,45.49415,-122.61827,Private room,126,1,121,21,1.63,2026-03-18
1419244502253084848,Really night,Glenfair,45.521454,-122.5097901,Private room,106,30,358,0,,
1420003958001460124,Peaceful Studio in Portland,Madison South,45.53827637737907,-122.57419186033596,Entire home/apt,,30,0,1,0.08,2025-06-19
1420277555897942595,"Artful 1911 Bungalow Near River, Cafés & Parks",South Portland,45.47955,-122.67429,Entire home/apt,270,1,33,1,0.21,2026-01-25
1420370673669429204,City Hideaway · Walk to Alberta Arts District,Sabin,45.55106480000001,-122.65030863439331,Entire home/apt,182,2,189,30,2.56,2026-03-28
1420482739187901919,Enchanted Forest,Brentwood-Darlington,45.464119044539466,-122.60379276231738,Entire home/apt,162,30,163,2,0.30,2026-02-28
1420513111609536099,Treehouse Retreat,Brentwood-Darlington,45.4649559,-122.6033118,Entire home/apt,137,30,246,3,0.34,2025-12-28
1421694143563259132,Daylight Mid-Century Dream - NE PDX,Roseway,45.5544758,-122.5914985,Entire home/apt,161,30,80,0,,
1421766925933145920,The Denise | Private Suite w/ Full Kitchen,Cathedral Park,45.5946884,-122.7633587,Entire home/apt,152,1,348,21,8.87,2026-06-14
1421790748478019108,"Landing | Incredible 2BD, Pool, Clubhouse",Hayden Island,45.60675,-122.66138,Entire home/apt,96,30,296,0,,
1423441462926598992,Columbia River House,Bridgeton,45.60173,-122.66718,Private room,129,2,275,5,0.58,2026-05-15
1424271106693406254,Slabtown Sanctuary,Northwest District,45.53218,-122.69017,Entire home/apt,337,1,299,18,1.51,2026-06-12
1424292690323545154,Nob Hill Nest,Northwest District,45.53080007401523,-122.68990687617762,Entire home/apt,315,1,301,19,1.59,2026-04-30
1425690141702020584,Mid-Century Modern Sanctuary,Parkrose Heights,45.53933163673946,-122.54824571894137,Entire home/apt,,2,0,17,1.31,2026-05-26
1426974158793963623,Luxury 2bed 2bath Penthouse,Pearl,45.52737335568803,-122.6814385983703,Entire home/apt,493,1,315,39,3.20,2026-05-23
1427149608198009330,Budget Studio Location,Pearl,45.52798,-122.68534,Entire home/apt,73,30,331,0,,
1427723419399721751,Large 1 Bedroom +Juliet Balcony!,Pearl,45.5279,-122.68507,Entire home/apt,106,31,298,4,0.37,2026-04-30
1429285443221099178,Sunny Sellwood Studio,Sellwood-Moreland Improvement League,45.4606033,-122.6447343,Entire home/apt,166,1,335,77,6.06,2026-06-08
1430729998715992430,PDX Pied a Terre,Northwest District,45.52415,-122.68814,Entire home/apt,72,31,104,3,0.46,2026-02-28
1431248081869503995,N. Williams Homebase - NE Portland,Boise,45.55081640034812,-122.66682606253526,Entire home/apt,72,30,217,2,0.23,2025-11-05
1432579137606451045,#StayInMyDistrict NWCozy+Central,Northwest District,45.525,-122.6953,Entire home/apt,184,1,176,27,2.30,2026-05-25
1432927587767685387,"Landing | Spectacular 1BD, Clubhouse",Northwest District,45.53788,-122.68627,Entire home/apt,96,30,346,0,,
1433548557539665076,Spanish Revival Escape - Brand New 6BR in Heart of,Kerns,45.529536,-122.6426248,Entire home/apt,887,1,309,1,0.70,2026-05-04
1433559258326390676,Kerns 6BR -  New Spanish Style Group Stay,Kerns,45.529536,-122.6426248,Entire home/apt,1001,1,323,0,,
1433564201428538558,Spacious 6BR - New Spanish Home in Best Kerns Spot,Kerns,45.529536,-122.6426248,Entire home/apt,784,1,318,1,1,2026-05-18
1433568762698533969,6 Bedroom Casa Adelynn in Kerns,Kerns,45.529536,-122.6426248,Entire home/apt,890,1,241,0,,
1433632256765236544,Luxury family home in Irvington!,Irvington,45.541294668414025,-122.6449960691933,Entire home/apt,,30,363,0,,
1434232893812505640,Lovely Home in SE Portland,Mill Park,45.51128,-122.53268,Entire home/apt,228,30,347,2,0.23,2026-03-03
1434251884304743536,Flower-Darling Guest Suite,Brentwood-Darlington,45.469071888961665,-122.60214044637155,Entire home/apt,172,1,142,14,1.16,2026-05-24
1434346687304053772,Bear Greenleaf Room 2,Hazelwood,45.5076321,-122.5640922,Private room,62,30,224,5,0.42,2025-09-29
1434374721215157889,Charming Hidden Retreat,Buckman,45.51846332154884,-122.64460974923419,Entire home/apt,160,1,332,44,3.68,2026-05-17
1434525012372884997,Monthly Rental - Elevated Living in the Hills,South Portland,45.50031,-122.67831,Entire home/apt,199,31,109,1,0.20,2026-01-20
1435884494420284201,Sunny Stay Near Downtown & OHSU,South Portland,45.49819,-122.67781,Private room,68,1,8,20,1.87,2026-06-16
1436338601987661574,Euro Suite w/ Cedar Sauna,Mt. Tabor,45.51723,-122.60889,Entire home/apt,195,3,209,33,3.13,2026-06-06
1436363234399099784,Getaway At Grandma's Mt. Tabor Home,Mt. Tabor,45.51793,-122.58863,Entire home/apt,357,2,210,28,2.57,2026-06-09
1437133350381353890,Hawthorne Victorian Boho Family+LGBTQ-Friendly,Sunnyside,45.51492,-122.61406,Private room,137,1,58,28,2.22,2025-10-17
1437344511724578359,Slabtown Studio,Northwest District,45.53270698587179,-122.6903101135886,Entire home/apt,305,1,54,11,1.47,2026-04-06
1437896594035018795,"Historic Brooklyn | Near MAX, HUB, & Trails",Brooklyn Action Corps,45.4915425,-122.6519658,Entire home/apt,130,1,347,8,0.71,2026-05-31
1437899864967656220,"Laidback SE Vibe | Near MAX, Parks & Pints",Brooklyn Action Corps,45.4915425,-122.6519658,Entire home/apt,244,1,166,16,1.36,2025-12-29
1439265917052720738,Boho Hawthorne 1885 Home Family+Dog+LGBTQ-Friendly,Sunnyside,45.51655,-122.61391,Entire home/apt,223,1,111,37,4.63,2026-06-11
1440323940498559871,Bear Sage Room 3,Hazelwood,45.50708,-122.56299,Private room,66,30,255,14,1.17,2026-03-01
1440776942739229806,Reed College Off Campus Apartment,Reed,45.4849602,-122.6285601,Entire home/apt,72,30,166,3,0.29,2026-04-01
1441424431134098159,Charming & Walkable Studio In Ladd's Addition,Hosford-Abernethy,45.51012,-122.64879,Entire home/apt,191,2,302,76,6.32,2026-05-26
1441752139865817568,Work-Ready Design｜Sleek 4BR3B Home｜Yard G#41001,Northwest Heights,45.53764,-122.77145,Entire home/apt,430,30,325,0,,
1442353546101212934,"The Doug | Forest Heights I Portland, OR",Northwest Heights,45.544452,-122.775773,Entire home/apt,247,30,364,0,,
1442706628687385715,"BIG Parisian Apartment, NE PDX/Historic Irvington",Irvington,45.53867,-122.65673,Entire home/apt,249,1,232,27,3.02,2026-06-01
1444419105466519829,2 King Suites • Mountain Views • Near Rose Garden,Southwest Hills,45.50213,-122.71212,Entire home/apt,583,2,147,44,3.83,2026-06-12
1445082578996509899,Kerns Neighborhood Two Story,Kerns,45.52263,-122.63216,Entire home/apt,146,31,304,1,0.10,2025-08-30
1445754502345834626,"Entire place in Portland, Oregon",Lents,45.47517,-122.57673,Entire home/apt,361,2,359,0,,
1445949305398423591,Charming two bedroom home,Kenton,45.57888,-122.69346,Entire home/apt,91,30,257,1,0.12,2025-09-29
1445977110225975452,"Spacious 1st Floor Unit, Balcony, Walk To Park",Hillsdale,45.47505,-122.70256,Entire home/apt,105,30,43,2,0.18,2025-10-18
1446001966028360174,Colorful NE PDX Home - Walk to Alberta Arts!,King,45.55336,-122.65661,Entire home/apt,,2,0,9,0.84,2026-01-03
1446513627481809670,Beautiful home near downtown and PDX airport.,Madison South,45.53337,-122.57333,Entire home/apt,283,30,289,0,,
1446608067025841836,"Spacious & Bright, 1st Floor, Balcony, Parking",Hillsdale,45.47698,-122.70414,Entire home/apt,117,30,52,0,,
1446640337492161129,Modern North Portland Haven: Comfort & Style,Kenton,45.58543,-122.70016,Entire home/apt,143,30,360,4,0.44,2026-04-04
1447118005372629121,Forest Studio Retreat - Near Multnomah Village,Ashcreek,45.45578,-122.71981,Entire home/apt,147,1,301,21,2.04,2026-05-24
1447213709511964222,Perfect Location + Pristine Neighborhood,Northwest Heights,45.5375978,-122.7691921,Entire home/apt,162,1,346,15,1.34,2026-04-30
1448210010513327857,Studio,Montavilla,45.51707,-122.57762,Entire home/apt,137,3,334,6,0.73,2026-05-19
1449180964166787596,Spacious 2BR - Walkable - Funky PDX Vibes,Overlook,45.55560500000001,-122.6795744,Entire home/apt,353,1,323,5,0.89,2026-04-04
1449473825052453635,White Lion House Cozy Spa Studio & private Hot Tub,Vernon,45.56274,-122.65272,Entire home/apt,229,3,311,10,1.04,2026-06-06
1450192807760377257,Great House for your enjoyment,Pleasant Valley,45.4714221,-122.5014835,Entire home/apt,176,1,346,22,2.16,2026-06-08
1450219365713906668,Bear Green Room 4,Hazelwood,45.50662,-122.56517,Private room,37,30,284,2,0.21,2026-03-01
1450389846551337859,Serene & Cozy Retreat,Cully,45.56182001576658,-122.61109224422997,Entire home/apt,134,5,36,37,3.25,2026-06-05
1450555267690441845,Modern 2BR Flat • Heart of Division • Sleeps 4,Hosford-Abernethy,45.5046739,-122.6441743,Entire home/apt,251,1,297,14,1.58,2026-06-01
1452434401979942217,"Private Cottage, Hot Tub/Fenced Yard. Pets Welcome",Woodstock,45.4878,-122.61312,Entire home/apt,188,1,197,56,5.81,2026-06-04
1453181240310446445,Victorian garden apartment,Irvington,45.53649,-122.6534,Entire home/apt,149,1,260,50,4.84,2026-05-30
1453826897551336009,Hawthorne and Belmont Bungalow,Sunnyside,45.51428,-122.63112,Entire home/apt,,2,0,12,1.08,2026-05-17
1454791697810524698,Charming bungalo in the heart of Kenton,Kenton,45.58273,-122.68473,Entire home/apt,134,30,257,0,,
1456470188510161284,Portland Vibes | Hiking. Free Breakfast,Portland Downtown,45.50838,-122.67434,Private room,227,1,176,16,1.48,2026-04-26
1456472040462001872,Portland Bliss | Sightseeing. Indoor Pool,Portland Downtown,45.50657,-122.67295,Private room,148,1,175,40,3.54,2026-06-11
1456529206149727522,3Br/3B House by Japanese Garden,Arlington Heights,45.52135,-122.71019,Entire home/apt,608,2,308,35,3.55,2026-06-14
1456580599231935829,The Adelynn - 5BR Luxury in Walkable Portland,Kerns,45.529536,-122.6426248,Entire home/apt,692,1,336,4,0.48,2026-06-07
1456581756270443631,5BR at The Adelynn - Luxury Build - Walk to All,Kerns,45.529536,-122.6426248,Entire home/apt,655,1,337,2,0.40,2026-05-03
1456582094420940284,The Adelynn 5BR - Sleek - Spacious - Walkable,Kerns,45.529536,-122.6426248,Entire home/apt,607,1,343,3,0.33,2026-06-07
1456584827979003360,The Adelynn - 5BR Modern Luxury - Central Spot,Kerns,45.529536,-122.6426248,Entire home/apt,610,1,254,14,1.61,2026-06-05
1457509161528579385,The Azulejo | Spanish Studio | Foodie Row,Kerns,45.529536,-122.6426248,Entire home/apt,147,1,324,25,2.74,2026-06-04
1457511942206629652,The Jardín | Spanish Studio | Foodie Row,Kerns,45.529536,-122.6426248,Entire home/apt,171,1,327,27,2.79,2026-05-30
1457515835283289658,New Kerns Studio Prime Spot Walkable Area,Kerns,45.529536,-122.6426248,Entire home/apt,143,1,314,16,2.29,2026-06-07
1458410901894970520,Modern home 15 min from downtown,Northwest Heights,45.55239,-122.77602,Private room,209,1,54,10,1.15,2026-05-29
1458881683363559339,Simple and sunny @ Cozy Commons,Portsmouth,45.59098,-122.72204,Private room,,1,0,7,0.61,2026-02-15
1459677910437531304,"Bright, cheerful basement apt. Walk to restaurants",Humboldt,45.5581,-122.66972,Entire home/apt,132,2,224,18,1.63,2026-05-25
1460332201444617201,Alberta Arts Garden Hideaway,King,45.55964,-122.6545,Entire home/apt,162,2,98,31,2.80,2026-05-30
1460871056267006786,"Dog Friendly Stay! Gym, Close to Moda Center!",Portland Downtown,45.5199953,-122.6772716,Private room,177,1,362,2,0.21,2025-10-20
1460871058002323059,Elegant Queen Stay in a Prime Downtown Location!,Portland Downtown,45.5199953,-122.6772716,Private room,170,1,362,0,,
1460872342164459577,Unwind & Relax in 2 Cozy Queen Units! Gym Access!,Portland Downtown,45.52,-122.67727,Private room,354,1,362,3,0.28,2025-08-17
1460874193831350649,"3 Cozy Queen Units, Close to Rail Station!",Portland Downtown,45.52,-122.67727,Private room,531,1,361,2,0.19,2026-03-22
1460878976248985133,NW Studio Condo,Northwest District,45.5251555,-122.6879615,Entire home/apt,64,30,107,2,0.29,2026-02-14
1461516182518392530,Twin-Queen Suites: Fitness & Downtown Views,Portland Downtown,45.52,-122.67727,Private room,354,1,362,0,,
1461520478749158174,"Comfort & Style: Two Queens, 2 Units w/ Gym!",Portland Downtown,45.52,-122.67727,Private room,510,1,361,0,,
1461523536666368402,"Luxury King Suite Near Pioneer Square, w/ Bar!",Portland Downtown,45.52,-122.67727,Private room,166,1,362,107,9.50,2026-05-28
1461527642183689462,Queen Deluxe w/ Fitness Gym Near Museums!,Portland Downtown,45.52,-122.67727,Private room,157,1,362,5,0.48,2025-08-21
1461527644782922082,Romantic King Suite Steps from Powell’s!,Portland Downtown,45.5199953,-122.6772716,Private room,166,1,362,15,1.38,2026-06-14
1461528444520238830,Pet-Friendly Deluxe Queen Stay w/  Parking Access!,Portland Downtown,45.5199953,-122.6772716,Private room,157,1,362,0,,
1461531213904539365,Corner King Room by Pioneer Square w/ Parking,Portland Downtown,45.52,-122.67727,Private room,166,1,361,0,,
1461535411484076393,Pet-Friendly King Corner Stay w/ Parking & Gym!,Portland Downtown,45.5199953,-122.6772716,Private room,160,1,361,0,,
1461536332748013772,"Cozy King Deluxe, Near Powell’s & Park!",Portland Downtown,45.52,-122.67727,Private room,160,1,362,0,,
1461538553594036816,Relaxing King Deluxe Stay w/ Fitness Access!,Portland Downtown,45.5199953,-122.6772716,Private room,160,1,362,0,,
1462038185500391628,Painted Hills Suite,Lloyd District,45.53392,-122.65802,Private room,156,3,330,26,2.48,2026-05-30
1462052748484583983,Cooper Spur Suite,Lloyd District,45.53392,-122.65668,Private room,188,3,337,28,2.79,2026-05-31
1462616063337760864,Spacious Hillsdale garden retreat,Hillsdale,45.48622,-122.70629,Entire home/apt,132,2,84,31,2.78,2026-05-15
1463100034733678667,Metro view doubles,Portland Downtown,45.5173,-122.67333,Private room,135,1,354,21,1.85,2026-05-05
1463100487299583661,Metro view king,Portland Downtown,45.5173,-122.67333,Private room,106,1,364,46,0.58,2026-05-25
1463101055781075474,Metro view king mobility accessible w/tub & comm,Portland Downtown,45.5173,-122.67333,Private room,145,1,350,1,0.23,2026-02-12
1463101907469813447,Metro view king suite,Portland Downtown,45.5173,-122.67333,Private room,135,1,310,1,0.53,2026-04-27
1463101952938315000,Metro view king mobility accessible w/roll-in show,Portland Downtown,45.517299,-122.673331,Private room,136,1,353,17,1.57,2026-03-21
1463102187352569611,Cityscape balcony doubles,Portland Downtown,45.5173,-122.67333,Private room,106,1,360,1,1,2026-05-23
1463102340801831304,Waterfront two doubles,Portland Downtown,45.5173,-122.67333,Private room,106,1,361,132,1.65,2026-05-02
1463103010239686379,Cityscape balcony king,Portland Downtown,45.517299,-122.673331,Private room,106,1,359,3,0.29,2026-05-31
1463103736667588378,Waterfront king,Portland Downtown,45.5173,-122.67333,Private room,135,1,360,1,0.03,2023-10-22
1463104292700784693,Waterfront queen,Portland Downtown,45.5173,-122.67333,Private room,136,1,318,28,0.35,2026-03-20
1463182342280848451,Chic Loft Retreat in the Heart of NW Portland,Northwest District,45.533061,-122.6908964,Entire home/apt,257,1,322,41,3.64,2026-06-01
1463275730438224220,Portland Chalet in the city,Creston-Kenilworth,45.49646,-122.63831,Entire home/apt,71,30,337,2,0.26,2026-02-16
1463795532399920895,Sunny Craftsman Bungalow • Quiet NE Portland,Rose City Park,45.5318787,-122.6123714,Entire home/apt,,30,6,0,,
1463841760749766075,Cozy One Bedroom Loft,Mt. Scott-Arleta,45.48307,-122.58971,Entire home/apt,94,30,165,1,0.12,2025-10-12
1464095663028668780,Cool and quiet @ Cozy Commons,Portsmouth,45.58944,-122.72357,Private room,,2,0,0,,
1464144380172559863,Cozy Commons,Portsmouth,45.59024,-122.72352,Entire home/apt,,3,0,6,0.54,2026-01-05
1464240398146348974,Modern & Centrally Located Home,Eliot,45.54443,-122.66401,Entire home/apt,255,1,156,30,2.76,2026-06-13
1464536700364834520,Woodstock Guesthouse,Woodstock,45.4797261,-122.6102564,Entire home/apt,116,2,139,35,3.25,2026-06-08
1464769072919271742,Multnomah Village cottage.,Multnomah,45.47404447857467,-122.71348277862002,Entire home/apt,115,2,327,4,1.67,2026-06-12
1465401892884360804,Stylish Escape | Private Hot Tub | Walk Everywhere,Boise,45.5514104604317,-122.67296744077575,Entire home/apt,564,1,327,18,2.38,2026-06-07
1466730695586513069,Montavilla Duplex - Garden Patio,Montavilla,45.52481920982777,-122.58502006530762,Entire home/apt,200,2,134,14,1.36,2025-12-23
1466787143050334783,Stylish Airstream Stay in SE Portland,Sunnyside,45.5175,-122.61376,Entire home/apt,94,1,327,13,1.25,2026-05-24
1466954022006802154,Kerns: Sleep under Celestial Sky,Kerns,45.52614,-122.63318,Private room,232,1,20,5,0.58,2026-04-17
1467079358542631257,Clark Addition,Cully,45.5606946,-122.5990414,Entire home/apt,212,2,71,23,2.07,2026-06-18
1468251206185726282,Spacious Piedmont Room,Piedmont,45.57072,-122.66571,Private room,,30,365,0,,
1468391337725489404,Dog-Friendly Bungalow w/ Garden & Relaxing Deck,Parkrose,45.55311716257507,-122.54752958087987,Entire home/apt,186,2,332,30,2.93,2026-06-13
1470410575176502722,Central 2BR | Yard + Walkable | 30+ Day Friendly,Overlook,45.55508283041514,-122.68187154284435,Entire home/apt,208,30,36,4,0.56,2026-05-24
1470413747330724508,Cute & Quiet Retreat,Brooklyn Action Corps,45.49246,-122.65149,Entire home/apt,98,30,202,0,,
1473353349928684259,Silver Falls Suite,Lloyd District,45.53381,-122.65641,Private room,127,3,354,28,2.84,2026-06-07
1474919753469274819,Alberta Arts • 2BR/1BA • Central Walkable Location,Concordia,45.55936,-122.6357,Entire home/apt,272,1,263,18,1.80,2026-05-24
1474960129512233754,Alberta Arts Haven - 4BR - 8 Guests - Walk to Eats,Concordia,45.55936,-122.6357,Entire home/apt,415,1,319,16,1.55,2026-06-07
1475557812491648697,Gorgeous Victorian for longer stays,Eliot,45.54686,-122.66405,Entire home/apt,180,30,358,0,,
1475585809603482032,"Apartment in Pearl, 3 beds, parking & amenities.",Pearl,45.530564,-122.685953,Entire home/apt,199,2,21,4,0.42,2026-03-29
1476868544099275008,Montavilla Cottage • 2BR w/ Garage+Fenced Yard!,Montavilla,45.52525,-122.57652,Entire home/apt,292,2,329,18,1.82,2026-06-05
1477313678677833375,Cozy 3-Bedroom in St. John’s – North Portland,Portsmouth,45.59305,-122.72492,Entire home/apt,157,30,339,0,,
1477319893567701065,Chic Farmhouse & Prime Location!,West Portland Park,45.44876,-122.7272,Entire home/apt,246,3,281,5,0.73,2026-02-24
1477815282613060323,Private Entry Guest Suite with Sleeping Loft,East Columbia,45.5983,-122.65482,Entire home/apt,,30,20,0,,
1478483351111099605,"Magnificent Location, *Pet Friendly*, Steam Shower",Foster-Powell,45.49594,-122.60876,Entire home/apt,868,2,320,7,1.07,2026-05-25
1478974352014052203,Urban nest: Room B,Overlook,45.56317072918865,-122.68028567356029,Private room,74,1,357,26,2.55,2026-05-09
1479081200149372608,Charming Nob Hill Studio,Northwest District,45.52686,-122.69515,Entire home/apt,83,30,44,2,0.22,2026-05-08
1479143491893078288,Modern Loft Hideaway in Trendy NW Portland,Northwest District,45.53306,-122.6909,Entire home/apt,267,1,315,27,2.61,2026-06-06
1479151942413843169,"Upscale NW Portland Lofts - Modern, Walkable",Northwest District,45.53306,-122.6909,Entire home/apt,257,1,324,34,3.83,2026-06-03
1480505353128061176,"Stark St Sanctuary | Entire Home, Heart of SE PDX",North Tabor,45.52054,-122.61615,Entire home/apt,460,1,154,19,2.24,2026-06-08
1481112903255141955,Charming Rose City Craftsman,Rose City Park,45.54323,-122.59758,Entire home/apt,289,2,72,5,0.51,2025-12-29
1481918874866843860,Updated Townhome close to OHSU,South Portland,45.49835,-122.6771,Entire home/apt,153,30,270,2,0.26,2025-12-21
1482000222014626637,Downtown 1B Condo with Parking,Portland Downtown,45.51006,-122.67773,Entire home/apt,28,90,275,0,,
1482799146595987929,Budget minimal studio w/ view!,Pearl,45.52765,-122.68521,Entire home/apt,30,60,62,1,0.26,2026-02-28
1483552887551109964,Portland Haven,Montavilla,45.5268743,-122.5702204,Entire home/apt,88,30,287,2,0.23,2026-04-03
1483567370323332357,Urban Rustic Studio,Vernon,45.56048,-122.65248,Entire home/apt,93,30,318,0,,
1483698244505880078,Forest Studio Down the Steps,Forest Park,45.60315,-122.83344,Entire home/apt,70,30,70,3,0.39,2026-05-06
1483797318672810717,Foster Neighborhood Basement  Apt.,Foster-Powell,45.48582,-122.5843,Entire home/apt,,30,365,0,,
1483831101919780270,Mount Scott Skyline Views!,Lents,45.4649557,-122.5523868,Entire home/apt,878,1,32,54,6.14,2026-06-14
1484200625728151781,Craftsman Flats on Mississippi,Boise,45.55377,-122.67442,Entire home/apt,,30,365,0,,
1485095154029542293,Cozy Apartment in NW District,Northwest District,45.52774,-122.70046,Entire home/apt,153,2,218,26,2.69,2026-05-25
1485544721966401315,The Kaden - Long Term Stays Only,Pearl,45.5240095,-122.6802881,Entire home/apt,122,30,261,0,,
1485849350361396369,"PDX Studios
unit 302A",Boise,45.5502222,-122.6682683,Entire home/apt,91,30,165,1,0.16,2025-12-13
1486451625779603141,Pet-Friendly 1BR/1BA + Private Fenced Yard,Lents,45.48269966042572,-122.56254167124887,Entire home/apt,96,14,52,4,0.41,2025-09-29
1486697188875941412,New Modern Cottage Steps to Dining & Shops,Boise,45.55001046544541,-122.67688538879156,Entire home/apt,364,1,296,21,2.96,2026-05-19
1486890981024984587,"Landing | Spectacular Studio, Courtyard",Pearl,45.53376307166173,-122.68689508024248,Entire home/apt,76,30,325,1,0.64,2026-04-30
1487421057795924969,Furnished South Waterfront Condo w/ River Views,South Portland,45.4968711,-122.6698197,Entire home/apt,141,30,236,1,0.11,2025-09-27
1488457714067119192,"Kerns Studio  Near Coffee, Dining & Transit",Kerns,45.529536,-122.6426248,Entire home/apt,162,1,347,6,2.81,2026-05-25
1488473595988051897,"Cozy and cute apartment, walk to Multnomah Village",Hillsdale,45.47012,-122.69594,Entire home/apt,166,1,79,0,,
1488514938321695009,Sweet Basement Apt NE Broadway,Rose City Park,45.534817,-122.601941,Entire home/apt,211,2,43,3,0.51,2026-05-29
1490293854817692347,Arbor Lodge Gem | 2BR/1BA Near Parks & Max,Arbor Lodge,45.56993,-122.69087,Entire home/apt,228,1,227,53,7.43,2026-05-29
1491345739182608179,Urban Oasis in NE Portland,Roseway,45.54587,-122.59131,Entire home/apt,200,1,84,56,10.77,2026-06-11
1492034932774809282,"Comfy, Charming & Super Convenient!",Parkrose Heights,45.53502,-122.54052,Entire home/apt,,30,20,2,0.49,2026-05-31
1492318363192792833,Calm 2BD unit in SE Portland,Lents,45.47825,-122.56801,Entire home/apt,177,2,346,11,1.30,2026-06-11
1493037546994589761,Trendy NW Portland Getaway - Walk to Dining & Bars,Northwest District,45.533061,-122.6908964,Entire home/apt,269,1,312,27,2.81,2026-06-07
1493567120437125487,2 Bed 1 Bath w/ Secluded Garden and Private Entry,Beaumont-Wilshire,45.55401,-122.62833,Entire home/apt,227,3,37,11,1.11,2026-06-22
1494517821188132444,Luxe Midcentury w/ Chef's Kitchen & Backyard Oasis,Cully,45.56191,-122.60362,Entire home/apt,116,30,279,1,1,2026-05-31
1495294344449221615,Relax and Enjoy the Peaceful RiverLyfe,Hayden Island,45.61166,-122.6857,Entire home/apt,412,1,356,1,1,2026-06-07
1495724871641384121,The Adelynn - New Luxury Build in Center of PDX,Kerns,45.52953599999999,-122.6426248,Entire home/apt,789,1,324,3,0.42,2026-03-01
1496790033813335337,Charming Rose City Bungalow Near Parks & Dining,Rose City Park,45.5459801,-122.6042941,Entire home/apt,208,30,318,0,,
1497200703597181101,Stylish Eastmoreland Retreat,Eastmoreland,45.4705452,-122.6275031,Entire home/apt,228,30,165,0,,
1497360376532275618,South Studio: Smart TV | A/C | Airport 20 mins,Brooklyn Action Corps,45.49911160000001,-122.6527537,Entire home/apt,122,2,340,11,1.20,2026-06-08
1497977834444111151,The Woodstock Creston Reed Triangle Retreat,Woodstock,45.4889,-122.62188,Entire home/apt,153,31,318,0,,
1498036832823195295,"Tiny Retreat • Walk to Bars, Food & Local Art",Concordia,45.5593,-122.63814,Entire home/apt,160,1,340,23,3.40,2026-06-04
1498273823537371786,The Cherry Blossom (3BD/2.5BA),Humboldt,45.5557893,-122.6704727,Entire home/apt,197,30,207,1,0.13,2025-10-31
1498668668170164882,"Kerns Studio - Near Coffee, Dining & Transit",Kerns,45.529536,-122.6426248,Entire home/apt,147,1,323,16,1.92,2026-05-31
1500266170128543121,Modern apartment suite in desirable neighborhood,Argay,45.54971157915972,-122.52424154430628,Entire home/apt,66,30,289,2,0.80,2026-05-02
1501923839786877101,Furnished Luxury Stay in PDX • 30+ Days rental,Parkrose Heights,45.53635,-122.55288,Entire home/apt,221,30,365,0,,
1502342378545523430,Welcome Home to Portland Charm,Montavilla,45.52589,-122.56975,Entire home/apt,,30,7,3,0.63,2026-06-01
1503140380130624299,Cozy and Bright Overlook Basement Studio,University Park,45.57527,-122.71084,Entire home/apt,77,30,192,0,,
1503837808856687634,"Landing | Chic 1BD, Gym, Pool",Hayden Island,45.60463838279029,-122.66077251165056,Entire home/apt,93,30,357,0,,
1504019436254179860,Stylish Mid-Century Suite • Private Entry,Madison South,45.54627,-122.56771,Entire home/apt,84,30,175,2,0.26,2025-12-14
1504118632465116305,"Kerns 6BR Gem - New Build, Spanish Flair",Kerns,45.529536,-122.6426248,Entire home/apt,813,1,317,2,0.26,2026-05-17
1504443673433033502,"Private Room, Entrance, Bath -Historic Hafner Haus",Portland Downtown,45.51628,-122.688,Entire home/apt,90,2,7,1,0.18,2026-01-04
1505127873616859883,Modern Mississippi Manor | 2 bd 3.5 ba Townhouse,Boise,45.55369,-122.67326,Entire home/apt,,30,0,1,0.15,2025-12-01
1505189423721853322,Charming NW Studio in Vibrant Neighborhood - 16,Northwest District,45.536901338556916,-122.70162435091291,Entire home/apt,77,30,248,0,,
1505822803263721754,Double Suite Retreat in Woodstock Creston Reed,Woodstock,45.48884,-122.62254,Entire home/apt,115,31,318,1,0.15,2025-11-26
1505856135234182462,"Guitars, Vinyl & Vibes - A Creative’s Escape",Foster-Powell,45.48729,-122.5802,Entire home/apt,143,1,25,5,4.05,2026-06-06
1506082600131594112,The Bookworm Bungalow | 4 min walk to Providence,North Tabor,45.52458,-122.61258,Entire home/apt,,30,0,0,,
1506660262624450250,Awesome location close to everything!,Russell,45.53509,-122.53375,Entire home/apt,163,30,257,1,0.24,2026-02-12
1506828880965323516,Quiet & Modern Yellow Door Studio in Concordia,Concordia,45.57016,-122.64122,Entire home/apt,212,1,285,17,1.91,2026-06-09
1506881240926436238,"Artsy 2BR Retreat ~ Garden, Piano & Friendly Cats",Rose City Park,45.54273,-122.60082,Private room,221,2,163,2,0.29,2026-03-23
1507352438217291902,Apartment in Sunnyside,Sunnyside,45.51712,-122.63206,Entire home/apt,212,1,270,69,8.59,2026-06-14
1507581161130682087,Charming 2 bedroom 1 Bath Bungalow.,Humboldt,45.5624,-122.67525,Entire home/apt,229,2,229,7,0.77,2025-11-29
1508088694283921938,"The Connie I Reed College I Portland, OR",Reed,45.48551339999999,-122.6378965,Entire home/apt,153,30,270,0,,
1508111626453853525,"Monthly Rental, 3bd/2.5ba, Furnished, Fully Fenced",Collins View,45.45823,-122.67751,Entire home/apt,,30,0,0,,
1508811507332140562,Vibrant 1BR Duplex Near Alberta Arts District,Concordia,45.56233786643364,-122.62986939625725,Entire home/apt,259,1,338,34,4.27,2026-06-08
1508876357659507651,Monthly Rental · Cozy Retreat w/ Patio & Grill,Brentwood-Darlington,45.46988,-122.58638,Entire home/apt,176,31,228,1,0.13,2025-11-02
1508879509959099066,"Live here! River Access, Hot Tub & Gated Parking!",Old Town/Chinatown,45.53013,-122.67446,Entire home/apt,,30,256,0,,
1510460294477676539,New 2BR • Luxury Stay • Walkable • Best Location,Kerns,45.529536,-122.6426248,Entire home/apt,263,1,336,9,1.16,2026-04-26
1510460906429174868,Luxury 2BR • Walkable • Best Location • Fast WiFi,Kerns,45.529536,-122.6426248,Entire home/apt,245,1,337,9,1.36,2026-05-31
1510461534568566090,New Luxury 2BR • Walk to Dining • Best Location,Kerns,45.529536,-122.6426248,Entire home/apt,267,1,343,26,2.94,2026-05-22
1510462150004770238,New Spanish-Style Townhome in Kerns | Walk to Bars,Kerns,45.529536,-122.6426248,Entire home/apt,242,1,254,19,2.32,2026-05-27
1510462767472512246,Luxury 2BR • New Spanish Townhome • Fast WiFi • AC,Kerns,45.52953599999999,-122.6426248,Entire home/apt,226,1,324,12,1.46,2026-04-26
1510564788795302387,Woodlawn Bungalow,Woodlawn,45.56977,-122.65558,Entire home/apt,,1,0,12,1.37,2026-06-14
1510872950726030765,Pet Friendly Stay! Gym & Onsite Dining!,Goose Hollow,45.5209961,-122.6877564,Hotel room,152,1,353,1,0.37,2026-03-28
1510872966852267379,Romantic Escape | 0.5 mi to Portland Art Museum,Goose Hollow,45.5209961,-122.6877564,Hotel room,202,1,357,1,0.33,2026-03-16
1511278865386425006,Charming Woodstock Bungalow,Mt. Scott-Arleta,45.478823,-122.6013699,Entire home/apt,93,30,288,1,0.13,2025-11-01
1511592657290986820,Cheers from Mississippi Ave,Boise,45.554068,-122.6753039,Entire home/apt,188,2,269,38,4.25,2026-06-02
1512045182257598036,Beautiful Portland Craftsman with Hot Tub,Montavilla,45.51753,-122.57311,Entire home/apt,126,30,257,0,,
1512323182879340527,Relax in Style at a Boutique Hotel with Signature!,Goose Hollow,45.5209961,-122.6877564,Hotel room,142,1,342,1,0.48,2026-04-14
1512325714316540744,Vintage Vibe near Rose and Japanese Gardens!,Goose Hollow,45.5209961,-122.6877564,Hotel room,142,1,342,1,0.28,2026-03-01
1512563126074934589,Elegant NW Portland Suites - Central Walkable Stay,Northwest District,45.53306,-122.6909,Entire home/apt,198,1,301,52,5.98,2026-06-01
1513039818185833571,"Ultimate Portland Getaway, Pet-friendly Hotel!",Goose Hollow,45.5209961,-122.6877564,Hotel room,162,1,355,3,0.35,2026-02-24
1513263098499761364,Hop Skip or Jump to Mississippi: studio w/kitchen,Boise,45.54912128110492,-122.67529412378319,Entire home/apt,162,1,307,14,2.82,2026-06-12
1514632104565435805,Spacious 2bed 2bath in the heart of Hawthorne,Sunnyside,45.51405,-122.62337,Entire home/apt,106,31,193,3,0.85,2026-06-03
1515280021673007022,Evergreen House - Heart of Hawthorne - Walkable,Sunnyside,45.51294403805319,-122.61864256113769,Entire home/apt,472,2,289,29,3.43,2026-06-03
1515498732861995977,Portland's Parisian Condo in the Pearl,Pearl,45.52421,-122.67925,Entire home/apt,11,365,365,0,,
1515645440171046965,Charming 1-Bed in Kenton – 3-Month Min Stay,Kenton,45.5826415,-122.6867033,Entire home/apt,33,60,284,0,,
1515972230832656914,Vintage Vibe near Rose and Japanese Gardens!,Goose Hollow,45.5209961,-122.6877564,Hotel room,152,1,341,3,0.83,2026-04-02
1515975978143019403,"Rare Gem! 3 Pet-friendly Units, Downtown Hotel!",Goose Hollow,45.5209961,-122.6877564,Hotel room,454,1,334,2,0.82,2026-05-02
1516331034273188144,Private Apartment Steps from N Williams Ave,Boise,45.551229,-122.6650069,Entire home/apt,135,4,74,19,2.33,2026-06-08
1516900743176823327,Bonsai Bungalow,Woodstock,45.47407,-122.62167,Entire home/apt,343,1,297,6,2.05,2026-05-25
1516934237527771383,Wisteria House,Beaumont-Wilshire,45.55531,-122.62158,Entire home/apt,194,30,225,0,,
1517074922028701105,The Azure | Modern Home | Heart of Portland,Humboldt,45.5560798954245,-122.67159086981286,Entire home/apt,261,2,94,53,6.19,2026-06-11
1517565580264237461,Cozy & Private Furnished ADU with Stunning Views,South Portland,45.4734747,-122.6754888,Entire home/apt,51,60,324,0,,
1517675517454331376,Home sweet little Marine,Argay,45.56552,-122.52158,Entire home/apt,186,30,365,0,,
1518284550653373133,"Landing | Incredible 1BD, Gym",Bridgeton,45.60358,-122.6773,Entire home/apt,86,31,335,0,,
1518284551915063822,"Landing | Spectacular 2BD, Gym",Bridgeton,45.60328,-122.67837,Entire home/apt,130,31,348,0,,
1521116805636763010,"Beautiful, modern 3-bdrm townhome",Humboldt,45.5559886017681,-122.66828656196594,Entire home/apt,173,30,319,8,1.11,2026-01-27
1521121133236199369,Irvington Craftsman | 4 Ensuite beds | Fenced Yard,Eliot,45.54411,-122.66104,Entire home/apt,526,1,316,7,0.88,2026-05-31
1521966143132107742,Mid-century guest suite in Mt Tabor!,Mt. Tabor,45.521062830707805,-122.59146018547314,Entire home/apt,126,1,301,45,7.50,2026-06-06
1522173434695875699,Classic bungalow in Alberta Arts with bonus room,Concordia,45.56116,-122.63892,Entire home/apt,115,30,158,1,0.18,2025-12-30
1522622021355998380,Entire Home in NE Portland,Sumner,45.55377,-122.57263,Entire home/apt,143,2,348,8,0.96,2026-06-08
1522662236637346421,Portland Home Close to Downtown,Hazelwood,45.52122,-122.53911,Entire home/apt,206,1,33,36,4.43,2026-05-31
1523576444321268490,"Sunny Mt. Tabor Studio, Full Kitchen, Walk to Park",Mt. Tabor,45.5190822,-122.6092867,Entire home/apt,95,30,59,1,0.71,2026-05-05
1525747073100759233,"Trailer in North Portland
near Univ of Portland",University Park,45.57856,-122.72243,Entire home/apt,48,31,362,1,1,2026-06-04
1525875104721519434,Beautiful view - Master on main - safe area,Northwest Heights,45.53726,-122.77333,Entire home/apt,277,30,363,0,,
1526926676727288218,"Nob Hill Stay, Garage, Fireplace, Ground Floor",Northwest District,45.5244541,-122.6875477,Entire home/apt,103,30,42,1,0.47,2026-04-13
1527688761965647664,Original Charm with Updated Interior,Beaumont-Wilshire,45.55302,-122.62181,Entire home/apt,,30,3,0,,
1528396071259738881,Hip Sellwood Slumber Bungalow,Sellwood-Moreland Improvement League,45.46757367845755,-122.64621710422973,Entire home/apt,223,1,117,9,1.20,2026-05-25
1528431238086436766,Roseway Getaway,Roseway,45.54945,-122.5876,Entire home/apt,119,1,87,23,5.66,2026-06-12
1528682457974319968,Lincoln Heritage Room,Hazelwood,45.50849,-122.56433,Private room,80,3,340,18,2.22,2026-05-26
1528957119501765088,Budget Minimal Studio + Balcony!,Pearl,45.52773,-122.68533,Entire home/apt,35,60,68,1,0.18,2026-01-05
1529204224218174003,Modern Alberta Arts ADU - 1 Bedroom + Office,King,45.55847,-122.65934,Entire home/apt,89,30,303,1,0.28,2026-02-28
1529228441725266597,Private 2 Bedroom In Idyllic NE Portland,Concordia,45.56287,-122.63377,Entire home/apt,206,3,58,4,0.57,2026-04-21
1529245733829416482,Cozy Craftsman | Pet-Friendly | Music & Tech Haven,Woodstock,45.4828634,-122.6037272,Entire home/apt,221,2,223,6,0.80,2026-02-22
1531341348976678288,Spacious SE Bungalow | Walk to Division,Richmond,45.4988,-122.6135,Entire home/apt,569,1,132,13,1.96,2026-06-08
1531369061735531645,Rocky Butte Cottage,Madison South,45.53794,-122.56953,Entire home/apt,252,30,226,0,,
1532704528160438729,Victorian Holiday Retreat | Built 1885,Northwest District,45.52797,-122.69598,Entire home/apt,,30,0,0,,
1532742858538048722,LaView Guesthouse (SW Portland),South Portland,45.47407443537895,-122.67483591716797,Entire home/apt,173,3,61,4,2.11,2026-05-17
1532963209136883361,Lincoln Queen Room,Hazelwood,45.50834,-122.56251,Private room,88,3,243,3,0.47,2026-03-13
1533188672597995841,A simple functional place to stay to Portland.,Northwest District,45.5251555,-122.6879615,Entire home/apt,68,30,289,1,0.64,2026-04-30
1533373924851494300,Cozy Roseway Bungalow!,Roseway,45.55277128855555,-122.58027590811253,Entire home/apt,123,30,277,1,0.30,2026-03-08
1533537448953681609,Cozy Basement Suite – Hot Tub & Backyard Oasis,University Park,45.5800389,-122.7205254,Entire home/apt,221,2,338,18,2.48,2026-05-21
1535773244358416859,Urban Retreat in Sweet Tiny Home,Overlook,45.5629,-122.68867,Entire home/apt,90,2,126,18,2.95,2026-06-13
1535781663743847685,Private Basement Apartment Concordia Neighborhood,Concordia,45.56986,-122.64118,Entire home/apt,,30,173,0,,
1536380390961331892,Wonderfully Appointed Home in Day Ranch Style,Powellhurst-Gilbert,45.50045,-122.56864,Entire home/apt,536,1,338,1,1,2026-05-26
1536445939654151865,Stumptown Hideaway - Alberta Arts District,Vernon,45.560876487658945,-122.65000779999998,Entire home/apt,166,2,281,11,2.28,2026-06-13
1536523373669593735,Feel at Home in This Beaumont Neighborhood Gem,Beaumont-Wilshire,45.55481,-122.61973,Entire home/apt,150,30,294,0,,
1537078036259637161,2x Double Full Rooms | The Clyde by Kasa,Portland Downtown,45.522011,-122.681617,Private room,260,1,287,7,2.44,2026-05-25
1537221916759048500,"Temp Home, Fully Furnished, Modern, Spacious [M2]",St. Johns,45.5969783,-122.7593819,Entire home/apt,166,30,305,0,,
1537247493563606595,Spanish-Style Studio | Private Entry | Foodie Row,Kerns,45.529536,-122.6426248,Entire home/apt,147,1,316,30,3.98,2026-06-02
1537844220625699639,Lincoln Executive Suite,Hazelwood,45.50678,-122.56398,Private room,131,3,361,0,,
1537848814043091781,Cozy River Deck,Old Town/Chinatown,45.52799,-122.67292,Entire home/apt,,30,217,0,,
1538655309402413051,Guest suite– Private Entrance & Easy Transit,Goose Hollow,45.51513707248345,-122.68976658433922,Private room,113,2,131,14,2.11,2026-06-12
1539940853667789702,Portland-WFH -2BR-Balcony+W/D-MaxLight rail-DT,Hazelwood,45.52131,-122.55458,Entire home/apt,137,30,165,0,,
1541031803995728218,"Modern 2BD, 2BA - Walk to NW 23rd & Stadium",Northwest District,45.5236996,-122.6971698,Entire home/apt,283,1,309,1,0.43,2026-04-08
1541465489975869845,"Brand new ADU in Portland, OR",Rose City Park,45.54386359999999,-122.6038272,Entire home/apt,183,1,224,9,1.19,2026-04-12
1542371212743507633,Spacious SE Portland Retreat: close to PDX airport,Hazelwood,45.50953,-122.55465,Entire home/apt,143,2,29,8,1.10,2026-03-15
1542771682098082332,Elegant Studio (private entrance) in Alberta Arts,Woodlawn,45.56966,-122.64355,Private room,54,30,295,2,0.56,2026-04-23
1542866287651336646,Stylish private room in Alberta Arts District-blue,Woodlawn,45.56736,-122.64433,Private room,45,30,318,2,0.37,2026-04-30
1542882975995714343,Sunny private room in Alberta District-green,Concordia,45.5681902794495,-122.64225689154307,Private room,45,30,319,2,0.63,2026-05-31
1542889133408883173,Cozy private room in Alberta District-white,Concordia,45.567305334626916,-122.6427466863904,Private room,41,30,275,1,1,2026-06-08
1542907222225688281,2x CLY STU-K Suite,Portland Downtown,45.522011,-122.681617,Private room,316,1,285,0,,
1542928473248853474,2x CLY STU-Q BasicShare,Portland Downtown,45.522011,-122.681617,Private room,230,1,258,0,,
1544446981347733563,Comfortable 3BR Stay｜Work-From-Home Ready G#41532,Northwest Heights,45.54078,-122.77675,Entire home/apt,345,30,338,0,,
1544470480088174042,Stylish 3BR Portland Haven w/ EV Charger E#41532,Northwest Heights,45.54123,-122.7745,Entire home/apt,417,30,338,0,,
1545029840821527669,4 bedrooms 2.5 bath steps to fun Mississippi Ave,Boise,45.55126,-122.67266,Entire home/apt,491,8,335,0,,
1545212113894374061,The Getaway Base,West Portland Park,45.44344236255913,-122.7240944,Entire home/apt,320,2,12,7,1.22,2026-06-13
1545881449937124754,Cozy artist's bungalow steps from NW 23rd,Northwest District,45.52988,-122.70125,Entire home/apt,185,3,7,17,2.76,2026-05-30
1546523751639919151,Sellwood Perfection,Sellwood-Moreland Improvement League,45.4684208,-122.6545484,Entire home/apt,299,1,306,4,1.14,2026-04-11
1547105188349785588,Elegant 1-BR King Suite | Walk-In Shower,Portland Downtown,45.5217905,-122.6788083,Private room,410,1,112,0,,
1547105189907417430,1 King Penthouse | Top Floor Luxury & Comfort,Portland Downtown,45.5217905,-122.6788083,Private room,410,1,112,0,,
1547137240767213237,La Quinta Portland NW | King Room | Near Downtown,Northwest Industrial,45.5530746,-122.7305282,Hotel room,147,1,364,2,0.38,2026-06-14
1547137241532375558,King Bed| La Quinta Portland NW| Near Forest Park,Northwest Industrial,45.5530746,-122.7305282,Hotel room,147,1,364,1,0.34,2026-03-21
1547137243225222339,La Quinta Portland NW| Pet-Friendly| Family Room,Northwest Industrial,45.5530746,-122.7305282,Hotel room,152,1,360,0,,
1547254748110871848,"Glisen Stay-Close to Airport, Freeway & Transport",Montavilla,45.52702,-122.56651,Private room,40,2,296,9,1.30,2026-02-15
1547369334235790172,Zen Zone w/ Free Perks in Upscale Pearl District,Pearl,45.530564,-122.685953,Entire home/apt,134,1,14,10,1.76,2026-06-07
1547463672105595177,Walkable SW PDX Retreat w/Pool table & EV charger,Hillsdale,45.48023,-122.69112,Entire home/apt,426,2,215,14,2.13,2026-05-26
1547594497615963432,Modern Guest House Retreat in Portland!,Hazelwood,45.52585,-122.51181,Entire home/apt,108,30,348,0,,
1548020164966710954,Family friendly Mt Tabor Oasis,Mt. Tabor,45.5062,-122.60325,Entire home/apt,246,1,28,15,5.06,2026-06-12
1548755838413038602,Sun-Drenched Slabtown Loft Studio,Northwest District,45.533061,-122.6908964,Entire home/apt,214,1,287,35,5.10,2026-06-05
1549480592861420709,Spacious SE Portland Private Unit,Pleasant Valley,45.47189,-122.5338,Entire home/apt,92,30,268,2,0.50,2026-04-25
1550106891013581068,Band Bunk II House,Roseway,45.5444,-122.59096,Entire home/apt,117,3,18,13,2.35,2026-06-07
1550940311030365952,Laurelhurst Casetta,Laurelhurst,45.52141,-122.61851,Entire home/apt,220,2,151,15,2.88,2026-06-07
1551645897201632429,Lux Decorator’s “Casa de la Paz” 1 bedroom & bath,Hayden Island,45.6103,-122.67409,Private room,63,30,337,0,,
1552314132953364802,St. Johns Nest | Near Cathedral Park,St. Johns,45.58901,-122.75159,Entire home/apt,242,1,303,12,1.90,2026-05-27
1552404088863716021,Alameda Ridge Retreat | Game Room | 2 King beds,Sabin,45.55317400325475,-122.64574245443453,Entire home/apt,400,30,334,3,0.85,2026-05-31
1553296401610515272,Master Suite with Private Bath & Shared Space,Beaumont-Wilshire,45.54806712997384,-122.619152071146,Private room,126,1,363,3,0.57,2026-04-07
1553371955167812568,Stylish Portland Condo in the Trees with Parking,Old Town/Chinatown,45.5283313,-122.6724564,Entire home/apt,121,30,57,0,,
1554518457982939264,Top Floor @ Cozy Commons,Portsmouth,45.59086306778709,-122.72327725206493,Private room,,1,0,2,0.29,2026-01-13
1555195788868573117,Forest Heights Furnished Townhome — 30+ Night Stay,Northwest Heights,45.5358829,-122.7759394,Entire home/apt,,30,0,1,0.37,2026-04-04
1555261180947085060,Charming Detached ADU in the Heart of Sellwood.,Sellwood-Moreland Improvement League,45.47170003302396,-122.64793616137695,Entire home/apt,86,30,225,1,0.28,2026-02-28
1555543406122067154,Quiet 2-Bed Insurance & corporate housing friendly,Eastmoreland,45.46725,-122.62488,Entire home/apt,182,30,293,0,,
1556156546221265641,Lovely river view,Portland Downtown,45.50956,-122.67569,Entire home/apt,,60,79,0,,
1557376463761778682,#StayinMyDistrict Sellwood+Cozy King Suite,Sellwood-Moreland Improvement League,45.46739,-122.65424,Entire home/apt,212,1,149,27,4.24,2026-05-24
1557407511025749263,Farewell Portland,Foster-Powell,45.49198,-122.59749,Entire home/apt,230,2,215,36,5.45,2026-06-11
1557542959878977864,Pretty in Pink - Queen Anne in Lair Hill / Corbett,South Portland,45.50008,-122.67641,Entire home/apt,256,30,365,0,,
1558836226719493702,Hattie’s Rose Garden,Piedmont,45.56731,-122.6727,Entire home/apt,128,2,235,4,0.81,2026-05-12
1559015887909894852,The Pearl Perch | 1 Bd Condo in PDX Pearl District,Pearl,45.53259346679985,-122.68017559438748,Entire home/apt,114,30,118,0,,
1559062150634010660,Spacious Studio Steps to 23rd & TJ's + Parking Inc,Northwest District,45.5258007,-122.6928012,Entire home/apt,,30,68,1,0.71,2026-05-05
1559095210482750176,"Spacious Flat, Steps to 23rd & TJ's + Parking",Northwest District,45.52666129252976,-122.6939896904488,Entire home/apt,110,30,46,2,1.03,2026-05-31
1559442651355899883,"The Portland Modern: Quiet, comfortable",Richmond,45.50123,-122.61133,Entire home/apt,116,30,327,0,,
1560392715042913557,"Cozy room near light rail, airport and food trucks",Rose City Park,45.53954251877191,-122.60455637255545,Private room,90,1,338,11,1.91,2026-05-22
1561747966320869473,Cully Cabin,Cully,45.5653442,-122.6195759,Entire home/apt,144,2,123,20,4.20,2026-06-07
1561940425785557312,2BR/2BA • Historic Portland Home • Prime Location,Kerns,45.5234,-122.65435,Entire home/apt,231,1,315,2,0.36,2026-04-25
1561979227854511692,"Modern, Perf Location, Amenities, Pet Friendly [B}",Cully,45.5557956,-122.6130195,Entire home/apt,103,30,313,0,,
1562457520377760148,Luxury Furnished Townhome with Mt Hood Views,South Portland,45.4895851,-122.6745025,Entire home/apt,196,30,349,0,,
1563423228295689872,"Sellwood Retreat w/Deck, golf course & river view",Sellwood-Moreland Improvement League,45.45927,-122.65714,Entire home/apt,127,30,59,0,,
1564577503023299035,Comfort and Convenience Pet-Friendly Property,Portland Downtown,45.52179,-122.67881,Private room,191,1,324,0,,
1564577505590615447,Downtown Portland | 2 Units | Near Broadway,Portland Downtown,45.5217905,-122.6788083,Hotel room,398,1,321,1,0.26,2026-02-22
1564577506150928719,Modern Downtown Portland Guest Room,Portland Downtown,45.5217905,-122.6788083,Hotel room,394,1,321,0,,
1564577509021895362,Inviting Portland Stay Near Landmarks | 3 Units,Portland Downtown,45.52179,-122.67881,Hotel room,591,1,321,0,,
1564577515121072690,3 Units | Bright Portland Stay in Great Location,Portland Downtown,45.5217905,-122.6788083,Hotel room,591,1,321,0,,
1564577518286870148,"Prime location! 4 Comfortable Units, Pet-Friendly,",Portland Downtown,45.5217905,-122.6788083,Hotel room,764,1,320,0,,
1564577518379144837,Best Pet-Friendly Place to Stay in Oregon!,Portland Downtown,45.5217905,-122.6788083,Hotel room,191,1,324,0,,
1564577520178449503,Rare Find! 2 Pet-Friendly & Comfortable Units!,Portland Downtown,45.52179,-122.67881,Hotel room,382,1,321,0,,
1564577526257997150,Just What You Were Looking For! 3 Classy Units,Portland Downtown,45.52179,-122.67881,Hotel room,573,1,320,0,,
1564577529672158511,King Room | Urban View Over Vibrant Portland,Portland Downtown,45.5217905,-122.6788083,Private room,182,1,326,0,,
1564577531086883330,Modern King Room by Curio | City Street Views,Portland Downtown,45.52179,-122.67881,Private room,213,1,326,0,,
1564577541211256217,King Studio Suite | Spacious Urban View Stay,Portland Downtown,45.5217905,-122.6788083,Private room,202,1,331,0,,
1564577541420467970,Modern King Studio | City Escape | Near Broadway,Portland Downtown,45.5217905,-122.6788083,Private room,202,1,331,0,,
1564577543641587923,Serene King Corner Room | City View Escape,Portland Downtown,45.52179,-122.67881,Private room,202,1,325,0,,
1564577543821296104,Spacious Corner Room | Elegant King Stay,Portland Downtown,45.5217905,-122.6788083,Private room,202,1,325,0,,
1564577544693941684,King Corner Studio | Elegant City Stay,Portland Downtown,45.5217905,-122.6788083,Private room,226,1,332,0,,
1564577546496462827,Spacious Corner Suite in Portland | 1 King Bed,Portland Downtown,45.5217905,-122.6788083,Private room,226,1,332,0,,
1564577549267713866,King Penthouse | Top Floor City View Suite,Portland Downtown,45.5217905,-122.6788083,Private room,378,1,109,0,,
1564577551854372919,Luxury 1-King Penthouse | Skyline Views,Portland Downtown,45.5217905,-122.6788083,Private room,378,1,109,0,,
1564577555366408741,Luxury King Suite | Corner Penthouse Stay,Portland Downtown,45.5217905,-122.6788083,Private room,398,1,109,0,,
1564577556357175903,Corner Penthouse | King Bed + Top Floor Views,Portland Downtown,45.52179,-122.67881,Private room,398,1,109,0,,
1564577556462079563,1 King Luxury Suite | Panoramic City Views,Portland Downtown,45.52179,-122.67881,Private room,821,1,112,0,,
1564577556718370825,Presidential Suite | Luxury Above the City,Portland Downtown,45.52179,-122.67881,Private room,821,1,112,0,,
1564577558621535486,Stylish Portland Getaway | The Benson Hilton,Portland Downtown,45.5217905,-122.6788083,Hotel room,197,1,325,0,,
1564577564268935815,Historic Downtown Portland Hotel | The Benson,Portland Downtown,45.5217905,-122.6788083,Hotel room,197,1,325,0,,
1564577567345162925,Penthouse Suite | 2 Queens + Top Floor Views,Portland Downtown,45.52179,-122.67881,Hotel room,459,1,111,0,,
1564577568120929964,Penthouse Suite | 2 Queens + Top Floor Views,Portland Downtown,45.5217905,-122.6788083,Hotel room,459,1,111,0,,
1564815603672554287,Slabtown Solace at Nob Hill,Northwest District,45.53113685401279,-122.6919803656813,Entire home/apt,219,1,339,20,3.26,2026-05-24
1565230960724218173,Modern 3BR Haven • Walk to Pearl District,Northwest District,45.5295,-122.6875,Entire home/apt,302,1,256,25,4.24,2026-06-07
1566761219815673737,Modern Basement Apartment,Montavilla,45.51409,-122.57653,Entire home/apt,75,30,288,0,,
1566808343825702654,European style & prime city center location,Portland Downtown,45.51702,-122.67586,Private room,135,1,109,57,8.86,2026-06-06
1567486006868524257,Cottage studio tucked into the SW hills,Bridlemile,45.48891,-122.72907,Entire home/apt,72,30,76,0,,
1567856590841620542,Stumptown Suite at Nob Hill - Heated bath floor!,Northwest District,45.53242,-122.69066,Entire home/apt,187,1,335,30,4.89,2026-06-03
1568931719253921545,Charming Montavilla 2BR with Garage + Fenced Yard!,Montavilla,45.52517,-122.57829,Entire home/apt,331,2,313,1,0.18,2025-12-30
1571415278994855777,Cozy Corner Nob Hill Flat. Heated Bath Floors!,Northwest District,45.53069055000929,-122.69163609793534,Entire home/apt,210,1,319,19,3.45,2026-06-11
1572082736060838190,Private and walkable new build in University Park,University Park,45.57416,-122.72287,Entire home/apt,88,30,332,0,,
1572179401489640386,Midterm Portland Artist’s home,Creston-Kenilworth,45.4919,-122.61772,Entire home/apt,,30,0,1,0.21,2026-02-01
1572629464049784453,The Little House,Brentwood-Darlington,45.472365,-122.615711,Entire home/apt,143,1,116,11,2.21,2026-05-31
1572838605106743980,Stylish Loft in the Heart of NW Portland,Northwest District,45.534,-122.69114,Entire home/apt,245,1,312,21,4.88,2026-06-06
1573389863791997981,#StayInMyDistrict Alberta Arts Queen Room Retreat,King,45.55869613489626,-122.66431436547875,Private room,142,1,177,13,2.42,2026-06-07
1573489636148267752,Daylight flat in North Portland,Overlook,45.56304,-122.68783,Entire home/apt,106,1,114,25,4.29,2026-06-05
1573603288964492106,Lewis Addition,Cully,45.56145,-122.60001,Entire home/apt,175,1,321,16,3.40,2026-06-14
1574043450804997548,"Heart of Portlandia, pet friendly, Private Parking",Rose City Park,45.53363,-122.5979,Entire home/apt,,30,73,0,,
1574077311259372678,Pet Friendly 1BR/1BA w/Fenced Yard,Lents,45.48257,-122.56274,Entire home/apt,,30,11,0,,
1574788976528448843,< 1 Mi to Moda Center: Walkable Portland Retreat!,Eliot,45.53852,-122.65957,Entire home/apt,322,2,324,8,1.40,2026-06-01
1574791684649959260,Light & Bright Portland Townhome,Cully,45.56348,-122.60607,Entire home/apt,106,30,257,0,,
1576244284965083972,Slabtown Duplex with Heated Bath Floors!,Northwest District,45.53185,-122.69207,Entire home/apt,550,1,304,2,0.92,2026-05-31
1576303138511606785,Cozy Condo in the Pearl,Northwest District,45.52426,-122.68787,Entire home/apt,63,31,316,3,0.67,2026-05-31
1577022291905277316,"Cozy, Comfy Home Base in Laurelhurst, Portland",North Tabor,45.52808779999999,-122.6155078,Entire home/apt,192,30,252,0,,
1577731662852344940,Elegant 3BR Portland Retreat | Big Patio G#41532,Northwest Heights,45.54115,-122.77446,Entire home/apt,417,30,338,0,,
1577743664929763141,Flexible Homes｜Exceptional value｜24 hours prior,Northwest Heights,45.53897,-122.77498,Entire home/apt,430,30,338,0,,
1578397859558298144,Beautiful Victorian Home with Garden & Workspace,Buckman,45.51995,-122.64937,Entire home/apt,,30,0,0,,
1579088285546363899,Classic and Elegant Studio Suite | Pet-Friendly,Goose Hollow,45.52012,-122.6886,Private room,153,1,356,0,,
1579088631826344339,ADA Room w/ Roll-in Shower | 2 Queen Beds,Goose Hollow,45.52154,-122.68667,Private room,186,1,315,0,,
1579088953681869669,Stylish ADA Room in Downtown Portland | Sleeps 4,Goose Hollow,45.520228209754386,-122.68697426778175,Private room,175,1,341,0,,
1579089310054133802,Deluxe King w/ Timeless Charm | Pet-Friendly,Goose Hollow,45.52086337672243,-122.6888659838749,Private room,135,1,337,0,,
1579089668674164489,King Suite Near Shops & Eats | Pet-Friendly,Goose Hollow,45.52228,-122.68818,Private room,187,1,354,0,,
1579090106616544458,Premium King Room | Downtown | Pet-Friendly,Goose Hollow,45.52229604707738,-122.68701929977496,Private room,144,1,351,0,,
1579090475673725106,Spacious Premium Queen with Signature Amenities,Goose Hollow,45.52056,-122.68693,Private room,135,1,351,0,,
1579090813369748909,Elegant Queen Room in Downtown Portland,Goose Hollow,45.522132469901145,-122.68827130587968,Private room,191,1,309,0,,
1579119897372613226,Portland Leisure Suite,Markham,45.45160135280597,-122.70323376441803,Entire home/apt,,1,0,1,0.26,2026-03-01
1579224015255052970,Luxury Portland Retreat- close to OHSU/ Downtown,Southwest Hills,45.50309,-122.69746,Entire home/apt,336,30,180,0,,
1580924928304577851,Solar St Johns Garden Retreat,St. Johns,45.58876640209236,-122.73615290230391,Entire home/apt,137,30,349,1,0.23,2026-02-03
1583418061028230873,Furnished 2BR Home for Monthly & 30+ Day Stays,Brentwood-Darlington,45.46614718739057,-122.59742656340204,Entire home/apt,115,30,365,0,,
1586075364840881051,Spacious Pearl District Condo + Free Parking,Pearl,45.53253,-122.68003,Entire home/apt,83,30,222,1,0.25,2026-02-18
1587843231595190890,Woodstock Haven | Fenced Patio | Mt. Tabor,Mt. Scott-Arleta,45.47995,-122.59724,Entire home/apt,121,30,334,1,0.67,2026-05-02
1588633224599845579,Kims Keyless Entry,Kerns,45.5244739,-122.634974,Entire home/apt,50,30,164,1,0.23,2026-02-05
1588912243616714262,Peaceful Garden Chalet in Laurelhurst,Laurelhurst,45.52551,-122.62717,Entire home/apt,176,1,254,13,2.75,2026-06-06
1589494234262525011,Charming 2 Bed 1 Bath,Kenton,45.5902742,-122.7050433,Entire home/apt,175,1,174,2,0.50,2026-05-24
1590944672028811222,Cozy Laurelhurst 2-bedroom apt,Laurelhurst,45.52375255410431,-122.61962698449794,Entire home/apt,69,30,258,1,0.94,2026-05-15
1593045507303142365,Slabtown Central ~ A Designer Loft,Northwest District,45.53269,-122.68983,Entire home/apt,290,1,302,10,2.97,2026-05-22
1593764702479685017,The Pumpkin House • 3mi Downtown • New Hot Tub,Hillsdale,45.48882,-122.7093,Entire home/apt,271,2,333,6,1.30,2026-05-17
1594327092905539394,La Maison Stays,Portland Downtown,45.5129017,-122.6853159,Entire home/apt,143,3,31,11,2.50,2026-05-10
1594405442393335062,Boho Forest Cabin Retreat Near the City,Pleasant Valley,45.46745,-122.50626,Entire home/apt,229,1,223,20,5.00,2026-06-09
1595905585627994294,"Cozy Upstairs Suite
With Private Bath",Northwest Heights,45.5331499,-122.7588827,Private room,81,2,313,0,,
1596373206580265819,Cozy ADU in SE Portland,Woodstock,45.48266,-122.60826,Entire home/apt,,30,294,0,,
1596446542859256446,Bright Convenience and Charm,Goose Hollow,45.5227854,-122.6957301,Entire home/apt,104,30,142,1,1,2026-06-07
1597324714279980303,Peaceful 3BR Portland Home | Private Deck S#41532,Northwest Heights,45.5391,-122.7745,Entire home/apt,417,30,338,0,,
1597419611240684911,Home Office｜Modern 4BR Bartholomew Gem｜S#41001,Northwest Heights,45.53917,-122.76951,Entire home/apt,433,30,325,0,,
1597910254526310338,Downtown Portland + On Site Dining & Bike Rentals,Portland Downtown,45.52118,-122.67936,Private room,959,1,173,8,1.98,2026-06-07
1597910397058762182,Steps From Downtown + Restaurant & Gym,Portland Downtown,45.51929534162998,-122.67917328664873,Private room,959,1,173,0,,
1597910744860026293,Downtown Stay + On Site Dining & Well+Fit Kit,Portland Downtown,45.51899,-122.6809,Private room,959,1,173,0,,
1597911417912703533,Award-Winning Stay Downtown + On Site Dining & Gym,Portland Downtown,45.52059148684798,-122.68115211801481,Private room,959,1,173,0,,
1598134076654836854,Walkable SE Portland French Home | Sauna & Hot Tub,Richmond,45.50444,-122.63006,Entire home/apt,727,1,298,17,3.72,2026-06-08
1598716868439331118,"Eco-Guesthouse, Fragrance-Free, Tranquil & Central",Hosford-Abernethy,45.50541,-122.64069,Entire home/apt,283,2,304,8,2.02,2026-05-25
1598853689197812967,Summer House Portland,Eliot,45.5444085,-122.6646478,Entire home/apt,119,30,112,0,,
1598968570215162254,Walkable SE Portland French Home | Sauna & Hot Tub,Richmond,45.50459,-122.63049,Entire home/apt,642,1,301,5,1.06,2026-05-14
1600825812953975597,Hawthorne District Gem: Walk to Everything,Buckman,45.513322721556726,-122.63902338055857,Entire home/apt,145,1,257,21,5.12,2026-06-06
1603094446314435310,Modern Furnished 2BR Home w/ Patio & Parking,Brentwood-Darlington,45.4738,-122.58257,Entire home/apt,40,90,178,0,,
1603114937123058650,PDX Maison Queen Room,King,45.55955,-122.65954,Private room,476,3,299,0,,
1604052167478087289,Lovely Craftsman 1bdrm Apt Bright and Spacious,King,45.55122,-122.65884,Entire home/apt,93,31,83,0,,
1604636529113340453,Eclectic Loft-Style Cottage: 6 Mi to Downtown PDX!,Cully,45.55652370741578,-122.61053974516473,Entire home/apt,205,2,291,0,,
1604803166682901720,Cathedral Park Studio,Cathedral Park,45.58342,-122.75319,Entire home/apt,118,1,51,27,6.23,2026-06-14
1604853453133927588,"3 bedroom, 1.5 bath in highly liveable Kernside",Kerns,45.52433,-122.63312,Entire home/apt,339,30,358,0,,
1606259431839521118,"Montavilla stay, close to Airport, freeway, Mall",Montavilla,45.52482,-122.56606,Private room,48,1,15,2,0.44,2026-05-31
1606636668929280716,"Pdx Stay - Master Bedroom Shopping, Parks, Airport",Montavilla,45.52696,-122.56762,Private room,,1,0,4,0.90,2026-02-16
1606713498681603036,"Eco Urban Basecamp: Apt in SE PDX - Hike, Explore",Brentwood-Darlington,45.4724422,-122.597738,Entire home/apt,173,1,167,8,4.14,2026-06-06
1606840594394177398,"Amy’s penthouse getaway, Female-friendly",Multnomah,45.45931,-122.71774,Entire home/apt,180,1,323,13,3.17,2026-06-05
1608016257475094337,2-Story Guesthouse w/ Private Deck in NE PDX,Beaumont-Wilshire,45.54921,-122.6262,Entire home/apt,153,14,224,4,1.48,2026-05-22
1608184698274812673,Charming Furnished English Tudor in Laurelhurst,North Tabor,45.5287626,-122.6152137,Entire home/apt,85,30,261,0,,
1608336678040488751,Mid Century Sanctuary in the City,Madison South,45.54664,-122.56863,Entire home/apt,211,1,323,5,2.11,2026-06-08
1609221950348536203,Condo in trendy Pearl District - with free parking,Pearl,45.52972,-122.681934,Entire home/apt,127,30,287,0,,
1610088050710112695,Unique Portland vacation home,Richmond,45.50467,-122.62132,Entire home/apt,149,1,341,1,1,2026-06-14
1610314096200197671,Village & Forest,Hayhurst,45.48394,-122.73281,Entire home/apt,242,3,287,7,3.04,2026-05-31
1610497481947710010,Mt. Tabor Retreat • Walkable Location • 3BD,Sunnyside,45.51744,-122.61338,Entire home/apt,330,1,299,16,5.05,2026-05-26
1610589027844568110,3BR Central Home • Sleeps 6 • Walkable to Division,Hosford-Abernethy,45.5054,-122.65659,Entire home/apt,275,1,163,18,4.22,2026-06-07
1610645272620507548,Feel Better While You Travel | King Bed + MAX,North Tabor,45.5242,-122.60476,Entire home/apt,152,30,248,1,0.30,2026-03-08
1611248634497534381,MT Tabor Gem Steps From Beautiful Park,Mt. Tabor,45.51474,-122.58774,Entire home/apt,,3,0,0,,
1612357653928323345,Buffalo Bungalow,Piedmont,45.57444,-122.67621,Entire home/apt,157,30,358,0,,
1612619834769408680,Mad Hatter Tiny House | A Portland Original,Overlook,45.5529337269125,-122.6790381272686,Entire home/apt,146,1,350,29,7.13,2026-06-05
1613401408501704984,Comfortable Basement Space Near Downtown St. Johns,St. Johns,45.5953,-122.74931,Entire home/apt,39,4,243,4,1.52,2026-04-27
1613407737108375647,Colorful Urban Zen Getaway,Piedmont,45.57579,-122.66826,Entire home/apt,444,1,139,4,1.30,2026-05-04
1613898600803294823,Spacious 5BR Sunlit Craftsman - 5BD/2BA - Arcade,South Portland,45.49563638183443,-122.67454056849292,Entire home/apt,608,1,218,18,5.35,2026-05-25
1613929239587083712,Roomy 2 queens,Old Town/Chinatown,45.52349,-122.67459,Private room,119,1,351,9,2.23,2026-05-27
1614136034224769403,Charming Portland Home Close to It All,Overlook,45.56629,-122.68071,Entire home/apt,251,1,165,0,,
1614164331575644833,"Classic Family Home: Yard, Porch & Modern Updates",Overlook,45.56622,-122.68241,Entire home/apt,475,2,201,1,0.37,2026-03-28
1614594471037796601,"Light-Filled Urban Loft: Near PSU, Food & Culture",Portland Downtown,45.51604,-122.68616,Entire home/apt,110,30,243,1,0.51,2026-04-18
1615520393764831989,Lincoln Two-Bed Comfort Room,Hazelwood,45.50781019999999,-122.5636315,Private room,69,2,349,9,2.73,2026-05-26
1615634782337615640,"Colorful, Calm, Central Forest Retreat. 2,400 sqft",Arlington Heights,45.519780002541275,-122.71439095023133,Entire home/apt,215,30,277,0,,
1616706560437596903,Classic Bungalow in Walkable Arbor Lodge,Overlook,45.566134055881705,-122.6846824098475,Entire home/apt,129,30,318,0,,
1617558126563764201,"Vintage Charm, AC, Safe, Quiet, Walkable, Parks",Rose City Park,45.5462,-122.60881,Entire home/apt,198,30,303,0,,
1618311254008758406,"OHSU friendly, luxury condo at water's edge",Portland Downtown,45.50877,-122.67266,Entire home/apt,19,180,362,0,,
1618548404770402835,"[BE1] Temp Home, Fully Furnished, Modern, Spacious",Rose City Park,45.54215,-122.60543,Entire home/apt,198,30,303,0,,
1618565187317490707,"[BE2] Temp Home, Fully Furnished, Modern, Spacious",Rose City Park,45.5444,-122.60851,Entire home/apt,198,30,303,0,,
1618567920156565318,"[BE3] Temp Home, Fully Furnished, Modern, Spacious",Rose City Park,45.54687,-122.61293,Entire home/apt,198,30,303,0,,
1618577899483205311,"[BE4] Temp Home, Fully Furnished, Modern, Spacious",Rose City Park,45.54709,-122.60477,Entire home/apt,198,30,303,0,,
1618580647982382242,"[BE5] Temp Home, Fully Furnished, Modern, Spacious",Grant Park,45.54097,-122.61888,Entire home/apt,198,30,303,0,,
1618584014817749312,"[BE6] Temp Home, Fully Furnished, Modern, Spacious",Rose City Park,45.54097,-122.61329,Entire home/apt,198,30,303,0,,
1622014263040113443,Quiet Luxury Italianate Retreat • Work + Relax,Eliot,45.53709,-122.66271,Entire home/apt,310,1,161,3,1.36,2026-05-15
1622602911842520156,"Cute NE Home 
Vinyl + BBQ grill + Fenced Backyard",Rose City Park,45.53568,-122.60152,Entire home/apt,229,30,91,0,,
1624234411917585941,Portland Downtown NY Style Penthouse Loft,Old Town/Chinatown,45.5272,-122.67581,Entire home/apt,124,30,129,1,0.68,2026-05-03
1624796972201500342,43 Division Loft,Richmond,45.50558534824349,-122.61752508580685,Entire home/apt,71,30,195,1,0.42,2026-04-05
1625666754104776014,Remodeled 3BR Historic Home | Brooklyn PDX,Brooklyn Action Corps,45.49526,-122.65083,Entire home/apt,123,30,45,0,,
1627275264581342063,Downtown Highrise in Cultural District,Portland Downtown,45.50985,-122.68008,Entire home/apt,108,30,243,0,,
1628407907263159276,Portland Vacation Rental Near Parks & Downtown!,West Portland Park,45.44135,-122.72085,Entire home/apt,147,30,171,0,,
1629825404457031435,•Lux•Light•Chalet•,St. Johns,45.59503442306137,-122.75999854560848,Entire home/apt,249,6,15,1,0.41,2026-04-11
1630826394798988699,"Treehouse Retreat Near Downtown, Pet Friendly",Forest Park,45.52188,-122.74411,Entire home/apt,598,1,325,9,3.42,2026-06-01
1632655401614482412,Lux•Cathedral-Studio•,Cathedral Park,45.58911,-122.75849,Entire home/apt,81,12,27,0,,
1632882539740630917,Charming 1950s Ranch | Prime NE Portland Spot,Cully,45.56662,-122.61827,Entire home/apt,161,1,325,5,1.81,2026-05-21
1633009997926030435,Stylish 1BR in NW Portland | Walk to Good Sam,Northwest District,45.5292756817447,-122.69401199695892,Entire home/apt,126,14,248,1,0.77,2026-05-08
1633800982417246137,Hillsdale Haven for travel nurses and families,Hayhurst,45.47915,-122.70887,Entire home/apt,114,30,334,2,0.68,2026-03-22
1634034488830344333,Contemporary Studio | Balcony | Dog Friendly,Concordia,45.56619,-122.63974,Entire home/apt,,2,365,33,0.69,2026-05-26
1634208942844700682,Bright Dutch Colonial in Central Kerns,Kerns,45.5328201,-122.6309256,Entire home/apt,,30,0,0,,
1634464568308189930,Emma | Modern 4 BDR | Pet Friendly | Monthly Stays,Cathedral Park,45.59394,-122.7626,Entire home/apt,358,30,364,0,,
1634867459413086650,Happy Valley Home 6 beds+ Game Room!,Lents,45.46074,-122.56918,Entire home/apt,206,31,365,0,,
1634926314695093314,Cozy 1BR Condo w/ Amazing view Downtown Portland,Portland Downtown,45.5103021,-122.6788786,Entire home/apt,91,30,286,0,,
1635077987504071150,Pet Friendly • Fenced Yard • 1 Level Monthly Stays,Arbor Lodge,45.5767,-122.69458,Entire home/apt,177,30,365,0,,
1635654564390538594,A Place You'll Surely Enjoy! Pets Are Welcome Here,Portland Downtown,45.52179,-122.67881,Hotel room,197,1,328,0,,
1635654568217652913,"You Found It! 2 Relaxing Units, Pets Are Welcome!",Portland Downtown,45.52179,-122.67881,Hotel room,394,1,325,0,,
1635654572331505446,"Look No More! 3 Relaxing Units, Pets Allowed!",Portland Downtown,45.52179,-122.67881,Hotel room,591,1,324,0,,
1635655932489246447,"For The Whole Family! 4 Units, Pets Are Welcome!",Portland Downtown,45.52179,-122.67881,Hotel room,788,1,324,0,,
1635658775581972218,Better Choice for your Vacation! Pets Are Welcome!,Portland Downtown,45.52179,-122.67881,Private room,197,1,328,0,,
1635686604350918208,"Quiet, walkable 2BR with pool, gardens & 2 patios",Multnomah,45.45959,-122.71501,Entire home/apt,,2,348,23,0.95,2026-04-15
1635686662569524462,"Guest Suite with WiFi, AC, streaming",South Portland,45.47791,-122.6735,Entire home/apt,,1,349,21,1.02,2026-06-02
1635686717576502511,Studio | Deck | Fireplace | Garden,Eastmoreland,45.47354,-122.63569,Entire home/apt,,1,351,52,1.17,2026-06-11
1635686939779609704,Blue Door Micro-Loft in Hip and Arty Location,Boise,45.54965,-122.67303,Entire home/apt,,2,362,7,0.53,2026-03-23
1635687232272973651,Dog-friendly 2BR with covered porch & yard,Rose City Park,45.54511855827532,-122.61455023164362,Entire home/apt,213,2,365,21,0.82,2026-05-04
1635687280993794525,Micro-Loft Surrounded by Gardens in Hip Location,Boise,45.54797,-122.67297,Entire home/apt,,2,359,22,1.62,2026-06-08
1635687459764088895,Airy Studio | Private Balcony | W/D | Great locale,Beaumont-Wilshire,45.54564,-122.62513,Entire home/apt,,1,358,51,0.61,2026-04-13
1635708610348375160,Elegant NW Portland Studio - Central Walkable Stay,Northwest District,45.53198,-122.69007,Entire home/apt,173,1,339,14,4.52,2026-06-01
1635829016842861346,Stylish one bedroom shared house near Univ of PDX,University Park,45.57714,-122.72562,Private room,96,3,23,3,1.23,2026-05-05
1636496168567356959,Luxury modern top floor 1BD - Providence Park view,Goose Hollow,45.5200641,-122.6903648,Entire home/apt,,10,3,4,1.54,2026-05-28
1636501682900935034,Urban living 2 BDR | Pet Friendly | Monthly Stay,Arbor Lodge,45.57316,-122.69464,Entire home/apt,143,30,364,0,,
1637157394954502247,Overlook Craftsman,Overlook,45.5641,-122.68596,Entire home/apt,157,30,175,0,,
1637400021979058310,King bed apartment - walkable Belmont & Hawthorne!,Buckman,45.51475,-122.64415,Entire home/apt,205,1,110,10,4.62,2026-06-09
1637779126870069058,Bright Downtown Portland Studio | Walk to PSU,Portland Downtown,45.51639,-122.68607,Entire home/apt,101,30,311,0,,
1638001482651648769,Furnished Home Near Lewis & Clark and Tryon Creek,Collins View,45.4485,-122.68465,Entire home/apt,87,30,329,0,,
1641758240843723033,Luxury Modern 6BR Portland Retreat,Eliot,45.54548028498969,-122.66127956406025,Entire home/apt,423,30,329,0,,
1644315112390617011,Hidden Hiker Oasis at Forest Park *Hot Tub,Forest Park,45.58568,-122.80534,Entire home/apt,238,2,358,1,0.38,2026-03-29
1645165457895733625,The Tiny Farmhouse on Alberta,Concordia,45.55826,-122.63645,Entire home/apt,178,1,341,6,2.12,2026-05-25
1645737850925802181,Mesa Tiny House Oasis on Alberta,Concordia,45.55853382805858,-122.63666803030497,Entire home/apt,147,1,335,18,7.20,2026-05-30
1647191486647478166,Private Cully Studio,Cully,45.55217698919355,-122.60423885825415,Entire home/apt,205,1,147,0,,
1647554392511000985,Cute North Portland Boho Bungalow,Portsmouth,45.58766,-122.71411,Entire home/apt,71,31,107,0,,
1649642653554134590,Beautifully Restored SE Portland Duplex,Buckman,45.51704,-122.64248,Entire home/apt,119,30,290,0,,
1650109110148102961,Premier city king,Portland Downtown,45.51394,-122.68077,Private room,90,1,26,4,4,2026-06-07
1650403648783661234,Private Basement Suite & Backyard Oasis,Parkrose,45.55694,-122.55948,Private room,151,1,288,2,2,2026-06-13
1652366316321328589,Yellow Door - Portland - Extended Stays!,King,45.55863,-122.65274,Entire home/apt,174,30,134,0,,
1654528069133939317,Chic & Comfy Hideaway in NE Portland!,Roseway,45.5513669,-122.5965651,Entire home/apt,62,30,296,1,0.81,2026-05-10
1658122259435505866,Tiny room - queen bed - back entrance - location!,Richmond,45.5103,-122.62443,Private room,58,1,230,1,1,2026-05-25
1658843815801145310,The Golden Nest,King,45.55281,-122.65817,Entire home/apt,223,2,329,2,1.87,2026-05-29
1659648889678940300,Open Plan Apt w/ Gym & Parking,Pearl,45.52902,-122.68031,Entire home/apt,242,30,365,5,2.34,2026-05-25
1659684326681956536,Modern 1BR in SE Portland Walkable + Fast Wi-Fi,Hosford-Abernethy,45.50648086202267,-122.65656812459554,Entire home/apt,148,1,348,5,2.42,2026-05-11
1659901549597236666,Barnsley Court Retreat A#42234,Northwest Heights,45.53536,-122.76584,Entire home/apt,354,30,256,0,,
1659915434847176428,Roseway Basecamp | Private Suite | 8 Min to PDX,Roseway,45.5537257,-122.5960242,Entire home/apt,308,1,347,1,1,2026-06-05
1660237362186131280,Hotel Grand Stark - The grand king,Buckman,45.5192,-122.66105,Private room,118,1,358,5,3.41,2026-05-31
1660243299197002581,Downtown 1BR Apartment with City View,Pearl,45.53105257190073,-122.68145043995695,Entire home/apt,145,30,287,6,3.33,2026-06-02
1660261419609809680,Pearl District Apt with Free Parking,Pearl,45.52956892080134,-122.68191210103845,Entire home/apt,196,30,365,5,2.50,2026-05-23
1660304204617236255,Pearl District Retreat | Free Parking,Pearl,45.52914,-122.68038,Entire home/apt,168,30,303,6,3.10,2026-06-05
1660304699606993479,City View Apartment with Gym and Parking,Pearl,45.53088,-122.68013,Entire home/apt,115,30,301,6,3.00,2026-06-03
1660470354401887279,Storybook Eastmoreland Residence,Eastmoreland,45.47732,-122.62959,Entire home/apt,188,30,296,0,,
1660664380540850474,Garden Private Studio,Powellhurst-Gilbert,45.5020909,-122.5509324,Entire home/apt,59,30,273,1,0.83,2026-05-11
1661373627584566327,Newly Renovated Modern Home,Montavilla,45.51558,-122.57988,Entire home/apt,176,2,335,2,2,2026-06-07
1662381959353974164,Modern walkable 1 bedroom in Richmond,Richmond,45.50247,-122.624,Entire home/apt,163,2,102,0,,
1664034831443599735,Historic Carriage house @ Portland's White House,Irvington,45.53747,-122.64202,Private room,710,1,195,0,,
1664586714086926115,Ladd’s Addition Hideaway,Hosford-Abernethy,45.5058,-122.65492,Entire home/apt,148,1,341,6,4.19,2026-06-12
1664633061966993589,Classic 1920s Alberta Home + 2 Tiny Homes,Concordia,45.55817,-122.63547,Entire home/apt,1081,1,297,0,,
1664658192864753327,#StayInMyDistrict St Johns Backyard Guesthouse,Cathedral Park,45.58686,-122.75106,Entire home/apt,229,1,140,9,4.82,2026-06-07
1668350812545820048,The Abbey on Birkendene A#41532,Northwest Heights,45.54087,-122.77496,Entire home/apt,323,30,338,0,,
1668356295492887898,Fairy on Bartholomew A#41001,Northwest Heights,45.53814,-122.76938,Entire home/apt,415,30,325,0,,
1668361607278189142,The Sylvan Retreat on Bartholomew A#42048,Northwest Heights,45.53952,-122.77882,Entire home/apt,460,30,365,0,,
1668991585889068355,A sweet little space in the hip Hawthorne district,Hosford-Abernethy,45.5105,-122.64261,Entire home/apt,200,1,118,1,1,2026-05-25
1671221242190872218,Great for Digital Nomads! Convenient Portland Apt,South Burlingame,45.46345,-122.68211,Entire home/apt,83,31,345,0,,
1674017366871160140,"Close in NE Portland cheerful, Sunlit bedroom.",Beaumont-Wilshire,45.549188074488036,-122.62998786156022,Private room,48,30,305,0,,
1674049478996018065,Monthly Stay 3BD 2 BA | Office | Yard | Pets,Roseway,45.55369,-122.58315,Entire home/apt,177,30,303,0,,
1674153176510999578,Upscale 1/1 apt in Arbor Lodge (Fred Meyers & MAX),Piedmont,45.57556,-122.67846,Entire home/apt,70,30,268,0,,
1674676523259532371,Cozy Private Room in SE Portland,Richmond,45.50173,-122.6124,Private room,,2,84,1,0.75,2026-05-07
1674772331660516301,Nob Hill Nook,Northwest District,45.53269584072147,-122.69188248829678,Entire home/apt,203,1,346,7,6.56,2026-06-12
1674874999458700226,Nob Hill Duplex - Two Suites-upstairs heated bath,Northwest District,45.53049,-122.69054,Entire home/apt,430,1,142,0,,
1676886228388250482,Private Studio near Forest Park Trails,Forest Park,45.59684,-122.8313,Private room,76,30,364,0,,
1676956274259124798,Vibrant Victorian on N Mississippi,Boise,45.55421,-122.67684,Entire home/apt,465,1,337,2,2,2026-05-31
1677041627728805788,Charming Laurelhurst Home • Central • Easy Parking,Laurelhurst,45.53189967584104,-122.62488400579446,Entire home/apt,134,30,292,0,,
1679475831189349245,Cozy Modern Spanish Retreat,Laurelhurst,45.53184444355409,-122.62547316490802,Entire home/apt,86,30,315,0,,
1680080115808017350,Luxurious home in Forest Park,Northwest Heights,45.54131,-122.77186,Entire home/apt,204,30,62,0,,
1682766952437057986,queen room in hip location,Richmond,45.509921731066314,-122.62421231621744,Private room,73,30,365,0,,
1683559284484469618,Hidden Gem off Belmont!,Sunnyside,45.51581324641926,-122.63646662172334,Entire home/apt,103,30,304,0,,
1683609667993723903,Bohemian Hideaway・Yard + Patio・Walkable,Hosford-Abernethy,45.50734083895258,-122.6534642972308,Entire home/apt,297,1,355,1,1,2026-06-10
1683871212940984196,Entire Home in SE Portland,Brentwood-Darlington,45.46412662141794,-122.58385712095613,Entire home/apt,155,2,327,4,4,2026-06-05
1685033974520568581,2 BD/1B with Laundry & Fast Wi Fi-Near Hospitals,Mt. Tabor,45.51913,-122.60616,Entire home/apt,121,30,319,0,,
1685087552383698229,Monthly Rental - Pet Friendly+3Bed+Fenced Yard,Portsmouth,45.5941,-122.72006,Entire home/apt,169,31,257,0,,
1685098566721571157,Tiny Living Big Comfort Walk to the Max Line,Overlook,45.56634,-122.68052,Entire home/apt,147,1,147,0,,
1685120350023242362,"Olive, the Glamper! Peaceful Urban camping!",Wilkes,45.53015,-122.50204,Entire home/apt,172,1,362,1,1,2026-05-25
1687053321599787811,Short term rental for professionals and travelers,Mt. Tabor,45.5055484,-122.6067784,Private room,55,28,316,0,,
1687249278916820675,Roomy Private Guesthouse with Separate Entrance,Irvington,45.54422,-122.65393,Entire home/apt,151,1,337,5,5,2026-06-13
1687394551619321700,Stylish 2BD Hillsdale Home w/ Frontyard & Driveway,Hillsdale,45.48072254064529,-122.69539948584442,Entire home/apt,201,2,110,3,3,2026-06-04
1687903659748224306,Light & Bright N. Portland Basement Studio!,Portsmouth,45.58594,-122.72422,Entire home/apt,176,1,220,0,,
1689162340899673858,Chic Premier Suite Near Washington Park - 2.2 mi,Goose Hollow,45.521,-122.68776,Hotel room,202,1,357,0,,
1689167180060669917,2 Modern Suites | Parking Available | Pets Allowed,Goose Hollow,45.5209961,-122.6877564,Hotel room,405,1,353,0,,
1689167184833723706,2 Pet Friendly Suites | 0.2 mi to Providence Park,Goose Hollow,45.5209961,-122.6877564,Hotel room,405,1,353,0,,
1690009780594478237,Charming House in Portland,Hayhurst,45.47741,-122.72992,Entire home/apt,114,8,30,0,,
1690643281622339628,Prime Location | 2 Luxe Suites | Pets are Allowed,Goose Hollow,45.521,-122.68776,Hotel room,384,1,356,0,,
1690643282307866177,Luxurious Downtown Stay | Parking | Pets Welcome,Goose Hollow,45.521,-122.68776,Hotel room,192,1,356,0,,
1690643282444002500,Boutique & Pet-friendly Hotel | Downtown Portland,Goose Hollow,45.5209961,-122.6877564,Hotel room,214,1,356,0,,
1690643282748676391,2 Elegant Suites | Parking Onsite | Pets Allowed,Goose Hollow,45.521,-122.68776,Hotel room,384,1,356,0,,
1691019432583929267,"Spacious, cozy home in Portland, minutes from PDX",Wilkes,45.54665,-122.49459,Entire home/apt,337,1,333,2,2,2026-06-14
1691288004635760756,Vintage Boutique Stay | 2.3 mi to Pittock Mansion,Goose Hollow,45.521,-122.68776,Hotel room,222,1,311,0,,
1691291299652152825,Pet Friendly Unit | Parking | 6.8 mi to The Grotto,Goose Hollow,45.5209961,-122.6877564,Hotel room,222,1,311,0,,
1691372095885582549,Stylish Boutique Stay | Parking | Pets Allowed,Goose Hollow,45.521,-122.68776,Hotel room,172,1,358,0,,
1691394479838074194,Relax in Style at a Boutique Hotel with Parking!,Goose Hollow,45.5209961,-122.6877564,Hotel room,172,1,358,0,,
1691455234442693487,Monthly Rental - Hawthorne Retreat + Pet Friendly,Sunnyside,45.5125252,-122.6168896,Entire home/apt,202,31,319,0,,
1691670300190642216,The Abe & Mary Room @ Portland's White House,Irvington,45.53562,-122.64225,Private room,365,1,356,0,,
1691748864386875661,The Teddy & Edith Room @ Portland's White House,Irvington,45.53598,-122.64344,Private room,314,1,291,0,,
1691756237399744343,The Ulysses & Julia Room @ Portland's White House,Irvington,45.53756938994307,-122.64366431119402,Private room,314,1,244,0,,
1691767460012895254,The Franklin & Eleanor Rm @ Portland's White House,Irvington,45.53573,-122.64151,Private room,369,1,361,0,,
1691776539369888929,The George & Martha Room @ Portland's White House,Irvington,45.53742,-122.64355,Private room,369,1,361,0,,
1691787372435874501,The James & Dolly Room @ Portland's White House,Irvington,45.53566,-122.64327,Private room,317,1,291,0,,
1691792463690370588,The Ike & Mamie Room @ Portland's White House,Irvington,45.53592686924182,-122.64159399513407,Private room,317,1,290,0,,
1691799240528161348,The Jack and Jackie Room @ Portland's White House,Irvington,45.537654410398645,-122.64340920595828,Private room,369,1,361,0,,
1692127108066871949,Portland Charmer - Historic Irvington,Grant Park,45.53634,-122.63557,Entire home/apt,274,2,37,0,,
1693005560313259985,Ultra-walkable Sellwood 3br 3ba + great backyard,Sellwood-Moreland Improvement League,45.4770478,-122.6468679,Entire home/apt,153,30,319,0,,
1693485516479261464,Downtown Stay | 2 Pet Friendly Units | Parking,Goose Hollow,45.5209961,-122.6877564,Hotel room,344,1,357,0,,
1693486940466540725,"3 Modern Suites, | Pet-friendly | Onsite Parking",Goose Hollow,45.5209961,-122.6877564,Hotel room,516,1,357,0,,
1693889668403466364,Master Suite with Private Deck,Creston-Kenilworth,45.49315,-122.62132,Private room,343,1,257,0,,
1694296377508442776,Downtown Retreat | 2 Pet-friendly Units | Parking,Goose Hollow,45.521,-122.68776,Hotel room,304,1,352,0,,
1694296381985075330,Luxurious Getaway | 3 Chic Units |  Pets Welcome,Goose Hollow,45.521,-122.68776,Hotel room,456,1,352,0,,
1694297311656353037,Vintage Style Escape | 4 Pet-friendly Units,Goose Hollow,45.521,-122.68776,Hotel room,608,1,351,0,,
1694335879781399192,Ainsworth Retreat | Ensuite Baths,Concordia,45.5665613,-122.6347164,Entire home/apt,129,30,135,0,,
1694457291284693425,Paradox 50 Room,Mt. Tabor,45.50881,-122.61112,Private room,92,1,359,0,,
1694764010057526356,Casa Luz,Sellwood-Moreland Improvement League,45.45856317798442,-122.6529209466719,Entire home/apt,261,30,31,0,,
1694975831066792865,2 Elegant Units | Pets Allowed | Onsite Parking,Goose Hollow,45.5209961,-122.6877564,Hotel room,285,1,340,0,,
1694975834513403094,Chic Boutique Stay | 3 Modern Units | Pets Allowed,Goose Hollow,45.5209961,-122.6877564,Hotel room,427,1,338,0,,
1694988011353898128,"Downtown Retreat | 4 Classy Units, | Pets Allowed",Goose Hollow,45.521,-122.68776,Hotel room,570,1,333,0,,
1694988016643246401,Romantic Portland Getaway | Pet Friendly | Parking,Goose Hollow,45.521,-122.68776,Hotel room,162,1,355,0,,
1694991181444995676,2 Elegant Units | Parking | Pets Allowed,Goose Hollow,45.5209961,-122.6877564,Hotel room,325,1,355,0,,
1695179595331929812,The Bird House: A Boho-Chic Retreat,Lents,45.47845658472771,-122.57787466065614,Private room,92,1,357,2,2,2026-06-03
1695878690602283052,Upscale Pearl District Apt. with Rooftop!,Pearl,45.5263267,-122.686082,Entire home/apt,332,3,10,0,,
1696409662652445509,3 Pet-friendly Units Near Providence Park - 0.2 mi,Goose Hollow,45.521,-122.68776,Hotel room,487,1,354,0,,
1696410384084842182,Chic Boutique Stay | 4 Units Near Providence Park,Goose Hollow,45.521,-122.68776,Hotel room,650,1,354,0,,
1696420624608679372,Vintage Boutique Stay | Pet-Friendly | Parking,Goose Hollow,45.521,-122.68776,Hotel room,152,1,341,0,,
1696420635294956862,Family Getaway | 2 Chic Units | Pets Allowed,Goose Hollow,45.521,-122.68776,Hotel room,304,1,334,0,,
1697270003809190033,Ainsworth Retreat | Ensuite Baths,Concordia,45.5666033,-122.634621,Entire home/apt,129,30,243,0,,
1697327025903489034,Ainsworth Retreat | Ensuite Baths,Concordia,45.5665166,-122.6345356,Entire home/apt,129,30,328,0,,
1697420888619155618,Walkable North Portland Home Near Peninsula Park,Piedmont,45.57016,-122.67009,Entire home/apt,133,30,364,0,,
1699490448716831181,Street level suite just steps from Mississippi Ave,Boise,45.5506655,-122.6737059,Entire home/apt,106,30,227,0,,
1699934038971362532,"McMenamins Crystal Hotel (Shared Bathroom), Que...",Portland Downtown,45.52279,-122.68343,Private room,139,1,201,1,1,2026-06-06
1700121383135771536,Private Room | Shared Bath & Common Areas,Beaumont-Wilshire,45.54770947983343,-122.61651830004313,Private room,92,1,365,0,,
1700445229329112021,Riverfront Retreat,Hayden Island,45.608339,-122.67444,Entire home/apt,164,30,365,0,,
1701169017709429063,The Fremont Studio,Roseway,45.54776340195028,-122.5945492423279,Entire home/apt,217,1,30,0,,
1704530711213232150,Charming SE Portland Home | Yard · Fireplace · WFH,Mt. Scott-Arleta,45.4871033,-122.5967278,Entire home/apt,159,30,290,0,,
1704583376508998154,2 Bedroom Apartment in Multnomah Village,Multnomah,45.457083996179875,-122.71834217969949,Entire home/apt,135,1,64,0,,
1705460183920569450,"Cute, Colorful NE Home",Rose City Park,45.534817,-122.601941,Entire home/apt,269,2,312,0,,
1706084389207999666,Cozy Victorian House - Walk to Ladd’s + Top Eats,Hosford-Abernethy,45.50798,-122.65371,Entire home/apt,362,1,61,0,,
1706636109554811057,"City Apartment | Gym, WiFi & Parking",Pearl,45.5297424,-122.6812868,Entire home/apt,284,1,293,0,,
1706657027669928874,Modern City Apt | Gym & Parking,Pearl,45.5297424,-122.6812868,Entire home/apt,383,1,301,0,,
1706659813624701878,"Portland Apt | Gym, Parking & Wi-Fi",Pearl,45.5297424,-122.6812868,Entire home/apt,599,1,361,0,,
1706663215979871227,"Modern Apt | Gym, Free Parking & WiFi",Pearl,45.5297424,-122.6812868,Private room,250,1,361,0,,
1706666329492113641,Portland Stay | Gym & Free Parking,Pearl,45.5297424,-122.6812868,Entire home/apt,379,1,361,0,,
1706716644566588929,Bright Open Studio Apartment with Gym & Parking,Pearl,45.5297345,-122.681188,Entire home/apt,162,1,285,0,,
1706727187738892710,Stylish Open Layout Apartment w/ Gym & Parking,Pearl,45.5297345,-122.681188,Entire home/apt,202,1,363,0,,
1706987633698186241,West Hills Peacock Room,Hillsdale,45.48082,-122.69983,Private room,39,30,310,0,,
