state,state_name,county,metro,fmr_0br_median,fmr_0br_max,fmr_1br_median,fmr_1br_max,fmr_2br_median,fmr_2br_max,fmr_3br_median,fmr_3br_max,fmr_4br_median,fmr_4br_max,area_rows
AK,Alaska,Aleutians East Borough,nonmetro,993,993,1263,1263,1385,1385,1661,1661,2281,2281,1
AK,Alaska,Aleutians West Census Area,nonmetro,1571,1571,1670,1670,2191,2191,2652,2652,2901,2901,1
AK,Alaska,Anchorage Municipality,metro,1152,1152,1243,1243,1631,1631,2268,2268,2736,2736,1
AK,Alaska,Bethel Census Area,nonmetro,1688,1688,1719,1719,1938,1938,2324,2324,2566,2566,1
AK,Alaska,Bristol Bay Borough,nonmetro,891,891,1134,1134,1243,1243,1729,1729,2047,2047,1
AK,Alaska,Chugach Census Area,nonmetro,1038,1038,1374,1374,1506,1506,2094,2094,2526,2526,1
AK,Alaska,Copper River Census Area,nonmetro,810,810,930,930,1130,1130,1572,1572,1896,1896,1
AK,Alaska,Denali Borough,nonmetro,851,851,935,935,1187,1187,1651,1651,1955,1955,1
AK,Alaska,Dillingham Census Area,nonmetro,894,894,1138,1138,1247,1247,1734,1734,2054,2054,1
AK,Alaska,Fairbanks North Star Borough,metro,1156,1156,1277,1277,1676,1676,2331,2331,2812,2812,1
AK,Alaska,Haines Borough,nonmetro,945,945,1033,1033,1321,1321,1771,1771,2088,2088,1
AK,Alaska,Hoonah-Angoon Census Area,nonmetro,1007,1007,1113,1113,1460,1460,1751,1751,1933,1933,1
AK,Alaska,Juneau City and Borough,nonmetro,1212,1212,1340,1340,1758,1758,2368,2368,2679,2679,1
AK,Alaska,Kenai Peninsula Borough,nonmetro,993,993,1000,1000,1312,1312,1825,1825,2201,2201,1
AK,Alaska,Ketchikan Gateway Borough,nonmetro,1120,1120,1238,1238,1625,1625,2260,2260,2726,2726,1
AK,Alaska,Kodiak Island Borough,nonmetro,1431,1431,1581,1581,2075,2075,2488,2488,2747,2747,1
AK,Alaska,Kusilvak Census Area,nonmetro,698,698,767,767,973,973,1353,1353,1602,1602,1
AK,Alaska,Lake and Peninsula Borough,nonmetro,739,739,894,894,1030,1030,1391,1391,1596,1596,1
AK,Alaska,Matanuska-Susitna Borough,metro,1015,1015,1049,1049,1376,1376,1914,1914,2308,2308,1
AK,Alaska,Nome Census Area,nonmetro,1227,1227,1334,1334,1533,1533,2132,2132,2525,2525,1
AK,Alaska,North Slope Borough,nonmetro,1115,1115,1239,1239,1625,1625,1958,1958,2664,2664,1
AK,Alaska,Northwest Arctic Borough,nonmetro,1331,1331,1471,1471,1930,1930,2547,2547,2676,2676,1
AK,Alaska,Petersburg Borough,nonmetro,1049,1049,1211,1211,1463,1463,1754,1754,2022,2022,1
AK,Alaska,Prince of Wales-Hyder Census Area,nonmetro,827,827,1030,1030,1153,1153,1464,1464,1899,1899,1
AK,Alaska,Sitka City and Borough,nonmetro,1099,1099,1350,1350,1566,1566,2178,2178,2627,2627,1
AK,Alaska,Skagway Municipality,nonmetro,1133,1133,1253,1253,1644,1644,2245,2245,2708,2708,1
AK,Alaska,Southeast Fairbanks Census Area,nonmetro,942,942,1198,1198,1313,1313,1826,1826,2162,2162,1
AK,Alaska,Wrangell City and Borough,nonmetro,921,921,928,928,1217,1217,1682,1682,2042,2042,1
AK,Alaska,Yakutat City and Borough,nonmetro,995,995,1094,1094,1388,1388,1753,1753,2286,2286,1
AK,Alaska,Yukon-Koyukuk Census Area,nonmetro,981,981,1019,1019,1126,1126,1566,1566,1854,1854,1
AL,Alabama,Autauga County,metro,860,860,870,870,1016,1016,1304,1304,1537,1537,1
AL,Alabama,Baldwin County,metro,1094,1094,1200,1200,1345,1345,1692,1692,2171,2171,1
AL,Alabama,Barbour County,nonmetro,576,576,693,693,776,776,1017,1017,1068,1068,1
AL,Alabama,Bibb County,metro,1024,1024,1155,1155,1266,1266,1583,1583,1801,1801,1
AL,Alabama,Blount County,metro,1024,1024,1155,1155,1266,1266,1583,1583,1801,1801,1
AL,Alabama,Bullock County,nonmetro,576,576,708,708,776,776,930,930,1302,1302,1
AL,Alabama,Butler County,nonmetro,622,622,638,638,837,837,1004,1004,1139,1139,1
AL,Alabama,Calhoun County,metro,753,753,757,757,962,962,1300,1300,1361,1361,1
AL,Alabama,Chambers County,nonmetro,691,691,770,770,1002,1002,1265,1265,1327,1327,1
AL,Alabama,Cherokee County,nonmetro,627,627,682,682,844,844,1012,1012,1259,1259,1
AL,Alabama,Chilton County,metro,734,734,739,739,970,970,1274,1274,1448,1448,1
AL,Alabama,Choctaw County,nonmetro,578,578,616,616,778,778,1024,1024,1179,1179,1
AL,Alabama,Clarke County,nonmetro,588,588,603,603,791,791,1034,1034,1261,1261,1
AL,Alabama,Clay County,nonmetro,576,576,591,591,776,776,1024,1024,1027,1027,1
AL,Alabama,Cleburne County,nonmetro,644,644,687,687,867,867,1082,1082,1148,1148,1
AL,Alabama,Coffee County,nonmetro,693,693,711,711,933,933,1298,1298,1383,1383,1
AL,Alabama,Colbert County,metro,698,698,775,775,1000,1000,1242,1242,1409,1409,1
AL,Alabama,Conecuh County,nonmetro,576,576,615,615,776,776,1079,1079,1157,1157,1
AL,Alabama,Coosa County,nonmetro,576,576,615,615,776,776,1079,1079,1157,1157,1
AL,Alabama,Covington County,nonmetro,576,576,591,591,776,776,999,999,1302,1302,1
AL,Alabama,Crenshaw County,nonmetro,588,588,591,591,776,776,930,930,1027,1027,1
AL,Alabama,Cullman County,nonmetro,666,666,670,670,879,879,1137,1137,1381,1381,1
AL,Alabama,Dale County,nonmetro,603,603,690,690,776,776,1079,1079,1302,1302,1
AL,Alabama,Dallas County,nonmetro,620,620,637,637,836,836,1103,1103,1107,1107,1
AL,Alabama,DeKalb County,nonmetro,576,576,591,591,776,776,992,992,1302,1302,1
AL,Alabama,Elmore County,metro,860,860,870,870,1016,1016,1304,1304,1537,1537,1
AL,Alabama,Escambia County,nonmetro,576,576,675,675,776,776,972,972,1203,1203,1
AL,Alabama,Etowah County,metro,639,639,792,792,927,927,1124,1124,1304,1304,1
AL,Alabama,Fayette County,nonmetro,576,576,671,671,776,776,1079,1079,1157,1157,1
AL,Alabama,Franklin County,nonmetro,576,576,704,704,776,776,976,976,1071,1071,1
AL,Alabama,Geneva County,metro,757,757,762,762,950,950,1288,1288,1428,1428,1
AL,Alabama,Greene County,metro,863,863,869,869,1140,1140,1367,1367,1509,1509,1
AL,Alabama,Hale County,metro,966,966,972,972,1169,1169,1490,1490,1548,1548,1
AL,Alabama,Henry County,metro,665,665,669,669,878,878,1078,1078,1217,1217,1
AL,Alabama,Houston County,metro,757,757,762,762,950,950,1288,1288,1428,1428,1
AL,Alabama,Jackson County,nonmetro,576,576,643,643,776,776,1004,1004,1234,1234,1
AL,Alabama,Jefferson County,metro,1024,1024,1155,1155,1266,1266,1583,1583,1801,1801,1
AL,Alabama,Lamar County,nonmetro,618,618,636,636,776,776,1024,1024,1040,1040,1
AL,Alabama,Lauderdale County,metro,698,698,775,775,1000,1000,1242,1242,1409,1409,1
AL,Alabama,Lawrence County,metro,755,755,776,776,961,961,1262,1262,1550,1550,1
AL,Alabama,Lee County,metro,847,847,1077,1077,1181,1181,1494,1494,1699,1699,1
AL,Alabama,Limestone County,metro,1030,1030,1136,1136,1310,1310,1690,1690,2109,2109,1
AL,Alabama,Lowndes County,metro,860,860,870,870,1016,1016,1304,1304,1537,1537,1
AL,Alabama,Macon County,metro,720,720,758,758,995,995,1222,1222,1501,1501,1
AL,Alabama,Madison County,metro,1030,1030,1136,1136,1310,1310,1690,1690,2109,2109,1
AL,Alabama,Marengo County,nonmetro,582,582,693,693,783,783,1018,1018,1187,1187,1
AL,Alabama,Marion County,nonmetro,535,535,591,591,776,776,1039,1039,1302,1302,1
AL,Alabama,Marshall County,nonmetro,588,588,591,591,776,776,1069,1069,1073,1073,1
AL,Alabama,Mobile County,metro,854,854,919,919,1083,1083,1414,1414,1445,1445,1
AL,Alabama,Monroe County,nonmetro,576,576,619,619,776,776,1079,1079,1254,1254,1
AL,Alabama,Montgomery County,metro,860,860,870,870,1016,1016,1304,1304,1537,1537,1
AL,Alabama,Morgan County,metro,755,755,776,776,961,961,1262,1262,1550,1550,1
AL,Alabama,Perry County,nonmetro,596,596,636,636,803,803,963,963,1198,1198,1
AL,Alabama,Pickens County,metro,588,588,591,591,776,776,994,994,1290,1290,1
AL,Alabama,Pike County,nonmetro,677,677,695,695,912,912,1093,1093,1208,1208,1
AL,Alabama,Randolph County,nonmetro,536,536,634,634,778,778,980,980,1126,1126,1
AL,Alabama,Russell County,metro,895,895,939,939,1088,1088,1445,1445,1703,1703,1
AL,Alabama,Shelby County,metro,1024,1024,1155,1155,1266,1266,1583,1583,1801,1801,1
AL,Alabama,St. Clair County,metro,1024,1024,1155,1155,1266,1266,1583,1583,1801,1801,1
AL,Alabama,Sumter County,nonmetro,619,619,642,642,827,827,1107,1107,1193,1193,1
AL,Alabama,Talladega County,nonmetro,561,561,682,682,814,814,1107,1107,1112,1112,1
AL,Alabama,Tallapoosa County,nonmetro,637,637,663,663,857,857,1030,1030,1216,1216,1
AL,Alabama,Tuscaloosa County,metro,966,966,972,972,1169,1169,1490,1490,1548,1548,1
AL,Alabama,Walker County,metro,644,644,724,724,886,886,1232,1232,1481,1481,1
AL,Alabama,Washington County,nonmetro,729,729,818,818,983,983,1292,1292,1314,1314,1
AL,Alabama,Wilcox County,nonmetro,632,632,656,656,843,843,1079,1079,1261,1261,1
AL,Alabama,Winston County,nonmetro,576,576,631,631,776,776,1070,1070,1150,1150,1
AR,Arkansas,Arkansas County,nonmetro,670,670,703,703,922,922,1159,1159,1547,1547,1
AR,Arkansas,Ashley County,nonmetro,666,666,671,671,880,880,1055,1055,1476,1476,1
AR,Arkansas,Baxter County,nonmetro,730,730,735,735,964,964,1274,1274,1276,1276,1
AR,Arkansas,Benton County,metro,1007,1007,1115,1115,1347,1347,1873,1873,2213,2213,1
AR,Arkansas,Boone County,nonmetro,607,607,671,671,880,880,1224,1224,1343,1343,1
AR,Arkansas,Bradley County,nonmetro,630,630,710,710,880,880,1212,1212,1476,1476,1
AR,Arkansas,Calhoun County,nonmetro,724,724,771,771,1011,1011,1212,1212,1425,1425,1
AR,Arkansas,Carroll County,nonmetro,658,658,742,742,954,954,1144,1144,1345,1345,1
AR,Arkansas,Chicot County,nonmetro,630,630,671,671,880,880,1150,1150,1282,1282,1
AR,Arkansas,Clark County,nonmetro,730,730,731,731,880,880,1221,1221,1356,1356,1
AR,Arkansas,Clay County,nonmetro,658,658,671,671,880,880,1191,1191,1240,1240,1
AR,Arkansas,Cleburne County,nonmetro,684,684,735,735,955,955,1228,1228,1295,1295,1
AR,Arkansas,Cleveland County,nonmetro,630,630,671,671,880,880,1055,1055,1240,1240,1
AR,Arkansas,Columbia County,nonmetro,647,647,688,688,903,903,1191,1191,1196,1196,1
AR,Arkansas,Conway County,nonmetro,607,607,671,671,880,880,1224,1224,1448,1448,1
AR,Arkansas,Craighead County,metro,805,805,870,870,1040,1040,1402,1402,1480,1480,1
AR,Arkansas,Crawford County,metro,683,683,714,714,937,937,1266,1266,1532,1532,1
AR,Arkansas,Crittenden County,metro,1060,1060,1154,1154,1274,1274,1683,1683,1959,1959,1
AR,Arkansas,Cross County,nonmetro,630,630,671,671,880,880,1224,1224,1476,1476,1
AR,Arkansas,Dallas County,nonmetro,630,630,671,671,880,880,1207,1207,1240,1240,1
AR,Arkansas,Desha County,nonmetro,630,630,671,671,880,880,1208,1208,1476,1476,1
AR,Arkansas,Drew County,nonmetro,664,664,706,706,927,927,1224,1224,1227,1227,1
AR,Arkansas,Faulkner County,metro,984,984,989,989,1147,1147,1540,1540,1822,1822,1
AR,Arkansas,Franklin County,nonmetro,666,666,671,671,880,880,1094,1094,1476,1476,1
AR,Arkansas,Fulton County,nonmetro,630,630,746,746,880,880,1145,1145,1321,1321,1
AR,Arkansas,Garland County,metro,829,829,834,834,1090,1090,1393,1393,1670,1670,1
AR,Arkansas,Grant County,metro,795,795,800,800,968,968,1226,1226,1539,1539,1
AR,Arkansas,Greene County,nonmetro,648,648,772,772,905,905,1259,1259,1492,1492,1
AR,Arkansas,Hempstead County,nonmetro,650,650,692,692,908,908,1188,1188,1404,1404,1
AR,Arkansas,Hot Spring County,nonmetro,613,613,671,671,880,880,1155,1155,1282,1282,1
AR,Arkansas,Howard County,nonmetro,632,632,673,673,883,883,1059,1059,1272,1272,1
AR,Arkansas,Independence County,nonmetro,684,684,688,688,891,891,1175,1175,1180,1180,1
AR,Arkansas,Izard County,nonmetro,630,630,715,715,880,880,1202,1202,1476,1476,1
AR,Arkansas,Jackson County,nonmetro,630,630,671,671,880,880,1055,1055,1165,1165,1
AR,Arkansas,Jefferson County,nonmetro,697,697,728,728,937,937,1224,1224,1241,1241,1
AR,Arkansas,Johnson County,nonmetro,633,633,674,674,884,884,1083,1083,1246,1246,1
AR,Arkansas,Lafayette County,nonmetro,630,630,671,671,880,880,1055,1055,1240,1240,1
AR,Arkansas,Lawrence County,nonmetro,630,630,671,671,880,880,1089,1089,1375,1375,1
AR,Arkansas,Lee County,nonmetro,630,630,671,671,880,880,1224,1224,1240,1240,1
AR,Arkansas,Lincoln County,nonmetro,630,630,671,671,880,880,1224,1224,1240,1240,1
AR,Arkansas,Little River County,metro,666,666,671,671,880,880,1166,1166,1170,1170,1
AR,Arkansas,Logan County,nonmetro,607,607,803,803,880,880,1224,1224,1362,1362,1
AR,Arkansas,Lonoke County,metro,984,984,989,989,1147,1147,1540,1540,1822,1822,1
AR,Arkansas,Madison County,metro,1007,1007,1115,1115,1347,1347,1873,1873,2213,2213,1
AR,Arkansas,Marion County,nonmetro,650,650,692,692,908,908,1132,1132,1280,1280,1
AR,Arkansas,Miller County,metro,859,859,868,868,1101,1101,1369,1369,1657,1657,1
AR,Arkansas,Mississippi County,nonmetro,624,624,671,671,880,880,1161,1161,1165,1165,1
AR,Arkansas,Monroe County,nonmetro,660,660,671,671,880,880,1055,1055,1240,1240,1
AR,Arkansas,Montgomery County,nonmetro,630,630,803,803,880,880,1096,1096,1240,1240,1
AR,Arkansas,Nevada County,nonmetro,652,652,694,694,911,911,1092,1092,1284,1284,1
AR,Arkansas,Newton County,nonmetro,614,614,803,803,880,880,1055,1055,1476,1476,1
AR,Arkansas,Ouachita County,nonmetro,630,630,694,694,880,880,1133,1133,1240,1240,1
AR,Arkansas,Perry County,metro,984,984,989,989,1147,1147,1540,1540,1822,1822,1
AR,Arkansas,Phillips County,nonmetro,630,630,671,671,880,880,1224,1224,1407,1407,1
AR,Arkansas,Pike County,nonmetro,630,630,803,803,880,880,1224,1224,1274,1274,1
AR,Arkansas,Poinsett County,metro,681,681,685,685,880,880,1161,1161,1165,1165,1
AR,Arkansas,Polk County,nonmetro,642,642,703,703,897,897,1076,1076,1188,1188,1
AR,Arkansas,Pope County,nonmetro,647,647,715,715,938,938,1254,1254,1258,1258,1
AR,Arkansas,Prairie County,nonmetro,630,630,671,671,880,880,1150,1150,1240,1240,1
AR,Arkansas,Pulaski County,metro,984,984,989,989,1147,1147,1540,1540,1822,1822,1
AR,Arkansas,Randolph County,nonmetro,630,630,681,681,880,880,1224,1224,1282,1282,1
AR,Arkansas,Saline County,metro,984,984,989,989,1147,1147,1540,1540,1822,1822,1
AR,Arkansas,Scott County,nonmetro,630,630,671,671,880,880,1159,1159,1240,1240,1
AR,Arkansas,Searcy County,nonmetro,630,630,671,671,880,880,1224,1224,1240,1240,1
AR,Arkansas,Sebastian County,metro,683,683,714,714,937,937,1266,1266,1532,1532,1
AR,Arkansas,Sevier County,nonmetro,666,666,671,671,880,880,1097,1097,1210,1210,1
AR,Arkansas,Sharp County,nonmetro,659,659,671,671,880,880,1224,1224,1432,1432,1
AR,Arkansas,St. Francis County,nonmetro,661,661,703,703,923,923,1161,1161,1310,1310,1
AR,Arkansas,Stone County,nonmetro,651,651,693,693,909,909,1264,1264,1281,1281,1
AR,Arkansas,Union County,nonmetro,714,714,718,718,923,923,1111,1111,1301,1301,1
AR,Arkansas,Van Buren County,nonmetro,630,630,671,671,880,880,1186,1186,1240,1240,1
AR,Arkansas,Washington County,metro,1007,1007,1115,1115,1347,1347,1873,1873,2213,2213,1
AR,Arkansas,White County,nonmetro,630,630,734,734,880,880,1149,1149,1165,1165,1
AR,Arkansas,Woodruff County,nonmetro,630,630,803,803,880,880,1157,1157,1240,1240,1
AR,Arkansas,Yell County,nonmetro,687,687,692,692,880,880,1224,1224,1358,1358,1
AS,American Samoa,American Samoa,nonmetro,690,690,700,700,919,919,1278,1278,1542,1542,1
AZ,Arizona,Apache County,nonmetro,810,810,903,903,1175,1175,1599,1599,1828,1828,1
AZ,Arizona,Cochise County,metro,887,887,1111,1111,1257,1257,1748,1748,2109,2109,1
AZ,Arizona,Coconino County,metro,1597,1597,1727,1727,1921,1921,2343,2343,2568,2568,1
AZ,Arizona,Gila County,nonmetro,1120,1120,1127,1127,1479,1479,1871,1871,2170,2170,1
AZ,Arizona,Graham County,nonmetro,887,887,991,991,1244,1244,1669,1669,2087,2087,1
AZ,Arizona,Greenlee County,nonmetro,798,798,970,970,1158,1158,1388,1388,1738,1738,1
AZ,Arizona,La Paz County,nonmetro,873,873,879,879,1153,1153,1604,1604,1934,1934,1
AZ,Arizona,Maricopa County,metro,1457,1457,1583,1583,1839,1839,2452,2452,2720,2720,1
AZ,Arizona,Mohave County,metro,1053,1053,1060,1060,1365,1365,1897,1897,2090,2090,1
AZ,Arizona,Navajo County,nonmetro,937,937,1026,1026,1309,1309,1622,1622,1733,1733,1
AZ,Arizona,Pima County,metro,967,967,1081,1081,1402,1402,1950,1950,2245,2245,1
AZ,Arizona,Pinal County,metro,1457,1457,1583,1583,1839,1839,2452,2452,2720,2720,1
AZ,Arizona,Santa Cruz County,nonmetro,778,778,860,860,1129,1129,1570,1570,1615,1615,1
AZ,Arizona,Yavapai County,metro,1129,1129,1309,1309,1637,1637,2277,2277,2497,2497,1
AZ,Arizona,Yuma County,metro,1046,1046,1053,1053,1382,1382,1892,1892,2318,2318,1
CA,California,Alameda County,metro,2142,2142,2385,2385,2912,2912,3724,3724,4413,4413,1
CA,California,Alpine County,nonmetro,1068,1068,1165,1165,1529,1529,2126,2126,2527,2527,1
CA,California,Amador County,nonmetro,1387,1387,1396,1396,1698,1698,2220,2220,2714,2714,1
CA,California,Butte County,metro,1155,1155,1270,1270,1625,1625,2260,2260,2726,2726,1
CA,California,Calaveras County,nonmetro,1078,1078,1175,1175,1542,1542,2145,2145,2316,2316,1
CA,California,Colusa County,nonmetro,989,989,995,995,1306,1306,1723,1723,1729,1729,1
CA,California,Contra Costa County,metro,2142,2142,2385,2385,2912,2912,3724,3724,4413,4413,1
CA,California,Del Norte County,nonmetro,957,957,1222,1222,1370,1370,1905,1905,2277,2277,1
CA,California,El Dorado County,metro,1748,1748,1832,1832,2255,2255,3002,3002,3460,3460,1
CA,California,Fresno County,metro,1347,1347,1355,1355,1664,1664,2314,2314,2660,2660,1
CA,California,Glenn County,nonmetro,939,939,1038,1038,1362,1362,1807,1807,2179,2179,1
CA,California,Humboldt County,nonmetro,1112,1112,1186,1186,1550,1550,2156,2156,2600,2600,1
CA,California,Imperial County,metro,939,939,1038,1038,1362,1362,1845,1845,2285,2285,1
CA,California,Inyo County,nonmetro,1058,1058,1381,1381,1514,1514,1940,1940,2540,2540,1
CA,California,Kern County,metro,1132,1132,1140,1140,1483,1483,2062,2062,2488,2488,1
CA,California,Kings County,metro,1150,1150,1157,1157,1469,1469,2043,2043,2451,2451,1
CA,California,Lake County,nonmetro,1173,1173,1181,1181,1549,1549,2154,2154,2599,2599,1
CA,California,Lassen County,nonmetro,882,882,1016,1016,1279,1279,1779,1779,2146,2146,1
CA,California,Los Angeles County,metro,2079,2079,2328,2328,2903,2903,3681,3681,4098,4098,1
CA,California,Madera County,metro,1055,1055,1062,1062,1376,1376,1914,1914,2275,2275,1
CA,California,Marin County,metro,2485,2485,2977,2977,3604,3604,4604,4604,4772,4772,1
CA,California,Mariposa County,nonmetro,1016,1016,1148,1148,1454,1454,2022,2022,2439,2439,1
CA,California,Mendocino County,nonmetro,1269,1269,1306,1306,1713,1713,2382,2382,2789,2789,1
CA,California,Merced County,metro,1116,1116,1213,1213,1503,1503,2067,2067,2503,2503,1
CA,California,Modoc County,nonmetro,774,774,883,883,1108,1108,1434,1434,1831,1831,1
CA,California,Mono County,nonmetro,1171,1171,1528,1528,1675,1675,2330,2330,2769,2769,1
CA,California,Monterey County,metro,2173,2173,2232,2232,2684,2684,3623,3623,3945,3945,1
CA,California,Napa County,metro,2286,2286,2526,2526,3315,3315,4222,4222,4942,4942,1
CA,California,Nevada County,nonmetro,1373,1373,1382,1382,1813,1813,2521,2521,3041,3041,1
CA,California,Orange County,metro,2682,2682,2746,2746,3236,3236,4393,4393,5246,5246,1
CA,California,Placer County,metro,1748,1748,1832,1832,2255,2255,3002,3002,3460,3460,1
CA,California,Plumas County,nonmetro,973,973,1075,1075,1411,1411,1962,1962,1995,1995,1
CA,California,Riverside County,metro,1692,1692,1777,1777,2201,2201,2912,2912,3514,3514,1
CA,California,Sacramento County,metro,1748,1748,1832,1832,2255,2255,3002,3002,3460,3460,1
CA,California,San Benito County,metro,2205,2205,2212,2212,2902,2902,3944,3944,4190,4190,1
CA,California,San Bernardino County,metro,1692,1692,1777,1777,2201,2201,2912,2912,3514,3514,1
CA,California,San Diego County,metro,2288,2288,2459,2459,3001,3001,3998,3998,4845,4845,1
CA,California,San Francisco County,metro,2485,2485,2977,2977,3604,3604,4604,4604,4772,4772,1
CA,California,San Joaquin County,metro,1288,1288,1395,1395,1742,1742,2423,2423,2922,2922,1
CA,California,San Luis Obispo County,metro,1842,1842,2036,2036,2671,2671,3584,3584,4105,4105,1
CA,California,San Mateo County,metro,2485,2485,2977,2977,3604,3604,4604,4604,4772,4772,1
CA,California,Santa Barbara County,metro,2459,2459,2746,2746,3124,3124,4075,4075,4647,4647,1
CA,California,Santa Clara County,metro,2621,2621,2982,2982,3483,3483,4602,4602,5010,5010,1
CA,California,Santa Cruz County,metro,3179,3179,3298,3298,4214,4214,5377,5377,5659,5659,1
CA,California,Shasta County,metro,1172,1172,1212,1212,1590,1590,2211,2211,2667,2667,1
CA,California,Sierra County,nonmetro,1068,1068,1165,1165,1529,1529,2126,2126,2527,2527,1
CA,California,Siskiyou County,nonmetro,962,962,969,969,1249,1249,1737,1737,1915,1915,1
CA,California,Solano County,metro,1567,1567,1705,1705,2178,2178,2911,2911,3297,3297,1
CA,California,Sonoma County,metro,1949,1949,2155,2155,2827,2827,3887,3887,4147,4147,1
CA,California,Stanislaus County,metro,1255,1255,1356,1356,1758,1758,2442,2442,2823,2823,1
CA,California,Sutter County,metro,1166,1166,1272,1272,1550,1550,2156,2156,2600,2600,1
CA,California,Tehama County,nonmetro,952,952,1038,1038,1362,1362,1865,1865,2285,2285,1
CA,California,Trinity County,nonmetro,829,829,916,916,1202,1202,1636,1636,1655,1655,1
CA,California,Tulare County,metro,1116,1116,1123,1123,1474,1474,2028,2028,2393,2393,1
CA,California,Tuolumne County,nonmetro,1096,1096,1257,1257,1589,1589,2078,2078,2666,2666,1
CA,California,Ventura County,metro,1998,1998,2250,2250,2693,2693,3652,3652,4240,4240,1
CA,California,Yolo County,metro,1604,1604,1615,1615,2104,2104,2917,2917,3178,3178,1
CA,California,Yuba County,metro,1166,1166,1272,1272,1550,1550,2156,2156,2600,2600,1
CO,Colorado,Adams County,metro,1643,1643,1754,1754,2089,2089,2734,2734,3049,3049,1
CO,Colorado,Alamosa County,nonmetro,766,766,833,833,999,999,1389,1389,1676,1676,1
CO,Colorado,Arapahoe County,metro,1643,1643,1754,1754,2089,2089,2734,2734,3049,3049,1
CO,Colorado,Archuleta County,nonmetro,1134,1134,1141,1141,1337,1337,1859,1859,2243,2243,1
CO,Colorado,Baca County,nonmetro,746,746,771,771,973,973,1353,1353,1525,1525,1
CO,Colorado,Bent County,nonmetro,772,772,777,777,1019,1019,1417,1417,1598,1598,1
CO,Colorado,Boulder County,metro,1553,1553,1795,1795,2124,2124,2820,2820,3239,3239,1
CO,Colorado,Broomfield County,metro,1643,1643,1754,1754,2089,2089,2734,2734,3049,3049,1
CO,Colorado,Chaffee County,nonmetro,1110,1110,1117,1117,1466,1466,2039,2039,2298,2298,1
CO,Colorado,Cheyenne County,nonmetro,790,790,796,796,1044,1044,1343,1343,1637,1637,1
CO,Colorado,Clear Creek County,metro,1643,1643,1754,1754,2089,2089,2734,2734,3049,3049,1
CO,Colorado,Conejos County,nonmetro,746,746,865,865,973,973,1332,1332,1336,1336,1
CO,Colorado,Costilla County,nonmetro,737,737,742,742,973,973,1353,1353,1525,1525,1
CO,Colorado,Crowley County,nonmetro,976,976,982,982,1289,1289,1546,1546,2021,2021,1
CO,Colorado,Custer County,nonmetro,853,853,856,856,1112,1112,1333,1333,1743,1743,1
CO,Colorado,Delta County,nonmetro,854,854,865,865,1114,1114,1537,1537,1869,1869,1
CO,Colorado,Denver County,metro,1643,1643,1754,1754,2089,2089,2734,2734,3049,3049,1
CO,Colorado,Dolores County,nonmetro,855,855,1017,1017,1115,1115,1423,1423,1748,1748,1
CO,Colorado,Douglas County,metro,1643,1643,1754,1754,2089,2089,2734,2734,3049,3049,1
CO,Colorado,Eagle County,nonmetro,1640,1640,1813,1813,2379,2379,2852,2852,3688,3688,1
CO,Colorado,El Paso County,metro,1196,1196,1464,1464,1735,1735,2413,2413,2744,2744,1
CO,Colorado,Elbert County,metro,1643,1643,1754,1754,2089,2089,2734,2734,3049,3049,1
CO,Colorado,Fremont County,nonmetro,942,942,948,948,1244,1244,1593,1593,1647,1647,1
CO,Colorado,Garfield County,nonmetro,1215,1215,1223,1223,1605,1605,2232,2232,2391,2391,1
CO,Colorado,Gilpin County,metro,1643,1643,1754,1754,2089,2089,2734,2734,3049,3049,1
CO,Colorado,Grand County,nonmetro,1107,1107,1318,1318,1475,1475,1769,1769,2474,2474,1
CO,Colorado,Gunnison County,nonmetro,1015,1015,1149,1149,1334,1334,1855,1855,2238,2238,1
CO,Colorado,Hinsdale County,nonmetro,867,867,873,873,1145,1145,1461,1461,1795,1795,1
CO,Colorado,Huerfano County,nonmetro,698,698,811,811,1013,1013,1215,1215,1588,1588,1
CO,Colorado,Jackson County,nonmetro,749,749,754,754,989,989,1262,1262,1551,1551,1
CO,Colorado,Jefferson County,metro,1643,1643,1754,1754,2089,2089,2734,2734,3049,3049,1
CO,Colorado,Kiowa County,nonmetro,868,868,873,873,1146,1146,1463,1463,1797,1797,1
CO,Colorado,Kit Carson County,nonmetro,828,828,833,833,1093,1093,1311,1311,1714,1714,1
CO,Colorado,La Plata County,nonmetro,1181,1181,1211,1211,1589,1589,1942,1942,2288,2288,1
CO,Colorado,Lake County,nonmetro,1017,1017,1024,1024,1343,1343,1714,1714,2106,2106,1
CO,Colorado,Larimer County,metro,1509,1509,1537,1537,1732,1732,2385,2385,2540,2540,1
CO,Colorado,Las Animas County,nonmetro,796,796,880,880,1155,1155,1425,1425,1529,1529,1
CO,Colorado,Lincoln County,nonmetro,769,769,774,774,1016,1016,1413,1413,1593,1593,1
CO,Colorado,Logan County,nonmetro,769,769,839,839,1101,1101,1452,1452,1458,1458,1
CO,Colorado,Mesa County,metro,881,881,986,986,1249,1249,1737,1737,2095,2095,1
CO,Colorado,Mineral County,nonmetro,1017,1017,1024,1024,1343,1343,1714,1714,2106,2106,1
CO,Colorado,Moffat County,nonmetro,881,881,887,887,1164,1164,1396,1396,1614,1614,1
CO,Colorado,Montezuma County,nonmetro,852,852,906,906,1180,1180,1569,1569,1850,1850,1
CO,Colorado,Montrose County,nonmetro,884,884,890,890,1168,1168,1624,1624,1959,1959,1
CO,Colorado,Morgan County,nonmetro,878,878,884,884,1160,1160,1606,1606,1824,1824,1
CO,Colorado,Otero County,nonmetro,737,737,742,742,973,973,1303,1303,1632,1632,1
CO,Colorado,Ouray County,nonmetro,1170,1170,1245,1245,1526,1526,2122,2122,2392,2392,1
CO,Colorado,Park County,metro,1643,1643,1754,1754,2089,2089,2734,2734,3049,3049,1
CO,Colorado,Phillips County,nonmetro,798,798,803,803,1054,1054,1345,1345,1652,1652,1
CO,Colorado,Pitkin County,nonmetro,1526,1526,2020,2020,2214,2214,2826,2826,3471,3471,1
CO,Colorado,Prowers County,nonmetro,746,746,888,888,973,973,1249,1249,1542,1542,1
CO,Colorado,Pueblo County,metro,875,875,967,967,1269,1269,1617,1617,1893,1893,1
CO,Colorado,Rio Blanco County,nonmetro,764,764,769,769,1009,1009,1285,1285,1582,1582,1
CO,Colorado,Rio Grande County,nonmetro,839,839,976,976,1094,1094,1312,1312,1715,1715,1
CO,Colorado,Routt County,nonmetro,1726,1726,1845,1845,2022,2022,2424,2424,3170,3170,1
CO,Colorado,Saguache County,nonmetro,748,748,797,797,975,975,1295,1295,1529,1529,1
CO,Colorado,San Juan County,nonmetro,945,945,1119,1119,1227,1227,1509,1509,1924,1924,1
CO,Colorado,San Miguel County,nonmetro,1245,1245,1254,1254,1645,1645,2288,2288,2579,2579,1
CO,Colorado,Sedgwick County,nonmetro,746,746,759,759,973,973,1167,1167,1525,1525,1
CO,Colorado,Summit County,nonmetro,1701,1701,1880,1880,2467,2467,2958,2958,3268,3268,1
CO,Colorado,Teller County,metro,1029,1029,1362,1362,1493,1493,2076,2076,2505,2505,1
CO,Colorado,Washington County,nonmetro,854,854,856,856,1114,1114,1336,1336,1475,1475,1
CO,Colorado,Weld County,metro,1171,1171,1238,1238,1563,1563,2174,2174,2590,2590,1
CO,Colorado,Yuma County,nonmetro,803,803,809,809,1061,1061,1361,1361,1405,1405,1
CT,Connecticut,Capitol Planning Region,metro,1286,1286,1477,1477,1865,1865,2236,2236,2537,2537,38
CT,Connecticut,Greater Bridgeport Planning Region,metro,1731,1731,2100,2100,2511,2511,3036,3036,3598,3598,6
CT,Connecticut,Lower Connecticut River Valley Planning Region,metro,1286,1286,1477,1477,1865,1865,2236,2236,2537,2539,17
CT,Connecticut,Naugatuck Valley Planning Region,metro,1246,1279,1445,1445,1788,1788,2210,2210,2608,2864,19
CT,Connecticut,Northeastern Connecticut Planning Region,nonmetro,1104,1104,1304,1304,1601,1601,2062,2062,2326,2451,16
CT,Connecticut,Northwest Hills Planning Region,nonmetro,1114,1114,1316,1316,1616,1616,2082,2082,2348,2348,21
CT,Connecticut,South Central Connecticut Planning Region,metro,1372,1372,1591,1591,1969,1969,2433,2433,2872,2872,15
CT,Connecticut,Southeastern Connecticut Planning Region,metro,1287,1287,1496,1496,1866,1866,2406,2406,2988,2988,19
CT,Connecticut,Western Connecticut Planning Region,metro,1731,1731,2100,2100,2511,2511,3036,3036,3598,3598,18
DC,District of Columbia,District of Columbia,metro,1953,1953,2015,2015,2246,2246,2835,2835,3332,3332,1
DE,Delaware,Kent County,metro,1158,1158,1165,1165,1470,1470,2044,2044,2285,2285,1
DE,Delaware,New Castle County,metro,1397,1397,1520,1520,1810,1810,2170,2170,2423,2423,1
DE,Delaware,Sussex County,nonmetro,1059,1059,1066,1066,1399,1399,1757,1757,2172,2172,1
FL,Florida,Alachua County,metro,1154,1154,1246,1246,1493,1493,1868,1868,1977,1977,1
FL,Florida,Baker County,metro,903,903,922,922,1103,1103,1512,1512,1708,1708,1
FL,Florida,Bay County,metro,1426,1426,1480,1480,1682,1682,2169,2169,2689,2689,1
FL,Florida,Bradford County,nonmetro,976,976,1022,1022,1120,1120,1433,1433,1879,1879,1
FL,Florida,Brevard County,metro,1266,1266,1478,1478,1709,1709,2330,2330,2645,2645,1
FL,Florida,Broward County,metro,1737,1737,1900,1900,2333,2333,3216,3216,3810,3810,1
FL,Florida,Calhoun County,nonmetro,848,848,888,888,973,973,1283,1283,1288,1288,1
FL,Florida,Charlotte County,metro,1159,1159,1167,1167,1470,1470,2041,2041,2326,2326,1
FL,Florida,Citrus County,metro,981,981,988,988,1225,1225,1704,1704,2016,2016,1
FL,Florida,Clay County,metro,1355,1355,1382,1382,1658,1658,2043,2043,2561,2561,1
FL,Florida,Collier County,metro,1396,1396,1797,1797,1986,1986,2581,2581,2805,2805,1
FL,Florida,Columbia County,nonmetro,990,990,1034,1034,1318,1318,1580,1580,1745,1745,1
FL,Florida,DeSoto County,nonmetro,1053,1053,1060,1060,1209,1209,1663,1663,1865,1865,1
FL,Florida,Dixie County,nonmetro,875,875,881,881,1156,1156,1525,1525,1531,1531,1
FL,Florida,Duval County,metro,1355,1355,1382,1382,1658,1658,2043,2043,2561,2561,1
FL,Florida,Escambia County,metro,1112,1112,1257,1257,1471,1471,1952,1952,2380,2380,1
FL,Florida,Flagler County,metro,1278,1278,1433,1433,1806,1806,2468,2468,2797,2797,1
FL,Florida,Franklin County,nonmetro,1033,1033,1058,1058,1186,1186,1564,1564,1570,1570,1
FL,Florida,Gadsden County,metro,1097,1097,1204,1204,1352,1352,1674,1674,1790,1790,1
FL,Florida,Gilchrist County,metro,1154,1154,1246,1246,1493,1493,1868,1868,1977,1977,1
FL,Florida,Glades County,nonmetro,1091,1091,1117,1117,1252,1252,1516,1516,1658,1658,1
FL,Florida,Gulf County,nonmetro,1289,1289,1297,1297,1702,1702,2041,2041,2253,2253,1
FL,Florida,Hamilton County,nonmetro,855,855,875,875,981,981,1294,1294,1299,1299,1
FL,Florida,Hardee County,nonmetro,1058,1058,1064,1064,1248,1248,1691,1691,2094,2094,1
FL,Florida,Hendry County,nonmetro,1071,1071,1077,1077,1271,1271,1567,1567,1875,1875,1
FL,Florida,Hernando County,metro,1593,1593,1696,1696,1977,1977,2527,2527,3077,3077,1
FL,Florida,Highlands County,metro,876,876,1006,1006,1271,1271,1538,1538,2017,2017,1
FL,Florida,Hillsborough County,metro,1593,1593,1696,1696,1977,1977,2527,2527,3077,3077,1
FL,Florida,Holmes County,nonmetro,939,939,983,983,1078,1078,1423,1423,1427,1427,1
FL,Florida,Indian River County,metro,1214,1214,1222,1222,1604,1604,1956,1956,2691,2691,1
FL,Florida,Jackson County,nonmetro,736,736,814,814,1068,1068,1404,1404,1414,1414,1
FL,Florida,Jefferson County,metro,1097,1097,1204,1204,1352,1352,1674,1674,1790,1790,1
FL,Florida,Lafayette County,nonmetro,1152,1152,1181,1181,1323,1323,1586,1586,1752,1752,1
FL,Florida,Lake County,metro,1650,1650,1731,1731,1972,1972,2476,2476,2924,2924,1
FL,Florida,Lee County,metro,1629,1629,1638,1638,1961,1961,2560,2560,2836,2836,1
FL,Florida,Leon County,metro,1097,1097,1204,1204,1352,1352,1674,1674,1790,1790,1
FL,Florida,Levy County,metro,735,735,831,831,974,974,1238,1238,1290,1290,1
FL,Florida,Liberty County,nonmetro,943,943,966,966,1083,1083,1488,1488,1817,1817,1
FL,Florida,Madison County,nonmetro,873,873,969,969,1086,1086,1400,1400,1543,1543,1
FL,Florida,Manatee County,metro,1418,1418,1686,1686,1958,1958,2537,2537,3027,3027,1
FL,Florida,Marion County,metro,1126,1126,1172,1172,1373,1373,1772,1772,1905,1905,1
FL,Florida,Martin County,metro,1455,1455,1467,1467,1757,1757,2421,2421,2579,2579,1
FL,Florida,Miami-Dade County,metro,1828,1828,1995,1995,2436,2436,3127,3127,3613,3613,1
FL,Florida,Monroe County,nonmetro,1726,1726,2211,2211,2504,2504,3303,3303,3315,3315,1
FL,Florida,Nassau County,metro,1355,1355,1382,1382,1658,1658,2043,2043,2561,2561,1
FL,Florida,Okaloosa County,metro,1362,1362,1581,1581,1785,1785,2448,2448,2979,2979,1
FL,Florida,Okeechobee County,nonmetro,1025,1025,1032,1032,1346,1346,1650,1650,1782,1782,1
FL,Florida,Orange County,metro,1650,1650,1731,1731,1972,1972,2476,2476,2924,2924,1
FL,Florida,Osceola County,metro,1650,1650,1731,1731,1972,1972,2476,2476,2924,2924,1
FL,Florida,Palm Beach County,metro,1788,1788,1901,1901,2254,2254,2920,2920,3388,3388,1
FL,Florida,Pasco County,metro,1593,1593,1696,1696,1977,1977,2527,2527,3077,3077,1
FL,Florida,Pinellas County,metro,1593,1593,1696,1696,1977,1977,2527,2527,3077,3077,1
FL,Florida,Polk County,metro,1226,1226,1230,1230,1497,1497,2023,2023,2511,2511,1
FL,Florida,Putnam County,nonmetro,874,874,880,880,1155,1155,1452,1452,1529,1529,1
FL,Florida,Santa Rosa County,metro,1112,1112,1257,1257,1471,1471,1952,1952,2380,2380,1
FL,Florida,Sarasota County,metro,1418,1418,1686,1686,1958,1958,2537,2537,3027,3027,1
FL,Florida,Seminole County,metro,1650,1650,1731,1731,1972,1972,2476,2476,2924,2924,1
FL,Florida,St. Johns County,metro,1355,1355,1382,1382,1658,1658,2043,2043,2561,2561,1
FL,Florida,St. Lucie County,metro,1455,1455,1467,1467,1757,1757,2421,2421,2579,2579,1
FL,Florida,Sumter County,metro,1076,1076,1139,1139,1328,1328,1655,1655,1937,1937,1
FL,Florida,Suwannee County,nonmetro,967,967,1013,1013,1110,1110,1484,1484,1573,1573,1
FL,Florida,Taylor County,nonmetro,887,887,908,908,1018,1018,1343,1343,1386,1386,1
FL,Florida,Union County,nonmetro,857,857,863,863,1132,1132,1421,1421,1499,1499,1
FL,Florida,Volusia County,metro,1205,1205,1385,1385,1700,1700,2241,2241,2429,2429,1
FL,Florida,Wakulla County,metro,979,979,1073,1073,1199,1199,1561,1561,1588,1588,1
FL,Florida,Walton County,metro,1058,1058,1244,1244,1364,1364,1897,1897,2288,2288,1
FL,Florida,Washington County,metro,866,866,928,928,1017,1017,1257,1257,1603,1603,1
GA,Georgia,Appling County,nonmetro,765,765,770,770,973,973,1313,1313,1608,1608,1
GA,Georgia,Atkinson County,nonmetro,755,755,760,760,973,973,1168,1168,1395,1395,1
GA,Georgia,Bacon County,nonmetro,765,765,770,770,973,973,1353,1353,1395,1395,1
GA,Georgia,Baker County,nonmetro,765,765,770,770,973,973,1353,1353,1395,1395,1
GA,Georgia,Baldwin County,nonmetro,783,783,894,894,1073,1073,1287,1287,1476,1476,1
GA,Georgia,Banks County,nonmetro,765,765,770,770,973,973,1217,1217,1395,1395,1
GA,Georgia,Barrow County,metro,1585,1585,1660,1660,1820,1820,2182,2182,2605,2605,1
GA,Georgia,Bartow County,metro,1585,1585,1660,1660,1820,1820,2182,2182,2605,2605,1
GA,Georgia,Ben Hill County,nonmetro,788,788,793,793,973,973,1167,1167,1395,1395,1
GA,Georgia,Berrien County,nonmetro,737,737,742,742,973,973,1353,1353,1632,1632,1
GA,Georgia,Bibb County,metro,1085,1085,1158,1158,1307,1307,1567,1567,1731,1731,1
GA,Georgia,Bleckley County,nonmetro,737,737,742,742,973,973,1266,1266,1395,1395,1
GA,Georgia,Brantley County,metro,1035,1035,1105,1105,1293,1293,1550,1550,1906,1906,1
GA,Georgia,Brooks County,metro,915,915,921,921,1192,1192,1583,1583,1915,1915,1
GA,Georgia,Bryan County,metro,1455,1455,1533,1533,1680,1680,2235,2235,2547,2547,1
GA,Georgia,Bulloch County,nonmetro,812,812,898,898,1178,1178,1433,1433,1560,1560,1
GA,Georgia,Burke County,metro,939,939,1114,1114,1261,1261,1627,1627,1984,1984,1
GA,Georgia,Butts County,metro,936,936,977,977,1075,1075,1427,1427,1803,1803,1
GA,Georgia,Calhoun County,nonmetro,765,765,770,770,973,973,1353,1353,1474,1474,1
GA,Georgia,Camden County,nonmetro,1043,1043,1117,1117,1225,1225,1704,1704,1997,1997,1
GA,Georgia,Candler County,nonmetro,765,765,770,770,973,973,1353,1353,1632,1632,1
GA,Georgia,Carroll County,metro,1585,1585,1660,1660,1820,1820,2182,2182,2605,2605,1
GA,Georgia,Catoosa County,metro,1211,1211,1263,1263,1390,1390,1734,1734,1853,1853,1
GA,Georgia,Charlton County,nonmetro,784,784,790,790,1036,1036,1242,1242,1485,1485,1
GA,Georgia,Chatham County,metro,1455,1455,1533,1533,1680,1680,2235,2235,2547,2547,1
GA,Georgia,Chattahoochee County,metro,895,895,939,939,1088,1088,1445,1445,1703,1703,1
GA,Georgia,Chattooga County,nonmetro,789,789,794,794,973,973,1353,1353,1632,1632,1
GA,Georgia,Cherokee County,metro,1585,1585,1660,1660,1820,1820,2182,2182,2605,2605,1
GA,Georgia,Clarke County,metro,1159,1159,1183,1183,1331,1331,1734,1734,1831,1831,1
GA,Georgia,Clay County,nonmetro,765,765,770,770,973,973,1217,1217,1395,1395,1
GA,Georgia,Clayton County,metro,1585,1585,1660,1660,1820,1820,2182,2182,2605,2605,1
GA,Georgia,Clinch County,nonmetro,765,765,770,770,973,973,1353,1353,1395,1395,1
GA,Georgia,Cobb County,metro,1585,1585,1660,1660,1820,1820,2182,2182,2605,2605,1
GA,Georgia,Coffee County,nonmetro,675,675,885,885,973,973,1275,1275,1610,1610,1
GA,Georgia,Colquitt County,nonmetro,737,737,742,742,973,973,1167,1167,1591,1591,1
GA,Georgia,Columbia County,metro,939,939,1114,1114,1261,1261,1627,1627,1984,1984,1
GA,Georgia,Cook County,nonmetro,765,765,770,770,973,973,1315,1315,1359,1359,1
GA,Georgia,Coweta County,metro,1585,1585,1660,1660,1820,1820,2182,2182,2605,2605,1
GA,Georgia,Crawford County,metro,1085,1085,1158,1158,1307,1307,1567,1567,1731,1731,1
GA,Georgia,Crisp County,nonmetro,780,780,785,785,973,973,1167,1167,1288,1288,1
GA,Georgia,Dade County,metro,1211,1211,1263,1263,1390,1390,1734,1734,1853,1853,1
GA,Georgia,Dawson County,metro,1585,1585,1660,1660,1820,1820,2182,2182,2605,2605,1
GA,Georgia,DeKalb County,metro,1585,1585,1660,1660,1820,1820,2182,2182,2605,2605,1
GA,Georgia,Decatur County,nonmetro,848,848,850,850,973,973,1287,1287,1288,1288,1
GA,Georgia,Dodge County,nonmetro,737,737,742,742,973,973,1167,1167,1288,1288,1
GA,Georgia,Dooly County,nonmetro,765,765,770,770,973,973,1283,1283,1288,1288,1
GA,Georgia,Dougherty County,metro,966,966,1006,1006,1129,1129,1534,1534,1858,1858,1
GA,Georgia,Douglas County,metro,1585,1585,1660,1660,1820,1820,2182,2182,2605,2605,1
GA,Georgia,Early County,nonmetro,782,782,888,888,973,973,1238,1238,1340,1340,1
GA,Georgia,Echols County,metro,915,915,921,921,1192,1192,1583,1583,1915,1915,1
GA,Georgia,Effingham County,metro,1455,1455,1533,1533,1680,1680,2235,2235,2547,2547,1
GA,Georgia,Elbert County,nonmetro,831,831,836,836,1074,1074,1288,1288,1422,1422,1
GA,Georgia,Emanuel County,nonmetro,828,828,888,888,973,973,1239,1239,1632,1632,1
GA,Georgia,Evans County,nonmetro,737,737,742,742,973,973,1167,1167,1288,1288,1
GA,Georgia,Fannin County,nonmetro,737,737,742,742,973,973,1323,1323,1328,1328,1
GA,Georgia,Fayette County,metro,1585,1585,1660,1660,1820,1820,2182,2182,2605,2605,1
GA,Georgia,Floyd County,metro,822,822,923,923,1192,1192,1541,1541,1626,1626,1
GA,Georgia,Forsyth County,metro,1585,1585,1660,1660,1820,1820,2182,2182,2605,2605,1
GA,Georgia,Franklin County,nonmetro,770,770,775,775,1017,1017,1219,1219,1458,1458,1
GA,Georgia,Fulton County,metro,1585,1585,1660,1660,1820,1820,2182,2182,2605,2605,1
GA,Georgia,Gilmer County,nonmetro,714,714,830,830,1036,1036,1357,1357,1738,1738,1
GA,Georgia,Glascock County,nonmetro,765,765,770,770,973,973,1217,1217,1395,1395,1
GA,Georgia,Glynn County,metro,1035,1035,1105,1105,1293,1293,1550,1550,1906,1906,1
GA,Georgia,Gordon County,nonmetro,703,703,833,833,1011,1011,1406,1406,1590,1590,1
GA,Georgia,Grady County,nonmetro,737,737,742,742,973,973,1343,1343,1490,1490,1
GA,Georgia,Greene County,nonmetro,803,803,808,808,973,973,1320,1320,1325,1325,1
GA,Georgia,Gwinnett County,metro,1585,1585,1660,1660,1820,1820,2182,2182,2605,2605,1
GA,Georgia,Habersham County,nonmetro,850,850,855,855,1018,1018,1357,1357,1363,1363,1
GA,Georgia,Hall County,metro,1177,1177,1381,1381,1514,1514,1834,1834,2127,2127,1
GA,Georgia,Hancock County,nonmetro,765,765,770,770,973,973,1252,1252,1632,1632,1
GA,Georgia,Haralson County,metro,838,838,844,844,1107,1107,1345,1345,1718,1718,1
GA,Georgia,Harris County,metro,895,895,939,939,1088,1088,1445,1445,1703,1703,1
GA,Georgia,Hart County,nonmetro,816,816,821,821,1042,1042,1249,1249,1494,1494,1
GA,Georgia,Heard County,metro,1585,1585,1660,1660,1820,1820,2182,2182,2605,2605,1
GA,Georgia,Henry County,metro,1585,1585,1660,1660,1820,1820,2182,2182,2605,2605,1
GA,Georgia,Houston County,metro,1106,1106,1221,1221,1362,1362,1821,1821,2148,2148,1
GA,Georgia,Irwin County,nonmetro,857,857,862,862,1089,1089,1306,1306,1561,1561,1
GA,Georgia,Jackson County,nonmetro,981,981,1004,1004,1153,1153,1483,1483,1934,1934,1
GA,Georgia,Jasper County,metro,1585,1585,1660,1660,1820,1820,2182,2182,2605,2605,1
GA,Georgia,Jeff Davis County,nonmetro,765,765,770,770,973,973,1167,1167,1417,1417,1
GA,Georgia,Jefferson County,nonmetro,788,788,793,793,973,973,1167,1167,1452,1452,1
GA,Georgia,Jenkins County,nonmetro,765,765,770,770,973,973,1353,1353,1395,1395,1
GA,Georgia,Johnson County,nonmetro,828,828,888,888,973,973,1181,1181,1395,1395,1
GA,Georgia,Jones County,metro,1085,1085,1158,1158,1307,1307,1567,1567,1731,1731,1
GA,Georgia,Lamar County,nonmetro,754,754,759,759,973,973,1353,1353,1476,1476,1
GA,Georgia,Lanier County,metro,915,915,921,921,1192,1192,1583,1583,1915,1915,1
GA,Georgia,Laurens County,nonmetro,671,671,742,742,973,973,1284,1284,1614,1614,1
GA,Georgia,Lee County,metro,966,966,1006,1006,1129,1129,1534,1534,1858,1858,1
GA,Georgia,Liberty County,metro,1225,1225,1283,1283,1406,1406,1868,1868,2359,2359,1
GA,Georgia,Lincoln County,metro,743,743,758,758,995,995,1305,1305,1317,1317,1
GA,Georgia,Long County,metro,987,987,1034,1034,1133,1133,1409,1409,1901,1901,1
GA,Georgia,Lowndes County,metro,915,915,921,921,1192,1192,1583,1583,1915,1915,1
GA,Georgia,Lumpkin County,metro,1085,1085,1136,1136,1245,1245,1577,1577,2089,2089,1
GA,Georgia,Macon County,nonmetro,737,737,742,742,973,973,1167,1167,1632,1632,1
GA,Georgia,Madison County,metro,1159,1159,1183,1183,1331,1331,1734,1734,1831,1831,1
GA,Georgia,Marion County,metro,895,895,939,939,1088,1088,1445,1445,1703,1703,1
GA,Georgia,McDuffie County,metro,939,939,1114,1114,1261,1261,1627,1627,1984,1984,1
GA,Georgia,McIntosh County,metro,1035,1035,1105,1105,1293,1293,1550,1550,1906,1906,1
GA,Georgia,Meriwether County,metro,758,758,763,763,1001,1001,1392,1392,1511,1511,1
GA,Georgia,Miller County,nonmetro,765,765,770,770,973,973,1353,1353,1407,1407,1
GA,Georgia,Mitchell County,nonmetro,828,828,888,888,973,973,1275,1275,1468,1468,1
GA,Georgia,Monroe County,metro,984,984,1048,1048,1174,1174,1408,1408,1662,1662,1
GA,Georgia,Montgomery County,nonmetro,737,737,742,742,973,973,1353,1353,1632,1632,1
GA,Georgia,Morgan County,metro,1256,1256,1315,1315,1442,1442,1729,1729,2419,2419,1
GA,Georgia,Murray County,metro,726,726,827,827,1009,1009,1403,1403,1687,1687,1
GA,Georgia,Muscogee County,metro,895,895,939,939,1088,1088,1445,1445,1703,1703,1
GA,Georgia,Newton County,metro,1585,1585,1660,1660,1820,1820,2182,2182,2605,2605,1
GA,Georgia,Oconee County,metro,1159,1159,1183,1183,1331,1331,1734,1734,1831,1831,1
GA,Georgia,Oglethorpe County,metro,1159,1159,1183,1183,1331,1331,1734,1734,1831,1831,1
GA,Georgia,Paulding County,metro,1585,1585,1660,1660,1820,1820,2182,2182,2605,2605,1
GA,Georgia,Peach County,metro,885,885,1030,1030,1129,1129,1466,1466,1495,1495,1
GA,Georgia,Pickens County,metro,1585,1585,1660,1660,1820,1820,2182,2182,2605,2605,1
GA,Georgia,Pierce County,nonmetro,789,789,794,794,1042,1042,1249,1249,1380,1380,1
GA,Georgia,Pike County,metro,1585,1585,1660,1660,1820,1820,2182,2182,2605,2605,1
GA,Georgia,Polk County,nonmetro,771,771,776,776,1018,1018,1290,1290,1348,1348,1
GA,Georgia,Pulaski County,nonmetro,854,854,858,858,1003,1003,1280,1280,1438,1438,1
GA,Georgia,Putnam County,nonmetro,892,892,898,898,1134,1134,1546,1546,1626,1626,1
GA,Georgia,Quitman County,nonmetro,765,765,770,770,973,973,1217,1217,1395,1395,1
GA,Georgia,Rabun County,nonmetro,770,770,851,851,1117,1117,1553,1553,1687,1687,1
GA,Georgia,Randolph County,nonmetro,778,778,783,783,1028,1028,1233,1233,1361,1361,1
GA,Georgia,Richmond County,metro,939,939,1114,1114,1261,1261,1627,1627,1984,1984,1
GA,Georgia,Rockdale County,metro,1585,1585,1660,1660,1820,1820,2182,2182,2605,2605,1
GA,Georgia,Schley County,nonmetro,765,765,770,770,973,973,1342,1342,1395,1395,1
GA,Georgia,Screven County,nonmetro,737,737,742,742,973,973,1222,1222,1395,1395,1
GA,Georgia,Seminole County,nonmetro,765,765,770,770,973,973,1347,1347,1395,1395,1
GA,Georgia,Spalding County,metro,1585,1585,1660,1660,1820,1820,2182,2182,2605,2605,1
GA,Georgia,Stephens County,nonmetro,762,762,767,767,1006,1006,1275,1275,1688,1688,1
GA,Georgia,Stewart County,metro,803,803,843,843,973,973,1293,1293,1351,1351,1
GA,Georgia,Sumter County,nonmetro,824,824,829,829,1088,1088,1305,1305,1441,1441,1
GA,Georgia,Talbot County,metro,803,803,843,843,973,973,1353,1353,1521,1521,1
GA,Georgia,Taliaferro County,nonmetro,765,765,770,770,973,973,1217,1217,1395,1395,1
GA,Georgia,Tattnall County,nonmetro,737,737,742,742,973,973,1167,1167,1632,1632,1
GA,Georgia,Taylor County,nonmetro,828,828,888,888,973,973,1353,1353,1395,1395,1
GA,Georgia,Telfair County,nonmetro,828,828,852,852,973,973,1215,1215,1288,1288,1
GA,Georgia,Terrell County,metro,966,966,1006,1006,1129,1129,1534,1534,1858,1858,1
GA,Georgia,Thomas County,nonmetro,1001,1001,1048,1048,1149,1149,1456,1456,1521,1521,1
GA,Georgia,Tift County,nonmetro,766,766,821,821,973,973,1174,1174,1462,1462,1
GA,Georgia,Toombs County,nonmetro,779,779,784,784,973,973,1293,1293,1297,1297,1
GA,Georgia,Towns County,nonmetro,828,828,888,888,973,973,1353,1353,1632,1632,1
GA,Georgia,Treutlen County,nonmetro,737,737,742,742,973,973,1167,1167,1395,1395,1
GA,Georgia,Troup County,nonmetro,805,805,947,947,1167,1167,1459,1459,1781,1781,1
GA,Georgia,Turner County,nonmetro,765,765,770,770,973,973,1283,1283,1288,1288,1
GA,Georgia,Twiggs County,metro,1085,1085,1158,1158,1307,1307,1567,1567,1731,1731,1
GA,Georgia,Union County,nonmetro,745,745,750,750,984,984,1360,1360,1651,1651,1
GA,Georgia,Upson County,nonmetro,828,828,888,888,973,973,1283,1283,1288,1288,1
GA,Georgia,Walker County,metro,1211,1211,1263,1263,1390,1390,1734,1734,1853,1853,1
GA,Georgia,Walton County,metro,1585,1585,1660,1660,1820,1820,2182,2182,2605,2605,1
GA,Georgia,Ware County,nonmetro,781,781,786,786,1031,1031,1236,1236,1617,1617,1
GA,Georgia,Warren County,nonmetro,765,765,770,770,973,973,1283,1283,1632,1632,1
GA,Georgia,Washington County,nonmetro,792,792,797,797,999,999,1198,1198,1329,1329,1
GA,Georgia,Wayne County,nonmetro,773,773,778,778,1021,1021,1224,1224,1574,1574,1
GA,Georgia,Webster County,nonmetro,765,765,770,770,973,973,1217,1217,1395,1395,1
GA,Georgia,Wheeler County,nonmetro,765,765,770,770,973,973,1167,1167,1395,1395,1
GA,Georgia,White County,nonmetro,942,942,948,948,1177,1177,1411,1411,1868,1868,1
GA,Georgia,Whitfield County,metro,776,776,899,899,1121,1121,1461,1461,1876,1876,1
GA,Georgia,Wilcox County,nonmetro,765,765,770,770,973,973,1235,1235,1632,1632,1
GA,Georgia,Wilkes County,nonmetro,765,765,770,770,973,973,1261,1261,1395,1395,1
GA,Georgia,Wilkinson County,nonmetro,765,765,770,770,973,973,1353,1353,1395,1395,1
GA,Georgia,Worth County,metro,966,966,1006,1006,1129,1129,1534,1534,1858,1858,1
GU,Guam,Guam,nonmetro,1100,1100,1211,1211,1589,1589,2226,2226,2668,2668,1
HI,Hawaii,Hawaii County,nonmetro,1592,1592,1603,1603,2076,2076,2622,2622,3024,3024,1
HI,Hawaii,Honolulu County,metro,1877,1877,2016,2016,2642,2642,3674,3674,4432,4432,1
HI,Hawaii,Kalawao County,metro,1801,1801,1899,1899,2492,2492,3227,3227,4024,4024,1
HI,Hawaii,Kauai County,nonmetro,1766,1766,1777,1777,2332,2332,2866,2866,3179,3179,1
HI,Hawaii,Maui County,metro,1896,1896,2000,2000,2624,2624,3398,3398,4236,4236,1
IA,Iowa,Adair County,nonmetro,687,687,706,706,926,926,1201,1201,1285,1285,1
IA,Iowa,Adams County,nonmetro,692,692,711,711,933,933,1217,1217,1235,1235,1
IA,Iowa,Allamakee County,nonmetro,682,682,754,754,919,919,1278,1278,1399,1399,1
IA,Iowa,Appanoose County,nonmetro,682,682,700,700,919,919,1102,1102,1306,1306,1
IA,Iowa,Audubon County,nonmetro,682,682,838,838,919,919,1160,1160,1423,1423,1
IA,Iowa,Benton County,metro,659,659,729,729,956,956,1209,1209,1348,1348,1
IA,Iowa,Black Hawk County,metro,725,725,801,801,1051,1051,1357,1357,1763,1763,1
IA,Iowa,Boone County,metro,783,783,788,788,1026,1026,1427,1427,1500,1500,1
IA,Iowa,Bremer County,metro,674,674,745,745,978,978,1290,1290,1295,1295,1
IA,Iowa,Buchanan County,nonmetro,713,713,718,718,942,942,1281,1281,1468,1468,1
IA,Iowa,Buena Vista County,nonmetro,765,765,770,770,1010,1010,1240,1240,1337,1337,1
IA,Iowa,Butler County,nonmetro,682,682,700,700,919,919,1102,1102,1367,1367,1
IA,Iowa,Calhoun County,nonmetro,682,682,736,736,919,919,1162,1162,1217,1217,1
IA,Iowa,Carroll County,nonmetro,775,775,788,788,919,919,1162,1162,1217,1217,1
IA,Iowa,Cass County,nonmetro,682,682,710,710,919,919,1278,1278,1496,1496,1
IA,Iowa,Cedar County,nonmetro,717,717,736,736,966,966,1259,1259,1279,1279,1
IA,Iowa,Cerro Gordo County,nonmetro,746,746,750,750,949,949,1226,1226,1446,1446,1
IA,Iowa,Cherokee County,nonmetro,682,682,811,811,919,919,1278,1278,1414,1414,1
IA,Iowa,Chickasaw County,nonmetro,682,682,778,778,919,919,1278,1278,1293,1293,1
IA,Iowa,Clarke County,nonmetro,682,682,803,803,919,919,1222,1222,1227,1227,1
IA,Iowa,Clay County,nonmetro,682,682,700,700,919,919,1198,1198,1217,1217,1
IA,Iowa,Clayton County,nonmetro,682,682,700,700,919,919,1127,1127,1304,1304,1
IA,Iowa,Clinton County,nonmetro,659,659,729,729,956,956,1184,1184,1507,1507,1
IA,Iowa,Crawford County,nonmetro,682,682,788,788,919,919,1212,1212,1451,1451,1
IA,Iowa,Dallas County,metro,1063,1063,1109,1109,1318,1318,1794,1794,1841,1841,1
IA,Iowa,Davis County,nonmetro,774,774,795,795,1043,1043,1251,1251,1392,1392,1
IA,Iowa,Decatur County,nonmetro,634,634,700,700,919,919,1102,1102,1542,1542,1
IA,Iowa,Delaware County,nonmetro,682,682,838,838,919,919,1102,1102,1227,1227,1
IA,Iowa,Des Moines County,nonmetro,733,733,810,810,1063,1063,1369,1369,1426,1426,1
IA,Iowa,Dickinson County,nonmetro,826,826,831,831,1091,1091,1314,1314,1445,1445,1
IA,Iowa,Dubuque County,metro,774,774,841,841,1077,1077,1450,1450,1807,1807,1
IA,Iowa,Emmet County,nonmetro,682,682,771,771,919,919,1222,1222,1227,1227,1
IA,Iowa,Fayette County,nonmetro,682,682,723,723,919,919,1210,1210,1439,1439,1
IA,Iowa,Floyd County,nonmetro,682,682,700,700,919,919,1192,1192,1217,1217,1
IA,Iowa,Franklin County,nonmetro,682,682,700,700,919,919,1168,1168,1542,1542,1
IA,Iowa,Fremont County,nonmetro,682,682,708,708,919,919,1278,1278,1379,1379,1
IA,Iowa,Greene County,nonmetro,682,682,700,700,919,919,1278,1278,1486,1486,1
IA,Iowa,Grundy County,metro,725,725,801,801,1051,1051,1357,1357,1763,1763,1
IA,Iowa,Guthrie County,metro,1063,1063,1109,1109,1318,1318,1794,1794,1841,1841,1
IA,Iowa,Hamilton County,nonmetro,738,738,791,791,994,994,1192,1192,1316,1316,1
IA,Iowa,Hancock County,nonmetro,682,682,745,745,919,919,1170,1170,1542,1542,1
IA,Iowa,Hardin County,nonmetro,682,682,700,700,919,919,1208,1208,1347,1347,1
IA,Iowa,Harrison County,metro,1090,1090,1148,1148,1368,1368,1813,1813,2046,2046,1
IA,Iowa,Henry County,nonmetro,647,647,716,716,939,939,1242,1242,1360,1360,1
IA,Iowa,Howard County,nonmetro,682,682,838,838,919,919,1278,1278,1476,1476,1
IA,Iowa,Humboldt County,nonmetro,682,682,798,798,919,919,1278,1278,1436,1436,1
IA,Iowa,Ida County,nonmetro,682,682,764,764,919,919,1102,1102,1217,1217,1
IA,Iowa,Iowa County,nonmetro,682,682,709,709,919,919,1278,1278,1452,1452,1
IA,Iowa,Jackson County,nonmetro,682,682,700,700,919,919,1178,1178,1217,1217,1
IA,Iowa,Jasper County,metro,784,784,789,789,1008,1008,1348,1348,1372,1372,1
IA,Iowa,Jefferson County,nonmetro,821,821,826,826,1084,1084,1300,1300,1435,1435,1
IA,Iowa,Johnson County,metro,880,880,961,961,1141,1141,1587,1587,1914,1914,1
IA,Iowa,Jones County,metro,634,634,711,711,919,919,1212,1212,1217,1217,1
IA,Iowa,Keokuk County,nonmetro,682,682,764,764,919,919,1178,1178,1227,1227,1
IA,Iowa,Kossuth County,nonmetro,682,682,700,700,919,919,1102,1102,1217,1217,1
IA,Iowa,Lee County,nonmetro,663,663,733,733,962,962,1270,1270,1330,1330,1
IA,Iowa,Linn County,metro,738,738,816,816,1071,1071,1490,1490,1797,1797,1
IA,Iowa,Louisa County,nonmetro,682,682,700,700,919,919,1124,1124,1223,1223,1
IA,Iowa,Lucas County,nonmetro,724,724,743,743,975,975,1250,1250,1302,1302,1
IA,Iowa,Lyon County,nonmetro,682,682,700,700,919,919,1102,1102,1217,1217,1
IA,Iowa,Madison County,metro,1063,1063,1109,1109,1318,1318,1794,1794,1841,1841,1
IA,Iowa,Mahaska County,nonmetro,717,717,722,722,947,947,1135,1135,1254,1254,1
IA,Iowa,Marion County,nonmetro,701,701,808,808,1016,1016,1218,1218,1356,1356,1
IA,Iowa,Marshall County,nonmetro,712,712,731,731,959,959,1265,1265,1270,1270,1
IA,Iowa,Mills County,metro,1090,1090,1148,1148,1368,1368,1813,1813,2046,2046,1
IA,Iowa,Mitchell County,nonmetro,682,682,774,774,919,919,1156,1156,1227,1227,1
IA,Iowa,Monona County,nonmetro,682,682,700,700,919,919,1145,1145,1542,1542,1
IA,Iowa,Monroe County,nonmetro,682,682,700,700,919,919,1222,1222,1227,1227,1
IA,Iowa,Montgomery County,nonmetro,682,682,838,838,919,919,1265,1265,1319,1319,1
IA,Iowa,Muscatine County,nonmetro,795,795,858,858,1071,1071,1374,1374,1605,1605,1
IA,Iowa,O'Brien County,nonmetro,682,682,700,700,919,919,1111,1111,1217,1217,1
IA,Iowa,Osceola County,nonmetro,682,682,700,700,919,919,1212,1212,1217,1217,1
IA,Iowa,Page County,nonmetro,682,682,700,700,919,919,1147,1147,1225,1225,1
IA,Iowa,Palo Alto County,nonmetro,682,682,700,700,919,919,1222,1222,1227,1227,1
IA,Iowa,Plymouth County,nonmetro,767,767,772,772,980,980,1287,1287,1366,1366,1
IA,Iowa,Pocahontas County,nonmetro,658,658,700,700,919,919,1125,1125,1217,1217,1
IA,Iowa,Polk County,metro,1063,1063,1109,1109,1318,1318,1794,1794,1841,1841,1
IA,Iowa,Pottawattamie County,metro,1090,1090,1148,1148,1368,1368,1813,1813,2046,2046,1
IA,Iowa,Poweshiek County,nonmetro,733,733,853,853,988,988,1303,1303,1308,1308,1
IA,Iowa,Ringgold County,nonmetro,682,682,748,748,919,919,1125,1125,1227,1227,1
IA,Iowa,Sac County,nonmetro,786,786,791,791,919,919,1226,1226,1231,1231,1
IA,Iowa,Scott County,metro,817,817,928,928,1143,1143,1498,1498,1819,1819,1
IA,Iowa,Shelby County,nonmetro,682,682,838,838,919,919,1278,1278,1309,1309,1
IA,Iowa,Sioux County,nonmetro,735,735,740,740,971,971,1246,1246,1351,1351,1
IA,Iowa,Story County,metro,972,972,1026,1026,1153,1153,1601,1601,1934,1934,1
IA,Iowa,Tama County,nonmetro,698,698,717,717,941,941,1174,1174,1330,1330,1
IA,Iowa,Taylor County,nonmetro,682,682,700,700,919,919,1116,1116,1217,1217,1
IA,Iowa,Union County,nonmetro,634,634,700,700,919,919,1212,1212,1217,1217,1
IA,Iowa,Van Buren County,nonmetro,682,682,713,713,919,919,1102,1102,1510,1510,1
IA,Iowa,Wapello County,nonmetro,793,793,814,814,1068,1068,1354,1354,1468,1468,1
IA,Iowa,Warren County,metro,1063,1063,1109,1109,1318,1318,1794,1794,1841,1841,1
IA,Iowa,Washington County,metro,728,728,733,733,962,962,1191,1191,1274,1274,1
IA,Iowa,Wayne County,nonmetro,682,682,734,734,919,919,1193,1193,1227,1227,1
IA,Iowa,Webster County,nonmetro,696,696,700,700,919,919,1182,1182,1542,1542,1
IA,Iowa,Winnebago County,nonmetro,682,682,731,731,919,919,1222,1222,1392,1392,1
IA,Iowa,Winneshiek County,nonmetro,682,682,700,700,919,919,1212,1212,1217,1217,1
IA,Iowa,Woodbury County,metro,796,796,925,925,1154,1154,1386,1386,1528,1528,1
IA,Iowa,Worth County,nonmetro,682,682,700,700,919,919,1278,1278,1364,1364,1
IA,Iowa,Wright County,nonmetro,682,682,700,700,919,919,1102,1102,1217,1217,1
ID,Idaho,Ada County,metro,1170,1170,1381,1381,1655,1655,2318,2318,2772,2772,1
ID,Idaho,Adams County,nonmetro,768,768,773,773,973,973,1353,1353,1632,1632,1
ID,Idaho,Bannock County,metro,809,809,894,894,1173,1173,1631,1631,1968,1968,1
ID,Idaho,Bear Lake County,nonmetro,768,768,773,773,973,973,1353,1353,1632,1632,1
ID,Idaho,Benewah County,nonmetro,744,744,822,822,1079,1079,1469,1469,1655,1655,1
ID,Idaho,Bingham County,nonmetro,737,737,742,742,973,973,1353,1353,1632,1632,1
ID,Idaho,Blaine County,nonmetro,1103,1103,1219,1219,1600,1600,2101,2101,2401,2401,1
ID,Idaho,Boise County,metro,1170,1170,1381,1381,1655,1655,2318,2318,2772,2772,1
ID,Idaho,Bonner County,nonmetro,952,952,958,958,1257,1257,1748,1748,1903,1903,1
ID,Idaho,Bonneville County,metro,1034,1034,1095,1095,1305,1305,1815,1815,2189,2189,1
ID,Idaho,Boundary County,nonmetro,737,737,742,742,973,973,1353,1353,1632,1632,1
ID,Idaho,Butte County,metro,1020,1020,1094,1094,1304,1304,1814,1814,2188,2188,1
ID,Idaho,Camas County,nonmetro,846,846,851,851,1071,1071,1490,1490,1797,1797,1
ID,Idaho,Canyon County,metro,1170,1170,1381,1381,1655,1655,2318,2318,2772,2772,1
ID,Idaho,Caribou County,nonmetro,758,758,763,763,973,973,1353,1353,1632,1632,1
ID,Idaho,Cassia County,nonmetro,778,778,783,783,1028,1028,1430,1430,1725,1725,1
ID,Idaho,Clark County,nonmetro,768,768,773,773,973,973,1353,1353,1632,1632,1
ID,Idaho,Clearwater County,nonmetro,815,815,821,821,1077,1077,1498,1498,1807,1807,1
ID,Idaho,Custer County,nonmetro,909,909,914,914,1079,1079,1501,1501,1810,1810,1
ID,Idaho,Elmore County,nonmetro,902,902,908,908,1192,1192,1658,1658,2000,2000,1
ID,Idaho,Franklin County,metro,940,940,946,946,1241,1241,1726,1726,2082,2082,1
ID,Idaho,Fremont County,nonmetro,848,848,884,884,973,973,1353,1353,1632,1632,1
ID,Idaho,Gem County,metro,834,834,908,908,1190,1190,1601,1601,1882,1882,1
ID,Idaho,Gooding County,nonmetro,846,846,851,851,1026,1026,1427,1427,1721,1721,1
ID,Idaho,Idaho County,nonmetro,723,723,799,799,1049,1049,1459,1459,1760,1760,1
ID,Idaho,Jefferson County,metro,1034,1034,1095,1095,1305,1305,1815,1815,2189,2189,1
ID,Idaho,Jerome County,metro,819,819,986,986,1186,1186,1599,1599,1990,1990,1
ID,Idaho,Kootenai County,metro,1103,1103,1302,1302,1547,1547,2152,2152,2595,2595,1
ID,Idaho,Latah County,nonmetro,807,807,863,863,1011,1011,1406,1406,1696,1696,1
ID,Idaho,Lemhi County,nonmetro,864,864,883,883,992,992,1380,1380,1664,1664,1
ID,Idaho,Lewis County,nonmetro,737,737,742,742,973,973,1353,1353,1632,1632,1
ID,Idaho,Lincoln County,nonmetro,848,848,888,888,973,973,1353,1353,1632,1632,1
ID,Idaho,Madison County,nonmetro,963,963,1008,1008,1105,1105,1537,1537,1797,1797,1
ID,Idaho,Minidoka County,nonmetro,884,884,889,889,1022,1022,1421,1421,1714,1714,1
ID,Idaho,Nez Perce County,metro,925,925,931,931,1220,1220,1697,1697,2037,2037,1
ID,Idaho,Oneida County,nonmetro,865,865,871,871,1096,1096,1524,1524,1839,1839,1
ID,Idaho,Owyhee County,metro,1170,1170,1381,1381,1655,1655,2318,2318,2772,2772,1
ID,Idaho,Payette County,nonmetro,811,811,816,816,1071,1071,1490,1490,1797,1797,1
ID,Idaho,Power County,nonmetro,768,768,773,773,973,973,1353,1353,1632,1632,1
ID,Idaho,Shoshone County,nonmetro,837,837,860,860,1128,1128,1352,1352,1892,1892,1
ID,Idaho,Teton County,nonmetro,1136,1136,1143,1143,1323,1323,1769,1769,2219,2219,1
ID,Idaho,Twin Falls County,metro,885,885,979,979,1284,1284,1786,1786,2154,2154,1
ID,Idaho,Valley County,nonmetro,1037,1037,1086,1086,1190,1190,1655,1655,1996,1996,1
ID,Idaho,Washington County,nonmetro,853,853,859,859,1127,1127,1471,1471,1891,1891,1
IL,Illinois,Adams County,nonmetro,734,734,811,811,1064,1064,1327,1327,1500,1500,1
IL,Illinois,Alexander County,metro,763,763,807,807,992,992,1380,1380,1664,1664,1
IL,Illinois,Bond County,metro,632,632,836,836,916,916,1154,1154,1213,1213,1
IL,Illinois,Boone County,metro,810,810,895,895,1175,1175,1555,1555,1594,1594,1
IL,Illinois,Brown County,nonmetro,733,733,810,810,1063,1063,1275,1275,1518,1518,1
IL,Illinois,Bureau County,nonmetro,714,714,789,789,1035,1035,1278,1278,1433,1433,1
IL,Illinois,Calhoun County,metro,955,955,995,995,1218,1218,1568,1568,1812,1812,1
IL,Illinois,Carroll County,nonmetro,748,748,752,752,916,916,1211,1211,1458,1458,1
IL,Illinois,Cass County,nonmetro,632,632,836,836,916,916,1263,1263,1537,1537,1
IL,Illinois,Champaign County,metro,941,941,946,946,1122,1122,1436,1436,1486,1486,1
IL,Illinois,Christian County,nonmetro,672,672,742,742,974,974,1168,1168,1418,1418,1
IL,Illinois,Clark County,nonmetro,696,696,769,769,1009,1009,1245,1245,1336,1336,1
IL,Illinois,Clay County,nonmetro,632,632,707,707,916,916,1167,1167,1308,1308,1
IL,Illinois,Clinton County,metro,955,955,995,995,1218,1218,1568,1568,1812,1812,1
IL,Illinois,Coles County,nonmetro,665,665,759,759,965,965,1261,1261,1348,1348,1
IL,Illinois,Cook County,metro,1480,1480,1581,1581,1781,1781,2294,2294,2653,2653,1
IL,Illinois,Crawford County,nonmetro,632,632,764,764,916,916,1241,1241,1537,1537,1
IL,Illinois,Cumberland County,nonmetro,632,632,717,717,916,916,1098,1098,1537,1537,1
IL,Illinois,De Witt County,nonmetro,714,714,790,790,1036,1036,1242,1242,1738,1738,1
IL,Illinois,DeKalb County,metro,947,947,1046,1046,1373,1373,1825,1825,2203,2203,1
IL,Illinois,Douglas County,nonmetro,681,681,836,836,916,916,1240,1240,1271,1271,1
IL,Illinois,DuPage County,metro,1480,1480,1581,1581,1781,1781,2294,2294,2653,2653,1
IL,Illinois,Edgar County,nonmetro,632,632,768,768,916,916,1226,1226,1405,1405,1
IL,Illinois,Edwards County,nonmetro,632,632,698,698,916,916,1098,1098,1213,1213,1
IL,Illinois,Effingham County,nonmetro,745,745,754,754,916,916,1208,1208,1385,1385,1
IL,Illinois,Fayette County,nonmetro,722,722,750,750,916,916,1183,1183,1293,1293,1
IL,Illinois,Ford County,metro,694,694,698,698,916,916,1274,1274,1300,1300,1
IL,Illinois,Franklin County,nonmetro,632,632,698,698,916,916,1181,1181,1329,1329,1
IL,Illinois,Fulton County,nonmetro,703,703,708,708,916,916,1274,1274,1288,1288,1
IL,Illinois,Gallatin County,nonmetro,632,632,698,698,916,916,1098,1098,1308,1308,1
IL,Illinois,Greene County,nonmetro,684,684,756,756,992,992,1189,1189,1385,1385,1
IL,Illinois,Grundy County,metro,1032,1032,1118,1118,1459,1459,1979,1979,2203,2203,1
IL,Illinois,Hamilton County,nonmetro,632,632,727,727,916,916,1274,1274,1308,1308,1
IL,Illinois,Hancock County,nonmetro,632,632,791,791,916,916,1111,1111,1213,1213,1
IL,Illinois,Hardin County,nonmetro,632,632,698,698,916,916,1098,1098,1308,1308,1
IL,Illinois,Henderson County,nonmetro,632,632,698,698,916,916,1274,1274,1308,1308,1
IL,Illinois,Henry County,metro,817,817,928,928,1143,1143,1498,1498,1819,1819,1
IL,Illinois,Iroquois County,nonmetro,694,694,698,698,916,916,1136,1136,1492,1492,1
IL,Illinois,Jackson County,nonmetro,632,632,737,737,916,916,1208,1208,1213,1213,1
IL,Illinois,Jasper County,nonmetro,643,643,719,719,933,933,1119,1119,1333,1333,1
IL,Illinois,Jefferson County,nonmetro,777,777,782,782,1026,1026,1248,1248,1365,1365,1
IL,Illinois,Jersey County,metro,955,955,995,995,1218,1218,1568,1568,1812,1812,1
IL,Illinois,Jo Daviess County,nonmetro,658,658,796,796,954,954,1271,1271,1276,1276,1
IL,Illinois,Johnson County,nonmetro,632,632,735,735,916,916,1159,1159,1360,1360,1
IL,Illinois,Kane County,metro,1480,1480,1581,1581,1781,1781,2294,2294,2653,2653,1
IL,Illinois,Kankakee County,metro,914,914,1011,1011,1326,1326,1745,1745,1774,1774,1
IL,Illinois,Kendall County,metro,1413,1413,1562,1562,2050,2050,2819,2819,2918,2918,1
IL,Illinois,Knox County,nonmetro,694,694,698,698,916,916,1199,1199,1213,1213,1
IL,Illinois,La Salle County,nonmetro,772,772,822,822,1079,1079,1441,1441,1701,1701,1
IL,Illinois,Lake County,metro,1480,1480,1581,1581,1781,1781,2294,2294,2653,2653,1
IL,Illinois,Lawrence County,nonmetro,652,652,721,721,946,946,1136,1136,1253,1253,1
IL,Illinois,Lee County,nonmetro,632,632,810,810,916,916,1274,1274,1395,1395,1
IL,Illinois,Livingston County,nonmetro,702,702,776,776,1018,1018,1267,1267,1348,1348,1
IL,Illinois,Logan County,nonmetro,681,681,782,782,988,988,1221,1221,1308,1308,1
IL,Illinois,Macon County,metro,840,840,845,845,1063,1063,1378,1378,1706,1706,1
IL,Illinois,Macoupin County,metro,694,694,698,698,916,916,1145,1145,1423,1423,1
IL,Illinois,Madison County,metro,955,955,995,995,1218,1218,1568,1568,1812,1812,1
IL,Illinois,Marion County,nonmetro,662,662,769,769,916,916,1190,1190,1537,1537,1
IL,Illinois,Marshall County,metro,758,758,818,818,1039,1039,1346,1346,1449,1449,1
IL,Illinois,Mason County,nonmetro,632,632,698,698,916,916,1274,1274,1537,1537,1
IL,Illinois,Massac County,metro,784,784,789,789,969,969,1348,1348,1415,1415,1
IL,Illinois,McDonough County,nonmetro,656,656,728,728,951,951,1231,1231,1512,1512,1
IL,Illinois,McHenry County,metro,1480,1480,1581,1581,1781,1781,2294,2294,2653,2653,1
IL,Illinois,McLean County,metro,927,927,999,999,1302,1302,1717,1717,1724,1724,1
IL,Illinois,Menard County,metro,829,829,970,970,1203,1203,1611,1611,1682,1682,1
IL,Illinois,Mercer County,metro,817,817,928,928,1143,1143,1498,1498,1819,1819,1
IL,Illinois,Monroe County,metro,955,955,995,995,1218,1218,1568,1568,1812,1812,1
IL,Illinois,Montgomery County,nonmetro,694,694,714,714,937,937,1123,1123,1287,1287,1
IL,Illinois,Morgan County,nonmetro,632,632,698,698,916,916,1138,1138,1537,1537,1
IL,Illinois,Moultrie County,nonmetro,632,632,698,698,916,916,1274,1274,1537,1537,1
IL,Illinois,Ogle County,nonmetro,771,771,852,852,1118,1118,1365,1365,1602,1602,1
IL,Illinois,Peoria County,metro,758,758,818,818,1039,1039,1346,1346,1449,1449,1
IL,Illinois,Perry County,nonmetro,632,632,698,698,916,916,1148,1148,1537,1537,1
IL,Illinois,Piatt County,metro,941,941,946,946,1122,1122,1436,1436,1486,1486,1
IL,Illinois,Pike County,nonmetro,632,632,698,698,916,916,1114,1114,1368,1368,1
IL,Illinois,Pope County,nonmetro,749,749,828,828,1087,1087,1375,1375,1553,1553,1
IL,Illinois,Pulaski County,nonmetro,632,632,836,836,916,916,1274,1274,1537,1537,1
IL,Illinois,Putnam County,nonmetro,646,646,851,851,937,937,1212,1212,1553,1553,1
IL,Illinois,Randolph County,nonmetro,632,632,698,698,916,916,1145,1145,1450,1450,1
IL,Illinois,Richland County,nonmetro,632,632,729,729,916,916,1098,1098,1390,1390,1
IL,Illinois,Rock Island County,metro,817,817,928,928,1143,1143,1498,1498,1819,1819,1
IL,Illinois,Saline County,nonmetro,634,634,701,701,920,920,1207,1207,1264,1264,1
IL,Illinois,Sangamon County,metro,829,829,970,970,1203,1203,1611,1611,1682,1682,1
IL,Illinois,Schuyler County,nonmetro,632,632,836,836,916,916,1098,1098,1315,1315,1
IL,Illinois,Scott County,nonmetro,632,632,698,698,916,916,1098,1098,1213,1213,1
IL,Illinois,Shelby County,nonmetro,656,656,789,789,951,951,1140,1140,1435,1435,1
IL,Illinois,St. Clair County,metro,955,955,995,995,1218,1218,1568,1568,1812,1812,1
IL,Illinois,Stark County,metro,758,758,818,818,1039,1039,1346,1346,1449,1449,1
IL,Illinois,Stephenson County,nonmetro,694,694,698,698,916,916,1124,1124,1342,1342,1
IL,Illinois,Tazewell County,metro,758,758,818,818,1039,1039,1346,1346,1449,1449,1
IL,Illinois,Union County,nonmetro,640,640,698,698,916,916,1129,1129,1261,1261,1
IL,Illinois,Vermilion County,nonmetro,672,672,742,742,974,974,1179,1179,1306,1306,1
IL,Illinois,Wabash County,nonmetro,632,632,698,698,916,916,1274,1274,1308,1308,1
IL,Illinois,Warren County,nonmetro,632,632,698,698,916,916,1156,1156,1537,1537,1
IL,Illinois,Washington County,nonmetro,632,632,836,836,916,916,1242,1242,1268,1268,1
IL,Illinois,Wayne County,nonmetro,632,632,698,698,916,916,1098,1098,1537,1537,1
IL,Illinois,White County,nonmetro,632,632,698,698,916,916,1209,1209,1438,1438,1
IL,Illinois,Whiteside County,nonmetro,673,673,719,719,916,916,1208,1208,1213,1213,1
IL,Illinois,Will County,metro,1480,1480,1581,1581,1781,1781,2294,2294,2653,2653,1
IL,Illinois,Williamson County,nonmetro,753,753,790,790,1037,1037,1369,1369,1386,1386,1
IL,Illinois,Winnebago County,metro,810,810,895,895,1175,1175,1555,1555,1594,1594,1
IL,Illinois,Woodford County,metro,758,758,818,818,1039,1039,1346,1346,1449,1449,1
IN,Indiana,Adams County,nonmetro,695,695,872,872,956,956,1227,1227,1266,1266,1
IN,Indiana,Allen County,metro,892,892,916,916,1113,1113,1381,1381,1512,1512,1
IN,Indiana,Bartholomew County,metro,1233,1233,1257,1257,1415,1415,1697,1697,2000,2000,1
IN,Indiana,Benton County,metro,894,894,1032,1032,1242,1242,1489,1489,1992,1992,1
IN,Indiana,Blackford County,nonmetro,685,685,766,766,956,956,1268,1268,1555,1555,1
IN,Indiana,Boone County,metro,1118,1118,1267,1267,1473,1473,1907,1907,2338,2338,1
IN,Indiana,Brown County,metro,1118,1118,1267,1267,1473,1473,1907,1907,2338,2338,1
IN,Indiana,Carroll County,metro,709,709,742,742,973,973,1219,1219,1328,1328,1
IN,Indiana,Cass County,nonmetro,791,791,796,796,956,956,1278,1278,1282,1282,1
IN,Indiana,Clark County,metro,966,966,1047,1047,1272,1272,1625,1625,1891,1891,1
IN,Indiana,Clay County,metro,859,859,864,864,1094,1094,1312,1312,1535,1535,1
IN,Indiana,Clinton County,nonmetro,731,731,804,804,1007,1007,1328,1328,1343,1343,1
IN,Indiana,Crawford County,nonmetro,685,685,852,852,956,956,1330,1330,1508,1508,1
IN,Indiana,Daviess County,nonmetro,719,719,764,764,1003,1003,1243,1243,1328,1328,1
IN,Indiana,DeKalb County,nonmetro,688,688,732,732,960,960,1195,1195,1271,1271,1
IN,Indiana,Dearborn County,metro,958,958,1051,1051,1353,1353,1785,1785,1976,1976,1
IN,Indiana,Decatur County,nonmetro,768,768,816,816,1071,1071,1284,1284,1418,1418,1
IN,Indiana,Delaware County,metro,803,803,845,845,1043,1043,1349,1349,1685,1685,1
IN,Indiana,Dubois County,nonmetro,685,685,729,729,956,956,1328,1328,1604,1604,1
IN,Indiana,Elkhart County,metro,968,968,992,992,1183,1183,1553,1553,1581,1581,1
IN,Indiana,Fayette County,nonmetro,659,659,754,754,956,956,1184,1184,1266,1266,1
IN,Indiana,Floyd County,metro,966,966,1047,1047,1272,1272,1625,1625,1891,1891,1
IN,Indiana,Fountain County,nonmetro,685,685,729,729,956,956,1178,1178,1604,1604,1
IN,Indiana,Franklin County,metro,796,796,861,861,1117,1117,1473,1473,1479,1479,1
IN,Indiana,Fulton County,nonmetro,689,689,733,733,962,962,1153,1153,1274,1274,1
IN,Indiana,Gibson County,nonmetro,766,766,771,771,1001,1001,1262,1262,1361,1361,1
IN,Indiana,Grant County,nonmetro,698,698,767,767,956,956,1257,1257,1412,1412,1
IN,Indiana,Greene County,nonmetro,724,724,729,729,956,956,1206,1206,1330,1330,1
IN,Indiana,Hamilton County,metro,1118,1118,1267,1267,1473,1473,1907,1907,2338,2338,1
IN,Indiana,Hancock County,metro,1118,1118,1267,1267,1473,1473,1907,1907,2338,2338,1
IN,Indiana,Harrison County,metro,966,966,1047,1047,1272,1272,1625,1625,1891,1891,1
IN,Indiana,Hendricks County,metro,1118,1118,1267,1267,1473,1473,1907,1907,2338,2338,1
IN,Indiana,Henry County,nonmetro,771,771,775,775,956,956,1146,1146,1266,1266,1
IN,Indiana,Howard County,metro,884,884,890,890,1123,1123,1388,1388,1567,1567,1
IN,Indiana,Huntington County,nonmetro,685,685,731,731,956,956,1239,1239,1483,1483,1
IN,Indiana,Jackson County,nonmetro,802,802,807,807,1059,1059,1328,1328,1402,1402,1
IN,Indiana,Jasper County,metro,889,889,895,895,1174,1174,1535,1535,1554,1554,1
IN,Indiana,Jay County,nonmetro,685,685,729,729,956,956,1261,1261,1266,1266,1
IN,Indiana,Jefferson County,nonmetro,669,669,818,818,971,971,1201,1201,1524,1524,1
IN,Indiana,Jennings County,nonmetro,689,689,732,732,961,961,1337,1337,1567,1567,1
IN,Indiana,Johnson County,metro,1118,1118,1267,1267,1473,1473,1907,1907,2338,2338,1
IN,Indiana,Knox County,nonmetro,725,725,729,729,956,956,1212,1212,1266,1266,1
IN,Indiana,Kosciusko County,nonmetro,875,875,881,881,1142,1142,1385,1385,1560,1560,1
IN,Indiana,LaGrange County,nonmetro,740,740,745,745,977,977,1171,1171,1294,1294,1
IN,Indiana,LaPorte County,metro,874,874,953,953,1152,1152,1454,1454,1680,1680,1
IN,Indiana,Lake County,metro,959,959,1082,1082,1317,1317,1612,1612,1744,1744,1
IN,Indiana,Lawrence County,nonmetro,685,685,729,729,956,956,1146,1146,1447,1447,1
IN,Indiana,Madison County,metro,898,898,919,919,1206,1206,1594,1594,1597,1597,1
IN,Indiana,Marion County,metro,1118,1118,1267,1267,1473,1473,1907,1907,2338,2338,1
IN,Indiana,Marshall County,nonmetro,722,722,824,824,1008,1008,1225,1225,1335,1335,1
IN,Indiana,Martin County,nonmetro,685,685,729,729,956,956,1146,1146,1287,1287,1
IN,Indiana,Miami County,nonmetro,685,685,773,773,956,956,1146,1146,1358,1358,1
IN,Indiana,Monroe County,metro,966,966,1072,1072,1210,1210,1572,1572,1906,1906,1
IN,Indiana,Montgomery County,nonmetro,802,802,807,807,966,966,1281,1281,1399,1399,1
IN,Indiana,Morgan County,metro,1118,1118,1267,1267,1473,1473,1907,1907,2338,2338,1
IN,Indiana,Newton County,metro,959,959,1082,1082,1317,1317,1612,1612,1744,1744,1
IN,Indiana,Noble County,nonmetro,682,682,737,737,967,967,1159,1159,1622,1622,1
IN,Indiana,Ohio County,metro,958,958,1051,1051,1353,1353,1785,1785,1976,1976,1
IN,Indiana,Orange County,nonmetro,685,685,729,729,956,956,1330,1330,1564,1564,1
IN,Indiana,Owen County,metro,770,770,798,798,956,956,1155,1155,1509,1509,1
IN,Indiana,Parke County,nonmetro,691,691,735,735,964,964,1272,1272,1276,1276,1
IN,Indiana,Perry County,nonmetro,683,683,729,729,956,956,1200,1200,1604,1604,1
IN,Indiana,Pike County,nonmetro,685,685,729,729,956,956,1330,1330,1347,1347,1
IN,Indiana,Porter County,metro,959,959,1082,1082,1317,1317,1612,1612,1744,1744,1
IN,Indiana,Posey County,metro,853,853,860,860,1113,1113,1370,1370,1539,1539,1
IN,Indiana,Pulaski County,nonmetro,685,685,872,872,956,956,1330,1330,1604,1604,1
IN,Indiana,Putnam County,nonmetro,738,738,843,843,1030,1030,1390,1390,1634,1634,1
IN,Indiana,Randolph County,nonmetro,675,675,841,841,956,956,1261,1261,1266,1266,1
IN,Indiana,Ripley County,nonmetro,681,681,752,752,987,987,1302,1302,1307,1307,1
IN,Indiana,Rush County,nonmetro,685,685,762,762,956,956,1146,1146,1266,1266,1
IN,Indiana,Scott County,nonmetro,723,723,769,769,1009,1009,1348,1348,1353,1353,1
IN,Indiana,Shelby County,metro,1118,1118,1267,1267,1473,1473,1907,1907,2338,2338,1
IN,Indiana,Spencer County,nonmetro,659,659,729,729,956,956,1330,1330,1382,1382,1
IN,Indiana,St. Joseph County,metro,898,898,1105,1105,1292,1292,1567,1567,1711,1711,1
IN,Indiana,Starke County,nonmetro,685,685,729,729,956,956,1151,1151,1517,1517,1
IN,Indiana,Steuben County,nonmetro,784,784,790,790,1036,1036,1337,1337,1372,1372,1
IN,Indiana,Sullivan County,metro,758,758,783,783,1028,1028,1251,1251,1720,1720,1
IN,Indiana,Switzerland County,nonmetro,685,685,729,729,956,956,1280,1280,1287,1287,1
IN,Indiana,Tippecanoe County,metro,894,894,1032,1032,1242,1242,1489,1489,1992,1992,1
IN,Indiana,Tipton County,metro,840,840,845,845,1109,1109,1330,1330,1725,1725,1
IN,Indiana,Union County,nonmetro,685,685,729,729,956,956,1220,1220,1477,1477,1
IN,Indiana,Vanderburgh County,metro,853,853,860,860,1113,1113,1370,1370,1539,1539,1
IN,Indiana,Vermillion County,metro,859,859,864,864,1094,1094,1312,1312,1535,1535,1
IN,Indiana,Vigo County,metro,859,859,864,864,1094,1094,1312,1312,1535,1535,1
IN,Indiana,Wabash County,nonmetro,685,685,729,729,956,956,1146,1146,1266,1266,1
IN,Indiana,Warren County,metro,688,688,845,845,956,956,1330,1330,1376,1376,1
IN,Indiana,Warrick County,metro,853,853,860,860,1113,1113,1370,1370,1539,1539,1
IN,Indiana,Washington County,metro,749,749,753,753,988,988,1185,1185,1308,1308,1
IN,Indiana,Wayne County,nonmetro,724,724,729,729,956,956,1191,1191,1266,1266,1
IN,Indiana,Wells County,metro,750,750,755,755,991,991,1203,1203,1393,1393,1
IN,Indiana,White County,nonmetro,738,738,785,785,1030,1030,1235,1235,1364,1364,1
IN,Indiana,Whitley County,metro,892,892,916,916,1113,1113,1381,1381,1512,1512,1
KS,Kansas,Allen County,nonmetro,689,689,727,727,877,877,1216,1216,1276,1276,1
KS,Kansas,Anderson County,nonmetro,643,643,668,668,877,877,1146,1146,1471,1471,1
KS,Kansas,Atchison County,nonmetro,631,631,668,668,877,877,1220,1220,1471,1471,1
KS,Kansas,Barber County,nonmetro,643,643,730,730,877,877,1103,1103,1471,1471,1
KS,Kansas,Barton County,nonmetro,643,643,693,693,877,877,1220,1220,1296,1296,1
KS,Kansas,Bourbon County,nonmetro,645,645,713,713,936,936,1122,1122,1352,1352,1
KS,Kansas,Brown County,nonmetro,643,643,668,668,877,877,1143,1143,1162,1162,1
KS,Kansas,Butler County,metro,782,782,849,849,1099,1099,1444,1444,1784,1784,1
KS,Kansas,Chase County,nonmetro,643,643,712,712,877,877,1184,1184,1276,1276,1
KS,Kansas,Chautauqua County,nonmetro,643,643,668,668,877,877,1108,1108,1161,1161,1
KS,Kansas,Cherokee County,metro,664,664,668,668,877,877,1157,1157,1161,1161,1
KS,Kansas,Cheyenne County,nonmetro,643,643,682,682,877,877,1052,1052,1249,1249,1
KS,Kansas,Clark County,nonmetro,643,643,752,752,877,877,1075,1075,1276,1276,1
KS,Kansas,Clay County,nonmetro,696,696,724,724,950,950,1253,1253,1258,1258,1
KS,Kansas,Cloud County,nonmetro,643,643,676,676,877,877,1052,1052,1275,1275,1
KS,Kansas,Coffey County,nonmetro,644,644,670,670,879,879,1064,1064,1164,1164,1
KS,Kansas,Comanche County,nonmetro,643,643,668,668,877,877,1144,1144,1276,1276,1
KS,Kansas,Cowley County,nonmetro,643,643,668,668,877,877,1139,1139,1323,1323,1
KS,Kansas,Crawford County,nonmetro,682,682,687,687,901,901,1253,1253,1511,1511,1
KS,Kansas,Decatur County,nonmetro,643,643,668,668,877,877,1220,1220,1318,1318,1
KS,Kansas,Dickinson County,nonmetro,665,665,669,669,878,878,1153,1153,1162,1162,1
KS,Kansas,Doniphan County,metro,774,774,832,832,1077,1077,1363,1363,1566,1566,1
KS,Kansas,Douglas County,metro,895,895,1006,1006,1182,1182,1644,1644,1983,1983,1
KS,Kansas,Edwards County,nonmetro,643,643,668,668,877,877,1134,1134,1348,1348,1
KS,Kansas,Elk County,nonmetro,643,643,668,668,877,877,1132,1132,1276,1276,1
KS,Kansas,Ellis County,nonmetro,649,649,717,717,941,941,1288,1288,1579,1579,1
KS,Kansas,Ellsworth County,nonmetro,643,643,708,708,877,877,1052,1052,1285,1285,1
KS,Kansas,Finney County,nonmetro,788,788,793,793,1041,1041,1435,1435,1705,1705,1
KS,Kansas,Ford County,nonmetro,668,668,739,739,969,969,1256,1256,1384,1384,1
KS,Kansas,Franklin County,nonmetro,784,784,789,789,1020,1020,1223,1223,1360,1360,1
KS,Kansas,Geary County,metro,843,843,848,848,1048,1048,1458,1458,1758,1758,1
KS,Kansas,Gove County,nonmetro,643,643,800,800,877,877,1157,1157,1161,1161,1
KS,Kansas,Graham County,nonmetro,643,643,668,668,877,877,1115,1115,1276,1276,1
KS,Kansas,Grant County,nonmetro,643,643,668,668,877,877,1220,1220,1276,1276,1
KS,Kansas,Gray County,nonmetro,643,643,800,800,877,877,1090,1090,1161,1161,1
KS,Kansas,Greeley County,nonmetro,643,643,668,668,877,877,1052,1052,1276,1276,1
KS,Kansas,Greenwood County,nonmetro,643,643,668,668,877,877,1052,1052,1276,1276,1
KS,Kansas,Hamilton County,nonmetro,790,790,822,822,1079,1079,1294,1294,1570,1570,1
KS,Kansas,Harper County,nonmetro,643,643,740,740,877,877,1093,1093,1276,1276,1
KS,Kansas,Harvey County,metro,782,782,849,849,1099,1099,1444,1444,1784,1784,1
KS,Kansas,Haskell County,nonmetro,643,643,668,668,877,877,1089,1089,1276,1276,1
KS,Kansas,Hodgeman County,nonmetro,643,643,714,714,877,877,1220,1220,1450,1450,1
KS,Kansas,Jackson County,metro,792,792,820,820,1057,1057,1392,1392,1411,1411,1
KS,Kansas,Jefferson County,metro,792,792,820,820,1057,1057,1392,1392,1411,1411,1
KS,Kansas,Jewell County,nonmetro,643,643,712,712,877,877,1132,1132,1276,1276,1
KS,Kansas,Johnson County,metro,1095,1095,1197,1197,1358,1358,1769,1769,2103,2103,1
KS,Kansas,Kearny County,nonmetro,1045,1045,1087,1087,1426,1426,1710,1710,1888,1888,1
KS,Kansas,Kingman County,nonmetro,643,643,668,668,877,877,1220,1220,1470,1470,1
KS,Kansas,Kiowa County,nonmetro,643,643,668,668,877,877,1088,1088,1161,1161,1
KS,Kansas,Labette County,nonmetro,605,605,668,668,877,877,1052,1052,1209,1209,1
KS,Kansas,Lane County,nonmetro,725,725,754,754,989,989,1277,1277,1439,1439,1
KS,Kansas,Leavenworth County,metro,1095,1095,1197,1197,1358,1358,1769,1769,2103,2103,1
KS,Kansas,Lincoln County,nonmetro,643,643,668,668,877,877,1073,1073,1276,1276,1
KS,Kansas,Linn County,metro,1095,1095,1197,1197,1358,1358,1769,1769,2103,2103,1
KS,Kansas,Logan County,nonmetro,668,668,832,832,912,912,1093,1093,1208,1208,1
KS,Kansas,Lyon County,nonmetro,624,624,668,668,877,877,1142,1142,1381,1381,1
KS,Kansas,Marion County,nonmetro,643,643,688,688,877,877,1157,1157,1161,1161,1
KS,Kansas,Marshall County,nonmetro,643,643,668,668,877,877,1164,1164,1471,1471,1
KS,Kansas,McPherson County,nonmetro,674,674,701,701,920,920,1176,1176,1356,1356,1
KS,Kansas,Meade County,nonmetro,643,643,668,668,877,877,1078,1078,1276,1276,1
KS,Kansas,Miami County,metro,1095,1095,1197,1197,1358,1358,1769,1769,2103,2103,1
KS,Kansas,Mitchell County,nonmetro,643,643,668,668,877,877,1220,1220,1276,1276,1
KS,Kansas,Montgomery County,nonmetro,643,643,668,668,877,877,1101,1101,1417,1417,1
KS,Kansas,Morris County,nonmetro,643,643,679,679,877,877,1052,1052,1424,1424,1
KS,Kansas,Morton County,nonmetro,643,643,668,668,877,877,1052,1052,1276,1276,1
KS,Kansas,Nemaha County,nonmetro,643,643,722,722,877,877,1132,1132,1471,1471,1
KS,Kansas,Neosho County,nonmetro,687,687,691,691,877,877,1125,1125,1349,1349,1
KS,Kansas,Ness County,nonmetro,643,643,668,668,877,877,1163,1163,1168,1168,1
KS,Kansas,Norton County,nonmetro,643,643,678,678,877,877,1132,1132,1276,1276,1
KS,Kansas,Osage County,metro,792,792,820,820,1057,1057,1392,1392,1411,1411,1
KS,Kansas,Osborne County,nonmetro,643,643,668,668,877,877,1108,1108,1276,1276,1
KS,Kansas,Ottawa County,nonmetro,684,684,711,711,933,933,1143,1143,1357,1357,1
KS,Kansas,Pawnee County,nonmetro,643,643,668,668,877,877,1183,1183,1276,1276,1
KS,Kansas,Phillips County,nonmetro,643,643,695,695,877,877,1185,1185,1276,1276,1
KS,Kansas,Pottawatomie County,metro,870,870,875,875,1068,1068,1485,1485,1792,1792,1
KS,Kansas,Pratt County,nonmetro,643,643,766,766,877,877,1157,1157,1161,1161,1
KS,Kansas,Rawlins County,nonmetro,697,697,726,726,952,952,1141,1141,1385,1385,1
KS,Kansas,Reno County,nonmetro,660,660,729,729,957,957,1168,1168,1326,1326,1
KS,Kansas,Republic County,nonmetro,643,643,800,800,877,877,1200,1200,1276,1276,1
KS,Kansas,Rice County,nonmetro,643,643,668,668,877,877,1178,1178,1276,1276,1
KS,Kansas,Riley County,metro,870,870,875,875,1068,1068,1485,1485,1792,1792,1
KS,Kansas,Rooks County,nonmetro,643,643,668,668,877,877,1052,1052,1276,1276,1
KS,Kansas,Rush County,nonmetro,643,643,710,710,877,877,1220,1220,1302,1302,1
KS,Kansas,Russell County,nonmetro,643,643,765,765,877,877,1062,1062,1276,1276,1
KS,Kansas,Saline County,nonmetro,765,765,770,770,1009,1009,1222,1222,1336,1336,1
KS,Kansas,Scott County,nonmetro,643,643,668,668,877,877,1132,1132,1471,1471,1
KS,Kansas,Sedgwick County,metro,782,782,849,849,1099,1099,1444,1444,1784,1784,1
KS,Kansas,Seward County,nonmetro,733,733,771,771,1000,1000,1344,1344,1505,1505,1
KS,Kansas,Shawnee County,metro,792,792,820,820,1057,1057,1392,1392,1411,1411,1
KS,Kansas,Sheridan County,nonmetro,643,643,699,699,877,877,1052,1052,1276,1276,1
KS,Kansas,Sherman County,nonmetro,683,683,710,710,932,932,1117,1117,1356,1356,1
KS,Kansas,Smith County,nonmetro,643,643,762,762,877,877,1134,1134,1276,1276,1
KS,Kansas,Stafford County,nonmetro,643,643,682,682,877,877,1167,1167,1276,1276,1
KS,Kansas,Stanton County,nonmetro,643,643,668,668,877,877,1132,1132,1276,1276,1
KS,Kansas,Stevens County,nonmetro,662,662,688,688,903,903,1100,1100,1196,1196,1
KS,Kansas,Sumner County,metro,751,751,812,812,1065,1065,1277,1277,1410,1410,1
KS,Kansas,Thomas County,nonmetro,643,643,688,688,877,877,1116,1116,1276,1276,1
KS,Kansas,Trego County,nonmetro,643,643,782,782,877,877,1052,1052,1276,1276,1
KS,Kansas,Wabaunsee County,metro,792,792,820,820,1057,1057,1392,1392,1411,1411,1
KS,Kansas,Wallace County,nonmetro,643,643,758,758,877,877,1220,1220,1276,1276,1
KS,Kansas,Washington County,nonmetro,696,696,701,701,877,877,1157,1157,1161,1161,1
KS,Kansas,Wichita County,nonmetro,643,643,800,800,877,877,1220,1220,1276,1276,1
KS,Kansas,Wilson County,nonmetro,643,643,668,668,877,877,1103,1103,1419,1419,1
KS,Kansas,Woodson County,nonmetro,643,643,777,777,877,877,1194,1194,1276,1276,1
KS,Kansas,Wyandotte County,metro,1095,1095,1197,1197,1358,1358,1769,1769,2103,2103,1
KY,Kentucky,Adair County,nonmetro,619,619,683,683,866,866,1204,1204,1246,1246,1
KY,Kentucky,Allen County,metro,759,759,759,759,996,996,1224,1224,1520,1520,1
KY,Kentucky,Anderson County,nonmetro,745,745,951,951,1042,1042,1323,1323,1454,1454,1
KY,Kentucky,Ballard County,metro,800,800,817,817,1072,1072,1285,1285,1640,1640,1
KY,Kentucky,Barren County,nonmetro,657,657,662,662,868,868,1102,1102,1280,1280,1
KY,Kentucky,Bath County,nonmetro,619,619,668,668,866,866,1124,1124,1360,1360,1
KY,Kentucky,Bell County,nonmetro,597,597,790,790,866,866,1133,1133,1294,1294,1
KY,Kentucky,Boone County,metro,958,958,1051,1051,1353,1353,1785,1785,1976,1976,1
KY,Kentucky,Bourbon County,metro,883,883,1079,1079,1272,1272,1743,1743,1940,1940,1
KY,Kentucky,Boyd County,metro,848,848,853,853,973,973,1249,1249,1410,1410,1
KY,Kentucky,Boyle County,nonmetro,693,693,698,698,913,913,1200,1200,1351,1351,1
KY,Kentucky,Bracken County,metro,958,958,1051,1051,1353,1353,1785,1785,1976,1976,1
KY,Kentucky,Breathitt County,nonmetro,619,619,714,714,866,866,1204,1204,1259,1259,1
KY,Kentucky,Breckinridge County,nonmetro,686,686,690,690,866,866,1204,1204,1209,1209,1
KY,Kentucky,Bullitt County,metro,966,966,1047,1047,1272,1272,1625,1625,1891,1891,1
KY,Kentucky,Butler County,metro,660,660,660,660,866,866,1204,1204,1232,1232,1
KY,Kentucky,Caldwell County,nonmetro,619,619,714,714,866,866,1038,1038,1209,1209,1
KY,Kentucky,Calloway County,nonmetro,785,785,837,837,1098,1098,1317,1317,1454,1454,1
KY,Kentucky,Campbell County,metro,958,958,1051,1051,1353,1353,1785,1785,1976,1976,1
KY,Kentucky,Carlisle County,metro,683,683,717,717,915,915,1173,1173,1399,1399,1
KY,Kentucky,Carroll County,nonmetro,696,696,746,746,974,974,1168,1168,1290,1290,1
KY,Kentucky,Carter County,metro,698,698,703,703,866,866,1204,1204,1254,1254,1
KY,Kentucky,Casey County,nonmetro,619,619,790,790,866,866,1038,1038,1169,1169,1
KY,Kentucky,Christian County,metro,1090,1090,1094,1094,1346,1346,1871,1871,2258,2258,1
KY,Kentucky,Clark County,metro,883,883,1079,1079,1272,1272,1743,1743,1940,1940,1
KY,Kentucky,Clay County,nonmetro,662,662,759,759,866,866,1176,1176,1308,1308,1
KY,Kentucky,Clinton County,nonmetro,619,619,660,660,866,866,1041,1041,1209,1209,1
KY,Kentucky,Crittenden County,nonmetro,619,619,660,660,866,866,1038,1038,1209,1209,1
KY,Kentucky,Cumberland County,nonmetro,619,619,701,701,866,866,1204,1204,1209,1209,1
KY,Kentucky,Daviess County,metro,840,840,846,846,1110,1110,1466,1466,1470,1470,1
KY,Kentucky,Edmonson County,metro,889,889,985,985,1153,1153,1384,1384,1806,1806,1
KY,Kentucky,Elliott County,nonmetro,619,619,683,683,866,866,1081,1081,1209,1209,1
KY,Kentucky,Estill County,nonmetro,619,619,790,790,866,866,1120,1120,1259,1259,1
KY,Kentucky,Fayette County,metro,883,883,1079,1079,1272,1272,1743,1743,1940,1940,1
KY,Kentucky,Fleming County,nonmetro,619,619,703,703,866,866,1142,1142,1147,1147,1
KY,Kentucky,Floyd County,nonmetro,646,646,689,689,904,904,1109,1109,1212,1212,1
KY,Kentucky,Franklin County,nonmetro,747,747,859,859,1083,1083,1410,1410,1680,1680,1
KY,Kentucky,Fulton County,nonmetro,619,619,660,660,866,866,1204,1204,1453,1453,1
KY,Kentucky,Gallatin County,metro,958,958,1051,1051,1353,1353,1785,1785,1976,1976,1
KY,Kentucky,Garrard County,nonmetro,643,643,821,821,900,900,1156,1156,1285,1285,1
KY,Kentucky,Grant County,metro,823,823,899,899,1155,1155,1385,1385,1678,1678,1
KY,Kentucky,Graves County,nonmetro,619,619,660,660,866,866,1204,1204,1311,1311,1
KY,Kentucky,Grayson County,nonmetro,708,708,712,712,866,866,1200,1200,1209,1209,1
KY,Kentucky,Green County,nonmetro,619,619,790,790,866,866,1142,1142,1147,1147,1
KY,Kentucky,Greenup County,metro,848,848,853,853,973,973,1249,1249,1410,1410,1
KY,Kentucky,Hancock County,nonmetro,769,769,774,774,1016,1016,1345,1345,1347,1347,1
KY,Kentucky,Hardin County,metro,841,841,846,846,1056,1056,1469,1469,1771,1771,1
KY,Kentucky,Harlan County,nonmetro,694,694,699,699,866,866,1142,1142,1147,1147,1
KY,Kentucky,Harrison County,nonmetro,619,619,790,790,866,866,1204,1204,1214,1214,1
KY,Kentucky,Hart County,nonmetro,619,619,747,747,866,866,1077,1077,1198,1198,1
KY,Kentucky,Henderson County,nonmetro,711,711,764,764,949,949,1220,1220,1414,1414,1
KY,Kentucky,Henry County,metro,966,966,1047,1047,1272,1272,1625,1625,1891,1891,1
KY,Kentucky,Hickman County,nonmetro,619,619,660,660,866,866,1142,1142,1147,1147,1
KY,Kentucky,Hopkins County,nonmetro,662,662,686,686,900,900,1163,1163,1330,1330,1
KY,Kentucky,Jackson County,nonmetro,619,619,660,660,866,866,1204,1204,1209,1209,1
KY,Kentucky,Jefferson County,metro,966,966,1047,1047,1272,1272,1625,1625,1891,1891,1
KY,Kentucky,Jessamine County,metro,883,883,1079,1079,1272,1272,1743,1743,1940,1940,1
KY,Kentucky,Johnson County,nonmetro,619,619,696,696,866,866,1154,1154,1280,1280,1
KY,Kentucky,Kenton County,metro,958,958,1051,1051,1353,1353,1785,1785,1976,1976,1
KY,Kentucky,Knott County,nonmetro,619,619,683,683,866,866,1038,1038,1209,1209,1
KY,Kentucky,Knox County,nonmetro,619,619,745,745,866,866,1038,1038,1453,1453,1
KY,Kentucky,Larue County,metro,841,841,846,846,1056,1056,1469,1469,1771,1771,1
KY,Kentucky,Laurel County,nonmetro,607,607,676,676,881,881,1068,1068,1213,1213,1
KY,Kentucky,Lawrence County,metro,715,715,720,720,926,926,1110,1110,1341,1341,1
KY,Kentucky,Lee County,nonmetro,671,671,740,740,939,939,1126,1126,1311,1311,1
KY,Kentucky,Leslie County,nonmetro,619,619,790,790,866,866,1204,1204,1209,1209,1
KY,Kentucky,Letcher County,nonmetro,619,619,759,759,866,866,1166,1166,1316,1316,1
KY,Kentucky,Lewis County,nonmetro,619,619,660,660,866,866,1136,1136,1209,1209,1
KY,Kentucky,Lincoln County,nonmetro,619,619,753,753,866,866,1038,1038,1147,1147,1
KY,Kentucky,Livingston County,metro,865,865,960,960,1158,1158,1388,1388,1771,1771,1
KY,Kentucky,Logan County,nonmetro,632,632,660,660,866,866,1178,1178,1311,1311,1
KY,Kentucky,Lyon County,nonmetro,619,619,660,660,866,866,1204,1204,1453,1453,1
KY,Kentucky,Madison County,nonmetro,666,666,785,785,904,904,1257,1257,1416,1416,1
KY,Kentucky,Magoffin County,nonmetro,619,619,790,790,866,866,1038,1038,1209,1209,1
KY,Kentucky,Marion County,nonmetro,619,619,660,660,866,866,1093,1093,1300,1300,1
KY,Kentucky,Marshall County,nonmetro,632,632,772,772,884,884,1191,1191,1269,1269,1
KY,Kentucky,Martin County,nonmetro,619,619,683,683,866,866,1081,1081,1209,1209,1
KY,Kentucky,Mason County,nonmetro,629,629,764,764,913,913,1111,1111,1274,1274,1
KY,Kentucky,McCracken County,metro,729,729,851,851,1058,1058,1269,1269,1775,1775,1
KY,Kentucky,McCreary County,nonmetro,619,619,790,790,866,866,1069,1069,1209,1209,1
KY,Kentucky,McLean County,metro,840,840,846,846,1110,1110,1466,1466,1470,1470,1
KY,Kentucky,Meade County,metro,814,814,819,819,1075,1075,1463,1463,1680,1680,1
KY,Kentucky,Menifee County,nonmetro,619,619,683,683,866,866,1110,1110,1209,1209,1
KY,Kentucky,Mercer County,nonmetro,619,619,660,660,866,866,1204,1204,1453,1453,1
KY,Kentucky,Metcalfe County,nonmetro,619,619,755,755,866,866,1081,1081,1209,1209,1
KY,Kentucky,Monroe County,nonmetro,619,619,660,660,866,866,1204,1204,1209,1209,1
KY,Kentucky,Montgomery County,nonmetro,647,647,690,690,905,905,1194,1194,1198,1198,1
KY,Kentucky,Morgan County,nonmetro,619,619,660,660,866,866,1204,1204,1272,1272,1
KY,Kentucky,Muhlenberg County,nonmetro,619,619,660,660,866,866,1038,1038,1224,1224,1
KY,Kentucky,Nelson County,metro,770,770,781,781,1016,1016,1360,1360,1704,1704,1
KY,Kentucky,Nicholas County,nonmetro,619,619,696,696,866,866,1204,1204,1311,1311,1
KY,Kentucky,Ohio County,nonmetro,619,619,660,660,866,866,1043,1043,1218,1218,1
KY,Kentucky,Oldham County,metro,966,966,1047,1047,1272,1272,1625,1625,1891,1891,1
KY,Kentucky,Owen County,nonmetro,711,711,758,758,995,995,1329,1329,1389,1389,1
KY,Kentucky,Owsley County,nonmetro,619,619,683,683,866,866,1115,1115,1209,1209,1
KY,Kentucky,Pendleton County,metro,958,958,1051,1051,1353,1353,1785,1785,1976,1976,1
KY,Kentucky,Perry County,nonmetro,685,685,731,731,959,959,1150,1150,1270,1270,1
KY,Kentucky,Pike County,nonmetro,698,698,745,745,977,977,1171,1171,1552,1552,1
KY,Kentucky,Powell County,nonmetro,619,619,660,660,866,866,1204,1204,1453,1453,1
KY,Kentucky,Pulaski County,nonmetro,662,662,706,706,926,926,1110,1110,1355,1355,1
KY,Kentucky,Robertson County,nonmetro,619,619,660,660,866,866,1081,1081,1209,1209,1
KY,Kentucky,Rockcastle County,nonmetro,619,619,741,741,866,866,1126,1126,1209,1209,1
KY,Kentucky,Rowan County,nonmetro,628,628,735,735,911,911,1156,1156,1528,1528,1
KY,Kentucky,Russell County,nonmetro,619,619,660,660,866,866,1038,1038,1147,1147,1
KY,Kentucky,Scott County,metro,883,883,1079,1079,1272,1272,1743,1743,1940,1940,1
KY,Kentucky,Shelby County,metro,954,954,1027,1027,1143,1143,1417,1417,1697,1697,1
KY,Kentucky,Simpson County,nonmetro,754,754,872,872,1055,1055,1405,1405,1473,1473,1
KY,Kentucky,Spencer County,metro,966,966,1047,1047,1272,1272,1625,1625,1891,1891,1
KY,Kentucky,Taylor County,nonmetro,619,619,790,790,866,866,1204,1204,1209,1209,1
KY,Kentucky,Todd County,nonmetro,656,656,700,700,918,918,1151,1151,1351,1351,1
KY,Kentucky,Trigg County,metro,1090,1090,1094,1094,1346,1346,1871,1871,2258,2258,1
KY,Kentucky,Trimble County,nonmetro,715,715,780,780,1001,1001,1320,1320,1325,1325,1
KY,Kentucky,Union County,nonmetro,651,651,694,694,911,911,1092,1092,1206,1206,1
KY,Kentucky,Warren County,metro,889,889,985,985,1153,1153,1384,1384,1806,1806,1
KY,Kentucky,Washington County,nonmetro,664,664,708,708,929,929,1226,1226,1323,1323,1
KY,Kentucky,Wayne County,nonmetro,619,619,677,677,866,866,1204,1204,1453,1453,1
KY,Kentucky,Webster County,nonmetro,619,619,660,660,866,866,1115,1115,1209,1209,1
KY,Kentucky,Whitley County,nonmetro,619,619,660,660,866,866,1038,1038,1157,1157,1
KY,Kentucky,Wolfe County,nonmetro,619,619,683,683,866,866,1081,1081,1209,1209,1
KY,Kentucky,Woodford County,metro,883,883,1079,1079,1272,1272,1743,1743,1940,1940,1
LA,Louisiana,Acadia Parish,metro,607,607,671,671,880,880,1055,1055,1194,1194,1
LA,Louisiana,Allen Parish,nonmetro,601,601,754,754,834,834,1048,1048,1249,1249,1
LA,Louisiana,Ascension Parish,metro,1032,1032,1064,1064,1204,1204,1511,1511,1943,1943,1
LA,Louisiana,Assumption Parish,metro,801,801,806,806,967,967,1345,1345,1556,1556,1
LA,Louisiana,Avoyelles Parish,nonmetro,617,617,653,653,857,857,1087,1087,1283,1283,1
LA,Louisiana,Beauregard Parish,nonmetro,655,655,713,713,935,935,1155,1155,1569,1569,1
LA,Louisiana,Bienville Parish,nonmetro,601,601,707,707,834,834,1160,1160,1399,1399,1
LA,Louisiana,Bossier Parish,metro,870,870,982,982,1111,1111,1458,1458,1552,1552,1
LA,Louisiana,Caddo Parish,metro,870,870,982,982,1111,1111,1458,1458,1552,1552,1
LA,Louisiana,Calcasieu Parish,metro,921,921,928,928,1217,1217,1459,1459,1611,1611,1
LA,Louisiana,Caldwell Parish,nonmetro,604,604,647,647,834,834,1072,1072,1249,1249,1
LA,Louisiana,Cameron Parish,metro,921,921,928,928,1217,1217,1459,1459,1611,1611,1
LA,Louisiana,Catahoula Parish,nonmetro,601,601,647,647,834,834,1139,1139,1249,1249,1
LA,Louisiana,Claiborne Parish,nonmetro,601,601,706,706,834,834,1000,1000,1249,1249,1
LA,Louisiana,Concordia Parish,nonmetro,601,601,647,647,834,834,1139,1139,1249,1249,1
LA,Louisiana,De Soto Parish,metro,870,870,982,982,1111,1111,1458,1458,1552,1552,1
LA,Louisiana,East Baton Rouge Parish,metro,1032,1032,1064,1064,1204,1204,1511,1511,1943,1943,1
LA,Louisiana,East Carroll Parish,nonmetro,601,601,647,647,834,834,1139,1139,1249,1249,1
LA,Louisiana,East Feliciana Parish,metro,1032,1032,1064,1064,1204,1204,1511,1511,1943,1943,1
LA,Louisiana,Evangeline Parish,nonmetro,601,601,667,667,834,834,1085,1085,1104,1104,1
LA,Louisiana,Franklin Parish,nonmetro,601,601,698,698,834,834,1067,1067,1249,1249,1
LA,Louisiana,Grant Parish,metro,728,728,780,780,994,994,1342,1342,1523,1523,1
LA,Louisiana,Iberia Parish,nonmetro,679,679,764,764,905,905,1193,1193,1473,1473,1
LA,Louisiana,Iberville Parish,metro,747,747,790,790,866,866,1204,1204,1453,1453,1
LA,Louisiana,Jackson Parish,nonmetro,601,601,761,761,834,834,1160,1160,1225,1225,1
LA,Louisiana,Jefferson Davis Parish,metro,601,601,664,664,871,871,1201,1201,1461,1461,1
LA,Louisiana,Jefferson Parish,metro,964,964,1113,1113,1331,1331,1701,1701,1996,1996,1
LA,Louisiana,La Salle Parish,nonmetro,614,614,660,660,851,851,1073,1073,1428,1428,1
LA,Louisiana,Lafayette Parish,metro,779,779,898,898,1019,1019,1301,1301,1581,1581,1
LA,Louisiana,Lafourche Parish,metro,760,760,904,904,1102,1102,1330,1330,1459,1459,1
LA,Louisiana,Lincoln Parish,nonmetro,649,649,695,695,881,881,1156,1156,1440,1440,1
LA,Louisiana,Livingston Parish,metro,1032,1032,1064,1064,1204,1204,1511,1511,1943,1943,1
LA,Louisiana,Madison Parish,nonmetro,616,616,638,638,834,834,1100,1100,1399,1399,1
LA,Louisiana,Morehouse Parish,metro,631,631,636,636,834,834,1143,1143,1172,1172,1
LA,Louisiana,Natchitoches Parish,nonmetro,634,634,705,705,925,925,1146,1146,1373,1373,1
LA,Louisiana,Orleans Parish,metro,964,964,1113,1113,1331,1331,1701,1701,1996,1996,1
LA,Louisiana,Ouachita Parish,metro,765,765,793,793,1026,1026,1319,1319,1358,1358,1
LA,Louisiana,Plaquemines Parish,metro,964,964,1113,1113,1331,1331,1701,1701,1996,1996,1
LA,Louisiana,Pointe Coupee Parish,metro,1032,1032,1064,1064,1204,1204,1511,1511,1943,1943,1
LA,Louisiana,Rapides Parish,metro,728,728,780,780,994,994,1342,1342,1523,1523,1
LA,Louisiana,Red River Parish,nonmetro,601,601,647,647,834,834,1073,1073,1251,1251,1
LA,Louisiana,Richland Parish,metro,754,754,759,759,944,944,1132,1132,1344,1344,1
LA,Louisiana,Sabine Parish,nonmetro,681,681,686,686,884,884,1065,1065,1241,1241,1
LA,Louisiana,St. Bernard Parish,metro,964,964,1113,1113,1331,1331,1701,1701,1996,1996,1
LA,Louisiana,St. Charles Parish,metro,964,964,1113,1113,1331,1331,1701,1701,1996,1996,1
LA,Louisiana,St. Helena Parish,metro,1032,1032,1064,1064,1204,1204,1511,1511,1943,1943,1
LA,Louisiana,St. James Parish,metro,697,697,702,702,921,921,1281,1281,1315,1315,1
LA,Louisiana,St. John the Baptist Parish,metro,964,964,1113,1113,1331,1331,1701,1701,1996,1996,1
LA,Louisiana,St. Landry Parish,nonmetro,631,631,636,636,834,834,1040,1040,1202,1202,1
LA,Louisiana,St. Martin Parish,metro,779,779,898,898,1019,1019,1301,1301,1581,1581,1
LA,Louisiana,St. Mary Parish,nonmetro,717,717,722,722,947,947,1244,1244,1512,1512,1
LA,Louisiana,St. Tammany Parish,metro,990,990,1130,1130,1331,1331,1724,1724,1996,1996,1
LA,Louisiana,Tangipahoa Parish,metro,831,831,848,848,1099,1099,1372,1372,1455,1455,1
LA,Louisiana,Tensas Parish,nonmetro,601,601,761,761,834,834,1160,1160,1249,1249,1
LA,Louisiana,Terrebonne Parish,metro,760,760,904,904,1102,1102,1330,1330,1459,1459,1
LA,Louisiana,Union Parish,metro,765,765,793,793,1026,1026,1319,1319,1358,1358,1
LA,Louisiana,Vermilion Parish,metro,580,580,761,761,834,834,1100,1100,1104,1104,1
LA,Louisiana,Vernon Parish,nonmetro,788,788,793,793,1041,1041,1336,1336,1433,1433,1
LA,Louisiana,Washington Parish,nonmetro,727,727,761,761,834,834,1160,1160,1388,1388,1
LA,Louisiana,Webster Parish,nonmetro,600,600,651,651,854,854,1130,1130,1131,1131,1
LA,Louisiana,West Baton Rouge Parish,metro,1032,1032,1064,1064,1204,1204,1511,1511,1943,1943,1
LA,Louisiana,West Carroll Parish,nonmetro,601,601,636,636,834,834,1088,1088,1138,1138,1
LA,Louisiana,West Feliciana Parish,metro,1032,1032,1064,1064,1204,1204,1511,1511,1943,1943,1
LA,Louisiana,Winn Parish,nonmetro,601,601,761,761,834,834,1160,1160,1249,1249,1
MA,Massachusetts,Barnstable County,metro,1834,1834,1846,1846,2422,2422,2985,2985,3428,3428,15
MA,Massachusetts,Berkshire County,metro,1250,1250,1302,1302,1709,1709,2206,2206,2867,2867,32
MA,Massachusetts,Bristol County,metro,1318,1931,1402,1943,1729,2550,2087,3057,2480,3679,20
MA,Massachusetts,Dukes County,nonmetro,1623,1623,1633,1633,2143,2143,2980,2980,3164,3164,7
MA,Massachusetts,Essex County,metro,2359,2359,2476,2476,2941,2941,3526,3526,3894,3894,34
MA,Massachusetts,Franklin County,nonmetro,1287,1287,1422,1422,1866,1866,2237,2237,2471,2471,26
MA,Massachusetts,Hampden County,metro,1219,1219,1382,1382,1734,1734,2127,2127,2296,2296,23
MA,Massachusetts,Hampshire County,metro,1382,1382,1580,1580,2004,2004,2504,2504,2702,2702,20
MA,Massachusetts,Middlesex County,metro,2359,2359,2476,2476,2941,2941,3526,3526,3894,3894,54
MA,Massachusetts,Nantucket County,nonmetro,2409,2409,2425,2425,3138,3138,4143,4143,5260,5260,1
MA,Massachusetts,Norfolk County,metro,2359,2359,2476,2476,2941,2941,3526,3526,3894,3894,28
MA,Massachusetts,Plymouth County,metro,1631,2359,1761,2476,2311,2941,2889,3526,3060,3894,27
MA,Massachusetts,Suffolk County,metro,2359,2359,2476,2476,2941,2941,3526,3526,3894,3894,4
MA,Massachusetts,Worcester County,metro,1588,1588,1599,1651,2056,2166,2548,3012,2825,3380,60
MD,Maryland,Allegany County,nonmetro,694,694,823,823,973,973,1333,1333,1452,1452,1
MD,Maryland,Anne Arundel County,metro,1362,1362,1511,1511,1857,1857,2358,2358,2611,2611,1
MD,Maryland,Baltimore County,metro,1362,1362,1511,1511,1857,1857,2358,2358,2611,2611,1
MD,Maryland,Baltimore city,metro,1362,1362,1511,1511,1857,1857,2358,2358,2611,2611,1
MD,Maryland,Calvert County,metro,1811,1811,1851,1851,2083,2083,2639,2639,3106,3106,1
MD,Maryland,Caroline County,nonmetro,995,995,1001,1001,1314,1314,1642,1642,2184,2184,1
MD,Maryland,Carroll County,metro,1362,1362,1511,1511,1857,1857,2358,2358,2611,2611,1
MD,Maryland,Cecil County,metro,1397,1397,1520,1520,1810,1810,2170,2170,2423,2423,1
MD,Maryland,Charles County,metro,1953,1953,2015,2015,2246,2246,2835,2835,3332,3332,1
MD,Maryland,Dorchester County,nonmetro,947,947,952,952,1144,1144,1591,1591,1919,1919,1
MD,Maryland,Frederick County,metro,1953,1953,2015,2015,2246,2246,2835,2835,3332,3332,1
MD,Maryland,Garrett County,nonmetro,848,848,864,864,973,973,1353,1353,1441,1441,1
MD,Maryland,Harford County,metro,1362,1362,1511,1511,1857,1857,2358,2358,2611,2611,1
MD,Maryland,Howard County,metro,1362,1362,1511,1511,1857,1857,2358,2358,2611,2611,1
MD,Maryland,Kent County,nonmetro,1062,1062,1137,1137,1246,1246,1635,1635,2090,2090,1
MD,Maryland,Montgomery County,metro,1953,1953,2015,2015,2246,2246,2835,2835,3332,3332,1
MD,Maryland,Prince George's County,metro,1953,1953,2015,2015,2246,2246,2835,2835,3332,3332,1
MD,Maryland,Queen Anne's County,metro,1362,1362,1511,1511,1857,1857,2358,2358,2611,2611,1
MD,Maryland,Somerset County,metro,901,901,907,907,1167,1167,1586,1586,1667,1667,1
MD,Maryland,St. Mary's County,metro,1394,1394,1672,1672,1833,1833,2264,2264,2889,2889,1
MD,Maryland,Talbot County,nonmetro,1201,1201,1282,1282,1409,1409,1960,1960,2364,2364,1
MD,Maryland,Washington County,metro,869,869,961,961,1261,1261,1700,1700,1901,1901,1
MD,Maryland,Wicomico County,metro,1054,1054,1061,1061,1378,1378,1818,1818,1825,1825,1
MD,Maryland,Worcester County,nonmetro,1027,1027,1035,1035,1194,1194,1661,1661,1919,1919,1
ME,Maine,Androscoggin County,metro,1140,1140,1218,1218,1586,1586,2050,2050,2305,2305,14
ME,Maine,Aroostook County,nonmetro,942,942,949,949,1224,1224,1672,1672,1739,1739,71
ME,Maine,Cumberland County,metro,1469,1469,1658,1658,2130,2130,2591,2591,2820,3038,28
ME,Maine,Franklin County,nonmetro,911,911,1008,1008,1322,1322,1750,1750,1757,1757,26
ME,Maine,Hancock County,nonmetro,1227,1227,1234,1234,1501,1501,2047,2047,2055,2055,41
ME,Maine,Kennebec County,nonmetro,1082,1082,1090,1090,1416,1416,1819,1819,2158,2158,30
ME,Maine,Knox County,nonmetro,1223,1223,1270,1270,1526,1526,1928,1928,2085,2085,20
ME,Maine,Lincoln County,nonmetro,1222,1222,1280,1280,1403,1403,1936,1936,1943,1943,21
ME,Maine,Oxford County,nonmetro,893,893,989,989,1295,1295,1801,1801,2172,2172,38
ME,Maine,Penobscot County,metro,982,1244,1061,1313,1392,1659,1799,2133,2010,2242,67
ME,Maine,Piscataquis County,nonmetro,978,978,1081,1081,1419,1419,1701,1701,1879,1879,22
ME,Maine,Sagadahoc County,metro,1105,1105,1264,1264,1577,1577,2193,2193,2645,2645,11
ME,Maine,Somerset County,nonmetro,1015,1015,1083,1083,1266,1266,1689,1689,1812,1812,37
ME,Maine,Waldo County,nonmetro,1156,1156,1163,1163,1438,1438,1865,1865,2025,2025,26
ME,Maine,Washington County,nonmetro,863,863,954,954,1252,1252,1739,1739,1943,1943,48
ME,Maine,York County,metro,1281,1518,1412,1678,1716,2202,2298,2640,2561,3694,29
MI,Michigan,Alcona County,nonmetro,689,689,807,807,973,973,1333,1333,1380,1380,1
MI,Michigan,Alger County,nonmetro,759,759,817,817,1072,1072,1285,1285,1419,1419,1
MI,Michigan,Allegan County,nonmetro,959,959,966,966,1267,1267,1583,1583,1761,1761,1
MI,Michigan,Alpena County,nonmetro,689,689,767,767,973,973,1212,1212,1632,1632,1
MI,Michigan,Antrim County,nonmetro,801,801,897,897,1162,1162,1393,1393,1613,1613,1
MI,Michigan,Arenac County,nonmetro,671,671,742,742,973,973,1353,1353,1519,1519,1
MI,Michigan,Baraga County,nonmetro,689,689,742,742,973,973,1167,1167,1299,1299,1
MI,Michigan,Barry County,metro,1010,1010,1017,1017,1334,1334,1735,1735,2013,2013,1
MI,Michigan,Bay County,metro,809,809,814,814,1030,1030,1399,1399,1518,1518,1
MI,Michigan,Benzie County,metro,904,904,937,937,1224,1224,1586,1586,1720,1720,1
MI,Michigan,Berrien County,metro,816,816,902,902,1184,1184,1556,1556,1568,1568,1
MI,Michigan,Branch County,nonmetro,689,689,840,840,973,973,1324,1324,1329,1329,1
MI,Michigan,Calhoun County,metro,833,833,976,976,1176,1176,1410,1410,1565,1565,1
MI,Michigan,Cass County,metro,775,775,906,906,993,993,1272,1272,1666,1666,1
MI,Michigan,Charlevoix County,nonmetro,736,736,800,800,1039,1039,1445,1445,1622,1622,1
MI,Michigan,Cheboygan County,nonmetro,746,746,803,803,1054,1054,1264,1264,1403,1403,1
MI,Michigan,Chippewa County,nonmetro,735,735,823,823,1066,1066,1278,1278,1411,1411,1
MI,Michigan,Clare County,nonmetro,698,698,751,751,986,986,1189,1189,1611,1611,1
MI,Michigan,Clinton County,metro,973,973,1012,1012,1268,1268,1627,1627,1679,1679,1
MI,Michigan,Crawford County,nonmetro,716,716,875,875,1038,1038,1245,1245,1472,1472,1
MI,Michigan,Delta County,nonmetro,714,714,742,742,973,973,1288,1288,1632,1632,1
MI,Michigan,Dickinson County,nonmetro,689,689,841,841,973,973,1182,1182,1632,1632,1
MI,Michigan,Eaton County,metro,973,973,1012,1012,1268,1268,1627,1627,1679,1679,1
MI,Michigan,Emmet County,nonmetro,863,863,941,941,1235,1235,1481,1481,1635,1635,1
MI,Michigan,Genesee County,metro,731,731,856,856,1033,1033,1272,1272,1497,1497,1
MI,Michigan,Gladwin County,nonmetro,689,689,742,742,973,973,1353,1353,1606,1606,1
MI,Michigan,Gogebic County,nonmetro,689,689,761,761,973,973,1353,1353,1411,1411,1
MI,Michigan,Grand Traverse County,metro,1136,1136,1143,1143,1357,1357,1747,1747,1797,1797,1
MI,Michigan,Gratiot County,nonmetro,689,689,742,742,973,973,1304,1304,1455,1455,1
MI,Michigan,Hillsdale County,nonmetro,691,691,764,764,1002,1002,1252,1252,1327,1327,1
MI,Michigan,Houghton County,nonmetro,795,795,800,800,973,973,1353,1353,1632,1632,1
MI,Michigan,Huron County,nonmetro,689,689,806,806,973,973,1197,1197,1288,1288,1
MI,Michigan,Ingham County,metro,973,973,1012,1012,1268,1268,1627,1627,1679,1679,1
MI,Michigan,Ionia County,metro,834,834,921,921,1209,1209,1481,1481,1931,1931,1
MI,Michigan,Iosco County,nonmetro,819,819,824,824,973,973,1348,1348,1632,1632,1
MI,Michigan,Iron County,nonmetro,756,756,814,814,1068,1068,1281,1281,1414,1414,1
MI,Michigan,Isabella County,nonmetro,875,875,880,880,1013,1013,1321,1321,1341,1341,1
MI,Michigan,Jackson County,metro,838,838,946,946,1165,1165,1534,1534,1626,1626,1
MI,Michigan,Kalamazoo County,metro,838,838,998,998,1162,1162,1531,1531,1571,1571,1
MI,Michigan,Kalkaska County,metro,719,719,766,766,973,973,1286,1286,1291,1291,1
MI,Michigan,Kent County,metro,1232,1232,1278,1278,1531,1531,1980,1980,2189,2189,1
MI,Michigan,Keweenaw County,nonmetro,689,689,849,849,973,973,1242,1242,1380,1380,1
MI,Michigan,Lake County,nonmetro,704,704,758,758,994,994,1367,1367,1660,1660,1
MI,Michigan,Lapeer County,metro,1009,1009,1122,1122,1411,1411,1724,1724,1868,1868,1
MI,Michigan,Leelanau County,metro,1106,1106,1366,1366,1497,1497,1795,1795,1982,1982,1
MI,Michigan,Lenawee County,nonmetro,804,804,889,889,1166,1166,1491,1491,1622,1622,1
MI,Michigan,Livingston County,metro,1005,1005,1264,1264,1457,1457,2026,2026,2285,2285,1
MI,Michigan,Luce County,nonmetro,699,699,753,753,988,988,1185,1185,1353,1353,1
MI,Michigan,Mackinac County,nonmetro,775,775,780,780,1023,1023,1227,1227,1451,1451,1
MI,Michigan,Macomb County,metro,1009,1009,1122,1122,1411,1411,1724,1724,1868,1868,1
MI,Michigan,Manistee County,nonmetro,742,742,799,799,1048,1048,1332,1332,1388,1388,1
MI,Michigan,Marquette County,nonmetro,784,784,973,973,1137,1137,1363,1363,1665,1665,1
MI,Michigan,Mason County,nonmetro,726,726,816,816,1026,1026,1366,1366,1374,1374,1
MI,Michigan,Mecosta County,nonmetro,715,715,796,796,1010,1010,1288,1288,1432,1432,1
MI,Michigan,Menominee County,nonmetro,697,697,771,771,973,973,1353,1353,1380,1380,1
MI,Michigan,Midland County,metro,907,907,925,925,1193,1193,1518,1518,1682,1682,1
MI,Michigan,Missaukee County,nonmetro,689,689,787,787,973,973,1194,1194,1288,1288,1
MI,Michigan,Monroe County,metro,914,914,1011,1011,1326,1326,1605,1605,2147,2147,1
MI,Michigan,Montcalm County,metro,829,829,1016,1016,1203,1203,1473,1473,1593,1593,1
MI,Michigan,Montmorency County,nonmetro,689,689,888,888,973,973,1353,1353,1380,1380,1
MI,Michigan,Muskegon County,metro,866,866,942,942,1236,1236,1490,1490,1636,1636,1
MI,Michigan,Newaygo County,nonmetro,691,691,744,744,976,976,1294,1294,1298,1298,1
MI,Michigan,Oakland County,metro,1009,1009,1122,1122,1411,1411,1724,1724,1868,1868,1
MI,Michigan,Oceana County,nonmetro,689,689,742,742,973,973,1200,1200,1550,1550,1
MI,Michigan,Ogemaw County,nonmetro,682,682,843,843,989,989,1186,1186,1309,1309,1
MI,Michigan,Ontonagon County,nonmetro,689,689,888,888,973,973,1242,1242,1632,1632,1
MI,Michigan,Osceola County,nonmetro,744,744,749,749,983,983,1182,1182,1394,1394,1
MI,Michigan,Oscoda County,nonmetro,689,689,742,742,973,973,1287,1287,1380,1380,1
MI,Michigan,Otsego County,nonmetro,852,852,858,858,1100,1100,1445,1445,1560,1560,1
MI,Michigan,Ottawa County,metro,1047,1047,1333,1333,1519,1519,1930,1930,2256,2256,1
MI,Michigan,Presque Isle County,nonmetro,671,671,742,742,973,973,1167,1167,1506,1506,1
MI,Michigan,Roscommon County,nonmetro,689,689,742,742,973,973,1242,1242,1632,1632,1
MI,Michigan,Saginaw County,metro,770,770,851,851,1117,1117,1440,1440,1479,1479,1
MI,Michigan,Sanilac County,nonmetro,671,671,742,742,973,973,1253,1253,1316,1316,1
MI,Michigan,Schoolcraft County,nonmetro,689,689,858,858,973,973,1338,1338,1380,1380,1
MI,Michigan,Shiawassee County,nonmetro,787,787,812,812,1066,1066,1428,1428,1571,1571,1
MI,Michigan,St. Clair County,metro,1009,1009,1122,1122,1411,1411,1724,1724,1868,1868,1
MI,Michigan,St. Joseph County,nonmetro,721,721,777,777,1019,1019,1380,1380,1480,1480,1
MI,Michigan,Tuscola County,nonmetro,671,671,786,786,973,973,1288,1288,1420,1420,1
MI,Michigan,Van Buren County,nonmetro,701,701,774,774,1016,1016,1338,1338,1396,1396,1
MI,Michigan,Washtenaw County,metro,1365,1365,1387,1387,1656,1656,1986,1986,2193,2193,1
MI,Michigan,Wayne County,metro,1009,1009,1122,1122,1411,1411,1724,1724,1868,1868,1
MI,Michigan,Wexford County,nonmetro,821,821,826,826,1084,1084,1368,1368,1585,1585,1
MN,Minnesota,Aitkin County,nonmetro,737,737,742,742,973,973,1353,1353,1471,1471,1
MN,Minnesota,Anoka County,metro,1242,1242,1405,1405,1709,1709,2262,2262,2531,2531,1
MN,Minnesota,Becker County,nonmetro,708,708,783,783,1027,1027,1341,1341,1474,1474,1
MN,Minnesota,Beltrami County,nonmetro,870,870,876,876,1135,1135,1361,1361,1715,1715,1
MN,Minnesota,Benton County,metro,874,874,919,919,1206,1206,1604,1604,1873,1873,1
MN,Minnesota,Big Stone County,nonmetro,671,671,816,816,973,973,1178,1178,1329,1329,1
MN,Minnesota,Blue Earth County,metro,971,971,977,977,1171,1171,1629,1629,1916,1916,1
MN,Minnesota,Brown County,nonmetro,671,671,742,742,973,973,1177,1177,1609,1609,1
MN,Minnesota,Carlton County,metro,849,849,978,978,1232,1232,1689,1689,2067,2067,1
MN,Minnesota,Carver County,metro,1242,1242,1405,1405,1709,1709,2262,2262,2531,2531,1
MN,Minnesota,Cass County,nonmetro,729,729,768,768,973,973,1300,1300,1632,1632,1
MN,Minnesota,Chippewa County,nonmetro,671,671,772,772,973,973,1353,1353,1382,1382,1
MN,Minnesota,Chisago County,metro,1242,1242,1405,1405,1709,1709,2262,2262,2531,2531,1
MN,Minnesota,Clay County,metro,768,768,917,917,1112,1112,1547,1547,1865,1865,1
MN,Minnesota,Clearwater County,nonmetro,671,671,785,785,973,973,1179,1179,1632,1632,1
MN,Minnesota,Cook County,nonmetro,671,671,888,888,973,973,1288,1288,1415,1415,1
MN,Minnesota,Cottonwood County,nonmetro,671,671,766,766,973,973,1353,1353,1415,1415,1
MN,Minnesota,Crow Wing County,nonmetro,772,772,854,854,1120,1120,1345,1345,1569,1569,1
MN,Minnesota,Dakota County,metro,1242,1242,1405,1405,1709,1709,2262,2262,2531,2531,1
MN,Minnesota,Dodge County,metro,1112,1112,1189,1189,1407,1407,1957,1957,2360,2360,1
MN,Minnesota,Douglas County,nonmetro,737,737,772,772,991,991,1378,1378,1441,1441,1
MN,Minnesota,Faribault County,nonmetro,671,671,790,790,973,973,1312,1312,1317,1317,1
MN,Minnesota,Fillmore County,metro,774,774,779,779,1022,1022,1370,1370,1375,1375,1
MN,Minnesota,Freeborn County,nonmetro,672,672,742,742,974,974,1283,1283,1432,1432,1
MN,Minnesota,Goodhue County,nonmetro,755,755,901,901,1095,1095,1523,1523,1837,1837,1
MN,Minnesota,Grant County,nonmetro,671,671,742,742,973,973,1353,1353,1632,1632,1
MN,Minnesota,Hennepin County,metro,1242,1242,1405,1405,1709,1709,2262,2262,2531,2531,1
MN,Minnesota,Houston County,metro,804,804,889,889,1166,1166,1515,1515,1903,1903,1
MN,Minnesota,Hubbard County,nonmetro,695,695,768,768,1008,1008,1395,1395,1642,1642,1
MN,Minnesota,Isanti County,metro,1242,1242,1405,1405,1709,1709,2262,2262,2531,2531,1
MN,Minnesota,Itasca County,nonmetro,754,754,860,860,1074,1074,1401,1401,1516,1516,1
MN,Minnesota,Jackson County,nonmetro,671,671,846,846,973,973,1283,1283,1288,1288,1
MN,Minnesota,Kanabec County,nonmetro,671,671,858,858,973,973,1353,1353,1387,1387,1
MN,Minnesota,Kandiyohi County,nonmetro,782,782,787,787,973,973,1353,1353,1632,1632,1
MN,Minnesota,Kittson County,nonmetro,684,684,745,745,973,973,1167,1167,1415,1415,1
MN,Minnesota,Koochiching County,nonmetro,671,671,742,742,973,973,1243,1243,1415,1415,1
MN,Minnesota,Lac qui Parle County,nonmetro,671,671,833,833,973,973,1353,1353,1415,1415,1
MN,Minnesota,Lake County,nonmetro,880,880,973,973,1277,1277,1531,1531,1869,1869,1
MN,Minnesota,Lake of the Woods County,nonmetro,699,699,773,773,1014,1014,1216,1216,1474,1474,1
MN,Minnesota,Le Sueur County,metro,816,816,822,822,1078,1078,1499,1499,1748,1748,1
MN,Minnesota,Lincoln County,nonmetro,671,671,742,742,973,973,1283,1283,1288,1288,1
MN,Minnesota,Lyon County,nonmetro,678,678,834,834,973,973,1353,1353,1632,1632,1
MN,Minnesota,Mahnomen County,nonmetro,671,671,742,742,973,973,1217,1217,1488,1488,1
MN,Minnesota,Marshall County,nonmetro,671,671,742,742,973,973,1182,1182,1632,1632,1
MN,Minnesota,Martin County,nonmetro,671,671,803,803,973,973,1283,1283,1288,1288,1
MN,Minnesota,McLeod County,nonmetro,823,823,865,865,999,999,1198,1198,1662,1662,1
MN,Minnesota,Meeker County,nonmetro,687,687,854,854,997,997,1387,1387,1407,1407,1
MN,Minnesota,Mille Lacs County,metro,850,850,856,856,1123,1123,1346,1346,1884,1884,1
MN,Minnesota,Morrison County,nonmetro,671,671,757,757,973,973,1353,1353,1454,1454,1
MN,Minnesota,Mower County,nonmetro,723,723,799,799,1049,1049,1350,1350,1461,1461,1
MN,Minnesota,Murray County,nonmetro,671,671,852,852,973,973,1232,1232,1573,1573,1
MN,Minnesota,Nicollet County,metro,971,971,977,977,1171,1171,1629,1629,1916,1916,1
MN,Minnesota,Nobles County,nonmetro,723,723,799,799,1049,1049,1294,1294,1389,1389,1
MN,Minnesota,Norman County,nonmetro,671,671,742,742,973,973,1167,1167,1288,1288,1
MN,Minnesota,Olmsted County,metro,1112,1112,1189,1189,1407,1407,1957,1957,2360,2360,1
MN,Minnesota,Otter Tail County,nonmetro,678,678,749,749,983,983,1367,1367,1432,1432,1
MN,Minnesota,Pennington County,nonmetro,774,774,855,855,1122,1122,1496,1496,1631,1631,1
MN,Minnesota,Pine County,nonmetro,834,834,839,839,1101,1101,1320,1320,1458,1458,1
MN,Minnesota,Pipestone County,nonmetro,671,671,742,742,973,973,1203,1203,1538,1538,1
MN,Minnesota,Polk County,metro,863,863,868,868,1089,1089,1515,1515,1827,1827,1
MN,Minnesota,Pope County,nonmetro,726,726,803,803,1053,1053,1263,1263,1394,1394,1
MN,Minnesota,Ramsey County,metro,1242,1242,1405,1405,1709,1709,2262,2262,2531,2531,1
MN,Minnesota,Red Lake County,nonmetro,671,671,742,742,973,973,1277,1277,1288,1288,1
MN,Minnesota,Redwood County,nonmetro,671,671,742,742,973,973,1321,1321,1566,1566,1
MN,Minnesota,Renville County,nonmetro,776,776,781,781,973,973,1353,1353,1602,1602,1
MN,Minnesota,Rice County,nonmetro,899,899,905,905,1187,1187,1534,1534,1991,1991,1
MN,Minnesota,Rock County,metro,727,727,742,742,973,973,1353,1353,1357,1357,1
MN,Minnesota,Roseau County,nonmetro,671,671,867,867,973,973,1256,1256,1450,1450,1
MN,Minnesota,Scott County,metro,1242,1242,1405,1405,1709,1709,2262,2262,2531,2531,1
MN,Minnesota,Sherburne County,metro,1242,1242,1405,1405,1709,1709,2262,2262,2531,2531,1
MN,Minnesota,Sibley County,nonmetro,671,671,742,742,973,973,1299,1299,1304,1304,1
MN,Minnesota,St. Louis County,metro,849,849,978,978,1232,1232,1689,1689,2067,2067,1
MN,Minnesota,Stearns County,metro,874,874,919,919,1206,1206,1604,1604,1873,1873,1
MN,Minnesota,Steele County,nonmetro,787,787,870,870,1142,1142,1549,1549,1816,1816,1
MN,Minnesota,Stevens County,nonmetro,683,683,755,755,991,991,1378,1378,1662,1662,1
MN,Minnesota,Swift County,nonmetro,671,671,768,768,973,973,1285,1285,1314,1314,1
MN,Minnesota,Todd County,nonmetro,737,737,742,742,973,973,1318,1318,1550,1550,1
MN,Minnesota,Traverse County,nonmetro,671,671,742,742,973,973,1353,1353,1609,1609,1
MN,Minnesota,Wabasha County,metro,872,872,913,913,1001,1001,1334,1334,1679,1679,1
MN,Minnesota,Wadena County,nonmetro,701,701,783,783,1016,1016,1218,1218,1345,1345,1
MN,Minnesota,Waseca County,nonmetro,677,677,742,742,973,973,1353,1353,1495,1495,1
MN,Minnesota,Washington County,metro,1242,1242,1405,1405,1709,1709,2262,2262,2531,2531,1
MN,Minnesota,Watonwan County,nonmetro,671,671,842,842,973,973,1283,1283,1288,1288,1
MN,Minnesota,Wilkin County,nonmetro,671,671,751,751,973,973,1283,1283,1288,1288,1
MN,Minnesota,Winona County,nonmetro,791,791,868,868,1066,1066,1336,1336,1543,1543,1
MN,Minnesota,Wright County,metro,1242,1242,1405,1405,1709,1709,2262,2262,2531,2531,1
MN,Minnesota,Yellow Medicine County,nonmetro,671,671,753,753,973,973,1169,1169,1312,1312,1
MO,Missouri,Adair County,nonmetro,706,706,708,708,888,888,1235,1235,1490,1490,1
MO,Missouri,Andrew County,metro,774,774,832,832,1077,1077,1363,1363,1566,1566,1
MO,Missouri,Atchison County,nonmetro,660,660,677,677,888,888,1065,1065,1333,1333,1
MO,Missouri,Audrain County,nonmetro,660,660,690,690,888,888,1141,1141,1239,1239,1
MO,Missouri,Barry County,nonmetro,672,672,677,677,888,888,1235,1235,1311,1311,1
MO,Missouri,Barton County,nonmetro,660,660,734,734,888,888,1235,1235,1273,1273,1
MO,Missouri,Bates County,metro,702,702,706,706,927,927,1232,1232,1555,1555,1
MO,Missouri,Benton County,nonmetro,690,690,708,708,929,929,1194,1194,1453,1453,1
MO,Missouri,Bollinger County,metro,763,763,807,807,992,992,1380,1380,1664,1664,1
MO,Missouri,Boone County,metro,800,800,1011,1011,1160,1160,1573,1573,1861,1861,1
MO,Missouri,Buchanan County,metro,774,774,832,832,1077,1077,1363,1363,1566,1566,1
MO,Missouri,Butler County,nonmetro,660,660,682,682,895,895,1194,1194,1199,1199,1
MO,Missouri,Caldwell County,metro,1095,1095,1197,1197,1358,1358,1769,1769,2103,2103,1
MO,Missouri,Callaway County,metro,789,789,794,794,1042,1042,1249,1249,1472,1472,1
MO,Missouri,Camden County,nonmetro,697,697,716,716,939,939,1306,1306,1375,1375,1
MO,Missouri,Cape Girardeau County,metro,763,763,807,807,992,992,1380,1380,1664,1664,1
MO,Missouri,Carroll County,nonmetro,660,660,677,677,888,888,1157,1157,1336,1336,1
MO,Missouri,Carter County,nonmetro,660,660,677,677,888,888,1065,1065,1320,1320,1
MO,Missouri,Cass County,metro,1095,1095,1197,1197,1358,1358,1769,1769,2103,2103,1
MO,Missouri,Cedar County,nonmetro,660,660,677,677,888,888,1214,1214,1320,1320,1
MO,Missouri,Chariton County,nonmetro,660,660,677,677,888,888,1235,1235,1320,1320,1
MO,Missouri,Christian County,metro,877,877,883,883,1095,1095,1498,1498,1701,1701,1
MO,Missouri,Clark County,nonmetro,660,660,677,677,888,888,1154,1154,1320,1320,1
MO,Missouri,Clay County,metro,1095,1095,1197,1197,1358,1358,1769,1769,2103,2103,1
MO,Missouri,Clinton County,metro,1095,1095,1197,1197,1358,1358,1769,1769,2103,2103,1
MO,Missouri,Cole County,metro,689,689,694,694,910,910,1266,1266,1379,1379,1
MO,Missouri,Cooper County,metro,668,668,730,730,958,958,1182,1182,1497,1497,1
MO,Missouri,Crawford County,nonmetro,612,612,729,729,888,888,1235,1235,1375,1375,1
MO,Missouri,Dade County,nonmetro,660,660,729,729,888,888,1209,1209,1490,1490,1
MO,Missouri,Dallas County,metro,727,727,732,732,888,888,1235,1235,1490,1490,1
MO,Missouri,Daviess County,nonmetro,660,660,677,677,888,888,1138,1138,1294,1294,1
MO,Missouri,DeKalb County,metro,774,774,832,832,1077,1077,1363,1363,1566,1566,1
MO,Missouri,Dent County,nonmetro,663,663,680,680,892,892,1070,1070,1326,1326,1
MO,Missouri,Douglas County,nonmetro,660,660,677,677,888,888,1065,1065,1320,1320,1
MO,Missouri,Dunklin County,nonmetro,660,660,677,677,888,888,1228,1228,1416,1416,1
MO,Missouri,Franklin County,metro,955,955,995,995,1218,1218,1568,1568,1812,1812,1
MO,Missouri,Gasconade County,nonmetro,660,660,677,677,888,888,1192,1192,1197,1197,1
MO,Missouri,Gentry County,nonmetro,660,660,691,691,888,888,1235,1235,1490,1490,1
MO,Missouri,Greene County,metro,877,877,883,883,1095,1095,1498,1498,1701,1701,1
MO,Missouri,Grundy County,nonmetro,660,660,677,677,888,888,1171,1171,1353,1353,1
MO,Missouri,Harrison County,nonmetro,660,660,677,677,888,888,1160,1160,1176,1176,1
MO,Missouri,Henry County,nonmetro,652,652,677,677,888,888,1171,1171,1176,1176,1
MO,Missouri,Hickory County,nonmetro,660,660,796,796,888,888,1235,1235,1320,1320,1
MO,Missouri,Holt County,nonmetro,660,660,677,677,888,888,1111,1111,1373,1373,1
MO,Missouri,Howard County,metro,720,720,796,796,1044,1044,1252,1252,1382,1382,1
MO,Missouri,Howell County,nonmetro,612,612,677,677,888,888,1224,1224,1490,1490,1
MO,Missouri,Iron County,nonmetro,660,660,810,810,888,888,1084,1084,1371,1371,1
MO,Missouri,Jackson County,metro,1095,1095,1197,1197,1358,1358,1769,1769,2103,2103,1
MO,Missouri,Jasper County,metro,760,760,765,765,947,947,1237,1237,1285,1285,1
MO,Missouri,Jefferson County,metro,955,955,995,995,1218,1218,1568,1568,1812,1812,1
MO,Missouri,Johnson County,nonmetro,810,810,815,815,965,965,1342,1342,1619,1619,1
MO,Missouri,Knox County,nonmetro,660,660,677,677,888,888,1086,1086,1320,1320,1
MO,Missouri,Laclede County,nonmetro,671,671,688,688,903,903,1182,1182,1482,1482,1
MO,Missouri,Lafayette County,metro,1095,1095,1197,1197,1358,1358,1769,1769,2103,2103,1
MO,Missouri,Lawrence County,nonmetro,660,660,677,677,888,888,1169,1169,1337,1337,1
MO,Missouri,Lewis County,nonmetro,612,612,677,677,888,888,1171,1171,1176,1176,1
MO,Missouri,Lincoln County,metro,955,955,995,995,1218,1218,1568,1568,1812,1812,1
MO,Missouri,Linn County,nonmetro,660,660,677,677,888,888,1065,1065,1176,1176,1
MO,Missouri,Livingston County,nonmetro,660,660,677,677,888,888,1147,1147,1331,1331,1
MO,Missouri,Macon County,nonmetro,645,645,713,713,936,936,1212,1212,1324,1324,1
MO,Missouri,Madison County,nonmetro,695,695,713,713,935,935,1133,1133,1390,1390,1
MO,Missouri,Maries County,nonmetro,660,660,790,790,888,888,1202,1202,1320,1320,1
MO,Missouri,Marion County,nonmetro,707,707,729,729,952,952,1256,1256,1260,1260,1
MO,Missouri,McDonald County,nonmetro,672,672,677,677,888,888,1235,1235,1490,1490,1
MO,Missouri,Mercer County,nonmetro,660,660,677,677,888,888,1235,1235,1320,1320,1
MO,Missouri,Miller County,nonmetro,667,667,819,819,898,898,1088,1088,1416,1416,1
MO,Missouri,Mississippi County,nonmetro,660,660,677,677,888,888,1196,1196,1407,1407,1
MO,Missouri,Moniteau County,metro,698,698,703,703,922,922,1260,1260,1413,1413,1
MO,Missouri,Monroe County,nonmetro,660,660,677,677,888,888,1065,1065,1303,1303,1
MO,Missouri,Montgomery County,nonmetro,672,672,677,677,888,888,1226,1226,1336,1336,1
MO,Missouri,Morgan County,nonmetro,660,660,745,745,888,888,1171,1171,1176,1176,1
MO,Missouri,New Madrid County,nonmetro,661,661,678,678,890,890,1067,1067,1178,1178,1
MO,Missouri,Newton County,metro,760,760,765,765,947,947,1237,1237,1285,1285,1
MO,Missouri,Nodaway County,nonmetro,714,714,718,718,906,906,1160,1160,1520,1520,1
MO,Missouri,Oregon County,nonmetro,660,660,677,677,888,888,1235,1235,1349,1349,1
MO,Missouri,Osage County,metro,689,689,694,694,910,910,1266,1266,1379,1379,1
MO,Missouri,Ozark County,nonmetro,660,660,677,677,888,888,1065,1065,1176,1176,1
MO,Missouri,Pemiscot County,nonmetro,660,660,713,713,888,888,1171,1171,1176,1176,1
MO,Missouri,Perry County,nonmetro,707,707,868,868,952,952,1260,1260,1265,1265,1
MO,Missouri,Pettis County,nonmetro,740,740,745,745,978,978,1268,1268,1411,1411,1
MO,Missouri,Phelps County,nonmetro,730,730,742,742,933,933,1231,1231,1235,1235,1
MO,Missouri,Pike County,nonmetro,682,682,700,700,918,918,1101,1101,1215,1215,1
MO,Missouri,Platte County,metro,1095,1095,1197,1197,1358,1358,1769,1769,2103,2103,1
MO,Missouri,Polk County,metro,729,729,733,733,888,888,1235,1235,1490,1490,1
MO,Missouri,Pulaski County,nonmetro,789,789,809,809,1062,1062,1477,1477,1699,1699,1
MO,Missouri,Putnam County,nonmetro,660,660,698,698,888,888,1065,1065,1320,1320,1
MO,Missouri,Ralls County,nonmetro,660,660,677,677,888,888,1128,1128,1490,1490,1
MO,Missouri,Randolph County,nonmetro,660,660,693,693,888,888,1235,1235,1384,1384,1
MO,Missouri,Ray County,metro,1095,1095,1197,1197,1358,1358,1769,1769,2103,2103,1
MO,Missouri,Reynolds County,nonmetro,660,660,677,677,888,888,1065,1065,1176,1176,1
MO,Missouri,Ripley County,nonmetro,660,660,731,731,888,888,1141,1141,1420,1420,1
MO,Missouri,Saline County,nonmetro,660,660,677,677,888,888,1153,1153,1176,1176,1
MO,Missouri,Schuyler County,nonmetro,612,612,677,677,888,888,1065,1065,1176,1176,1
MO,Missouri,Scotland County,nonmetro,660,660,705,705,888,888,1235,1235,1490,1490,1
MO,Missouri,Scott County,nonmetro,691,691,709,709,930,930,1145,1145,1231,1231,1
MO,Missouri,Shannon County,nonmetro,654,654,677,677,888,888,1083,1083,1320,1320,1
MO,Missouri,Shelby County,nonmetro,660,660,703,703,888,888,1189,1189,1429,1429,1
MO,Missouri,St. Charles County,metro,955,955,995,995,1218,1218,1568,1568,1812,1812,1
MO,Missouri,St. Clair County,nonmetro,612,612,677,677,888,888,1065,1065,1320,1320,1
MO,Missouri,St. Francois County,nonmetro,684,684,689,689,904,904,1169,1169,1197,1197,1
MO,Missouri,St. Louis County,metro,955,955,995,995,1218,1218,1568,1568,1812,1812,1
MO,Missouri,St. Louis city,metro,955,955,995,995,1218,1218,1568,1568,1812,1812,1
MO,Missouri,Ste. Genevieve County,nonmetro,685,685,767,767,922,922,1105,1105,1547,1547,1
MO,Missouri,Stoddard County,nonmetro,660,660,677,677,888,888,1183,1183,1247,1247,1
MO,Missouri,Stone County,nonmetro,649,649,703,703,923,923,1284,1284,1548,1548,1
MO,Missouri,Sullivan County,nonmetro,660,660,809,809,888,888,1110,1110,1320,1320,1
MO,Missouri,Sullivan part,metro,955,955,995,995,1218,1218,1568,1568,1812,1812,1
MO,Missouri,Taney County,nonmetro,779,779,784,784,1029,1029,1329,1329,1522,1522,1
MO,Missouri,Texas County,nonmetro,612,612,694,694,888,888,1192,1192,1490,1490,1
MO,Missouri,Vernon County,nonmetro,686,686,703,703,923,923,1160,1160,1373,1373,1
MO,Missouri,Warren County,metro,955,955,995,995,1218,1218,1568,1568,1812,1812,1
MO,Missouri,Washington County,nonmetro,660,660,774,774,888,888,1065,1065,1276,1276,1
MO,Missouri,Wayne County,nonmetro,660,660,810,810,888,888,1065,1065,1490,1490,1
MO,Missouri,Webster County,metro,877,877,883,883,1095,1095,1498,1498,1701,1701,1
MO,Missouri,Worth County,nonmetro,660,660,677,677,888,888,1160,1160,1320,1320,1
MO,Missouri,Wright County,nonmetro,660,660,677,677,888,888,1235,1235,1320,1320,1
MP,Northern Mariana Islands,Northern Mariana Islands,nonmetro,665,665,735,735,965,965,1342,1342,1612,1612,1
MS,Mississippi,Adams County,nonmetro,727,727,768,768,842,842,1111,1111,1115,1115,1
MS,Mississippi,Alcorn County,nonmetro,727,727,768,768,842,842,1158,1158,1162,1162,1
MS,Mississippi,Amite County,nonmetro,708,708,713,713,855,855,1047,1047,1139,1139,1
MS,Mississippi,Attala County,nonmetro,638,638,642,642,842,842,1115,1115,1118,1118,1
MS,Mississippi,Benton County,metro,727,727,768,768,842,842,1157,1157,1284,1284,1
MS,Mississippi,Bolivar County,nonmetro,638,638,642,642,842,842,1096,1096,1115,1115,1
MS,Mississippi,Calhoun County,nonmetro,637,637,642,642,842,842,1167,1167,1217,1217,1
MS,Mississippi,Carroll County,nonmetro,708,708,713,713,842,842,1049,1049,1118,1118,1
MS,Mississippi,Chickasaw County,nonmetro,638,638,642,642,842,842,1121,1121,1411,1411,1
MS,Mississippi,Choctaw County,nonmetro,638,638,642,642,842,842,1115,1115,1118,1118,1
MS,Mississippi,Claiborne County,nonmetro,708,708,713,713,842,842,1111,1111,1118,1118,1
MS,Mississippi,Clarke County,nonmetro,750,750,783,783,867,867,1044,1044,1150,1150,1
MS,Mississippi,Clay County,nonmetro,708,708,713,713,842,842,1159,1159,1412,1412,1
MS,Mississippi,Coahoma County,nonmetro,730,730,748,748,842,842,1177,1177,1380,1380,1
MS,Mississippi,Copiah County,metro,1091,1091,1097,1097,1288,1288,1544,1544,1705,1705,1
MS,Mississippi,Covington County,nonmetro,708,708,713,713,842,842,1111,1111,1115,1115,1
MS,Mississippi,DeSoto County,metro,1060,1060,1154,1154,1274,1274,1683,1683,1959,1959,1
MS,Mississippi,Forrest County,metro,766,766,888,888,1047,1047,1348,1348,1386,1386,1
MS,Mississippi,Franklin County,nonmetro,727,727,759,759,842,842,1115,1115,1118,1118,1
MS,Mississippi,George County,nonmetro,775,775,779,779,921,921,1104,1104,1451,1451,1
MS,Mississippi,Greene County,nonmetro,727,727,768,768,842,842,1012,1012,1118,1118,1
MS,Mississippi,Grenada County,nonmetro,690,690,694,694,911,911,1092,1092,1206,1206,1
MS,Mississippi,Hancock County,metro,786,786,923,923,1140,1140,1471,1471,1612,1612,1
MS,Mississippi,Harrison County,metro,786,786,923,923,1140,1140,1471,1471,1612,1612,1
MS,Mississippi,Hinds County,metro,1091,1091,1097,1097,1288,1288,1544,1544,1705,1705,1
MS,Mississippi,Holmes County,metro,733,733,768,768,842,842,1111,1111,1115,1115,1
MS,Mississippi,Humphreys County,nonmetro,727,727,768,768,842,842,1111,1111,1115,1115,1
MS,Mississippi,Issaquena County,nonmetro,708,708,713,713,842,842,1049,1049,1118,1118,1
MS,Mississippi,Itawamba County,nonmetro,749,749,753,753,891,891,1068,1068,1180,1180,1
MS,Mississippi,Jackson County,metro,929,929,951,951,1067,1067,1448,1448,1762,1762,1
MS,Mississippi,Jasper County,nonmetro,708,708,713,713,842,842,1115,1115,1118,1118,1
MS,Mississippi,Jefferson County,nonmetro,708,708,713,713,842,842,1111,1111,1118,1118,1
MS,Mississippi,Jefferson Davis County,nonmetro,693,693,698,698,842,842,1020,1020,1118,1118,1
MS,Mississippi,Jones County,nonmetro,694,694,699,699,917,917,1099,1099,1247,1247,1
MS,Mississippi,Kemper County,nonmetro,708,708,713,713,842,842,1115,1115,1118,1118,1
MS,Mississippi,Lafayette County,nonmetro,1047,1047,1053,1053,1243,1243,1539,1539,1646,1646,1
MS,Mississippi,Lamar County,metro,766,766,888,888,1047,1047,1348,1348,1386,1386,1
MS,Mississippi,Lauderdale County,nonmetro,781,781,812,812,906,906,1204,1204,1265,1265,1
MS,Mississippi,Lawrence County,nonmetro,653,653,657,657,863,863,1068,1068,1148,1148,1
MS,Mississippi,Leake County,nonmetro,803,803,808,808,955,955,1145,1145,1264,1264,1
MS,Mississippi,Lee County,nonmetro,847,847,852,852,994,994,1257,1257,1316,1316,1
MS,Mississippi,Leflore County,nonmetro,638,638,642,642,842,842,1055,1055,1115,1115,1
MS,Mississippi,Lincoln County,nonmetro,645,645,649,649,852,852,1126,1126,1129,1129,1
MS,Mississippi,Lowndes County,nonmetro,738,738,743,743,872,872,1195,1195,1263,1263,1
MS,Mississippi,Madison County,metro,1091,1091,1097,1097,1288,1288,1544,1544,1705,1705,1
MS,Mississippi,Marion County,nonmetro,651,651,655,655,860,860,1031,1031,1366,1366,1
MS,Mississippi,Marshall County,metro,840,840,846,846,1110,1110,1331,1331,1835,1835,1
MS,Mississippi,Monroe County,nonmetro,727,727,768,768,842,842,1012,1012,1115,1115,1
MS,Mississippi,Montgomery County,nonmetro,727,727,768,768,842,842,1061,1061,1118,1118,1
MS,Mississippi,Neshoba County,nonmetro,727,727,768,768,842,842,1147,1147,1354,1354,1
MS,Mississippi,Newton County,nonmetro,638,638,642,642,842,842,1012,1012,1115,1115,1
MS,Mississippi,Noxubee County,nonmetro,708,708,713,713,842,842,1049,1049,1118,1118,1
MS,Mississippi,Oktibbeha County,nonmetro,834,834,873,873,957,957,1262,1262,1267,1267,1
MS,Mississippi,Panola County,nonmetro,605,605,743,743,878,878,1121,1121,1455,1455,1
MS,Mississippi,Pearl River County,nonmetro,821,821,857,857,949,949,1315,1315,1320,1320,1
MS,Mississippi,Perry County,metro,766,766,888,888,1047,1047,1348,1348,1386,1386,1
MS,Mississippi,Pike County,nonmetro,837,837,845,845,986,986,1182,1182,1418,1418,1
MS,Mississippi,Pontotoc County,nonmetro,643,643,850,850,932,932,1142,1142,1484,1484,1
MS,Mississippi,Prentiss County,nonmetro,638,638,642,642,842,842,1012,1012,1118,1118,1
MS,Mississippi,Quitman County,nonmetro,708,708,713,713,842,842,1171,1171,1412,1412,1
MS,Mississippi,Rankin County,metro,1091,1091,1097,1097,1288,1288,1544,1544,1705,1705,1
MS,Mississippi,Scott County,metro,790,790,795,795,952,952,1141,1141,1260,1260,1
MS,Mississippi,Sharkey County,nonmetro,708,708,713,713,842,842,1115,1115,1118,1118,1
MS,Mississippi,Simpson County,metro,592,592,762,762,858,858,1193,1193,1439,1439,1
MS,Mississippi,Smith County,nonmetro,727,727,768,768,842,842,1012,1012,1118,1118,1
MS,Mississippi,Stone County,metro,734,734,739,739,969,969,1162,1162,1432,1432,1
MS,Mississippi,Sunflower County,nonmetro,581,581,642,642,842,842,1136,1136,1260,1260,1
MS,Mississippi,Tallahatchie County,nonmetro,727,727,768,768,842,842,1096,1096,1412,1412,1
MS,Mississippi,Tate County,metro,825,825,830,830,1089,1089,1337,1337,1493,1493,1
MS,Mississippi,Tippah County,nonmetro,733,733,768,768,842,842,1092,1092,1118,1118,1
MS,Mississippi,Tishomingo County,nonmetro,727,727,759,759,842,842,1115,1115,1118,1118,1
MS,Mississippi,Tunica County,metro,986,986,1073,1073,1186,1186,1422,1422,1570,1570,1
MS,Mississippi,Union County,nonmetro,760,760,795,795,872,872,1082,1082,1155,1155,1
MS,Mississippi,Walthall County,nonmetro,776,776,781,781,923,923,1107,1107,1222,1222,1
MS,Mississippi,Warren County,nonmetro,800,800,805,805,953,953,1181,1181,1336,1336,1
MS,Mississippi,Washington County,nonmetro,648,648,768,768,842,842,1177,1177,1412,1412,1
MS,Mississippi,Wayne County,nonmetro,708,708,713,713,842,842,1098,1098,1118,1118,1
MS,Mississippi,Webster County,nonmetro,708,708,713,713,842,842,1012,1012,1115,1115,1
MS,Mississippi,Wilkinson County,nonmetro,708,708,713,713,842,842,1049,1049,1118,1118,1
MS,Mississippi,Winston County,nonmetro,727,727,768,768,842,842,1111,1111,1115,1115,1
MS,Mississippi,Yalobusha County,nonmetro,667,667,672,672,842,842,1115,1115,1242,1242,1
MS,Mississippi,Yazoo County,metro,745,745,750,750,984,984,1209,1209,1303,1303,1
MT,Montana,Beaverhead County,nonmetro,803,803,978,978,1072,1072,1491,1491,1798,1798,1
MT,Montana,Big Horn County,nonmetro,976,976,992,992,1302,1302,1657,1657,2115,2115,1
MT,Montana,Blaine County,nonmetro,887,887,902,902,1184,1184,1420,1420,1914,1914,1
MT,Montana,Broadwater County,metro,1240,1240,1595,1595,1748,1748,2096,2096,2856,2856,1
MT,Montana,Carbon County,metro,1016,1016,1109,1109,1417,1417,1951,1951,2216,2216,1
MT,Montana,Carter County,nonmetro,932,932,1002,1002,1244,1244,1492,1492,2011,2011,1
MT,Montana,Cascade County,metro,960,960,979,979,1284,1284,1786,1786,2035,2035,1
MT,Montana,Chouteau County,nonmetro,980,980,996,996,1307,1307,1662,1662,1950,1950,1
MT,Montana,Custer County,nonmetro,1109,1109,1226,1226,1608,1608,2154,2154,2322,2322,1
MT,Montana,Daniels County,nonmetro,767,767,900,900,1023,1023,1414,1414,1654,1654,1
MT,Montana,Dawson County,nonmetro,940,940,956,956,1254,1254,1504,1504,1942,1942,1
MT,Montana,Deer Lodge County,nonmetro,809,809,985,985,1080,1080,1502,1502,1812,1812,1
MT,Montana,Fallon County,nonmetro,1050,1050,1093,1093,1401,1401,1936,1936,2265,2265,1
MT,Montana,Fergus County,nonmetro,1084,1084,1102,1102,1446,1446,1991,1991,2338,2338,1
MT,Montana,Flathead County,nonmetro,1267,1267,1289,1289,1691,1691,2224,2224,2837,2837,1
MT,Montana,Gallatin County,metro,1485,1485,1642,1642,2154,2154,2996,2996,3537,3537,1
MT,Montana,Garfield County,nonmetro,824,824,858,858,1099,1099,1349,1349,1777,1777,1
MT,Montana,Glacier County,nonmetro,956,956,1033,1033,1275,1275,1529,1529,1836,1836,1
MT,Montana,Golden Valley County,nonmetro,1004,1004,1045,1045,1339,1339,1862,1862,2165,2165,1
MT,Montana,Granite County,nonmetro,789,789,822,822,1053,1053,1464,1464,1702,1702,1
MT,Montana,Hill County,nonmetro,980,980,1069,1069,1307,1307,1724,1724,1731,1731,1
MT,Montana,Jefferson County,metro,968,968,1070,1070,1404,1404,1946,1946,1954,1954,1
MT,Montana,Judith Basin County,nonmetro,869,869,905,905,1160,1160,1583,1583,1875,1875,1
MT,Montana,Lake County,nonmetro,1097,1097,1104,1104,1444,1444,1865,1865,1990,1990,1
MT,Montana,Lewis and Clark County,metro,1136,1136,1319,1319,1647,1647,2250,2250,2496,2496,1
MT,Montana,Liberty County,nonmetro,775,775,807,807,1034,1034,1438,1438,1672,1672,1
MT,Montana,Lincoln County,nonmetro,919,919,1067,1067,1170,1170,1627,1627,1892,1892,1
MT,Montana,Madison County,nonmetro,1154,1154,1202,1202,1540,1540,2073,2073,2583,2583,1
MT,Montana,McCone County,nonmetro,1160,1160,1208,1208,1548,1548,2139,2139,2503,2503,1
MT,Montana,Meagher County,nonmetro,1044,1044,1087,1087,1393,1393,1925,1925,2252,2252,1
MT,Montana,Mineral County,metro,941,941,1083,1083,1361,1361,1632,1632,1915,1915,1
MT,Montana,Missoula County,metro,1143,1143,1400,1400,1655,1655,2302,2302,2776,2776,1
MT,Montana,Musselshell County,nonmetro,1007,1007,1226,1226,1344,1344,1869,1869,2255,2255,1
MT,Montana,Park County,nonmetro,1107,1107,1385,1385,1605,1605,2232,2232,2692,2692,1
MT,Montana,Petroleum County,nonmetro,1160,1160,1208,1208,1548,1548,2139,2139,2503,2503,1
MT,Montana,Phillips County,nonmetro,729,729,888,888,973,973,1353,1353,1573,1573,1
MT,Montana,Pondera County,nonmetro,940,940,1144,1144,1254,1254,1619,1619,1892,1892,1
MT,Montana,Powder River County,nonmetro,768,768,800,800,1025,1025,1426,1426,1657,1657,1
MT,Montana,Powell County,nonmetro,849,849,884,884,1133,1133,1576,1576,1832,1832,1
MT,Montana,Prairie County,nonmetro,1160,1160,1208,1208,1548,1548,2139,2139,2503,2503,1
MT,Montana,Ravalli County,nonmetro,1116,1116,1145,1145,1423,1423,1979,1979,2387,2387,1
MT,Montana,Richland County,nonmetro,1143,1143,1197,1197,1312,1312,1573,1573,2201,2201,1
MT,Montana,Roosevelt County,nonmetro,909,909,915,915,1201,1201,1440,1440,1942,1942,1
MT,Montana,Rosebud County,nonmetro,889,889,993,993,1186,1186,1649,1649,1990,1990,1
MT,Montana,Sanders County,nonmetro,769,769,878,878,1115,1115,1337,1337,1803,1803,1
MT,Montana,Sheridan County,nonmetro,908,908,923,923,1211,1211,1684,1684,1809,1809,1
MT,Montana,Silver Bow County,nonmetro,1028,1028,1149,1149,1414,1414,1967,1967,2180,2180,1
MT,Montana,Stillwater County,metro,884,884,958,958,1257,1257,1748,1748,2109,2109,1
MT,Montana,Sweet Grass County,nonmetro,881,881,918,918,1176,1176,1551,1551,1638,1638,1
MT,Montana,Teton County,nonmetro,1019,1019,1241,1241,1360,1360,1891,1891,2171,2171,1
MT,Montana,Toole County,nonmetro,918,918,1052,1052,1230,1230,1702,1702,1712,1712,1
MT,Montana,Treasure County,nonmetro,1160,1160,1208,1208,1548,1548,2139,2139,2503,2503,1
MT,Montana,Valley County,nonmetro,899,899,915,915,1200,1200,1566,1566,1753,1753,1
MT,Montana,Wheatland County,nonmetro,837,837,872,872,1117,1117,1553,1553,1806,1806,1
MT,Montana,Wibaux County,nonmetro,1160,1160,1208,1208,1548,1548,2139,2139,2503,2503,1
MT,Montana,Yellowstone County,metro,1016,1016,1109,1109,1417,1417,1951,1951,2216,2216,1
NC,North Carolina,Alamance County,metro,992,992,1230,1230,1348,1348,1670,1670,1972,1972,1
NC,North Carolina,Alexander County,metro,858,858,908,908,1095,1095,1372,1372,1660,1660,1
NC,North Carolina,Alleghany County,nonmetro,740,740,745,745,978,978,1173,1173,1470,1470,1
NC,North Carolina,Anson County,metro,785,785,867,867,1138,1138,1364,1364,1654,1654,1
NC,North Carolina,Ashe County,nonmetro,700,700,705,705,925,925,1220,1220,1225,1225,1
NC,North Carolina,Avery County,nonmetro,761,761,766,766,1005,1005,1205,1205,1510,1510,1
NC,North Carolina,Beaufort County,nonmetro,732,732,737,737,925,925,1220,1220,1552,1552,1
NC,North Carolina,Bertie County,nonmetro,790,790,796,796,1044,1044,1252,1252,1449,1449,1
NC,North Carolina,Bladen County,nonmetro,700,700,705,705,925,925,1258,1258,1298,1298,1
NC,North Carolina,Brunswick County,metro,1242,1242,1301,1301,1426,1426,1983,1983,2392,2392,1
NC,North Carolina,Buncombe County,metro,1436,1436,1674,1674,1835,1835,2231,2231,3078,3078,1
NC,North Carolina,Burke County,metro,858,858,908,908,1095,1095,1372,1372,1660,1660,1
NC,North Carolina,Cabarrus County,metro,1469,1469,1538,1538,1686,1686,2076,2076,2637,2637,1
NC,North Carolina,Caldwell County,metro,858,858,908,908,1095,1095,1372,1372,1660,1660,1
NC,North Carolina,Camden County,metro,1121,1121,1139,1139,1287,1287,1790,1790,2159,2159,1
NC,North Carolina,Carteret County,nonmetro,907,907,913,913,1198,1198,1541,1541,1966,1966,1
NC,North Carolina,Caswell County,nonmetro,743,743,748,748,925,925,1270,1270,1390,1390,1
NC,North Carolina,Catawba County,metro,858,858,908,908,1095,1095,1372,1372,1660,1660,1
NC,North Carolina,Chatham County,metro,1417,1417,1507,1507,1711,1711,2117,2117,2527,2527,1
NC,North Carolina,Cherokee County,nonmetro,645,645,713,713,935,935,1290,1290,1497,1497,1
NC,North Carolina,Chowan County,nonmetro,924,924,930,930,1220,1220,1463,1463,1615,1615,1
NC,North Carolina,Clay County,nonmetro,878,878,948,948,1039,1039,1429,1429,1561,1561,1
NC,North Carolina,Cleveland County,nonmetro,758,758,763,763,925,925,1286,1286,1322,1322,1
NC,North Carolina,Columbus County,nonmetro,718,718,722,722,925,925,1109,1109,1225,1225,1
NC,North Carolina,Craven County,nonmetro,897,897,902,902,1184,1184,1591,1591,1988,1988,1
NC,North Carolina,Cumberland County,metro,1090,1090,1113,1113,1251,1251,1667,1667,2068,2068,1
NC,North Carolina,Currituck County,metro,1492,1492,1512,1512,1713,1713,2376,2376,2797,2797,1
NC,North Carolina,Dare County,nonmetro,1120,1120,1305,1305,1430,1430,1821,1821,1893,1893,1
NC,North Carolina,Davidson County,metro,816,816,876,876,960,960,1316,1316,1591,1591,1
NC,North Carolina,Davie County,metro,995,995,1082,1082,1232,1232,1607,1607,1898,1898,1
NC,North Carolina,Duplin County,nonmetro,742,742,747,747,980,980,1175,1175,1377,1377,1
NC,North Carolina,Durham County,metro,1417,1417,1507,1507,1711,1711,2117,2117,2527,2527,1
NC,North Carolina,Edgecombe County,metro,913,913,918,918,1143,1143,1550,1550,1812,1812,1
NC,North Carolina,Forsyth County,metro,995,995,1082,1082,1232,1232,1607,1607,1898,1898,1
NC,North Carolina,Franklin County,metro,1524,1524,1596,1596,1750,1750,2196,2196,2936,2936,1
NC,North Carolina,Gaston County,metro,1469,1469,1538,1538,1686,1686,2076,2076,2637,2637,1
NC,North Carolina,Gates County,metro,1489,1489,1513,1513,1709,1709,2364,2364,2794,2794,1
NC,North Carolina,Graham County,nonmetro,782,782,844,844,925,925,1199,1199,1390,1390,1
NC,North Carolina,Granville County,nonmetro,1026,1026,1084,1084,1200,1200,1571,1571,1700,1700,1
NC,North Carolina,Greene County,nonmetro,782,782,823,823,925,925,1189,1189,1390,1390,1
NC,North Carolina,Guilford County,metro,1159,1159,1213,1213,1330,1330,1703,1703,1960,1960,1
NC,North Carolina,Halifax County,nonmetro,638,638,742,742,925,925,1190,1190,1367,1367,1
NC,North Carolina,Harnett County,nonmetro,805,805,810,810,980,980,1363,1363,1644,1644,1
NC,North Carolina,Haywood County,nonmetro,1039,1039,1122,1122,1230,1230,1475,1475,1844,1844,1
NC,North Carolina,Henderson County,metro,1436,1436,1674,1674,1835,1835,2231,2231,3078,3078,1
NC,North Carolina,Hertford County,nonmetro,638,638,705,705,925,925,1210,1210,1225,1225,1
NC,North Carolina,Hoke County,metro,756,756,761,761,998,998,1388,1388,1674,1674,1
NC,North Carolina,Hyde County,nonmetro,751,751,756,756,940,940,1204,1204,1413,1413,1
NC,North Carolina,Iredell County,metro,1167,1167,1222,1222,1340,1340,1809,1809,2248,2248,1
NC,North Carolina,Jackson County,nonmetro,840,840,879,879,964,964,1272,1272,1276,1276,1
NC,North Carolina,Johnston County,metro,1524,1524,1596,1596,1750,1750,2196,2196,2936,2936,1
NC,North Carolina,Jones County,nonmetro,748,748,752,752,925,925,1179,1179,1552,1552,1
NC,North Carolina,Lee County,nonmetro,874,874,880,880,1136,1136,1362,1362,1715,1715,1
NC,North Carolina,Lenoir County,nonmetro,727,727,732,732,925,925,1241,1241,1441,1441,1
NC,North Carolina,Lincoln County,metro,917,917,953,953,1054,1054,1461,1461,1728,1728,1
NC,North Carolina,Macon County,nonmetro,681,681,830,830,987,987,1183,1183,1325,1325,1
NC,North Carolina,Madison County,metro,1436,1436,1674,1674,1835,1835,2231,2231,3078,3078,1
NC,North Carolina,Martin County,nonmetro,700,700,705,705,925,925,1220,1220,1225,1225,1
NC,North Carolina,McDowell County,nonmetro,782,782,790,790,925,925,1180,1180,1225,1225,1
NC,North Carolina,Mecklenburg County,metro,1469,1469,1538,1538,1686,1686,2076,2076,2637,2637,1
NC,North Carolina,Mitchell County,nonmetro,700,700,705,705,925,925,1134,1134,1225,1225,1
NC,North Carolina,Montgomery County,nonmetro,789,789,794,794,925,925,1252,1252,1552,1552,1
NC,North Carolina,Moore County,metro,1157,1157,1239,1239,1358,1358,1889,1889,2278,2278,1
NC,North Carolina,Nash County,metro,913,913,918,918,1143,1143,1550,1550,1812,1812,1
NC,North Carolina,New Hanover County,metro,1144,1144,1513,1513,1659,1659,2178,2178,2319,2319,1
NC,North Carolina,Northampton County,nonmetro,736,736,741,741,972,972,1165,1165,1344,1344,1
NC,North Carolina,Onslow County,metro,929,929,935,935,1173,1173,1631,1631,1968,1968,1
NC,North Carolina,Orange County,metro,1417,1417,1507,1507,1711,1711,2117,2117,2527,2527,1
NC,North Carolina,Pamlico County,nonmetro,861,861,866,866,1077,1077,1291,1291,1618,1618,1
NC,North Carolina,Pasquotank County,nonmetro,921,921,927,927,1216,1216,1640,1640,1899,1899,1
NC,North Carolina,Pender County,metro,1016,1016,1064,1064,1166,1166,1622,1622,1956,1956,1
NC,North Carolina,Perquimans County,nonmetro,799,799,804,804,999,999,1382,1382,1387,1387,1
NC,North Carolina,Person County,metro,739,739,744,744,948,948,1318,1318,1377,1377,1
NC,North Carolina,Pitt County,metro,891,891,896,896,1095,1095,1465,1465,1837,1837,1
NC,North Carolina,Polk County,nonmetro,824,824,829,829,983,983,1351,1351,1649,1649,1
NC,North Carolina,Randolph County,metro,1159,1159,1213,1213,1330,1330,1703,1703,1960,1960,1
NC,North Carolina,Richmond County,nonmetro,714,714,814,814,925,925,1286,1286,1406,1406,1
NC,North Carolina,Robeson County,nonmetro,744,744,748,748,925,925,1187,1187,1389,1389,1
NC,North Carolina,Rockingham County,metro,717,717,793,793,1040,1040,1286,1286,1463,1463,1
NC,North Carolina,Rowan County,metro,952,952,958,958,1196,1196,1573,1573,2006,2006,1
NC,North Carolina,Rutherford County,nonmetro,801,801,806,806,925,925,1275,1275,1332,1332,1
NC,North Carolina,Sampson County,nonmetro,663,663,806,806,925,925,1109,1109,1302,1302,1
NC,North Carolina,Scotland County,nonmetro,750,750,755,755,925,925,1244,1244,1249,1249,1
NC,North Carolina,Stanly County,nonmetro,638,638,705,705,925,925,1281,1281,1466,1466,1
NC,North Carolina,Stokes County,metro,995,995,1082,1082,1232,1232,1607,1607,1898,1898,1
NC,North Carolina,Surry County,nonmetro,700,700,705,705,925,925,1109,1109,1406,1406,1
NC,North Carolina,Swain County,nonmetro,806,806,813,813,925,925,1264,1264,1390,1390,1
NC,North Carolina,Transylvania County,nonmetro,1032,1032,1039,1039,1363,1363,1634,1634,2048,2048,1
NC,North Carolina,Tyrrell County,nonmetro,739,739,744,744,925,925,1286,1286,1390,1390,1
NC,North Carolina,Union County,metro,1469,1469,1538,1538,1686,1686,2076,2076,2637,2637,1
NC,North Carolina,Vance County,nonmetro,738,738,743,743,975,975,1197,1197,1318,1318,1
NC,North Carolina,Wake County,metro,1524,1524,1596,1596,1750,1750,2196,2196,2936,2936,1
NC,North Carolina,Warren County,nonmetro,700,700,705,705,925,925,1172,1172,1239,1239,1
NC,North Carolina,Washington County,nonmetro,739,739,744,744,925,925,1197,1197,1391,1391,1
NC,North Carolina,Watauga County,nonmetro,822,822,988,988,1177,1177,1504,1504,1974,1974,1
NC,North Carolina,Wayne County,metro,942,942,948,948,1244,1244,1496,1496,2021,2021,1
NC,North Carolina,Wilkes County,nonmetro,782,782,793,793,925,925,1233,1233,1538,1538,1
NC,North Carolina,Wilson County,nonmetro,789,789,794,794,1025,1025,1307,1307,1541,1541,1
NC,North Carolina,Yadkin County,metro,995,995,1082,1082,1232,1232,1607,1607,1898,1898,1
NC,North Carolina,Yancey County,nonmetro,708,708,713,713,935,935,1233,1233,1238,1238,1
ND,North Dakota,Adams County,nonmetro,697,697,702,702,873,873,1214,1214,1464,1464,1
ND,North Dakota,Barnes County,nonmetro,718,718,722,722,948,948,1137,1137,1590,1590,1
ND,North Dakota,Benson County,nonmetro,760,760,769,769,873,873,1214,1214,1464,1464,1
ND,North Dakota,Billings County,nonmetro,697,697,702,702,873,873,1214,1214,1464,1464,1
ND,North Dakota,Bottineau County,nonmetro,760,760,796,796,873,873,1153,1153,1464,1464,1
ND,North Dakota,Bowman County,nonmetro,760,760,796,796,873,873,1214,1214,1427,1427,1
ND,North Dakota,Burke County,nonmetro,661,661,665,665,873,873,1101,1101,1464,1464,1
ND,North Dakota,Burleigh County,metro,961,961,1030,1030,1175,1175,1634,1634,1884,1884,1
ND,North Dakota,Cass County,metro,768,768,917,917,1112,1112,1547,1547,1865,1865,1
ND,North Dakota,Cavalier County,nonmetro,697,697,702,702,873,873,1170,1170,1464,1464,1
ND,North Dakota,Dickey County,nonmetro,725,725,730,730,873,873,1214,1214,1464,1464,1
ND,North Dakota,Divide County,nonmetro,1225,1225,1233,1233,1534,1534,1839,1839,2573,2573,1
ND,North Dakota,Dunn County,nonmetro,749,749,754,754,938,938,1125,1125,1574,1574,1
ND,North Dakota,Eddy County,nonmetro,661,661,665,665,873,873,1214,1214,1464,1464,1
ND,North Dakota,Emmons County,nonmetro,679,679,683,683,873,873,1047,1047,1464,1464,1
ND,North Dakota,Foster County,nonmetro,727,727,755,755,873,873,1214,1214,1464,1464,1
ND,North Dakota,Golden Valley County,nonmetro,820,820,826,826,1027,1027,1428,1428,1723,1723,1
ND,North Dakota,Grand Forks County,metro,863,863,868,868,1089,1089,1515,1515,1827,1827,1
ND,North Dakota,Grant County,nonmetro,678,678,683,683,873,873,1214,1214,1464,1464,1
ND,North Dakota,Griggs County,nonmetro,661,661,665,665,873,873,1076,1076,1464,1464,1
ND,North Dakota,Hettinger County,nonmetro,740,740,745,745,927,927,1149,1149,1555,1555,1
ND,North Dakota,Kidder County,nonmetro,727,727,729,729,873,873,1214,1214,1403,1403,1
ND,North Dakota,LaMoure County,nonmetro,700,700,704,704,873,873,1214,1214,1464,1464,1
ND,North Dakota,Logan County,nonmetro,810,810,815,815,1014,1014,1410,1410,1701,1701,1
ND,North Dakota,McHenry County,metro,725,725,839,839,1000,1000,1387,1387,1678,1678,1
ND,North Dakota,McIntosh County,nonmetro,760,760,787,787,873,873,1194,1194,1464,1464,1
ND,North Dakota,McKenzie County,nonmetro,1117,1117,1124,1124,1354,1354,1672,1672,2271,2271,1
ND,North Dakota,McLean County,nonmetro,760,760,796,796,873,873,1214,1214,1464,1464,1
ND,North Dakota,Mercer County,nonmetro,875,875,881,881,1156,1156,1386,1386,1531,1531,1
ND,North Dakota,Morton County,metro,961,961,1030,1030,1175,1175,1634,1634,1884,1884,1
ND,North Dakota,Mountrail County,nonmetro,738,738,850,850,1071,1071,1386,1386,1505,1505,1
ND,North Dakota,Nelson County,nonmetro,732,732,745,745,873,873,1214,1214,1464,1464,1
ND,North Dakota,Oliver County,metro,961,961,1030,1030,1175,1175,1634,1634,1884,1884,1
ND,North Dakota,Pembina County,nonmetro,760,760,791,791,873,873,1214,1214,1464,1464,1
ND,North Dakota,Pierce County,nonmetro,727,727,755,755,873,873,1214,1214,1464,1464,1
ND,North Dakota,Ramsey County,nonmetro,602,602,719,719,873,873,1214,1214,1464,1464,1
ND,North Dakota,Ransom County,nonmetro,710,710,715,715,923,923,1196,1196,1548,1548,1
ND,North Dakota,Renville County,metro,783,783,824,824,1081,1081,1329,1329,1557,1557,1
ND,North Dakota,Richland County,nonmetro,661,661,665,665,873,873,1214,1214,1464,1464,1
ND,North Dakota,Rolette County,nonmetro,722,722,727,727,954,954,1318,1318,1600,1600,1
ND,North Dakota,Sargent County,nonmetro,814,814,816,816,935,935,1261,1261,1569,1569,1
ND,North Dakota,Sheridan County,nonmetro,738,738,743,743,924,924,1285,1285,1550,1550,1
ND,North Dakota,Sioux County,nonmetro,727,727,733,733,873,873,1146,1146,1385,1385,1
ND,North Dakota,Slope County,nonmetro,738,738,743,743,924,924,1285,1285,1550,1550,1
ND,North Dakota,Stark County,nonmetro,869,869,874,874,1056,1056,1469,1469,1771,1771,1
ND,North Dakota,Steele County,nonmetro,697,697,702,702,873,873,1214,1214,1464,1464,1
ND,North Dakota,Stutsman County,nonmetro,676,676,680,680,873,873,1214,1214,1464,1464,1
ND,North Dakota,Towner County,nonmetro,697,697,702,702,873,873,1214,1214,1464,1464,1
ND,North Dakota,Traill County,nonmetro,686,686,690,690,873,873,1214,1214,1464,1464,1
ND,North Dakota,Walsh County,nonmetro,676,676,680,680,873,873,1140,1140,1464,1464,1
ND,North Dakota,Ward County,metro,806,806,960,960,1165,1165,1620,1620,1954,1954,1
ND,North Dakota,Wells County,nonmetro,760,760,796,796,873,873,1214,1214,1464,1464,1
ND,North Dakota,Williams County,nonmetro,1042,1042,1068,1068,1196,1196,1578,1578,1745,1745,1
NE,Nebraska,Adams County,nonmetro,711,711,811,811,961,961,1268,1268,1272,1272,1
NE,Nebraska,Antelope County,nonmetro,666,666,732,732,961,961,1268,1268,1272,1272,1
NE,Nebraska,Arthur County,nonmetro,666,666,732,732,961,961,1279,1279,1284,1284,1
NE,Nebraska,Banner County,nonmetro,666,666,732,732,961,961,1187,1187,1284,1284,1
NE,Nebraska,Blaine County,nonmetro,666,666,732,732,961,961,1187,1187,1284,1284,1
NE,Nebraska,Boone County,nonmetro,666,666,732,732,961,961,1268,1268,1272,1272,1
NE,Nebraska,Box Butte County,nonmetro,666,666,732,732,961,961,1182,1182,1284,1284,1
NE,Nebraska,Boyd County,nonmetro,666,666,732,732,961,961,1187,1187,1284,1284,1
NE,Nebraska,Brown County,nonmetro,666,666,732,732,961,961,1279,1279,1284,1284,1
NE,Nebraska,Buffalo County,nonmetro,787,787,863,863,1031,1031,1360,1360,1730,1730,1
NE,Nebraska,Burt County,nonmetro,666,666,836,836,961,961,1231,1231,1384,1384,1
NE,Nebraska,Butler County,nonmetro,666,666,732,732,961,961,1268,1268,1272,1272,1
NE,Nebraska,Cass County,metro,1090,1090,1148,1148,1368,1368,1813,1813,2046,2046,1
NE,Nebraska,Cedar County,nonmetro,666,666,795,795,961,961,1268,1268,1612,1612,1
NE,Nebraska,Chase County,nonmetro,666,666,738,738,961,961,1152,1152,1612,1612,1
NE,Nebraska,Cherry County,nonmetro,710,710,780,780,1024,1024,1228,1228,1368,1368,1
NE,Nebraska,Cheyenne County,nonmetro,822,822,828,828,1086,1086,1302,1302,1438,1438,1
NE,Nebraska,Clay County,nonmetro,666,666,759,759,961,961,1152,1152,1304,1304,1
NE,Nebraska,Colfax County,nonmetro,759,759,929,929,1094,1094,1312,1312,1448,1448,1
NE,Nebraska,Cuming County,nonmetro,666,666,826,826,961,961,1268,1268,1272,1272,1
NE,Nebraska,Custer County,nonmetro,666,666,732,732,961,961,1337,1337,1472,1472,1
NE,Nebraska,Dakota County,metro,796,796,925,925,1154,1154,1386,1386,1528,1528,1
NE,Nebraska,Dawes County,nonmetro,715,715,786,786,1031,1031,1372,1372,1378,1378,1
NE,Nebraska,Dawson County,nonmetro,690,690,881,881,995,995,1267,1267,1317,1317,1
NE,Nebraska,Deuel County,nonmetro,666,666,732,732,961,961,1279,1279,1284,1284,1
NE,Nebraska,Dixon County,nonmetro,666,666,862,862,961,961,1337,1337,1382,1382,1
NE,Nebraska,Dodge County,nonmetro,784,784,861,861,1130,1130,1355,1355,1496,1496,1
NE,Nebraska,Douglas County,metro,1090,1090,1148,1148,1368,1368,1813,1813,2046,2046,1
NE,Nebraska,Dundy County,nonmetro,666,666,746,746,961,961,1187,1187,1284,1284,1
NE,Nebraska,Fillmore County,nonmetro,666,666,877,877,961,961,1279,1279,1284,1284,1
NE,Nebraska,Franklin County,nonmetro,666,666,732,732,961,961,1187,1187,1284,1284,1
NE,Nebraska,Frontier County,nonmetro,666,666,732,732,961,961,1337,1337,1340,1340,1
NE,Nebraska,Furnas County,nonmetro,666,666,859,859,961,961,1305,1305,1602,1602,1
NE,Nebraska,Gage County,nonmetro,663,663,732,732,961,961,1152,1152,1298,1298,1
NE,Nebraska,Garden County,nonmetro,666,666,732,732,961,961,1152,1152,1272,1272,1
NE,Nebraska,Garfield County,nonmetro,666,666,732,732,961,961,1279,1279,1284,1284,1
NE,Nebraska,Gosper County,nonmetro,666,666,732,732,961,961,1240,1240,1461,1461,1
NE,Nebraska,Grant County,nonmetro,666,666,732,732,961,961,1187,1187,1284,1284,1
NE,Nebraska,Greeley County,nonmetro,666,666,732,732,961,961,1152,1152,1301,1301,1
NE,Nebraska,Hall County,metro,867,867,978,978,1215,1215,1530,1530,2005,2005,1
NE,Nebraska,Hamilton County,nonmetro,666,666,824,824,961,961,1337,1337,1594,1594,1
NE,Nebraska,Harlan County,nonmetro,666,666,752,752,961,961,1268,1268,1272,1272,1
NE,Nebraska,Hayes County,nonmetro,666,666,732,732,961,961,1187,1187,1284,1284,1
NE,Nebraska,Hitchcock County,nonmetro,666,666,732,732,961,961,1152,1152,1496,1496,1
NE,Nebraska,Holt County,nonmetro,663,663,802,802,961,961,1152,1152,1284,1284,1
NE,Nebraska,Hooker County,nonmetro,666,666,874,874,961,961,1187,1187,1284,1284,1
NE,Nebraska,Howard County,metro,752,752,910,910,1049,1049,1258,1258,1389,1389,1
NE,Nebraska,Jefferson County,nonmetro,666,666,759,759,961,961,1337,1337,1476,1476,1
NE,Nebraska,Johnson County,nonmetro,681,681,748,748,982,982,1177,1177,1312,1312,1
NE,Nebraska,Kearney County,nonmetro,689,689,757,757,993,993,1191,1191,1327,1327,1
NE,Nebraska,Keith County,nonmetro,666,666,760,760,961,961,1172,1172,1327,1327,1
NE,Nebraska,Keya Paha County,nonmetro,666,666,732,732,961,961,1187,1187,1284,1284,1
NE,Nebraska,Kimball County,nonmetro,708,708,732,732,961,961,1279,1279,1351,1351,1
NE,Nebraska,Knox County,nonmetro,666,666,732,732,961,961,1152,1152,1351,1351,1
NE,Nebraska,Lancaster County,metro,855,855,926,926,1141,1141,1587,1587,1712,1712,1
NE,Nebraska,Lincoln County,nonmetro,796,796,802,802,1052,1052,1261,1261,1520,1520,1
NE,Nebraska,Logan County,nonmetro,666,666,732,732,961,961,1152,1152,1284,1284,1
NE,Nebraska,Loup County,nonmetro,666,666,732,732,961,961,1279,1279,1284,1284,1
NE,Nebraska,Madison County,nonmetro,684,684,758,758,992,992,1285,1285,1524,1524,1
NE,Nebraska,McPherson County,nonmetro,680,680,747,747,980,980,1210,1210,1309,1309,1
NE,Nebraska,Merrick County,metro,689,689,732,732,961,961,1323,1323,1612,1612,1
NE,Nebraska,Morrill County,nonmetro,666,666,789,789,961,961,1152,1152,1284,1284,1
NE,Nebraska,Nance County,nonmetro,666,666,732,732,961,961,1152,1152,1272,1272,1
NE,Nebraska,Nemaha County,nonmetro,666,666,732,732,961,961,1337,1337,1444,1444,1
NE,Nebraska,Nuckolls County,nonmetro,666,666,732,732,961,961,1174,1174,1284,1284,1
NE,Nebraska,Otoe County,nonmetro,713,713,783,783,1028,1028,1371,1371,1432,1432,1
NE,Nebraska,Pawnee County,nonmetro,666,666,753,753,961,961,1152,1152,1284,1284,1
NE,Nebraska,Perkins County,nonmetro,666,666,849,849,961,961,1152,1152,1284,1284,1
NE,Nebraska,Phelps County,nonmetro,666,666,760,760,961,961,1311,1311,1463,1463,1
NE,Nebraska,Pierce County,nonmetro,666,666,810,810,961,961,1152,1152,1541,1541,1
NE,Nebraska,Platte County,nonmetro,736,736,809,809,1061,1061,1399,1399,1405,1405,1
NE,Nebraska,Polk County,nonmetro,666,666,732,732,961,961,1152,1152,1284,1284,1
NE,Nebraska,Red Willow County,nonmetro,666,666,732,732,961,961,1152,1152,1272,1272,1
NE,Nebraska,Richardson County,nonmetro,666,666,732,732,961,961,1152,1152,1272,1272,1
NE,Nebraska,Rock County,nonmetro,666,666,732,732,961,961,1187,1187,1284,1284,1
NE,Nebraska,Saline County,nonmetro,666,666,732,732,961,961,1337,1337,1446,1446,1
NE,Nebraska,Sarpy County,metro,1090,1090,1148,1148,1368,1368,1813,1813,2046,2046,1
NE,Nebraska,Saunders County,metro,870,870,956,956,1089,1089,1432,1432,1619,1619,1
NE,Nebraska,Scotts Bluff County,nonmetro,685,685,758,758,987,987,1314,1314,1397,1397,1
NE,Nebraska,Seward County,metro,730,730,756,756,967,967,1345,1345,1450,1450,1
NE,Nebraska,Sheridan County,nonmetro,666,666,732,732,961,961,1152,1152,1497,1497,1
NE,Nebraska,Sherman County,nonmetro,666,666,732,732,961,961,1337,1337,1507,1507,1
NE,Nebraska,Sioux County,nonmetro,666,666,732,732,961,961,1187,1187,1284,1284,1
NE,Nebraska,Stanton County,nonmetro,773,773,849,849,1114,1114,1336,1336,1475,1475,1
NE,Nebraska,Thayer County,nonmetro,666,666,732,732,961,961,1152,1152,1272,1272,1
NE,Nebraska,Thomas County,nonmetro,666,666,732,732,961,961,1187,1187,1284,1284,1
NE,Nebraska,Thurston County,nonmetro,666,666,799,799,961,961,1189,1189,1272,1272,1
NE,Nebraska,Valley County,nonmetro,666,666,732,732,961,961,1152,1152,1284,1284,1
NE,Nebraska,Washington County,metro,1090,1090,1148,1148,1368,1368,1813,1813,2046,2046,1
NE,Nebraska,Wayne County,nonmetro,666,666,732,732,961,961,1278,1278,1612,1612,1
NE,Nebraska,Webster County,nonmetro,666,666,732,732,961,961,1279,1279,1284,1284,1
NE,Nebraska,Wheeler County,nonmetro,666,666,732,732,961,961,1187,1187,1284,1284,1
NE,Nebraska,York County,nonmetro,697,697,766,766,1005,1005,1234,1234,1331,1331,1
NH,New Hampshire,Belknap County,nonmetro,1241,1241,1425,1425,1800,1800,2219,2219,2676,2676,11
NH,New Hampshire,Carroll County,nonmetro,1190,1190,1343,1343,1709,1709,2353,2353,2834,2834,19
NH,New Hampshire,Cheshire County,nonmetro,1328,1328,1468,1468,1926,1926,2518,2518,2550,2550,23
NH,New Hampshire,Coos County,nonmetro,988,988,994,994,1287,1287,1702,1702,1708,1708,43
NH,New Hampshire,Grafton County,nonmetro,1445,1445,1455,1455,1909,1909,2590,2590,2630,2630,40
NH,New Hampshire,Hillsborough County,metro,1404,1467,1552,1673,2037,2127,2442,2822,2842,3001,31
NH,New Hampshire,Merrimack County,nonmetro,1361,1361,1504,1504,1974,1974,2604,2604,2614,2614,27
NH,New Hampshire,Rockingham County,metro,1601,2359,1692,2476,2220,2941,2722,3526,3006,3894,37
NH,New Hampshire,Strafford County,metro,1601,1601,1677,1677,2194,2194,2693,2693,2941,2941,13
NH,New Hampshire,Sullivan County,nonmetro,1216,1216,1332,1332,1747,1747,2418,2418,2694,2694,15
NJ,New Jersey,Atlantic County,metro,1346,1346,1537,1537,1867,1867,2586,2586,2851,2851,1
NJ,New Jersey,Bergen County,metro,1778,1778,2024,2024,2324,2324,2835,2835,3618,3618,1
NJ,New Jersey,Burlington County,metro,1397,1397,1520,1520,1810,1810,2170,2170,2423,2423,1
NJ,New Jersey,Camden County,metro,1397,1397,1520,1520,1810,1810,2170,2170,2423,2423,1
NJ,New Jersey,Cape May County,metro,1320,1320,1366,1366,1792,1792,2396,2396,2405,2405,1
NJ,New Jersey,Cumberland County,metro,1280,1280,1375,1375,1673,1673,2303,2303,2311,2311,1
NJ,New Jersey,Essex County,metro,1612,1612,1822,1822,2205,2205,2761,2761,3137,3137,1
NJ,New Jersey,Gloucester County,metro,1397,1397,1520,1520,1810,1810,2170,2170,2423,2423,1
NJ,New Jersey,Hudson County,metro,2407,2407,2458,2458,2763,2763,3367,3367,3955,3955,1
NJ,New Jersey,Hunterdon County,metro,1804,1804,1978,1978,2486,2486,2981,2981,3296,3296,1
NJ,New Jersey,Mercer County,metro,1344,1344,1545,1545,1950,1950,2338,2338,2670,2670,1
NJ,New Jersey,Middlesex County,metro,1804,1804,1978,1978,2486,2486,2981,2981,3296,3296,1
NJ,New Jersey,Monmouth County,metro,1676,1676,1889,1889,2328,2328,3043,3043,3371,3371,1
NJ,New Jersey,Morris County,metro,1612,1612,1822,1822,2205,2205,2761,2761,3137,3137,1
NJ,New Jersey,Ocean County,metro,1676,1676,1889,1889,2328,2328,3043,3043,3371,3371,1
NJ,New Jersey,Passaic County,metro,1778,1778,2024,2024,2324,2324,2835,2835,3618,3618,1
NJ,New Jersey,Salem County,metro,1397,1397,1520,1520,1810,1810,2170,2170,2423,2423,1
NJ,New Jersey,Somerset County,metro,1804,1804,1978,1978,2486,2486,2981,2981,3296,3296,1
NJ,New Jersey,Sussex County,metro,1612,1612,1822,1822,2205,2205,2761,2761,3137,3137,1
NJ,New Jersey,Union County,metro,1612,1612,1822,1822,2205,2205,2761,2761,3137,3137,1
NJ,New Jersey,Warren County,metro,1517,1517,1527,1527,1895,1895,2404,2404,2800,2800,1
NM,New Mexico,Bernalillo County,metro,1009,1009,1185,1185,1464,1464,2036,2036,2399,2399,1
NM,New Mexico,Catron County,nonmetro,773,773,853,853,1040,1040,1424,1424,1677,1677,1
NM,New Mexico,Chaves County,nonmetro,738,738,887,887,1071,1071,1421,1421,1562,1562,1
NM,New Mexico,Cibola County,nonmetro,738,738,823,823,993,993,1223,1223,1315,1315,1
NM,New Mexico,Colfax County,nonmetro,730,730,888,888,973,973,1302,1302,1569,1569,1
NM,New Mexico,Curry County,nonmetro,757,757,892,892,1098,1098,1425,1425,1842,1842,1
NM,New Mexico,De Baca County,nonmetro,723,723,798,798,973,973,1167,1167,1569,1569,1
NM,New Mexico,Dona Ana County,metro,744,744,951,951,1042,1042,1449,1449,1580,1580,1
NM,New Mexico,Eddy County,nonmetro,1035,1035,1084,1084,1188,1188,1619,1619,1625,1625,1
NM,New Mexico,Grant County,nonmetro,795,795,801,801,1048,1048,1304,1304,1388,1388,1
NM,New Mexico,Guadalupe County,nonmetro,723,723,791,791,973,973,1332,1332,1569,1569,1
NM,New Mexico,Harding County,nonmetro,773,773,853,853,1040,1040,1424,1424,1677,1677,1
NM,New Mexico,Hidalgo County,nonmetro,723,723,798,798,973,973,1353,1353,1569,1569,1
NM,New Mexico,Lea County,nonmetro,1062,1062,1068,1068,1324,1324,1641,1641,1829,1829,1
NM,New Mexico,Lincoln County,nonmetro,815,815,820,820,999,999,1305,1305,1611,1611,1
NM,New Mexico,Los Alamos County,nonmetro,1200,1200,1326,1326,1740,1740,2086,2086,2843,2843,1
NM,New Mexico,Luna County,nonmetro,671,671,783,783,973,973,1280,1280,1528,1528,1
NM,New Mexico,McKinley County,nonmetro,752,752,894,894,1090,1090,1307,1307,1443,1443,1
NM,New Mexico,Mora County,nonmetro,723,723,798,798,973,973,1332,1332,1569,1569,1
NM,New Mexico,Otero County,nonmetro,671,671,792,792,973,973,1353,1353,1632,1632,1
NM,New Mexico,Quay County,nonmetro,723,723,742,742,973,973,1227,1227,1569,1569,1
NM,New Mexico,Rio Arriba County,nonmetro,737,737,742,742,973,973,1199,1199,1437,1437,1
NM,New Mexico,Roosevelt County,nonmetro,725,725,772,772,975,975,1356,1356,1636,1636,1
NM,New Mexico,San Juan County,metro,882,882,885,885,1085,1085,1509,1509,1630,1630,1
NM,New Mexico,San Miguel County,nonmetro,783,783,920,920,1008,1008,1402,1402,1626,1626,1
NM,New Mexico,Sandoval County,metro,1009,1009,1185,1185,1464,1464,2036,2036,2399,2399,1
NM,New Mexico,Santa Fe County,metro,1259,1259,1390,1390,1685,1685,2122,2122,2231,2231,1
NM,New Mexico,Sierra County,nonmetro,692,692,765,765,1004,1004,1396,1396,1619,1619,1
NM,New Mexico,Socorro County,nonmetro,723,723,888,888,973,973,1353,1353,1569,1569,1
NM,New Mexico,Taos County,nonmetro,908,908,1072,1072,1279,1279,1593,1593,2146,2146,1
NM,New Mexico,Torrance County,metro,1009,1009,1185,1185,1464,1464,2036,2036,2399,2399,1
NM,New Mexico,Union County,nonmetro,723,723,770,770,973,973,1332,1332,1569,1569,1
NM,New Mexico,Valencia County,metro,1009,1009,1185,1185,1464,1464,2036,2036,2399,2399,1
NV,Nevada,Carson City,metro,1105,1105,1212,1212,1546,1546,2150,2150,2593,2593,1
NV,Nevada,Churchill County,nonmetro,1076,1076,1083,1083,1421,1421,1976,1976,2176,2176,1
NV,Nevada,Clark County,metro,1333,1333,1478,1478,1735,1735,2413,2413,2764,2764,1
NV,Nevada,Douglas County,nonmetro,1107,1107,1291,1291,1605,1605,2232,2232,2692,2692,1
NV,Nevada,Elko County,nonmetro,1055,1055,1166,1166,1530,1530,1933,1933,2567,2567,1
NV,Nevada,Esmeralda County,nonmetro,1072,1072,1122,1122,1472,1472,2062,2062,2472,2472,1
NV,Nevada,Eureka County,nonmetro,1055,1055,1062,1062,1393,1393,1937,1937,2337,2337,1
NV,Nevada,Humboldt County,nonmetro,993,993,1000,1000,1312,1312,1636,1636,2201,2201,1
NV,Nevada,Lander County,nonmetro,936,936,942,942,1236,1236,1570,1570,2073,2073,1
NV,Nevada,Lincoln County,nonmetro,838,838,948,948,1095,1095,1523,1523,1837,1837,1
NV,Nevada,Lyon County,metro,1070,1070,1076,1076,1272,1272,1769,1769,2134,2134,1
NV,Nevada,Mineral County,nonmetro,1055,1055,1062,1062,1393,1393,1937,1937,2337,2337,1
NV,Nevada,Nye County,nonmetro,933,933,1000,1000,1220,1220,1690,1690,2047,2047,1
NV,Nevada,Pershing County,nonmetro,754,754,878,878,985,985,1370,1370,1652,1652,1
NV,Nevada,Storey County,metro,1289,1289,1489,1489,1870,1870,2539,2539,2949,2949,1
NV,Nevada,Washoe County,metro,1289,1289,1489,1489,1870,1870,2539,2539,2949,2949,1
NV,Nevada,White Pine County,nonmetro,996,996,1002,1002,1315,1315,1716,1716,2206,2206,1
NY,New York,Albany County,metro,1217,1217,1417,1417,1702,1702,2041,2041,2253,2253,1
NY,New York,Allegany County,nonmetro,750,750,754,754,974,974,1243,1243,1464,1464,1
NY,New York,Bronx County,metro,2529,2529,2655,2655,2910,2910,3644,3644,3959,3959,1
NY,New York,Broome County,metro,783,783,868,868,1103,1103,1412,1412,1622,1622,1
NY,New York,Cattaraugus County,nonmetro,778,778,783,783,1007,1007,1232,1232,1420,1420,1
NY,New York,Cayuga County,nonmetro,884,884,889,889,1124,1124,1463,1463,1679,1679,1
NY,New York,Chautauqua County,nonmetro,680,680,754,754,975,975,1287,1287,1291,1291,1
NY,New York,Chemung County,metro,949,949,978,978,1283,1283,1606,1606,1713,1713,1
NY,New York,Chenango County,nonmetro,848,848,855,855,973,973,1353,1353,1482,1482,1
NY,New York,Clinton County,nonmetro,973,973,980,980,1246,1246,1494,1494,1650,1650,1
NY,New York,Columbia County,nonmetro,1249,1249,1263,1263,1434,1434,1730,1730,1899,1899,1
NY,New York,Cortland County,nonmetro,954,954,960,960,1198,1198,1510,1510,2010,2010,1
NY,New York,Delaware County,nonmetro,813,813,884,884,1033,1033,1437,1437,1490,1490,1
NY,New York,Dutchess County,metro,1364,1364,1549,1549,1979,1979,2511,2511,2694,2694,1
NY,New York,Erie County,metro,1105,1105,1139,1139,1343,1343,1640,1640,1869,1869,1
NY,New York,Essex County,nonmetro,891,891,903,903,1185,1185,1455,1455,1645,1645,1
NY,New York,Franklin County,nonmetro,720,720,862,862,1044,1044,1299,1299,1489,1489,1
NY,New York,Fulton County,nonmetro,823,823,828,828,1087,1087,1303,1303,1468,1468,1
NY,New York,Genesee County,nonmetro,805,805,953,953,1168,1168,1400,1400,1546,1546,1
NY,New York,Greene County,nonmetro,1008,1008,1118,1118,1373,1373,1813,1813,2075,2075,1
NY,New York,Hamilton County,nonmetro,1075,1075,1089,1089,1429,1429,1713,1713,1892,1892,1
NY,New York,Herkimer County,metro,899,899,926,926,1172,1172,1405,1405,1623,1623,1
NY,New York,Jefferson County,metro,969,969,1071,1071,1405,1405,1907,1907,2340,2340,1
NY,New York,Kings County,metro,2529,2529,2655,2655,2910,2910,3644,3644,3959,3959,1
NY,New York,Lewis County,nonmetro,758,758,839,839,1008,1008,1402,1402,1646,1646,1
NY,New York,Livingston County,metro,1116,1116,1256,1256,1573,1573,1895,1895,2083,2083,1
NY,New York,Madison County,metro,995,995,1123,1123,1392,1392,1691,1691,1848,1848,1
NY,New York,Monroe County,metro,1116,1116,1256,1256,1573,1573,1895,1895,2083,2083,1
NY,New York,Montgomery County,nonmetro,892,892,899,899,1102,1102,1381,1381,1484,1484,1
NY,New York,Nassau County,metro,1992,1992,2379,2379,2747,2747,3563,3563,3768,3768,1
NY,New York,New York County,metro,2529,2529,2655,2655,2910,2910,3644,3644,3959,3959,1
NY,New York,Niagara County,metro,1105,1105,1139,1139,1343,1343,1640,1640,1869,1869,1
NY,New York,Oneida County,metro,899,899,926,926,1172,1172,1405,1405,1623,1623,1
NY,New York,Onondaga County,metro,995,995,1123,1123,1392,1392,1691,1691,1848,1848,1
NY,New York,Ontario County,metro,1116,1116,1256,1256,1573,1573,1895,1895,2083,2083,1
NY,New York,Orange County,metro,1364,1364,1549,1549,1979,1979,2511,2511,2694,2694,1
NY,New York,Orleans County,metro,1116,1116,1256,1256,1573,1573,1895,1895,2083,2083,1
NY,New York,Oswego County,metro,995,995,1123,1123,1392,1392,1691,1691,1848,1848,1
NY,New York,Otsego County,nonmetro,847,847,965,965,1228,1228,1472,1472,1626,1626,1
NY,New York,Putnam County,metro,2529,2529,2655,2655,2910,2910,3644,3644,3959,3959,1
NY,New York,Queens County,metro,2529,2529,2655,2655,2910,2910,3644,3644,3959,3959,1
NY,New York,Rensselaer County,metro,1217,1217,1417,1417,1702,1702,2041,2041,2253,2253,1
NY,New York,Richmond County,metro,2529,2529,2655,2655,2910,2910,3644,3644,3959,3959,1
NY,New York,Rockland County,metro,2529,2529,2655,2655,2910,2910,3644,3644,3959,3959,1
NY,New York,Saratoga County,metro,1217,1217,1417,1417,1702,1702,2041,2041,2253,2253,1
NY,New York,Schenectady County,metro,1217,1217,1417,1417,1702,1702,2041,2041,2253,2253,1
NY,New York,Schoharie County,metro,1217,1217,1417,1417,1702,1702,2041,2041,2253,2253,1
NY,New York,Schuyler County,nonmetro,792,792,875,875,1148,1148,1508,1508,1520,1520,1
NY,New York,Seneca County,nonmetro,879,879,921,921,1169,1169,1550,1550,1961,1961,1
NY,New York,St. Lawrence County,nonmetro,742,742,816,816,1071,1071,1284,1284,1418,1418,1
NY,New York,Steuben County,nonmetro,865,865,871,871,1081,1081,1410,1410,1800,1800,1
NY,New York,Suffolk County,metro,1992,1992,2379,2379,2747,2747,3563,3563,3768,3768,1
NY,New York,Sullivan County,nonmetro,995,995,1070,1070,1302,1302,1811,1811,1891,1891,1
NY,New York,Tioga County,metro,783,783,868,868,1103,1103,1412,1412,1622,1622,1
NY,New York,Tompkins County,metro,1263,1263,1466,1466,1753,1753,2102,2102,2624,2624,1
NY,New York,Ulster County,metro,1303,1303,1386,1386,1818,1818,2245,2245,2407,2407,1
NY,New York,Warren County,metro,1041,1041,1066,1066,1348,1348,1742,1742,1785,1785,1
NY,New York,Washington County,metro,1041,1041,1066,1066,1348,1348,1742,1742,1785,1785,1
NY,New York,Wayne County,metro,1116,1116,1256,1256,1573,1573,1895,1895,2083,2083,1
NY,New York,Westchester County,metro,2529,2529,2655,2655,2910,2910,3644,3644,3959,3959,1
NY,New York,Wyoming County,nonmetro,840,840,844,844,973,973,1336,1336,1603,1603,1
NY,New York,Yates County,nonmetro,756,756,836,836,1097,1097,1329,1329,1840,1840,1
OH,Ohio,Adams County,nonmetro,736,736,785,785,973,973,1220,1220,1288,1288,1
OH,Ohio,Allen County,metro,839,839,844,844,1108,1108,1338,1338,1493,1493,1
OH,Ohio,Ashland County,nonmetro,677,677,779,779,973,973,1280,1280,1472,1472,1
OH,Ohio,Ashtabula County,metro,715,715,840,840,1037,1037,1257,1257,1429,1429,1
OH,Ohio,Athens County,nonmetro,902,902,907,907,1092,1092,1338,1338,1491,1491,1
OH,Ohio,Auglaize County,nonmetro,757,757,762,762,1000,1000,1391,1391,1668,1668,1
OH,Ohio,Belmont County,metro,683,683,816,816,991,991,1277,1277,1413,1413,1
OH,Ohio,Brown County,metro,797,797,802,802,1008,1008,1361,1361,1691,1691,1
OH,Ohio,Butler County,metro,958,958,1051,1051,1353,1353,1785,1785,1976,1976,1
OH,Ohio,Carroll County,metro,749,749,846,846,1086,1086,1371,1371,1451,1451,1
OH,Ohio,Champaign County,nonmetro,737,737,818,818,1046,1046,1333,1333,1470,1470,1
OH,Ohio,Clark County,metro,763,763,843,843,1106,1106,1355,1355,1572,1572,1
OH,Ohio,Clermont County,metro,958,958,1051,1051,1353,1353,1785,1785,1976,1976,1
OH,Ohio,Clinton County,nonmetro,778,778,838,838,1029,1029,1349,1349,1696,1696,1
OH,Ohio,Columbiana County,nonmetro,693,693,779,779,973,973,1218,1218,1288,1288,1
OH,Ohio,Coshocton County,nonmetro,736,736,824,824,973,973,1254,1254,1632,1632,1
OH,Ohio,Crawford County,nonmetro,780,780,811,811,973,973,1283,1283,1288,1288,1
OH,Ohio,Cuyahoga County,metro,933,933,1058,1058,1279,1279,1646,1646,1760,1760,1
OH,Ohio,Darke County,nonmetro,801,801,806,806,973,973,1290,1290,1295,1295,1
OH,Ohio,Defiance County,nonmetro,754,754,799,799,980,980,1239,1239,1408,1408,1
OH,Ohio,Delaware County,metro,1111,1111,1194,1194,1430,1430,1715,1715,1927,1927,1
OH,Ohio,Erie County,metro,854,854,886,886,1106,1106,1384,1384,1557,1557,1
OH,Ohio,Fairfield County,metro,1111,1111,1194,1194,1430,1430,1715,1715,1927,1927,1
OH,Ohio,Fayette County,nonmetro,750,750,836,836,992,992,1273,1273,1415,1415,1
OH,Ohio,Franklin County,metro,1111,1111,1194,1194,1430,1430,1715,1715,1927,1927,1
OH,Ohio,Fulton County,metro,769,769,820,820,1076,1076,1380,1380,1454,1454,1
OH,Ohio,Gallia County,nonmetro,736,736,871,871,973,973,1240,1240,1632,1632,1
OH,Ohio,Geauga County,metro,933,933,1058,1058,1279,1279,1646,1646,1760,1760,1
OH,Ohio,Greene County,metro,928,928,1009,1009,1273,1273,1651,1651,1817,1817,1
OH,Ohio,Guernsey County,nonmetro,737,737,742,742,973,973,1280,1280,1574,1574,1
OH,Ohio,Hamilton County,metro,958,958,1051,1051,1353,1353,1785,1785,1976,1976,1
OH,Ohio,Hancock County,nonmetro,777,777,859,859,1127,1127,1484,1484,1693,1693,1
OH,Ohio,Hardin County,nonmetro,806,806,811,811,973,973,1230,1230,1373,1373,1
OH,Ohio,Harrison County,nonmetro,744,744,749,749,973,973,1283,1283,1288,1288,1
OH,Ohio,Henry County,nonmetro,761,761,766,766,982,982,1303,1303,1647,1647,1
OH,Ohio,Highland County,nonmetro,736,736,845,845,973,973,1167,1167,1492,1492,1
OH,Ohio,Hocking County,metro,737,737,742,742,973,973,1338,1338,1383,1383,1
OH,Ohio,Holmes County,nonmetro,736,736,742,742,973,973,1197,1197,1288,1288,1
OH,Ohio,Huron County,nonmetro,737,737,742,742,973,973,1212,1212,1521,1521,1
OH,Ohio,Jackson County,nonmetro,736,736,762,762,973,973,1256,1256,1344,1344,1
OH,Ohio,Jefferson County,metro,752,752,757,757,973,973,1285,1285,1482,1482,1
OH,Ohio,Knox County,nonmetro,824,824,862,862,1078,1078,1408,1408,1427,1427,1
OH,Ohio,Lake County,metro,933,933,1058,1058,1279,1279,1646,1646,1760,1760,1
OH,Ohio,Lawrence County,metro,848,848,853,853,973,973,1249,1249,1410,1410,1
OH,Ohio,Licking County,metro,1111,1111,1194,1194,1430,1430,1715,1715,1927,1927,1
OH,Ohio,Logan County,nonmetro,777,777,783,783,1027,1027,1251,1251,1360,1360,1
OH,Ohio,Lorain County,metro,933,933,1058,1058,1279,1279,1646,1646,1760,1760,1
OH,Ohio,Lucas County,metro,769,769,820,820,1076,1076,1380,1380,1454,1454,1
OH,Ohio,Madison County,metro,1111,1111,1194,1194,1430,1430,1715,1715,1927,1927,1
OH,Ohio,Mahoning County,metro,735,735,771,771,973,973,1270,1270,1345,1345,1
OH,Ohio,Marion County,nonmetro,806,806,811,811,1064,1064,1276,1276,1409,1409,1
OH,Ohio,Medina County,metro,933,933,1058,1058,1279,1279,1646,1646,1760,1760,1
OH,Ohio,Meigs County,nonmetro,722,722,758,758,973,973,1167,1167,1552,1552,1
OH,Ohio,Mercer County,nonmetro,747,747,788,788,987,987,1287,1287,1307,1307,1
OH,Ohio,Miami County,metro,928,928,1009,1009,1273,1273,1651,1651,1817,1817,1
OH,Ohio,Monroe County,nonmetro,736,736,742,742,973,973,1283,1283,1288,1288,1
OH,Ohio,Montgomery County,metro,928,928,1009,1009,1273,1273,1651,1651,1817,1817,1
OH,Ohio,Morgan County,nonmetro,736,736,875,875,973,973,1193,1193,1462,1462,1
OH,Ohio,Morrow County,metro,1111,1111,1194,1194,1430,1430,1715,1715,1927,1927,1
OH,Ohio,Muskingum County,nonmetro,815,815,820,820,973,973,1324,1324,1438,1438,1
OH,Ohio,Noble County,nonmetro,744,744,749,749,983,983,1210,1210,1386,1386,1
OH,Ohio,Ottawa County,metro,807,807,843,843,1106,1106,1326,1326,1696,1696,1
OH,Ohio,Paulding County,nonmetro,736,736,780,780,973,973,1343,1343,1530,1530,1
OH,Ohio,Perry County,metro,786,786,790,790,973,973,1202,1202,1429,1429,1
OH,Ohio,Pickaway County,metro,1111,1111,1194,1194,1430,1430,1715,1715,1927,1927,1
OH,Ohio,Pike County,nonmetro,738,738,744,744,976,976,1214,1214,1446,1446,1
OH,Ohio,Portage County,metro,904,904,985,985,1268,1268,1547,1547,1681,1681,1
OH,Ohio,Preble County,nonmetro,736,736,742,742,973,973,1298,1298,1424,1424,1
OH,Ohio,Putnam County,nonmetro,797,797,808,808,1053,1053,1263,1263,1394,1394,1
OH,Ohio,Richland County,metro,671,671,773,773,973,973,1315,1315,1530,1530,1
OH,Ohio,Ross County,nonmetro,785,785,882,882,1057,1057,1335,1335,1399,1399,1
OH,Ohio,Sandusky County,nonmetro,671,671,799,799,973,973,1214,1214,1313,1313,1
OH,Ohio,Scioto County,nonmetro,671,671,808,808,973,973,1328,1328,1466,1466,1
OH,Ohio,Seneca County,nonmetro,762,762,767,767,1007,1007,1226,1226,1333,1333,1
OH,Ohio,Shelby County,nonmetro,720,720,787,787,1033,1033,1384,1384,1448,1448,1
OH,Ohio,Stark County,metro,749,749,846,846,1086,1086,1371,1371,1451,1451,1
OH,Ohio,Summit County,metro,904,904,985,985,1268,1268,1547,1547,1681,1681,1
OH,Ohio,Trumbull County,metro,735,735,771,771,973,973,1270,1270,1345,1345,1
OH,Ohio,Tuscarawas County,nonmetro,775,775,780,780,1023,1023,1316,1316,1484,1484,1
OH,Ohio,Union County,metro,1113,1113,1125,1125,1433,1433,1718,1718,1897,1897,1
OH,Ohio,Van Wert County,nonmetro,724,724,762,762,973,973,1218,1218,1323,1323,1
OH,Ohio,Vinton County,nonmetro,736,736,792,792,973,973,1167,1167,1372,1372,1
OH,Ohio,Warren County,metro,958,958,1051,1051,1353,1353,1785,1785,1976,1976,1
OH,Ohio,Washington County,nonmetro,756,756,760,760,973,973,1313,1313,1449,1449,1
OH,Ohio,Wayne County,nonmetro,718,718,816,816,1041,1041,1269,1269,1491,1491,1
OH,Ohio,Williams County,nonmetro,736,736,761,761,973,973,1208,1208,1288,1288,1
OH,Ohio,Wood County,metro,769,769,820,820,1076,1076,1380,1380,1454,1454,1
OH,Ohio,Wyandot County,nonmetro,736,736,800,800,973,973,1242,1242,1422,1422,1
OK,Oklahoma,Adair County,nonmetro,655,655,714,714,937,937,1161,1161,1252,1252,1
OK,Oklahoma,Alfalfa County,nonmetro,705,705,714,714,937,937,1303,1303,1572,1572,1
OK,Oklahoma,Atoka County,nonmetro,705,705,744,744,937,937,1175,1175,1241,1241,1
OK,Oklahoma,Beaver County,nonmetro,705,705,732,732,937,937,1249,1249,1481,1481,1
OK,Oklahoma,Beckham County,nonmetro,788,788,799,799,1048,1048,1257,1257,1502,1502,1
OK,Oklahoma,Blaine County,nonmetro,736,736,746,746,979,979,1174,1174,1447,1447,1
OK,Oklahoma,Bryan County,nonmetro,757,757,762,762,1000,1000,1322,1322,1491,1491,1
OK,Oklahoma,Caddo County,nonmetro,647,647,734,734,937,937,1162,1162,1241,1241,1
OK,Oklahoma,Canadian County,metro,939,939,1017,1017,1244,1244,1675,1675,1857,1857,1
OK,Oklahoma,Carter County,nonmetro,776,776,803,803,1054,1054,1324,1324,1553,1553,1
OK,Oklahoma,Cherokee County,nonmetro,764,764,769,769,948,948,1215,1215,1255,1255,1
OK,Oklahoma,Choctaw County,nonmetro,705,705,714,714,937,937,1134,1134,1241,1241,1
OK,Oklahoma,Cimarron County,nonmetro,705,705,732,732,937,937,1303,1303,1343,1343,1
OK,Oklahoma,Cleveland County,metro,939,939,1017,1017,1244,1244,1675,1675,1857,1857,1
OK,Oklahoma,Coal County,nonmetro,705,705,714,714,937,937,1279,1279,1535,1535,1
OK,Oklahoma,Comanche County,metro,779,779,784,784,1001,1001,1392,1392,1679,1679,1
OK,Oklahoma,Cotton County,metro,728,728,733,733,962,962,1153,1153,1614,1614,1
OK,Oklahoma,Craig County,nonmetro,745,745,755,755,991,991,1209,1209,1312,1312,1
OK,Oklahoma,Creek County,metro,933,933,987,987,1217,1217,1602,1602,1858,1858,1
OK,Oklahoma,Custer County,nonmetro,646,646,732,732,937,937,1303,1303,1572,1572,1
OK,Oklahoma,Delaware County,nonmetro,718,718,722,722,944,944,1191,1191,1331,1331,1
OK,Oklahoma,Dewey County,nonmetro,718,718,728,728,955,955,1319,1319,1493,1493,1
OK,Oklahoma,Ellis County,nonmetro,705,705,855,855,937,937,1173,1173,1343,1343,1
OK,Oklahoma,Garfield County,metro,785,785,799,799,1027,1027,1336,1336,1360,1360,1
OK,Oklahoma,Garvin County,nonmetro,705,705,714,714,937,937,1249,1249,1534,1534,1
OK,Oklahoma,Grady County,metro,692,692,765,765,1004,1004,1343,1343,1684,1684,1
OK,Oklahoma,Grant County,nonmetro,705,705,714,714,937,937,1279,1279,1343,1343,1
OK,Oklahoma,Greer County,nonmetro,705,705,732,732,937,937,1303,1303,1343,1343,1
OK,Oklahoma,Harmon County,nonmetro,705,705,732,732,937,937,1123,1123,1572,1572,1
OK,Oklahoma,Harper County,nonmetro,705,705,732,732,937,937,1146,1146,1343,1343,1
OK,Oklahoma,Haskell County,nonmetro,646,646,714,714,937,937,1147,1147,1338,1338,1
OK,Oklahoma,Hughes County,nonmetro,705,705,714,714,937,937,1150,1150,1343,1343,1
OK,Oklahoma,Jackson County,nonmetro,705,705,714,714,937,937,1289,1289,1572,1572,1
OK,Oklahoma,Jefferson County,nonmetro,705,705,714,714,937,937,1175,1175,1572,1572,1
OK,Oklahoma,Johnston County,nonmetro,705,705,801,801,937,937,1269,1269,1572,1572,1
OK,Oklahoma,Kay County,nonmetro,646,646,714,714,937,937,1250,1250,1255,1255,1
OK,Oklahoma,Kingfisher County,nonmetro,727,727,825,825,1055,1055,1343,1343,1596,1596,1
OK,Oklahoma,Kiowa County,nonmetro,705,705,761,761,937,937,1303,1303,1572,1572,1
OK,Oklahoma,Latimer County,nonmetro,705,705,714,714,937,937,1165,1165,1429,1429,1
OK,Oklahoma,Le Flore County,nonmetro,656,656,741,741,937,937,1300,1300,1359,1359,1
OK,Oklahoma,Lincoln County,metro,809,809,814,814,937,937,1257,1257,1426,1426,1
OK,Oklahoma,Logan County,metro,939,939,1017,1017,1244,1244,1675,1675,1857,1857,1
OK,Oklahoma,Love County,nonmetro,732,732,880,880,1062,1062,1273,1273,1522,1522,1
OK,Oklahoma,Major County,nonmetro,705,705,714,714,937,937,1123,1123,1343,1343,1
OK,Oklahoma,Marshall County,nonmetro,767,767,772,772,937,937,1219,1219,1241,1241,1
OK,Oklahoma,Mayes County,nonmetro,731,731,736,736,937,937,1233,1233,1409,1409,1
OK,Oklahoma,McClain County,metro,939,939,1017,1017,1244,1244,1675,1675,1857,1857,1
OK,Oklahoma,McCurtain County,nonmetro,646,646,747,747,937,937,1256,1256,1448,1448,1
OK,Oklahoma,McIntosh County,nonmetro,646,646,759,759,937,937,1303,1303,1343,1343,1
OK,Oklahoma,Murray County,nonmetro,731,731,758,758,994,994,1227,1227,1507,1507,1
OK,Oklahoma,Muskogee County,nonmetro,717,717,722,722,947,947,1188,1188,1461,1461,1
OK,Oklahoma,Noble County,nonmetro,705,705,765,765,937,937,1123,1123,1566,1566,1
OK,Oklahoma,Nowata County,nonmetro,705,705,714,714,937,937,1168,1168,1572,1572,1
OK,Oklahoma,Okfuskee County,nonmetro,705,705,738,738,937,937,1176,1176,1397,1397,1
OK,Oklahoma,Oklahoma County,metro,939,939,1017,1017,1244,1244,1675,1675,1857,1857,1
OK,Oklahoma,Okmulgee County,metro,763,763,766,766,937,937,1284,1284,1289,1289,1
OK,Oklahoma,Osage County,metro,933,933,987,987,1217,1217,1602,1602,1858,1858,1
OK,Oklahoma,Ottawa County,nonmetro,697,697,714,714,937,937,1183,1183,1241,1241,1
OK,Oklahoma,Pawnee County,metro,774,774,818,818,1006,1006,1336,1336,1688,1688,1
OK,Oklahoma,Payne County,nonmetro,784,784,847,847,1035,1035,1439,1439,1568,1568,1
OK,Oklahoma,Pittsburg County,nonmetro,651,651,787,787,944,944,1256,1256,1584,1584,1
OK,Oklahoma,Pontotoc County,nonmetro,699,699,758,758,994,994,1230,1230,1334,1334,1
OK,Oklahoma,Pottawatomie County,nonmetro,678,678,714,714,937,937,1257,1257,1474,1474,1
OK,Oklahoma,Pushmataha County,nonmetro,646,646,750,750,937,937,1303,1303,1475,1475,1
OK,Oklahoma,Roger Mills County,nonmetro,705,705,732,732,937,937,1166,1166,1343,1343,1
OK,Oklahoma,Rogers County,metro,933,933,987,987,1217,1217,1602,1602,1858,1858,1
OK,Oklahoma,Seminole County,nonmetro,673,673,734,734,937,937,1256,1256,1368,1368,1
OK,Oklahoma,Sequoyah County,metro,683,683,714,714,937,937,1266,1266,1532,1532,1
OK,Oklahoma,Stephens County,nonmetro,775,775,779,779,937,937,1303,1303,1509,1509,1
OK,Oklahoma,Texas County,nonmetro,847,847,897,897,1116,1116,1338,1338,1872,1872,1
OK,Oklahoma,Tillman County,nonmetro,705,705,855,855,937,937,1303,1303,1343,1343,1
OK,Oklahoma,Tulsa County,metro,933,933,987,987,1217,1217,1602,1602,1858,1858,1
OK,Oklahoma,Wagoner County,metro,933,933,987,987,1217,1217,1602,1602,1858,1858,1
OK,Oklahoma,Washington County,nonmetro,712,712,801,801,947,947,1317,1317,1340,1340,1
OK,Oklahoma,Washita County,nonmetro,705,705,855,855,937,937,1217,1217,1439,1439,1
OK,Oklahoma,Woods County,nonmetro,733,733,831,831,975,975,1217,1217,1291,1291,1
OK,Oklahoma,Woodward County,nonmetro,798,798,809,809,1061,1061,1272,1272,1780,1780,1
OR,Oregon,Baker County,nonmetro,761,761,898,898,1047,1047,1456,1456,1756,1756,1
OR,Oregon,Benton County,metro,1350,1350,1451,1451,1824,1824,2537,2537,2862,2862,1
OR,Oregon,Clackamas County,metro,1570,1570,1677,1677,1922,1922,2619,2619,3109,3109,1
OR,Oregon,Clatsop County,nonmetro,1060,1060,1110,1110,1457,1457,1995,1995,2444,2444,1
OR,Oregon,Columbia County,metro,1570,1570,1677,1677,1922,1922,2619,2619,3109,3109,1
OR,Oregon,Coos County,nonmetro,951,951,982,982,1265,1265,1759,1759,2122,2122,1
OR,Oregon,Crook County,metro,1049,1049,1056,1056,1385,1385,1926,1926,2323,2323,1
OR,Oregon,Curry County,nonmetro,965,965,1067,1067,1400,1400,1883,1883,2103,2103,1
OR,Oregon,Deschutes County,metro,1362,1362,1371,1371,1784,1784,2481,2481,2993,2993,1
OR,Oregon,Douglas County,nonmetro,876,876,969,969,1271,1271,1768,1768,2132,2132,1
OR,Oregon,Gilliam County,nonmetro,729,729,799,799,1048,1048,1458,1458,1758,1758,1
OR,Oregon,Grant County,nonmetro,784,784,985,985,1127,1127,1533,1533,1891,1891,1
OR,Oregon,Harney County,nonmetro,701,701,768,768,1008,1008,1402,1402,1691,1691,1
OR,Oregon,Hood River County,nonmetro,1311,1311,1436,1436,1884,1884,2620,2620,3160,3160,1
OR,Oregon,Jackson County,metro,1055,1055,1229,1229,1530,1530,2128,2128,2514,2514,1
OR,Oregon,Jefferson County,metro,939,939,945,945,1229,1229,1709,1709,1867,1867,1
OR,Oregon,Josephine County,metro,940,940,1039,1039,1363,1363,1896,1896,2014,2014,1
OR,Oregon,Klamath County,nonmetro,860,860,958,958,1247,1247,1734,1734,2092,2092,1
OR,Oregon,Lake County,nonmetro,793,793,929,929,1150,1150,1599,1599,1929,1929,1
OR,Oregon,Lane County,metro,1223,1223,1286,1286,1688,1688,2348,2348,2832,2832,1
OR,Oregon,Lincoln County,nonmetro,1121,1121,1128,1128,1480,1480,2043,2043,2483,2483,1
OR,Oregon,Linn County,metro,1169,1169,1396,1396,1695,1695,2294,2294,2662,2662,1
OR,Oregon,Malheur County,nonmetro,772,772,942,942,1081,1081,1503,1503,1813,1813,1
OR,Oregon,Marion County,metro,1181,1181,1201,1201,1560,1560,2159,2159,2338,2338,1
OR,Oregon,Morrow County,nonmetro,715,715,831,831,1027,1027,1428,1428,1723,1723,1
OR,Oregon,Multnomah County,metro,1570,1570,1677,1677,1922,1922,2619,2619,3109,3109,1
OR,Oregon,Polk County,metro,1181,1181,1201,1201,1560,1560,2159,2159,2338,2338,1
OR,Oregon,Sherman County,nonmetro,937,937,1026,1026,1346,1346,1677,1677,2258,2258,1
OR,Oregon,Tillamook County,nonmetro,1016,1016,1136,1136,1405,1405,1954,1954,2083,2083,1
OR,Oregon,Umatilla County,nonmetro,856,856,946,946,1241,1241,1726,1726,2081,2081,1
OR,Oregon,Union County,nonmetro,843,843,980,980,1222,1222,1700,1700,2050,2050,1
OR,Oregon,Wallowa County,nonmetro,800,800,942,942,1149,1149,1598,1598,1928,1928,1
OR,Oregon,Wasco County,nonmetro,1281,1281,1289,1289,1600,1600,2225,2225,2589,2589,1
OR,Oregon,Washington County,metro,1570,1570,1677,1677,1922,1922,2619,2619,3109,3109,1
OR,Oregon,Wheeler County,nonmetro,703,703,770,770,1010,1010,1405,1405,1694,1694,1
OR,Oregon,Yamhill County,metro,1570,1570,1677,1677,1922,1922,2619,2619,3109,3109,1
PA,Pennsylvania,Adams County,metro,1006,1006,1099,1099,1374,1374,1834,1834,1939,1939,1
PA,Pennsylvania,Allegheny County,metro,1001,1001,1077,1077,1299,1299,1661,1661,1789,1789,1
PA,Pennsylvania,Armstrong County,metro,691,691,767,767,1002,1002,1300,1300,1399,1399,1
PA,Pennsylvania,Beaver County,metro,1001,1001,1077,1077,1299,1299,1661,1661,1789,1789,1
PA,Pennsylvania,Bedford County,nonmetro,677,677,742,742,973,973,1226,1226,1476,1476,1
PA,Pennsylvania,Berks County,metro,1086,1086,1237,1237,1575,1575,1937,1937,2085,2085,1
PA,Pennsylvania,Blair County,metro,802,802,948,948,1138,1138,1458,1458,1705,1705,1
PA,Pennsylvania,Bradford County,nonmetro,838,838,844,844,1066,1066,1341,1341,1522,1522,1
PA,Pennsylvania,Bucks County,metro,1397,1397,1520,1520,1810,1810,2170,2170,2423,2423,1
PA,Pennsylvania,Butler County,metro,1001,1001,1077,1077,1299,1299,1661,1661,1789,1789,1
PA,Pennsylvania,Cambria County,metro,840,840,846,846,1035,1035,1431,1431,1484,1484,1
PA,Pennsylvania,Cameron County,nonmetro,714,714,748,748,981,981,1179,1179,1453,1453,1
PA,Pennsylvania,Carbon County,metro,1130,1130,1341,1341,1634,1634,2087,2087,2195,2195,1
PA,Pennsylvania,Centre County,metro,1187,1187,1194,1194,1406,1406,1760,1760,1862,1862,1
PA,Pennsylvania,Chester County,metro,1397,1397,1520,1520,1810,1810,2170,2170,2423,2423,1
PA,Pennsylvania,Clarion County,nonmetro,757,757,762,762,973,973,1182,1182,1632,1632,1
PA,Pennsylvania,Clearfield County,nonmetro,721,721,779,779,975,975,1289,1289,1293,1293,1
PA,Pennsylvania,Clinton County,nonmetro,770,770,775,775,995,995,1258,1258,1669,1669,1
PA,Pennsylvania,Columbia County,nonmetro,786,786,941,941,1140,1140,1367,1367,1572,1572,1
PA,Pennsylvania,Crawford County,nonmetro,723,723,787,787,973,973,1306,1306,1476,1476,1
PA,Pennsylvania,Cumberland County,metro,1058,1058,1212,1212,1493,1493,1920,1920,1977,1977,1
PA,Pennsylvania,Dauphin County,metro,1058,1058,1212,1212,1493,1493,1920,1920,1977,1977,1
PA,Pennsylvania,Delaware County,metro,1397,1397,1520,1520,1810,1810,2170,2170,2423,2423,1
PA,Pennsylvania,Elk County,nonmetro,708,708,825,825,973,973,1283,1283,1288,1288,1
PA,Pennsylvania,Erie County,metro,836,836,945,945,1212,1212,1499,1499,1683,1683,1
PA,Pennsylvania,Fayette County,metro,1001,1001,1077,1077,1299,1299,1661,1661,1789,1789,1
PA,Pennsylvania,Forest County,nonmetro,708,708,888,888,973,973,1236,1236,1632,1632,1
PA,Pennsylvania,Franklin County,metro,1014,1014,1119,1119,1379,1379,1825,1825,1991,1991,1
PA,Pennsylvania,Fulton County,nonmetro,708,708,751,751,973,973,1167,1167,1548,1548,1
PA,Pennsylvania,Greene County,nonmetro,830,830,835,835,1096,1096,1314,1314,1451,1451,1
PA,Pennsylvania,Huntingdon County,nonmetro,790,790,833,833,973,973,1320,1320,1632,1632,1
PA,Pennsylvania,Indiana County,nonmetro,763,763,851,851,981,981,1329,1329,1510,1510,1
PA,Pennsylvania,Jefferson County,nonmetro,671,671,768,768,973,973,1197,1197,1379,1379,1
PA,Pennsylvania,Juniata County,nonmetro,680,680,742,742,973,973,1250,1250,1478,1478,1
PA,Pennsylvania,Lackawanna County,metro,863,863,1028,1028,1252,1252,1631,1631,1766,1766,1
PA,Pennsylvania,Lancaster County,metro,1102,1102,1220,1220,1526,1526,1980,1980,2020,2020,1
PA,Pennsylvania,Lawrence County,metro,705,705,780,780,1023,1023,1423,1423,1610,1610,1
PA,Pennsylvania,Lebanon County,metro,1035,1035,1112,1112,1411,1411,1797,1797,1959,1959,1
PA,Pennsylvania,Lehigh County,metro,1130,1130,1341,1341,1634,1634,2087,2087,2195,2195,1
PA,Pennsylvania,Luzerne County,metro,863,863,1028,1028,1252,1252,1631,1631,1766,1766,1
PA,Pennsylvania,Lycoming County,metro,824,824,995,995,1195,1195,1586,1586,1737,1737,1
PA,Pennsylvania,McKean County,nonmetro,708,708,832,832,973,973,1219,1219,1447,1447,1
PA,Pennsylvania,Mercer County,nonmetro,704,704,792,792,996,996,1385,1385,1538,1538,1
PA,Pennsylvania,Mifflin County,nonmetro,770,770,786,786,973,973,1283,1283,1288,1288,1
PA,Pennsylvania,Monroe County,nonmetro,1085,1085,1165,1165,1529,1529,1974,1974,2203,2203,1
PA,Pennsylvania,Montgomery County,metro,1397,1397,1520,1520,1810,1810,2170,2170,2423,2423,1
PA,Pennsylvania,Montour County,nonmetro,946,946,1046,1046,1372,1372,1873,1873,2061,2061,1
PA,Pennsylvania,Northampton County,metro,1130,1130,1341,1341,1634,1634,2087,2087,2195,2195,1
PA,Pennsylvania,Northumberland County,nonmetro,671,671,843,843,973,973,1241,1241,1288,1288,1
PA,Pennsylvania,Perry County,metro,1058,1058,1212,1212,1493,1493,1920,1920,1977,1977,1
PA,Pennsylvania,Philadelphia County,metro,1397,1397,1520,1520,1810,1810,2170,2170,2423,2423,1
PA,Pennsylvania,Pike County,nonmetro,1143,1143,1205,1205,1496,1496,2063,2063,2510,2510,1
PA,Pennsylvania,Potter County,nonmetro,708,708,742,742,973,973,1223,1223,1352,1352,1
PA,Pennsylvania,Schuylkill County,nonmetro,727,727,786,786,1030,1030,1341,1341,1409,1409,1
PA,Pennsylvania,Snyder County,nonmetro,770,770,894,894,1059,1059,1321,1321,1566,1566,1
PA,Pennsylvania,Somerset County,nonmetro,830,830,835,835,973,973,1307,1307,1469,1469,1
PA,Pennsylvania,Sullivan County,nonmetro,708,708,775,775,973,973,1353,1353,1595,1595,1
PA,Pennsylvania,Susquehanna County,nonmetro,760,760,805,805,1045,1045,1342,1342,1409,1409,1
PA,Pennsylvania,Tioga County,nonmetro,725,725,826,826,1051,1051,1362,1362,1405,1405,1
PA,Pennsylvania,Union County,nonmetro,728,728,913,913,1001,1001,1392,1392,1679,1679,1
PA,Pennsylvania,Venango County,nonmetro,671,671,742,742,973,973,1221,1221,1393,1393,1
PA,Pennsylvania,Warren County,nonmetro,809,809,814,814,973,973,1304,1304,1363,1363,1
PA,Pennsylvania,Washington County,metro,1001,1001,1077,1077,1299,1299,1661,1661,1789,1789,1
PA,Pennsylvania,Wayne County,nonmetro,824,824,927,927,1132,1132,1417,1417,1899,1899,1
PA,Pennsylvania,Westmoreland County,metro,1001,1001,1077,1077,1299,1299,1661,1661,1789,1789,1
PA,Pennsylvania,Wyoming County,metro,863,863,1028,1028,1252,1252,1631,1631,1766,1766,1
PA,Pennsylvania,York County,metro,925,925,1060,1060,1335,1335,1796,1796,1850,1850,1
PR,Puerto Rico,Adjuntas Municipio,nonmetro,461,461,479,479,531,531,743,743,805,805,1
PR,Puerto Rico,Aguada Municipio,metro,480,480,482,482,564,564,680,680,756,756,1
PR,Puerto Rico,Aguadilla Municipio,metro,480,480,482,482,564,564,680,680,756,756,1
PR,Puerto Rico,Aguas Buenas Municipio,metro,559,559,572,572,663,663,868,868,1046,1046,1
PR,Puerto Rico,Aibonito Municipio,metro,429,429,433,433,493,493,621,621,704,704,1
PR,Puerto Rico,Arecibo Municipio,metro,437,437,440,440,510,510,699,699,787,787,1
PR,Puerto Rico,Arroyo Municipio,metro,414,414,418,418,475,475,637,637,639,639,1
PR,Puerto Rico,Añasco Municipio,metro,480,480,482,482,564,564,680,680,756,756,1
PR,Puerto Rico,Barceloneta Municipio,metro,559,559,572,572,663,663,868,868,1046,1046,1
PR,Puerto Rico,Barranquitas Municipio,metro,429,429,433,433,493,493,621,621,704,704,1
PR,Puerto Rico,Bayamón Municipio,metro,559,559,572,572,663,663,868,868,1046,1046,1
PR,Puerto Rico,Cabo Rojo Municipio,metro,407,407,410,410,530,530,659,659,702,702,1
PR,Puerto Rico,Caguas Municipio,metro,472,472,475,475,576,576,801,801,966,966,1
PR,Puerto Rico,Camuy Municipio,metro,437,437,440,440,510,510,699,699,787,787,1
PR,Puerto Rico,Canóvanas Municipio,metro,559,559,572,572,663,663,868,868,1046,1046,1
PR,Puerto Rico,Carolina Municipio,metro,559,559,572,572,663,663,868,868,1046,1046,1
PR,Puerto Rico,Cataño Municipio,metro,559,559,572,572,663,663,868,868,1046,1046,1
PR,Puerto Rico,Cayey Municipio,metro,472,472,475,475,576,576,801,801,966,966,1
PR,Puerto Rico,Ceiba Municipio,metro,487,487,490,490,600,600,736,736,799,799,1
PR,Puerto Rico,Ciales Municipio,metro,429,429,433,433,493,493,621,621,704,704,1
PR,Puerto Rico,Cidra Municipio,metro,472,472,475,475,576,576,801,801,966,966,1
PR,Puerto Rico,Coamo Municipio,nonmetro,414,414,433,433,475,475,661,661,717,717,1
PR,Puerto Rico,Comerío Municipio,metro,559,559,572,572,663,663,868,868,1046,1046,1
PR,Puerto Rico,Corozal Municipio,metro,559,559,572,572,663,663,868,868,1046,1046,1
PR,Puerto Rico,Culebra Municipio,nonmetro,414,414,433,433,475,475,661,661,717,717,1
PR,Puerto Rico,Dorado Municipio,metro,559,559,572,572,663,663,868,868,1046,1046,1
PR,Puerto Rico,Fajardo Municipio,metro,487,487,490,490,600,600,736,736,799,799,1
PR,Puerto Rico,Florida Municipio,metro,559,559,572,572,663,663,868,868,1046,1046,1
PR,Puerto Rico,Guayama Municipio,metro,414,414,418,418,475,475,637,637,639,639,1
PR,Puerto Rico,Guayanilla Municipio,metro,423,423,443,443,486,486,664,664,673,673,1
PR,Puerto Rico,Guaynabo Municipio,metro,559,559,572,572,663,663,868,868,1046,1046,1
PR,Puerto Rico,Gurabo Municipio,metro,472,472,475,475,576,576,801,801,966,966,1
PR,Puerto Rico,Guánica Municipio,nonmetro,414,414,433,433,475,475,661,661,717,717,1
PR,Puerto Rico,Hatillo Municipio,metro,437,437,440,440,510,510,699,699,787,787,1
PR,Puerto Rico,Hormigueros Municipio,metro,467,467,489,489,536,536,689,689,819,819,1
PR,Puerto Rico,Humacao Municipio,metro,559,559,572,572,663,663,868,868,1046,1046,1
PR,Puerto Rico,Isabela Municipio,metro,480,480,482,482,564,564,680,680,756,756,1
PR,Puerto Rico,Jayuya Municipio,nonmetro,414,414,433,433,475,475,661,661,717,717,1
PR,Puerto Rico,Juana Díaz Municipio,metro,469,469,491,491,538,538,748,748,844,844,1
PR,Puerto Rico,Juncos Municipio,metro,559,559,572,572,663,663,868,868,1046,1046,1
PR,Puerto Rico,Lajas Municipio,metro,407,407,410,410,530,530,659,659,702,702,1
PR,Puerto Rico,Lares Municipio,nonmetro,439,439,441,441,504,504,661,661,717,717,1
PR,Puerto Rico,Las Marías Municipio,nonmetro,449,449,467,467,516,516,661,661,762,762,1
PR,Puerto Rico,Las Piedras Municipio,metro,559,559,572,572,663,663,868,868,1046,1046,1
PR,Puerto Rico,Loíza Municipio,metro,559,559,572,572,663,663,868,868,1046,1046,1
PR,Puerto Rico,Luquillo Municipio,metro,487,487,490,490,600,600,736,736,799,799,1
PR,Puerto Rico,Manatí Municipio,metro,559,559,572,572,663,663,868,868,1046,1046,1
PR,Puerto Rico,Maricao Municipio,nonmetro,414,414,433,433,475,475,661,661,717,717,1
PR,Puerto Rico,Maunabo Municipio,metro,559,559,572,572,663,663,868,868,1046,1046,1
PR,Puerto Rico,Mayagüez Municipio,metro,467,467,489,489,536,536,689,689,819,819,1
PR,Puerto Rico,Moca Municipio,metro,480,480,482,482,564,564,680,680,756,756,1
PR,Puerto Rico,Morovis Municipio,metro,559,559,572,572,663,663,868,868,1046,1046,1
PR,Puerto Rico,Naguabo Municipio,metro,559,559,572,572,663,663,868,868,1046,1046,1
PR,Puerto Rico,Naranjito Municipio,metro,559,559,572,572,663,663,868,868,1046,1046,1
PR,Puerto Rico,Orocovis Municipio,metro,429,429,433,433,493,493,621,621,704,704,1
PR,Puerto Rico,Patillas Municipio,metro,414,414,418,418,475,475,637,637,639,639,1
PR,Puerto Rico,Peñuelas Municipio,metro,423,423,443,443,486,486,664,664,673,673,1
PR,Puerto Rico,Ponce Municipio,metro,469,469,491,491,538,538,748,748,844,844,1
PR,Puerto Rico,Quebradillas Municipio,metro,437,437,440,440,510,510,699,699,787,787,1
PR,Puerto Rico,Rincón Municipio,metro,480,480,482,482,564,564,680,680,756,756,1
PR,Puerto Rico,Río Grande Municipio,metro,559,559,572,572,663,663,868,868,1046,1046,1
PR,Puerto Rico,Sabana Grande Municipio,metro,407,407,410,410,530,530,659,659,702,702,1
PR,Puerto Rico,Salinas Municipio,nonmetro,414,414,433,433,475,475,661,661,717,717,1
PR,Puerto Rico,San Germán Municipio,metro,407,407,410,410,530,530,659,659,702,702,1
PR,Puerto Rico,San Juan Municipio,metro,559,559,572,572,663,663,868,868,1046,1046,1
PR,Puerto Rico,San Lorenzo Municipio,metro,472,472,475,475,576,576,801,801,966,966,1
PR,Puerto Rico,San Sebastián Municipio,metro,480,480,482,482,564,564,680,680,756,756,1
PR,Puerto Rico,Santa Isabel Municipio,nonmetro,414,414,433,433,475,475,661,661,717,717,1
PR,Puerto Rico,Toa Alta Municipio,metro,559,559,572,572,663,663,868,868,1046,1046,1
PR,Puerto Rico,Toa Baja Municipio,metro,559,559,572,572,663,663,868,868,1046,1046,1
PR,Puerto Rico,Trujillo Alto Municipio,metro,559,559,572,572,663,663,868,868,1046,1046,1
PR,Puerto Rico,Utuado Municipio,nonmetro,439,439,441,441,504,504,661,661,717,717,1
PR,Puerto Rico,Vega Alta Municipio,metro,559,559,572,572,663,663,868,868,1046,1046,1
PR,Puerto Rico,Vega Baja Municipio,metro,559,559,572,572,663,663,868,868,1046,1046,1
PR,Puerto Rico,Vieques Municipio,nonmetro,414,414,433,433,475,475,661,661,717,717,1
PR,Puerto Rico,Villalba Municipio,metro,469,469,491,491,538,538,748,748,844,844,1
PR,Puerto Rico,Yabucoa Municipio,metro,559,559,572,572,663,663,868,868,1046,1046,1
PR,Puerto Rico,Yauco Municipio,metro,423,423,443,443,486,486,664,664,673,673,1
RI,Rhode Island,Bristol County,metro,1318,1318,1402,1402,1729,1729,2087,2087,2480,2480,3
RI,Rhode Island,Kent County,metro,1318,1318,1402,1402,1729,1729,2087,2087,2480,2480,5
RI,Rhode Island,Newport County,metro,1535,1752,1583,1764,2021,2314,2609,3131,3037,3595,6
RI,Rhode Island,Providence County,metro,1318,1318,1402,1402,1729,1729,2087,2087,2480,2480,16
RI,Rhode Island,Washington County,metro,1318,1353,1402,1402,1729,1729,2087,2146,2480,2480,9
SC,South Carolina,Abbeville County,nonmetro,678,678,725,725,902,902,1220,1220,1225,1225,1
SC,South Carolina,Aiken County,metro,939,939,1114,1114,1261,1261,1627,1627,1984,1984,1
SC,South Carolina,Allendale County,nonmetro,678,678,823,823,902,902,1216,1216,1246,1246,1
SC,South Carolina,Anderson County,metro,1022,1022,1035,1035,1173,1173,1519,1519,1849,1849,1
SC,South Carolina,Bamberg County,nonmetro,678,678,687,687,902,902,1183,1183,1194,1194,1
SC,South Carolina,Barnwell County,nonmetro,699,699,709,709,930,930,1115,1115,1231,1231,1
SC,South Carolina,Beaufort County,metro,1582,1582,1657,1657,1816,1816,2177,2177,2720,2720,1
SC,South Carolina,Berkeley County,metro,1557,1557,1630,1630,1787,1787,2222,2222,2562,2562,1
SC,South Carolina,Calhoun County,metro,1032,1032,1164,1164,1276,1276,1623,1623,1911,1911,1
SC,South Carolina,Charleston County,metro,1557,1557,1630,1630,1787,1787,2222,2222,2562,2562,1
SC,South Carolina,Cherokee County,nonmetro,755,755,795,795,902,902,1135,1135,1349,1349,1
SC,South Carolina,Chester County,metro,811,811,816,816,1056,1056,1469,1469,1547,1547,1
SC,South Carolina,Chesterfield County,nonmetro,678,678,687,687,902,902,1169,1169,1293,1293,1
SC,South Carolina,Clarendon County,nonmetro,683,683,687,687,902,902,1205,1205,1380,1380,1
SC,South Carolina,Colleton County,nonmetro,678,678,687,687,902,902,1081,1081,1470,1470,1
SC,South Carolina,Darlington County,metro,850,850,856,856,1098,1098,1317,1317,1499,1499,1
SC,South Carolina,Dillon County,nonmetro,758,758,762,762,902,902,1235,1235,1513,1513,1
SC,South Carolina,Dorchester County,metro,1557,1557,1630,1630,1787,1787,2222,2222,2562,2562,1
SC,South Carolina,Edgefield County,metro,939,939,1114,1114,1261,1261,1627,1627,1984,1984,1
SC,South Carolina,Fairfield County,metro,1032,1032,1164,1164,1276,1276,1623,1623,1911,1911,1
SC,South Carolina,Florence County,metro,948,948,953,953,1117,1117,1434,1434,1588,1588,1
SC,South Carolina,Georgetown County,nonmetro,905,905,918,918,1204,1204,1444,1444,1944,1944,1
SC,South Carolina,Greenville County,metro,1166,1166,1221,1221,1339,1339,1612,1612,1943,1943,1
SC,South Carolina,Greenwood County,nonmetro,703,703,757,757,934,934,1135,1135,1275,1275,1
SC,South Carolina,Hampton County,nonmetro,678,678,720,720,902,902,1200,1200,1411,1411,1
SC,South Carolina,Horry County,metro,1145,1145,1229,1229,1465,1465,1805,1805,2111,2111,1
SC,South Carolina,Jasper County,metro,1343,1343,1407,1407,1542,1542,1849,1849,2246,2246,1
SC,South Carolina,Kershaw County,metro,844,844,849,849,1009,1009,1214,1214,1458,1458,1
SC,South Carolina,Lancaster County,metro,881,881,922,922,1011,1011,1382,1382,1696,1696,1
SC,South Carolina,Laurens County,metro,863,863,869,869,1133,1133,1358,1358,1625,1625,1
SC,South Carolina,Lee County,nonmetro,678,678,687,687,902,902,1111,1111,1194,1194,1
SC,South Carolina,Lexington County,metro,1032,1032,1164,1164,1276,1276,1623,1623,1911,1911,1
SC,South Carolina,Marion County,nonmetro,678,678,823,823,902,902,1197,1197,1424,1424,1
SC,South Carolina,Marlboro County,nonmetro,685,685,687,687,902,902,1082,1082,1482,1482,1
SC,South Carolina,McCormick County,nonmetro,719,719,729,729,956,956,1251,1251,1320,1320,1
SC,South Carolina,Newberry County,nonmetro,747,747,787,787,994,994,1192,1192,1353,1353,1
SC,South Carolina,Oconee County,nonmetro,712,712,717,717,941,941,1153,1153,1337,1337,1
SC,South Carolina,Orangeburg County,nonmetro,709,709,750,750,910,910,1091,1091,1205,1205,1
SC,South Carolina,Pickens County,metro,1166,1166,1221,1221,1339,1339,1612,1612,1943,1943,1
SC,South Carolina,Richland County,metro,1032,1032,1164,1164,1276,1276,1623,1623,1911,1911,1
SC,South Carolina,Saluda County,metro,1032,1032,1164,1164,1276,1276,1623,1623,1911,1911,1
SC,South Carolina,Spartanburg County,metro,1034,1034,1083,1083,1187,1187,1439,1439,1661,1661,1
SC,South Carolina,Sumter County,metro,880,880,972,972,1276,1276,1530,1530,1871,1871,1
SC,South Carolina,Union County,metro,786,786,791,791,1038,1038,1270,1270,1374,1374,1
SC,South Carolina,Williamsburg County,nonmetro,678,678,687,687,902,902,1183,1183,1310,1310,1
SC,South Carolina,York County,metro,1469,1469,1538,1538,1686,1686,2076,2076,2637,2637,1
SD,South Dakota,Aurora County,nonmetro,641,641,768,768,929,929,1289,1289,1438,1438,1
SD,South Dakota,Beadle County,nonmetro,658,658,728,728,955,955,1245,1245,1472,1472,1
SD,South Dakota,Bennett County,nonmetro,815,815,901,901,1182,1182,1417,1417,1830,1830,1
SD,South Dakota,Bon Homme County,nonmetro,641,641,762,762,929,929,1292,1292,1558,1558,1
SD,South Dakota,Brookings County,nonmetro,776,776,781,781,953,953,1325,1325,1599,1599,1
SD,South Dakota,Brown County,nonmetro,652,652,708,708,929,929,1168,1168,1477,1477,1
SD,South Dakota,Brule County,nonmetro,641,641,708,708,929,929,1292,1292,1450,1450,1
SD,South Dakota,Buffalo County,nonmetro,830,830,918,918,1204,1204,1444,1444,1864,1864,1
SD,South Dakota,Butte County,nonmetro,758,758,838,838,1099,1099,1318,1318,1701,1701,1
SD,South Dakota,Campbell County,nonmetro,641,641,794,794,929,929,1292,1292,1438,1438,1
SD,South Dakota,Charles Mix County,nonmetro,803,803,807,807,929,929,1292,1292,1558,1558,1
SD,South Dakota,Clark County,nonmetro,641,641,847,847,929,929,1144,1144,1256,1256,1
SD,South Dakota,Clay County,nonmetro,641,641,708,708,929,929,1292,1292,1558,1558,1
SD,South Dakota,Codington County,nonmetro,747,747,825,825,1083,1083,1319,1319,1605,1605,1
SD,South Dakota,Corson County,nonmetro,641,641,708,708,929,929,1186,1186,1370,1370,1
SD,South Dakota,Custer County,metro,809,809,894,894,1173,1173,1631,1631,1968,1968,1
SD,South Dakota,Davison County,nonmetro,645,645,713,713,936,936,1302,1302,1570,1570,1
SD,South Dakota,Day County,nonmetro,641,641,751,751,929,929,1292,1292,1438,1438,1
SD,South Dakota,Deuel County,nonmetro,641,641,708,708,929,929,1292,1292,1438,1438,1
SD,South Dakota,Dewey County,nonmetro,641,641,832,832,929,929,1207,1207,1230,1230,1
SD,South Dakota,Douglas County,nonmetro,654,654,722,722,948,948,1206,1206,1468,1468,1
SD,South Dakota,Edmunds County,nonmetro,641,641,708,708,929,929,1246,1246,1250,1250,1
SD,South Dakota,Fall River County,nonmetro,794,794,878,878,1152,1152,1381,1381,1783,1783,1
SD,South Dakota,Faulk County,nonmetro,655,655,724,724,950,950,1209,1209,1471,1471,1
SD,South Dakota,Grant County,nonmetro,641,641,708,708,929,929,1292,1292,1438,1438,1
SD,South Dakota,Gregory County,nonmetro,641,641,749,749,929,929,1242,1242,1438,1438,1
SD,South Dakota,Haakon County,nonmetro,654,654,722,722,948,948,1206,1206,1468,1468,1
SD,South Dakota,Hamlin County,nonmetro,641,641,708,708,929,929,1225,1225,1230,1230,1
SD,South Dakota,Hand County,nonmetro,641,641,788,788,929,929,1292,1292,1438,1438,1
SD,South Dakota,Hanson County,nonmetro,641,641,824,824,929,929,1292,1292,1438,1438,1
SD,South Dakota,Harding County,nonmetro,654,654,722,722,948,948,1206,1206,1468,1468,1
SD,South Dakota,Hughes County,nonmetro,713,713,832,832,1034,1034,1308,1308,1601,1601,1
SD,South Dakota,Hutchinson County,nonmetro,641,641,708,708,929,929,1210,1210,1230,1230,1
SD,South Dakota,Hyde County,nonmetro,654,654,722,722,948,948,1206,1206,1468,1468,1
SD,South Dakota,Jackson County,nonmetro,641,641,826,826,929,929,1182,1182,1365,1365,1
SD,South Dakota,Jerauld County,nonmetro,654,654,722,722,948,948,1206,1206,1468,1468,1
SD,South Dakota,Jones County,nonmetro,641,641,708,708,929,929,1182,1182,1438,1438,1
SD,South Dakota,Kingsbury County,nonmetro,656,656,725,725,951,951,1140,1140,1472,1472,1
SD,South Dakota,Lake County,nonmetro,669,669,739,739,970,970,1163,1163,1627,1627,1
SD,South Dakota,Lawrence County,nonmetro,721,721,797,797,1046,1046,1455,1455,1755,1755,1
SD,South Dakota,Lincoln County,metro,865,865,986,986,1156,1156,1586,1586,1939,1939,1
SD,South Dakota,Lyman County,nonmetro,648,648,716,716,940,940,1127,1127,1455,1455,1
SD,South Dakota,Marshall County,nonmetro,641,641,708,708,929,929,1281,1281,1438,1438,1
SD,South Dakota,McCook County,metro,865,865,986,986,1156,1156,1586,1586,1939,1939,1
SD,South Dakota,McPherson County,nonmetro,641,641,710,710,929,929,1182,1182,1438,1438,1
SD,South Dakota,Meade County,metro,878,878,970,970,1273,1273,1770,1770,2136,2136,1
SD,South Dakota,Mellette County,nonmetro,654,654,722,722,948,948,1206,1206,1468,1468,1
SD,South Dakota,Miner County,nonmetro,641,641,708,708,929,929,1182,1182,1438,1438,1
SD,South Dakota,Minnehaha County,metro,865,865,986,986,1156,1156,1586,1586,1939,1939,1
SD,South Dakota,Moody County,nonmetro,641,641,708,708,929,929,1243,1243,1438,1438,1
SD,South Dakota,Oglala Lakota County,nonmetro,641,641,708,708,929,929,1282,1282,1511,1511,1
SD,South Dakota,Pennington County,metro,921,921,1018,1018,1336,1336,1743,1743,2178,2178,1
SD,South Dakota,Perkins County,nonmetro,641,641,722,722,929,929,1212,1212,1438,1438,1
SD,South Dakota,Potter County,nonmetro,736,736,813,813,1067,1067,1358,1358,1652,1652,1
SD,South Dakota,Roberts County,nonmetro,641,641,799,799,929,929,1234,1234,1558,1558,1
SD,South Dakota,Sanborn County,nonmetro,641,641,766,766,929,929,1292,1292,1438,1438,1
SD,South Dakota,Spink County,nonmetro,641,641,777,777,929,929,1114,1114,1537,1537,1
SD,South Dakota,Stanley County,nonmetro,713,713,788,788,1034,1034,1316,1316,1601,1601,1
SD,South Dakota,Sully County,nonmetro,654,654,722,722,948,948,1206,1206,1468,1468,1
SD,South Dakota,Todd County,nonmetro,641,641,840,840,929,929,1292,1292,1438,1438,1
SD,South Dakota,Tripp County,nonmetro,641,641,708,708,929,929,1251,1251,1438,1438,1
SD,South Dakota,Turner County,metro,865,865,986,986,1156,1156,1586,1586,1939,1939,1
SD,South Dakota,Union County,metro,796,796,925,925,1154,1154,1386,1386,1528,1528,1
SD,South Dakota,Walworth County,nonmetro,676,676,747,747,980,980,1175,1175,1470,1470,1
SD,South Dakota,Yankton County,nonmetro,641,641,811,811,929,929,1292,1292,1438,1438,1
SD,South Dakota,Ziebach County,nonmetro,641,641,708,708,929,929,1114,1114,1230,1230,1
TN,Tennessee,Anderson County,metro,1177,1177,1184,1184,1471,1471,1864,1864,2172,2172,1
TN,Tennessee,Bedford County,nonmetro,796,796,928,928,1017,1017,1414,1414,1641,1641,1
TN,Tennessee,Benton County,nonmetro,700,700,705,705,925,925,1286,1286,1402,1402,1
TN,Tennessee,Bledsoe County,nonmetro,738,738,743,743,975,975,1169,1169,1636,1636,1
TN,Tennessee,Blount County,metro,1177,1177,1184,1184,1471,1471,1864,1864,2172,2172,1
TN,Tennessee,Bradley County,metro,850,850,940,940,1233,1233,1584,1584,1633,1633,1
TN,Tennessee,Campbell County,metro,717,717,722,722,947,947,1249,1249,1254,1254,1
TN,Tennessee,Cannon County,metro,1507,1507,1578,1578,1730,1730,2211,2211,2696,2696,1
TN,Tennessee,Carroll County,nonmetro,724,724,746,746,925,925,1151,1151,1480,1480,1
TN,Tennessee,Carter County,metro,887,887,893,893,1132,1132,1398,1398,1548,1548,1
TN,Tennessee,Cheatham County,metro,1507,1507,1578,1578,1730,1730,2211,2211,2696,2696,1
TN,Tennessee,Chester County,metro,869,869,960,960,1260,1260,1677,1677,1758,1758,1
TN,Tennessee,Claiborne County,nonmetro,724,724,844,844,925,925,1155,1155,1277,1277,1
TN,Tennessee,Clay County,nonmetro,700,700,705,705,925,925,1286,1286,1289,1289,1
TN,Tennessee,Cocke County,nonmetro,643,643,742,742,925,925,1209,1209,1225,1225,1
TN,Tennessee,Coffee County,nonmetro,775,775,780,780,959,959,1281,1281,1363,1363,1
TN,Tennessee,Crockett County,metro,753,753,842,842,1083,1083,1389,1389,1615,1615,1
TN,Tennessee,Cumberland County,nonmetro,719,719,723,723,942,942,1304,1304,1354,1354,1
TN,Tennessee,Davidson County,metro,1507,1507,1578,1578,1730,1730,2211,2211,2696,2696,1
TN,Tennessee,DeKalb County,nonmetro,722,722,726,726,953,953,1143,1143,1532,1532,1
TN,Tennessee,Decatur County,nonmetro,724,724,736,736,925,925,1286,1286,1289,1289,1
TN,Tennessee,Dickson County,metro,1507,1507,1578,1578,1730,1730,2211,2211,2696,2696,1
TN,Tennessee,Dyer County,nonmetro,724,724,778,778,925,925,1220,1220,1225,1225,1
TN,Tennessee,Fayette County,metro,1060,1060,1154,1154,1274,1274,1683,1683,1959,1959,1
TN,Tennessee,Fentress County,nonmetro,700,700,705,705,925,925,1204,1204,1290,1290,1
TN,Tennessee,Franklin County,nonmetro,742,742,747,747,980,980,1307,1307,1622,1622,1
TN,Tennessee,Gibson County,metro,645,645,706,706,927,927,1289,1289,1555,1555,1
TN,Tennessee,Giles County,nonmetro,758,758,763,763,1001,1001,1200,1200,1395,1395,1
TN,Tennessee,Grainger County,metro,712,712,717,717,941,941,1241,1241,1246,1246,1
TN,Tennessee,Greene County,nonmetro,638,638,797,797,925,925,1279,1279,1420,1420,1
TN,Tennessee,Grundy County,nonmetro,724,724,844,844,925,925,1162,1162,1289,1289,1
TN,Tennessee,Hamblen County,metro,881,881,887,887,1135,1135,1444,1444,1827,1827,1
TN,Tennessee,Hamilton County,metro,1211,1211,1263,1263,1390,1390,1734,1734,1853,1853,1
TN,Tennessee,Hancock County,nonmetro,724,724,844,844,925,925,1109,1109,1225,1225,1
TN,Tennessee,Hardeman County,nonmetro,700,700,705,705,925,925,1286,1286,1348,1348,1
TN,Tennessee,Hardin County,nonmetro,700,700,705,705,925,925,1220,1220,1225,1225,1
TN,Tennessee,Hawkins County,metro,720,720,818,818,1044,1044,1338,1338,1464,1464,1
TN,Tennessee,Haywood County,nonmetro,700,700,705,705,925,925,1226,1226,1417,1417,1
TN,Tennessee,Henderson County,nonmetro,724,724,742,742,925,925,1178,1178,1289,1289,1
TN,Tennessee,Henry County,nonmetro,719,719,723,723,949,949,1138,1138,1322,1322,1
TN,Tennessee,Hickman County,metro,827,827,832,832,992,992,1277,1277,1664,1664,1
TN,Tennessee,Houston County,nonmetro,724,724,726,726,925,925,1253,1253,1552,1552,1
TN,Tennessee,Humphreys County,nonmetro,723,723,728,728,955,955,1189,1189,1331,1331,1
TN,Tennessee,Jackson County,nonmetro,700,700,705,705,925,925,1217,1217,1289,1289,1
TN,Tennessee,Jefferson County,metro,881,881,887,887,1135,1135,1444,1444,1827,1827,1
TN,Tennessee,Johnson County,nonmetro,724,724,844,844,925,925,1273,1273,1289,1289,1
TN,Tennessee,Knox County,metro,1177,1177,1184,1184,1471,1471,1864,1864,2172,2172,1
TN,Tennessee,Lake County,nonmetro,700,700,705,705,925,925,1174,1174,1289,1289,1
TN,Tennessee,Lauderdale County,nonmetro,706,706,710,710,925,925,1239,1239,1474,1474,1
TN,Tennessee,Lawrence County,nonmetro,711,711,716,716,939,939,1126,1126,1243,1243,1
TN,Tennessee,Lewis County,nonmetro,724,724,844,844,925,925,1286,1286,1552,1552,1
TN,Tennessee,Lincoln County,nonmetro,724,724,844,844,925,925,1286,1286,1289,1289,1
TN,Tennessee,Loudon County,metro,1177,1177,1184,1184,1471,1471,1864,1864,2172,2172,1
TN,Tennessee,Macon County,metro,847,847,887,887,972,972,1290,1290,1504,1504,1
TN,Tennessee,Madison County,metro,869,869,960,960,1260,1260,1677,1677,1758,1758,1
TN,Tennessee,Marion County,metro,1211,1211,1263,1263,1390,1390,1734,1734,1853,1853,1
TN,Tennessee,Marshall County,nonmetro,788,788,793,793,1041,1041,1373,1373,1378,1378,1
TN,Tennessee,Maury County,metro,1131,1131,1138,1138,1349,1349,1701,1701,1912,1912,1
TN,Tennessee,McMinn County,nonmetro,725,725,845,845,926,926,1151,1151,1226,1226,1
TN,Tennessee,McNairy County,nonmetro,724,724,742,742,925,925,1286,1286,1442,1442,1
TN,Tennessee,Meigs County,nonmetro,700,700,705,705,925,925,1227,1227,1289,1289,1
TN,Tennessee,Monroe County,nonmetro,684,684,764,764,925,925,1220,1220,1225,1225,1
TN,Tennessee,Montgomery County,metro,1090,1090,1094,1094,1346,1346,1871,1871,2258,2258,1
TN,Tennessee,Moore County,nonmetro,724,724,742,742,925,925,1282,1282,1289,1289,1
TN,Tennessee,Morgan County,metro,748,748,753,753,988,988,1303,1303,1308,1308,1
TN,Tennessee,Obion County,nonmetro,722,722,727,727,925,925,1187,1187,1225,1225,1
TN,Tennessee,Overton County,nonmetro,724,724,742,742,925,925,1165,1165,1225,1225,1
TN,Tennessee,Perry County,nonmetro,724,724,818,818,925,925,1109,1109,1340,1340,1
TN,Tennessee,Pickett County,nonmetro,725,725,730,730,958,958,1149,1149,1335,1335,1
TN,Tennessee,Polk County,metro,850,850,940,940,1233,1233,1584,1584,1633,1633,1
TN,Tennessee,Putnam County,nonmetro,752,752,818,818,1014,1014,1409,1409,1557,1557,1
TN,Tennessee,Rhea County,nonmetro,700,700,705,705,925,925,1220,1220,1225,1225,1
TN,Tennessee,Roane County,metro,912,912,918,918,1092,1092,1432,1432,1832,1832,1
TN,Tennessee,Robertson County,metro,1507,1507,1578,1578,1730,1730,2211,2211,2696,2696,1
TN,Tennessee,Rutherford County,metro,1507,1507,1578,1578,1730,1730,2211,2211,2696,2696,1
TN,Tennessee,Scott County,nonmetro,724,724,762,762,925,925,1159,1159,1552,1552,1
TN,Tennessee,Sequatchie County,metro,1211,1211,1263,1263,1390,1390,1734,1734,1853,1853,1
TN,Tennessee,Sevier County,nonmetro,883,883,973,973,1159,1159,1522,1522,1535,1535,1
TN,Tennessee,Shelby County,metro,1060,1060,1154,1154,1274,1274,1683,1683,1959,1959,1
TN,Tennessee,Smith County,metro,796,796,801,801,1051,1051,1368,1368,1392,1392,1
TN,Tennessee,Stewart County,metro,692,692,815,815,1004,1004,1396,1396,1684,1684,1
TN,Tennessee,Sullivan County,metro,720,720,818,818,1044,1044,1338,1338,1464,1464,1
TN,Tennessee,Sumner County,metro,1507,1507,1578,1578,1730,1730,2211,2211,2696,2696,1
TN,Tennessee,Tipton County,metro,1060,1060,1154,1154,1274,1274,1683,1683,1959,1959,1
TN,Tennessee,Trousdale County,metro,1507,1507,1578,1578,1730,1730,2211,2211,2696,2696,1
TN,Tennessee,Unicoi County,metro,887,887,893,893,1132,1132,1398,1398,1548,1548,1
TN,Tennessee,Union County,metro,1177,1177,1184,1184,1471,1471,1864,1864,2172,2172,1
TN,Tennessee,Van Buren County,nonmetro,700,700,705,705,925,925,1198,1198,1289,1289,1
TN,Tennessee,Warren County,nonmetro,730,730,735,735,964,964,1156,1156,1276,1276,1
TN,Tennessee,Washington County,metro,887,887,893,893,1132,1132,1398,1398,1548,1548,1
TN,Tennessee,Wayne County,nonmetro,700,700,705,705,925,925,1109,1109,1289,1289,1
TN,Tennessee,Weakley County,nonmetro,705,705,710,710,925,925,1119,1119,1552,1552,1
TN,Tennessee,White County,nonmetro,751,751,756,756,992,992,1240,1240,1579,1579,1
TN,Tennessee,Williamson County,metro,1507,1507,1578,1578,1730,1730,2211,2211,2696,2696,1
TN,Tennessee,Wilson County,metro,1507,1507,1578,1578,1730,1730,2211,2211,2696,2696,1
TX,Texas,Anderson County,nonmetro,895,895,901,901,1117,1117,1339,1339,1686,1686,1
TX,Texas,Andrews County,nonmetro,1108,1108,1300,1300,1425,1425,1709,1709,2097,2097,1
TX,Texas,Angelina County,nonmetro,876,876,892,892,1021,1021,1365,1365,1414,1414,1
TX,Texas,Aransas County,metro,1059,1059,1072,1072,1407,1407,1910,1910,2116,2116,1
TX,Texas,Archer County,metro,831,831,925,925,1136,1136,1553,1553,1759,1759,1
TX,Texas,Armstrong County,metro,778,778,903,903,1106,1106,1503,1503,1742,1742,1
TX,Texas,Atascosa County,metro,831,831,1002,1002,1098,1098,1435,1435,1454,1454,1
TX,Texas,Austin County,metro,885,885,891,891,1095,1095,1523,1523,1837,1837,1
TX,Texas,Bailey County,nonmetro,756,756,778,778,973,973,1266,1266,1432,1432,1
TX,Texas,Bandera County,metro,1077,1077,1177,1177,1426,1426,1830,1830,2132,2132,1
TX,Texas,Bastrop County,metro,1474,1474,1562,1562,1852,1852,2347,2347,2760,2760,1
TX,Texas,Baylor County,nonmetro,737,737,742,742,973,973,1353,1353,1432,1432,1
TX,Texas,Bee County,nonmetro,897,897,903,903,1185,1185,1467,1467,1569,1569,1
TX,Texas,Bell County,metro,983,983,990,990,1233,1233,1711,1711,2068,2068,1
TX,Texas,Bexar County,metro,1077,1077,1177,1177,1426,1426,1830,1830,2132,2132,1
TX,Texas,Blanco County,nonmetro,884,884,889,889,1167,1167,1623,1623,1717,1717,1
TX,Texas,Borden County,nonmetro,789,789,811,811,1015,1015,1321,1321,1493,1493,1
TX,Texas,Bosque County,metro,671,671,742,742,973,973,1283,1283,1288,1288,1
TX,Texas,Bowie County,metro,859,859,868,868,1101,1101,1369,1369,1657,1657,1
TX,Texas,Brazoria County,metro,1080,1080,1240,1240,1359,1359,1839,1839,2280,2280,1
TX,Texas,Brazos County,metro,1025,1025,1082,1082,1186,1186,1649,1649,1928,1928,1
TX,Texas,Brewster County,nonmetro,772,772,808,808,993,993,1381,1381,1461,1461,1
TX,Texas,Briscoe County,nonmetro,789,789,811,811,1015,1015,1321,1321,1493,1493,1
TX,Texas,Brooks County,nonmetro,756,756,778,778,973,973,1353,1353,1432,1432,1
TX,Texas,Brown County,nonmetro,792,792,823,823,1080,1080,1362,1362,1619,1619,1
TX,Texas,Burleson County,metro,1025,1025,1082,1082,1186,1186,1649,1649,1928,1928,1
TX,Texas,Burnet County,nonmetro,969,969,997,997,1247,1247,1645,1645,1651,1651,1
TX,Texas,Caldwell County,metro,1474,1474,1562,1562,1852,1852,2347,2347,2760,2760,1
TX,Texas,Calhoun County,nonmetro,756,756,888,888,973,973,1353,1353,1432,1432,1
TX,Texas,Callahan County,metro,1010,1010,1020,1020,1276,1276,1653,1653,1987,1987,1
TX,Texas,Cameron County,metro,773,773,866,866,1047,1047,1414,1414,1479,1479,1
TX,Texas,Camp County,nonmetro,749,749,754,754,973,973,1353,1353,1432,1432,1
TX,Texas,Carson County,metro,778,778,903,903,1106,1106,1503,1503,1742,1742,1
TX,Texas,Cass County,nonmetro,737,737,742,742,973,973,1328,1328,1432,1432,1
TX,Texas,Castro County,nonmetro,795,795,801,801,1050,1050,1259,1259,1545,1545,1
TX,Texas,Chambers County,metro,1280,1280,1323,1323,1573,1573,2116,2116,2639,2639,1
TX,Texas,Cherokee County,nonmetro,751,751,756,756,984,984,1362,1362,1448,1448,1
TX,Texas,Childress County,nonmetro,816,816,853,853,1049,1049,1409,1409,1543,1543,1
TX,Texas,Clay County,metro,831,831,925,925,1136,1136,1553,1553,1759,1759,1
TX,Texas,Cochran County,metro,681,681,820,820,973,973,1170,1170,1606,1606,1
TX,Texas,Coke County,nonmetro,737,737,742,742,973,973,1234,1234,1432,1432,1
TX,Texas,Coleman County,nonmetro,797,797,803,803,1053,1053,1263,1263,1549,1549,1
TX,Texas,Collin County,metro,1582,1582,1648,1648,1931,1931,2431,2431,3091,3091,1
TX,Texas,Collingsworth County,nonmetro,756,756,778,778,973,973,1266,1266,1432,1432,1
TX,Texas,Colorado County,nonmetro,892,892,917,917,1147,1147,1375,1375,1688,1688,1
TX,Texas,Comal County,metro,1077,1077,1177,1177,1426,1426,1830,1830,2132,2132,1
TX,Texas,Comanche County,nonmetro,737,737,742,742,973,973,1353,1353,1432,1432,1
TX,Texas,Concho County,nonmetro,896,896,922,922,1153,1153,1500,1500,1696,1696,1
TX,Texas,Cooke County,nonmetro,955,955,961,961,1261,1261,1552,1552,1719,1719,1
TX,Texas,Coryell County,metro,983,983,990,990,1233,1233,1711,1711,2068,2068,1
TX,Texas,Cottle County,nonmetro,789,789,811,811,1015,1015,1321,1321,1493,1493,1
TX,Texas,Crane County,nonmetro,762,762,783,783,980,980,1275,1275,1442,1442,1
TX,Texas,Crockett County,nonmetro,789,789,811,811,1015,1015,1321,1321,1493,1493,1
TX,Texas,Crosby County,metro,818,818,990,990,1175,1175,1634,1634,1940,1940,1
TX,Texas,Culberson County,nonmetro,789,789,811,811,1015,1015,1321,1321,1493,1493,1
TX,Texas,Dallam County,nonmetro,910,910,1067,1067,1170,1170,1558,1558,1721,1721,1
TX,Texas,Dallas County,metro,1582,1582,1648,1648,1931,1931,2431,2431,3091,3091,1
TX,Texas,Dawson County,nonmetro,818,818,823,823,1080,1080,1295,1295,1589,1589,1
TX,Texas,DeWitt County,nonmetro,887,887,912,912,1141,1141,1368,1368,1679,1679,1
TX,Texas,Deaf Smith County,nonmetro,738,738,855,855,1070,1070,1283,1283,1604,1604,1
TX,Texas,Delta County,nonmetro,756,756,808,808,973,973,1345,1345,1359,1359,1
TX,Texas,Denton County,metro,1582,1582,1648,1648,1931,1931,2431,2431,3091,3091,1
TX,Texas,Dickens County,nonmetro,756,756,778,778,973,973,1167,1167,1432,1432,1
TX,Texas,Dimmit County,nonmetro,756,756,888,888,973,973,1353,1353,1432,1432,1
TX,Texas,Donley County,nonmetro,756,756,778,778,973,973,1178,1178,1376,1376,1
TX,Texas,Duval County,nonmetro,789,789,811,811,1015,1015,1321,1321,1493,1493,1
TX,Texas,Eastland County,nonmetro,756,756,862,862,973,973,1353,1353,1632,1632,1
TX,Texas,Ector County,metro,1245,1245,1269,1269,1595,1595,1912,1912,2213,2213,1
TX,Texas,Edwards County,nonmetro,789,789,811,811,1015,1015,1321,1321,1493,1493,1
TX,Texas,El Paso County,metro,821,821,1013,1013,1191,1191,1633,1633,1998,1998,1
TX,Texas,Ellis County,metro,1582,1582,1648,1648,1931,1931,2431,2431,3091,3091,1
TX,Texas,Erath County,nonmetro,893,893,899,899,1179,1179,1640,1640,1913,1913,1
TX,Texas,Falls County,metro,671,671,742,742,973,973,1353,1353,1632,1632,1
TX,Texas,Fannin County,nonmetro,679,679,751,751,985,985,1370,1370,1652,1652,1
TX,Texas,Fayette County,nonmetro,771,771,882,882,1019,1019,1388,1388,1597,1597,1
TX,Texas,Fisher County,nonmetro,751,751,755,755,973,973,1167,1167,1432,1432,1
TX,Texas,Floyd County,nonmetro,737,737,742,742,973,973,1167,1167,1432,1432,1
TX,Texas,Foard County,nonmetro,745,745,750,750,973,973,1266,1266,1432,1432,1
TX,Texas,Fort Bend County,metro,1280,1280,1323,1323,1573,1573,2116,2116,2639,2639,1
TX,Texas,Franklin County,nonmetro,861,861,885,885,1107,1107,1327,1327,1629,1629,1
TX,Texas,Freestone County,nonmetro,737,737,742,742,973,973,1298,1298,1432,1432,1
TX,Texas,Frio County,nonmetro,846,846,870,870,1088,1088,1416,1416,1601,1601,1
TX,Texas,Gaines County,nonmetro,756,756,832,832,973,973,1167,1167,1432,1432,1
TX,Texas,Galveston County,metro,1280,1280,1323,1323,1573,1573,2116,2116,2639,2639,1
TX,Texas,Garza County,metro,681,681,820,820,973,973,1353,1353,1569,1569,1
TX,Texas,Gillespie County,nonmetro,1089,1089,1096,1096,1438,1438,1806,1806,2116,2116,1
TX,Texas,Glasscock County,nonmetro,789,789,811,811,1015,1015,1321,1321,1493,1493,1
TX,Texas,Goliad County,metro,1146,1146,1153,1153,1442,1442,1729,1729,1909,1909,1
TX,Texas,Gonzales County,nonmetro,671,671,742,742,973,973,1353,1353,1396,1396,1
TX,Texas,Gray County,nonmetro,785,785,790,790,1037,1037,1243,1243,1373,1373,1
TX,Texas,Grayson County,metro,1088,1088,1089,1089,1351,1351,1879,1879,2157,2157,1
TX,Texas,Gregg County,metro,1007,1007,1013,1013,1199,1199,1606,1606,1694,1694,1
TX,Texas,Grimes County,nonmetro,830,830,853,853,1067,1067,1287,1287,1570,1570,1
TX,Texas,Guadalupe County,metro,1077,1077,1177,1177,1426,1426,1830,1830,2132,2132,1
TX,Texas,Hale County,nonmetro,671,671,888,888,973,973,1304,1304,1477,1477,1
TX,Texas,Hall County,nonmetro,746,746,751,751,973,973,1353,1353,1432,1432,1
TX,Texas,Hamilton County,nonmetro,737,737,742,742,973,973,1309,1309,1432,1432,1
TX,Texas,Hansford County,nonmetro,843,843,848,848,1113,1113,1379,1379,1474,1474,1
TX,Texas,Hardeman County,nonmetro,737,737,742,742,973,973,1220,1220,1432,1432,1
TX,Texas,Hardin County,metro,892,892,898,898,1103,1103,1446,1446,1732,1732,1
TX,Texas,Harris County,metro,1280,1280,1323,1323,1573,1573,2116,2116,2639,2639,1
TX,Texas,Harrison County,metro,869,869,960,960,1260,1260,1511,1511,1668,1668,1
TX,Texas,Hartley County,nonmetro,878,878,902,902,1129,1129,1489,1489,1495,1495,1
TX,Texas,Haskell County,nonmetro,756,756,778,778,973,973,1353,1353,1550,1550,1
TX,Texas,Hays County,metro,1474,1474,1562,1562,1852,1852,2347,2347,2760,2760,1
TX,Texas,Hemphill County,nonmetro,756,756,778,778,973,973,1353,1353,1432,1432,1
TX,Texas,Henderson County,nonmetro,754,754,830,830,1009,1009,1328,1328,1494,1494,1
TX,Texas,Hidalgo County,metro,842,842,847,847,1060,1060,1376,1376,1522,1522,1
TX,Texas,Hill County,nonmetro,705,705,802,802,1023,1023,1397,1397,1716,1716,1
TX,Texas,Hockley County,metro,848,848,854,854,973,973,1353,1353,1632,1632,1
TX,Texas,Hood County,nonmetro,1098,1098,1237,1237,1412,1412,1693,1693,2196,2196,1
TX,Texas,Hopkins County,nonmetro,910,910,952,952,1115,1115,1471,1471,1476,1476,1
TX,Texas,Houston County,nonmetro,740,740,745,745,978,978,1204,1204,1295,1295,1
TX,Texas,Howard County,nonmetro,918,918,924,924,1173,1173,1406,1406,1726,1726,1
TX,Texas,Hudspeth County,metro,671,671,828,828,973,973,1167,1167,1632,1632,1
TX,Texas,Hunt County,metro,1582,1582,1648,1648,1931,1931,2431,2431,3091,3091,1
TX,Texas,Hutchinson County,nonmetro,737,737,742,742,973,973,1353,1353,1632,1632,1
TX,Texas,Irion County,metro,923,923,1049,1049,1339,1339,1821,1821,2043,2043,1
TX,Texas,Jack County,nonmetro,756,756,888,888,973,973,1353,1353,1432,1432,1
TX,Texas,Jackson County,nonmetro,822,822,940,940,1057,1057,1267,1267,1555,1555,1
TX,Texas,Jasper County,nonmetro,756,756,838,838,973,973,1221,1221,1432,1432,1
TX,Texas,Jeff Davis County,nonmetro,789,789,811,811,1015,1015,1321,1321,1493,1493,1
TX,Texas,Jefferson County,metro,892,892,898,898,1103,1103,1446,1446,1732,1732,1
TX,Texas,Jim Hogg County,nonmetro,756,756,778,778,973,973,1167,1167,1432,1432,1
TX,Texas,Jim Wells County,nonmetro,737,737,742,742,973,973,1289,1289,1432,1432,1
TX,Texas,Johnson County,metro,1427,1427,1473,1473,1723,1723,2273,2273,2815,2815,1
TX,Texas,Jones County,metro,1010,1010,1020,1020,1276,1276,1653,1653,1987,1987,1
TX,Texas,Karnes County,nonmetro,876,876,968,968,1270,1270,1523,1523,1869,1869,1
TX,Texas,Kaufman County,metro,1582,1582,1648,1648,1931,1931,2431,2431,3091,3091,1
TX,Texas,Kendall County,metro,1301,1301,1311,1311,1650,1650,2176,2176,2185,2185,1
TX,Texas,Kenedy County,nonmetro,789,789,811,811,1015,1015,1321,1321,1493,1493,1
TX,Texas,Kent County,nonmetro,789,789,811,811,1015,1015,1321,1321,1493,1493,1
TX,Texas,Kerr County,nonmetro,869,869,965,965,1118,1118,1475,1475,1523,1523,1
TX,Texas,Kimble County,nonmetro,737,737,742,742,973,973,1340,1340,1432,1432,1
TX,Texas,King County,nonmetro,789,789,811,811,1015,1015,1321,1321,1493,1493,1
TX,Texas,Kinney County,nonmetro,789,789,811,811,1015,1015,1321,1321,1493,1493,1
TX,Texas,Kleberg County,nonmetro,914,914,953,953,1238,1238,1484,1484,1822,1822,1
TX,Texas,Knox County,nonmetro,756,756,778,778,973,973,1266,1266,1432,1432,1
TX,Texas,La Salle County,nonmetro,789,789,811,811,1015,1015,1321,1321,1493,1493,1
TX,Texas,Lamar County,nonmetro,756,756,785,785,973,973,1294,1294,1329,1329,1
TX,Texas,Lamb County,nonmetro,737,737,742,742,973,973,1313,1313,1632,1632,1
TX,Texas,Lampasas County,metro,808,808,813,813,1067,1067,1475,1475,1790,1790,1
TX,Texas,Lavaca County,nonmetro,820,820,886,886,1055,1055,1265,1265,1770,1770,1
TX,Texas,Lee County,nonmetro,887,887,912,912,1141,1141,1430,1430,1540,1540,1
TX,Texas,Leon County,nonmetro,773,773,778,778,973,973,1283,1283,1288,1288,1
TX,Texas,Liberty County,metro,1280,1280,1323,1323,1573,1573,2116,2116,2639,2639,1
TX,Texas,Limestone County,nonmetro,737,737,742,742,973,973,1231,1231,1432,1432,1
TX,Texas,Lipscomb County,nonmetro,756,756,778,778,973,973,1270,1270,1432,1432,1
TX,Texas,Live Oak County,nonmetro,782,782,787,787,1033,1033,1314,1314,1547,1547,1
TX,Texas,Llano County,nonmetro,839,839,845,845,1097,1097,1526,1526,1665,1665,1
TX,Texas,Loving County,nonmetro,789,789,811,811,1015,1015,1321,1321,1493,1493,1
TX,Texas,Lubbock County,metro,818,818,990,990,1175,1175,1634,1634,1940,1940,1
TX,Texas,Lynn County,metro,705,705,767,767,1007,1007,1207,1207,1465,1465,1
TX,Texas,Madison County,nonmetro,737,737,742,742,973,973,1353,1353,1432,1432,1
TX,Texas,Marion County,nonmetro,756,756,778,778,973,973,1238,1238,1432,1432,1
TX,Texas,Martin County,metro,1422,1422,1441,1441,1772,1772,2215,2215,2722,2722,1
TX,Texas,Mason County,nonmetro,796,796,819,819,1024,1024,1333,1333,1507,1507,1
TX,Texas,Matagorda County,nonmetro,912,912,960,960,1173,1173,1498,1498,1911,1911,1
TX,Texas,Maverick County,metro,814,814,888,888,973,973,1337,1337,1499,1499,1
TX,Texas,McCulloch County,nonmetro,812,812,863,863,1045,1045,1360,1360,1538,1538,1
TX,Texas,McLennan County,metro,850,850,996,996,1240,1240,1599,1599,1644,1644,1
TX,Texas,McMullen County,nonmetro,789,789,811,811,1015,1015,1321,1321,1493,1493,1
TX,Texas,Medina County,metro,905,905,912,912,1196,1196,1578,1578,1584,1584,1
TX,Texas,Menard County,nonmetro,756,756,778,778,973,973,1353,1353,1432,1432,1
TX,Texas,Midland County,metro,1424,1424,1449,1449,1780,1780,2286,2286,2667,2667,1
TX,Texas,Milam County,nonmetro,785,785,790,790,1037,1037,1302,1302,1626,1626,1
TX,Texas,Mills County,nonmetro,756,756,888,888,973,973,1353,1353,1432,1432,1
TX,Texas,Mitchell County,nonmetro,826,826,831,831,1091,1091,1420,1420,1605,1605,1
TX,Texas,Montague County,nonmetro,820,820,856,856,1055,1055,1467,1467,1552,1552,1
TX,Texas,Montgomery County,metro,1280,1280,1323,1323,1573,1573,2116,2116,2639,2639,1
TX,Texas,Moore County,nonmetro,786,786,791,791,1038,1038,1305,1305,1527,1527,1
TX,Texas,Morris County,nonmetro,756,756,778,778,973,973,1254,1254,1632,1632,1
TX,Texas,Motley County,nonmetro,756,756,778,778,973,973,1167,1167,1432,1432,1
TX,Texas,Nacogdoches County,nonmetro,850,850,893,893,1067,1067,1279,1279,1696,1696,1
TX,Texas,Navarro County,nonmetro,775,775,863,863,1055,1055,1467,1467,1552,1552,1
TX,Texas,Newton County,nonmetro,756,756,778,778,973,973,1353,1353,1594,1594,1
TX,Texas,Nolan County,nonmetro,774,774,810,810,995,995,1384,1384,1669,1669,1
TX,Texas,Nueces County,metro,1031,1031,1117,1117,1366,1366,1796,1796,2054,2054,1
TX,Texas,Ochiltree County,nonmetro,776,776,798,798,998,998,1280,1280,1468,1468,1
TX,Texas,Oldham County,metro,774,774,899,899,1101,1101,1499,1499,1734,1734,1
TX,Texas,Orange County,metro,892,892,898,898,1103,1103,1446,1446,1732,1732,1
TX,Texas,Palo Pinto County,nonmetro,820,820,825,825,1068,1068,1397,1397,1792,1792,1
TX,Texas,Panola County,nonmetro,753,753,758,758,995,995,1235,1235,1434,1434,1
TX,Texas,Parker County,metro,1427,1427,1473,1473,1723,1723,2273,2273,2815,2815,1
TX,Texas,Parmer County,nonmetro,823,823,828,828,1087,1087,1303,1303,1698,1698,1
TX,Texas,Pecos County,nonmetro,756,756,888,888,973,973,1353,1353,1432,1432,1
TX,Texas,Polk County,nonmetro,849,849,855,855,1122,1122,1345,1345,1651,1651,1
TX,Texas,Potter County,metro,778,778,903,903,1106,1106,1503,1503,1742,1742,1
TX,Texas,Presidio County,nonmetro,789,789,811,811,1015,1015,1321,1321,1493,1493,1
TX,Texas,Rains County,nonmetro,756,756,888,888,973,973,1353,1353,1632,1632,1
TX,Texas,Randall County,metro,778,778,903,903,1106,1106,1503,1503,1742,1742,1
TX,Texas,Reagan County,nonmetro,789,789,811,811,1015,1015,1321,1321,1493,1493,1
TX,Texas,Real County,nonmetro,812,812,953,953,1045,1045,1360,1360,1538,1538,1
TX,Texas,Red River County,nonmetro,671,671,778,778,973,973,1353,1353,1632,1632,1
TX,Texas,Reeves County,nonmetro,842,842,988,988,1083,1083,1299,1299,1593,1593,1
TX,Texas,Refugio County,nonmetro,756,756,778,778,973,973,1353,1353,1432,1432,1
TX,Texas,Roberts County,nonmetro,789,789,811,811,1015,1015,1321,1321,1493,1493,1
TX,Texas,Robertson County,metro,1025,1025,1082,1082,1186,1186,1649,1649,1928,1928,1
TX,Texas,Rockwall County,metro,1582,1582,1648,1648,1931,1931,2431,2431,3091,3091,1
TX,Texas,Runnels County,nonmetro,809,809,815,815,1069,1069,1282,1282,1573,1573,1
TX,Texas,Rusk County,metro,890,890,895,895,1175,1175,1451,1451,1606,1606,1
TX,Texas,Sabine County,nonmetro,737,737,742,742,973,973,1167,1167,1432,1432,1
TX,Texas,San Augustine County,nonmetro,789,789,811,811,1015,1015,1321,1321,1493,1493,1
TX,Texas,San Jacinto County,metro,935,935,1048,1048,1149,1149,1536,1536,1928,1928,1
TX,Texas,San Patricio County,metro,1031,1031,1117,1117,1366,1366,1796,1796,2054,2054,1
TX,Texas,San Saba County,nonmetro,781,781,786,786,1031,1031,1288,1288,1517,1517,1
TX,Texas,Schleicher County,nonmetro,756,756,778,778,973,973,1266,1266,1432,1432,1
TX,Texas,Scurry County,nonmetro,862,862,1012,1012,1109,1109,1528,1528,1588,1588,1
TX,Texas,Shackelford County,nonmetro,756,756,778,778,973,973,1266,1266,1432,1432,1
TX,Texas,Shelby County,nonmetro,756,756,888,888,973,973,1353,1353,1439,1439,1
TX,Texas,Sherman County,nonmetro,756,756,778,778,973,973,1266,1266,1432,1432,1
TX,Texas,Smith County,metro,984,984,1089,1089,1338,1338,1793,1793,1981,1981,1
TX,Texas,Somervell County,nonmetro,789,789,811,811,1015,1015,1321,1321,1493,1493,1
TX,Texas,Starr County,nonmetro,737,737,742,742,973,973,1353,1353,1490,1490,1
TX,Texas,Stephens County,nonmetro,789,789,811,811,1015,1015,1321,1321,1493,1493,1
TX,Texas,Sterling County,nonmetro,789,789,899,899,1133,1133,1519,1519,1871,1871,1
TX,Texas,Stonewall County,nonmetro,789,789,811,811,1015,1015,1321,1321,1493,1493,1
TX,Texas,Sutton County,nonmetro,737,737,742,742,973,973,1214,1214,1432,1432,1
TX,Texas,Swisher County,nonmetro,756,756,783,783,973,973,1353,1353,1432,1432,1
TX,Texas,Tarrant County,metro,1427,1427,1473,1473,1723,1723,2273,2273,2815,2815,1
TX,Texas,Taylor County,metro,1010,1010,1020,1020,1276,1276,1653,1653,1987,1987,1
TX,Texas,Terrell County,nonmetro,789,789,811,811,1015,1015,1321,1321,1493,1493,1
TX,Texas,Terry County,nonmetro,756,756,778,778,973,973,1266,1266,1432,1432,1
TX,Texas,Throckmorton County,nonmetro,767,767,788,788,986,986,1182,1182,1451,1451,1
TX,Texas,Titus County,nonmetro,774,774,779,779,973,973,1263,1263,1288,1288,1
TX,Texas,Tom Green County,metro,923,923,1049,1049,1339,1339,1821,1821,2043,2043,1
TX,Texas,Travis County,metro,1474,1474,1562,1562,1852,1852,2347,2347,2760,2760,1
TX,Texas,Trinity County,nonmetro,785,785,818,818,1010,1010,1211,1211,1486,1486,1
TX,Texas,Tyler County,nonmetro,787,787,793,793,1040,1040,1247,1247,1604,1604,1
TX,Texas,Upshur County,metro,1007,1007,1013,1013,1199,1199,1606,1606,1694,1694,1
TX,Texas,Upton County,nonmetro,789,789,811,811,1015,1015,1321,1321,1493,1493,1
TX,Texas,Uvalde County,nonmetro,850,850,856,856,1123,1123,1488,1488,1751,1751,1
TX,Texas,Val Verde County,nonmetro,857,857,863,863,1064,1064,1450,1450,1455,1455,1
TX,Texas,Van Zandt County,nonmetro,839,839,844,844,1108,1108,1458,1458,1467,1467,1
TX,Texas,Victoria County,metro,1146,1146,1153,1153,1442,1442,1729,1729,1909,1909,1
TX,Texas,Walker County,nonmetro,857,857,1097,1097,1210,1210,1602,1602,1780,1780,1
TX,Texas,Waller County,metro,1280,1280,1323,1323,1573,1573,2116,2116,2639,2639,1
TX,Texas,Ward County,nonmetro,945,945,963,963,1215,1215,1576,1576,1788,1788,1
TX,Texas,Washington County,nonmetro,991,991,998,998,1309,1309,1692,1692,1733,1733,1
TX,Texas,Webb County,metro,956,956,962,962,1161,1161,1499,1499,1551,1551,1
TX,Texas,Wharton County,nonmetro,758,758,838,838,1100,1100,1500,1500,1718,1718,1
TX,Texas,Wheeler County,nonmetro,784,784,806,806,1008,1008,1209,1209,1483,1483,1
TX,Texas,Wichita County,metro,831,831,925,925,1136,1136,1553,1553,1759,1759,1
TX,Texas,Wilbarger County,nonmetro,752,752,757,757,993,993,1191,1191,1512,1512,1
TX,Texas,Willacy County,nonmetro,737,737,742,742,973,973,1353,1353,1432,1432,1
TX,Texas,Williamson County,metro,1474,1474,1562,1562,1852,1852,2347,2347,2760,2760,1
TX,Texas,Wilson County,metro,1077,1077,1177,1177,1426,1426,1830,1830,2132,2132,1
TX,Texas,Winkler County,nonmetro,760,760,782,782,978,978,1173,1173,1439,1439,1
TX,Texas,Wise County,metro,912,912,918,918,1205,1205,1676,1676,2021,2021,1
TX,Texas,Wood County,nonmetro,705,705,814,814,1022,1022,1260,1260,1398,1398,1
TX,Texas,Yoakum County,nonmetro,922,922,1082,1082,1186,1186,1422,1422,1745,1745,1
TX,Texas,Young County,nonmetro,756,756,761,761,998,998,1388,1388,1468,1468,1
TX,Texas,Zapata County,nonmetro,747,747,751,751,973,973,1167,1167,1432,1432,1
TX,Texas,Zavala County,nonmetro,756,756,778,778,973,973,1353,1353,1432,1432,1
UT,Utah,Beaver County,nonmetro,867,867,988,988,1186,1186,1466,1466,1635,1635,1
UT,Utah,Box Elder County,nonmetro,771,771,983,983,1118,1118,1555,1555,1875,1875,1
UT,Utah,Cache County,metro,940,940,946,946,1241,1241,1726,1726,2082,2082,1
UT,Utah,Carbon County,nonmetro,761,761,857,857,1041,1041,1323,1323,1628,1628,1
UT,Utah,Daggett County,nonmetro,843,843,960,960,1153,1153,1569,1569,1934,1934,1
UT,Utah,Davis County,metro,1208,1208,1281,1281,1614,1614,2163,2163,2612,2612,1
UT,Utah,Duchesne County,nonmetro,825,825,940,940,1129,1129,1481,1481,1571,1571,1
UT,Utah,Emery County,nonmetro,711,711,888,888,973,973,1310,1310,1632,1632,1
UT,Utah,Garfield County,nonmetro,719,719,898,898,984,984,1211,1211,1651,1651,1
UT,Utah,Grand County,nonmetro,1143,1143,1303,1303,1564,1564,2128,2128,2624,2624,1
UT,Utah,Iron County,nonmetro,819,819,888,888,1120,1120,1558,1558,1879,1879,1
UT,Utah,Juab County,metro,1257,1257,1265,1265,1460,1460,2031,2031,2449,2449,1
UT,Utah,Kane County,nonmetro,1213,1213,1265,1265,1660,1660,1990,1990,2785,2785,1
UT,Utah,Millard County,nonmetro,821,821,857,857,1124,1124,1550,1550,1555,1555,1
UT,Utah,Morgan County,metro,1208,1208,1281,1281,1614,1614,2163,2163,2612,2612,1
UT,Utah,Piute County,nonmetro,843,843,960,960,1153,1153,1569,1569,1934,1934,1
UT,Utah,Rich County,nonmetro,711,711,810,810,973,973,1299,1299,1632,1632,1
UT,Utah,Salt Lake County,metro,1259,1259,1456,1456,1747,1747,2333,2333,2666,2666,1
UT,Utah,San Juan County,nonmetro,836,836,872,872,1144,1144,1372,1372,1626,1626,1
UT,Utah,Sanpete County,nonmetro,863,863,900,900,1181,1181,1441,1441,1564,1564,1
UT,Utah,Sevier County,nonmetro,748,748,945,945,1085,1085,1440,1440,1547,1547,1
UT,Utah,Summit County,nonmetro,1771,1771,1887,1887,2185,2185,2958,2958,3492,3492,1
UT,Utah,Tooele County,metro,902,902,946,946,1241,1241,1667,1667,2082,2082,1
UT,Utah,Uintah County,nonmetro,754,754,846,846,1032,1032,1406,1406,1731,1731,1
UT,Utah,Utah County,metro,1257,1257,1265,1265,1460,1460,2031,2031,2449,2449,1
UT,Utah,Wasatch County,nonmetro,1277,1277,1594,1594,1747,1747,2430,2430,2931,2931,1
UT,Utah,Washington County,metro,1210,1210,1218,1218,1575,1575,2072,2072,2624,2624,1
UT,Utah,Wayne County,nonmetro,711,711,810,810,973,973,1228,1228,1632,1632,1
UT,Utah,Weber County,metro,1208,1208,1281,1281,1614,1614,2163,2163,2612,2612,1
VA,Virginia,Accomack County,nonmetro,740,740,856,856,1054,1054,1367,1367,1549,1549,1
VA,Virginia,Albemarle County,metro,1421,1421,1602,1602,1824,1824,2218,2218,2731,2731,1
VA,Virginia,Alexandria city,metro,1953,1953,2015,2015,2246,2246,2835,2835,3332,3332,1
VA,Virginia,Alleghany County,nonmetro,773,773,778,778,914,914,1259,1259,1358,1358,1
VA,Virginia,Amelia County,metro,1442,1442,1507,1507,1655,1655,2072,2072,2553,2553,1
VA,Virginia,Amherst County,metro,1027,1027,1033,1033,1187,1187,1635,1635,1750,1750,1
VA,Virginia,Appomattox County,metro,1027,1027,1033,1033,1187,1187,1635,1635,1750,1750,1
VA,Virginia,Arlington County,metro,1953,1953,2015,2015,2246,2246,2835,2835,3332,3332,1
VA,Virginia,Augusta County,metro,1088,1088,1095,1095,1261,1261,1734,1734,1941,1941,1
VA,Virginia,Bath County,nonmetro,796,796,801,801,977,977,1171,1171,1528,1528,1
VA,Virginia,Bedford County,metro,1027,1027,1033,1033,1187,1187,1635,1635,1750,1750,1
VA,Virginia,Bland County,nonmetro,745,745,749,749,914,914,1271,1271,1429,1429,1
VA,Virginia,Botetourt County,metro,1004,1004,1053,1053,1254,1254,1743,1743,2104,2104,1
VA,Virginia,Bristol city,metro,720,720,818,818,1044,1044,1338,1338,1464,1464,1
VA,Virginia,Brunswick County,nonmetro,745,745,749,749,914,914,1271,1271,1389,1389,1
VA,Virginia,Buchanan County,nonmetro,792,792,834,834,914,914,1271,1271,1494,1494,1
VA,Virginia,Buckingham County,nonmetro,830,830,875,875,959,959,1266,1266,1419,1419,1
VA,Virginia,Buena Vista city,nonmetro,870,870,917,917,1005,1005,1398,1398,1686,1686,1
VA,Virginia,Campbell County,metro,1027,1027,1033,1033,1187,1187,1635,1635,1750,1750,1
VA,Virginia,Caroline County,nonmetro,859,859,1021,1021,1246,1246,1733,1733,2090,2090,1
VA,Virginia,Carroll County,nonmetro,765,765,770,770,914,914,1271,1271,1481,1481,1
VA,Virginia,Charles City County,metro,1442,1442,1507,1507,1655,1655,2072,2072,2553,2553,1
VA,Virginia,Charlotte County,nonmetro,692,692,697,697,914,914,1146,1146,1533,1533,1
VA,Virginia,Charlottesville city,metro,1421,1421,1602,1602,1824,1824,2218,2218,2731,2731,1
VA,Virginia,Chesapeake city,metro,1492,1492,1512,1512,1713,1713,2376,2376,2797,2797,1
VA,Virginia,Chesterfield County,metro,1442,1442,1507,1507,1655,1655,2072,2072,2553,2553,1
VA,Virginia,Clarke County,metro,1953,1953,2015,2015,2246,2246,2835,2835,3332,3332,1
VA,Virginia,Colonial Heights city,metro,1442,1442,1507,1507,1655,1655,2072,2072,2553,2553,1
VA,Virginia,Covington city,nonmetro,773,773,778,778,914,914,1259,1259,1358,1358,1
VA,Virginia,Craig County,metro,1004,1004,1053,1053,1254,1254,1743,1743,2104,2104,1
VA,Virginia,Culpeper County,metro,1149,1149,1170,1170,1423,1423,1978,1978,2007,2007,1
VA,Virginia,Cumberland County,nonmetro,812,812,817,817,997,997,1195,1195,1673,1673,1
VA,Virginia,Danville city,nonmetro,630,630,738,738,914,914,1263,1263,1415,1415,1
VA,Virginia,Dickenson County,nonmetro,745,745,749,749,914,914,1096,1096,1346,1346,1
VA,Virginia,Dinwiddie County,metro,1442,1442,1507,1507,1655,1655,2072,2072,2553,2553,1
VA,Virginia,Emporia city,nonmetro,764,764,769,769,1001,1001,1392,1392,1679,1679,1
VA,Virginia,Essex County,nonmetro,907,907,912,912,1113,1113,1341,1341,1556,1556,1
VA,Virginia,Fairfax County,metro,1953,1953,2015,2015,2246,2246,2835,2835,3332,3332,1
VA,Virginia,Fairfax city,metro,1953,1953,2015,2015,2246,2246,2835,2835,3332,3332,1
VA,Virginia,Falls Church city,metro,1953,1953,2015,2015,2246,2246,2835,2835,3332,3332,1
VA,Virginia,Fauquier County,metro,1953,1953,2015,2015,2246,2246,2835,2835,3332,3332,1
VA,Virginia,Floyd County,metro,830,830,834,834,1094,1094,1312,1312,1448,1448,1
VA,Virginia,Fluvanna County,metro,1421,1421,1602,1602,1824,1824,2218,2218,2731,2731,1
VA,Virginia,Franklin County,metro,771,771,861,861,944,944,1313,1313,1584,1584,1
VA,Virginia,Franklin city,nonmetro,811,811,817,817,1051,1051,1346,1346,1764,1764,1
VA,Virginia,Frederick County,metro,1133,1133,1255,1255,1573,1573,1965,1965,2639,2639,1
VA,Virginia,Fredericksburg city,metro,1953,1953,2015,2015,2246,2246,2835,2835,3332,3332,1
VA,Virginia,Galax city,nonmetro,765,765,770,770,914,914,1271,1271,1481,1481,1
VA,Virginia,Giles County,metro,746,746,898,898,984,984,1180,1180,1651,1651,1
VA,Virginia,Gloucester County,metro,1492,1492,1512,1512,1713,1713,2376,2376,2797,2797,1
VA,Virginia,Goochland County,metro,1442,1442,1507,1507,1655,1655,2072,2072,2553,2553,1
VA,Virginia,Grayson County,nonmetro,792,792,834,834,914,914,1241,1241,1252,1252,1
VA,Virginia,Greene County,metro,1421,1421,1602,1602,1824,1824,2218,2218,2731,2731,1
VA,Virginia,Greensville County,nonmetro,764,764,769,769,1001,1001,1392,1392,1679,1679,1
VA,Virginia,Halifax County,nonmetro,792,792,827,827,914,914,1167,1167,1340,1340,1
VA,Virginia,Hampton city,metro,1492,1492,1512,1512,1713,1713,2376,2376,2797,2797,1
VA,Virginia,Hanover County,metro,1442,1442,1507,1507,1655,1655,2072,2072,2553,2553,1
VA,Virginia,Harrisonburg city,metro,1050,1050,1057,1057,1322,1322,1801,1801,2125,2125,1
VA,Virginia,Henrico County,metro,1442,1442,1507,1507,1655,1655,2072,2072,2553,2553,1
VA,Virginia,Henry County,nonmetro,749,749,753,753,914,914,1096,1096,1282,1282,1
VA,Virginia,Highland County,nonmetro,745,745,749,749,914,914,1233,1233,1429,1429,1
VA,Virginia,Hopewell city,metro,1442,1442,1507,1507,1655,1655,2072,2072,2553,2553,1
VA,Virginia,Isle of Wight County,metro,1492,1492,1512,1512,1713,1713,2376,2376,2797,2797,1
VA,Virginia,James City County,metro,1492,1492,1512,1512,1713,1713,2376,2376,2797,2797,1
VA,Virginia,King George County,nonmetro,1182,1182,1211,1211,1469,1469,2043,2043,2464,2464,1
VA,Virginia,King William County,metro,1442,1442,1507,1507,1655,1655,2072,2072,2553,2553,1
VA,Virginia,King and Queen County,metro,1089,1089,1139,1139,1250,1250,1536,1536,1929,1929,1
VA,Virginia,Lancaster County,nonmetro,857,857,862,862,1052,1052,1463,1463,1765,1765,1
VA,Virginia,Lee County,nonmetro,693,693,697,697,914,914,1226,1226,1429,1429,1
VA,Virginia,Lexington city,nonmetro,870,870,917,917,1005,1005,1398,1398,1686,1686,1
VA,Virginia,Loudoun County,metro,1953,1953,2015,2015,2246,2246,2835,2835,3332,3332,1
VA,Virginia,Louisa County,nonmetro,1080,1080,1138,1138,1247,1247,1734,1734,1950,1950,1
VA,Virginia,Lunenburg County,nonmetro,692,692,697,697,914,914,1127,1127,1254,1254,1
VA,Virginia,Lynchburg city,metro,1027,1027,1033,1033,1187,1187,1635,1635,1750,1750,1
VA,Virginia,Madison County,nonmetro,923,923,971,971,1066,1066,1483,1483,1667,1667,1
VA,Virginia,Manassas Park city,metro,1953,1953,2015,2015,2246,2246,2835,2835,3332,3332,1
VA,Virginia,Manassas city,metro,1953,1953,2015,2015,2246,2246,2835,2835,3332,3332,1
VA,Virginia,Martinsville city,nonmetro,749,749,753,753,914,914,1096,1096,1282,1282,1
VA,Virginia,Mathews County,metro,1492,1492,1512,1512,1713,1713,2376,2376,2797,2797,1
VA,Virginia,Mecklenburg County,nonmetro,719,719,724,724,950,950,1224,1224,1258,1258,1
VA,Virginia,Middlesex County,nonmetro,1052,1052,1058,1058,1291,1291,1548,1548,2018,2018,1
VA,Virginia,Montgomery County,metro,910,910,993,993,1271,1271,1706,1706,2132,2132,1
VA,Virginia,Nelson County,metro,1421,1421,1602,1602,1824,1824,2218,2218,2731,2731,1
VA,Virginia,New Kent County,metro,1442,1442,1507,1507,1655,1655,2072,2072,2553,2553,1
VA,Virginia,Newport News city,metro,1492,1492,1512,1512,1713,1713,2376,2376,2797,2797,1
VA,Virginia,Norfolk city,metro,1492,1492,1512,1512,1713,1713,2376,2376,2797,2797,1
VA,Virginia,Northampton County,nonmetro,719,719,723,723,949,949,1320,1320,1592,1592,1
VA,Virginia,Northumberland County,nonmetro,1066,1066,1073,1073,1309,1309,1569,1569,2047,2047,1
VA,Virginia,Norton city,nonmetro,692,692,697,697,914,914,1205,1205,1429,1429,1
VA,Virginia,Nottoway County,nonmetro,738,738,743,743,975,975,1356,1356,1587,1587,1
VA,Virginia,Orange County,nonmetro,1005,1005,1012,1012,1234,1234,1716,1716,1929,1929,1
VA,Virginia,Page County,nonmetro,800,800,811,811,924,924,1157,1157,1550,1550,1
VA,Virginia,Patrick County,nonmetro,758,758,763,763,914,914,1146,1146,1429,1429,1
VA,Virginia,Petersburg city,metro,1442,1442,1507,1507,1655,1655,2072,2072,2553,2553,1
VA,Virginia,Pittsylvania County,nonmetro,630,630,738,738,914,914,1263,1263,1415,1415,1
VA,Virginia,Poquoson city,metro,1492,1492,1512,1512,1713,1713,2376,2376,2797,2797,1
VA,Virginia,Portsmouth city,metro,1492,1492,1512,1512,1713,1713,2376,2376,2797,2797,1
VA,Virginia,Powhatan County,metro,1442,1442,1507,1507,1655,1655,2072,2072,2553,2553,1
VA,Virginia,Prince Edward County,nonmetro,916,916,922,922,1094,1094,1312,1312,1448,1448,1
VA,Virginia,Prince George County,metro,1442,1442,1507,1507,1655,1655,2072,2072,2553,2553,1
VA,Virginia,Prince William County,metro,1953,1953,2015,2015,2246,2246,2835,2835,3332,3332,1
VA,Virginia,Pulaski County,metro,699,699,840,840,921,921,1252,1252,1545,1545,1
VA,Virginia,Radford city,metro,910,910,993,993,1271,1271,1706,1706,2132,2132,1
VA,Virginia,Rappahannock County,metro,1198,1198,1254,1254,1375,1375,1649,1649,2307,2307,1
VA,Virginia,Richmond County,nonmetro,876,876,882,882,1157,1157,1464,1464,1825,1825,1
VA,Virginia,Richmond city,metro,1442,1442,1507,1507,1655,1655,2072,2072,2553,2553,1
VA,Virginia,Roanoke County,metro,1004,1004,1053,1053,1254,1254,1743,1743,2104,2104,1
VA,Virginia,Roanoke city,metro,1004,1004,1053,1053,1254,1254,1743,1743,2104,2104,1
VA,Virginia,Rockbridge County,nonmetro,870,870,917,917,1005,1005,1398,1398,1686,1686,1
VA,Virginia,Rockingham County,metro,1050,1050,1057,1057,1322,1322,1801,1801,2125,2125,1
VA,Virginia,Russell County,nonmetro,744,744,748,748,914,914,1156,1156,1377,1377,1
VA,Virginia,Salem city,metro,1004,1004,1053,1053,1254,1254,1743,1743,2104,2104,1
VA,Virginia,Scott County,metro,720,720,818,818,1044,1044,1338,1338,1464,1464,1
VA,Virginia,Shenandoah County,nonmetro,849,849,855,855,1091,1091,1394,1394,1523,1523,1
VA,Virginia,Smyth County,nonmetro,642,642,753,753,914,914,1191,1191,1429,1429,1
VA,Virginia,Southampton County,nonmetro,811,811,817,817,1051,1051,1346,1346,1764,1764,1
VA,Virginia,Spotsylvania County,metro,1953,1953,2015,2015,2246,2246,2835,2835,3332,3332,1
VA,Virginia,Stafford County,metro,1953,1953,2015,2015,2246,2246,2835,2835,3332,3332,1
VA,Virginia,Staunton city,metro,1088,1088,1095,1095,1261,1261,1734,1734,1941,1941,1
VA,Virginia,Suffolk city,metro,1492,1492,1512,1512,1713,1713,2376,2376,2797,2797,1
VA,Virginia,Surry County,metro,905,905,920,920,1039,1039,1445,1445,1743,1743,1
VA,Virginia,Sussex County,metro,1442,1442,1507,1507,1655,1655,2072,2072,2553,2553,1
VA,Virginia,Tazewell County,nonmetro,727,727,732,732,914,914,1096,1096,1252,1252,1
VA,Virginia,Virginia Beach city,metro,1492,1492,1512,1512,1713,1713,2376,2376,2797,2797,1
VA,Virginia,Warren County,metro,953,953,1002,1002,1315,1315,1754,1754,2206,2206,1
VA,Virginia,Washington County,metro,720,720,818,818,1044,1044,1338,1338,1464,1464,1
VA,Virginia,Waynesboro city,metro,1088,1088,1095,1095,1261,1261,1734,1734,1941,1941,1
VA,Virginia,Westmoreland County,nonmetro,973,973,979,979,1194,1194,1658,1658,1810,1810,1
VA,Virginia,Williamsburg city,metro,1492,1492,1512,1512,1713,1713,2376,2376,2797,2797,1
VA,Virginia,Winchester city,metro,1133,1133,1255,1255,1573,1573,1965,1965,2639,2639,1
VA,Virginia,Wise County,nonmetro,692,692,697,697,914,914,1205,1205,1429,1429,1
VA,Virginia,Wythe County,nonmetro,758,758,762,762,914,914,1212,1212,1533,1533,1
VA,Virginia,York County,metro,1492,1492,1512,1512,1713,1713,2376,2376,2797,2797,1
VI,U.S. Virgin Islands,St. Croix,nonmetro,1002,1002,1023,1023,1249,1249,1504,1504,1656,1656,1
VI,U.S. Virgin Islands,St. John,nonmetro,1563,1563,1578,1578,1969,1969,2362,2362,2607,2607,1
VI,U.S. Virgin Islands,St. Thomas,nonmetro,1024,1024,1189,1189,1467,1467,1759,1759,1942,1942,1
VT,Vermont,Addison County,nonmetro,1117,1117,1124,1124,1438,1438,1761,1761,2117,2117,23
VT,Vermont,Bennington County,nonmetro,1020,1020,1142,1142,1297,1297,1804,1804,2159,2159,17
VT,Vermont,Caledonia County,nonmetro,986,986,992,992,1159,1159,1610,1610,1732,1732,17
VT,Vermont,Chittenden County,metro,1497,1497,1651,1651,2140,2140,2745,2745,2833,2833,19
VT,Vermont,Essex County,nonmetro,780,780,919,919,1007,1007,1400,1400,1640,1640,19
VT,Vermont,Franklin County,metro,1497,1497,1651,1651,2140,2140,2745,2745,2833,2833,15
VT,Vermont,Grand Isle County,metro,1497,1497,1651,1651,2140,2140,2745,2745,2833,2833,5
VT,Vermont,Lamoille County,nonmetro,986,986,1066,1066,1345,1345,1861,1861,1868,1868,10
VT,Vermont,Orange County,nonmetro,1040,1040,1167,1167,1362,1362,1757,1757,1878,1878,17
VT,Vermont,Orleans County,nonmetro,940,940,993,993,1184,1184,1528,1528,1986,1986,19
VT,Vermont,Rutland County,nonmetro,1019,1019,1026,1026,1345,1345,1638,1638,1987,1987,28
VT,Vermont,Washington County,nonmetro,1122,1122,1129,1129,1482,1482,1824,1824,1962,1962,20
VT,Vermont,Windham County,nonmetro,1080,1080,1161,1161,1423,1423,1710,1710,1884,1884,23
VT,Vermont,Windsor County,nonmetro,1161,1161,1168,1168,1362,1362,1786,1786,1844,1844,24
WA,Washington,Adams County,nonmetro,795,795,863,863,1133,1133,1576,1576,1901,1901,1
WA,Washington,Asotin County,metro,925,925,931,931,1220,1220,1697,1697,2037,2037,1
WA,Washington,Benton County,metro,1122,1122,1268,1268,1538,1538,2071,2071,2385,2385,1
WA,Washington,Chelan County,metro,1034,1034,1143,1143,1500,1500,2063,2063,2516,2516,1
WA,Washington,Clallam County,nonmetro,880,880,966,966,1266,1266,1761,1761,2026,2026,1
WA,Washington,Clark County,metro,1570,1570,1677,1677,1922,1922,2619,2619,3109,3109,1
WA,Washington,Columbia County,nonmetro,738,738,951,951,1052,1052,1463,1463,1765,1765,1
WA,Washington,Cowlitz County,metro,1000,1000,1199,1199,1451,1451,2018,2018,2434,2434,1
WA,Washington,Douglas County,metro,1034,1034,1143,1143,1500,1500,2063,2063,2516,2516,1
WA,Washington,Ferry County,nonmetro,683,683,742,742,973,973,1353,1353,1632,1632,1
WA,Washington,Franklin County,metro,1122,1122,1268,1268,1538,1538,2071,2071,2385,2385,1
WA,Washington,Garfield County,nonmetro,735,735,798,798,1047,1047,1456,1456,1756,1756,1
WA,Washington,Grant County,nonmetro,933,933,939,939,1232,1232,1707,1707,2067,2067,1
WA,Washington,Grays Harbor County,nonmetro,838,838,927,927,1216,1216,1691,1691,1869,1869,1
WA,Washington,Island County,nonmetro,1172,1172,1356,1356,1671,1671,2324,2324,2733,2733,1
WA,Washington,Jefferson County,nonmetro,1119,1119,1165,1165,1367,1367,1901,1901,2293,2293,1
WA,Washington,King County,metro,2074,2074,2146,2146,2501,2501,3272,3272,3847,3847,1
WA,Washington,Kitsap County,metro,1400,1400,1548,1548,2031,2031,2676,2676,2941,2941,1
WA,Washington,Kittitas County,nonmetro,1002,1002,1108,1108,1454,1454,2022,2022,2439,2439,1
WA,Washington,Klickitat County,nonmetro,921,921,1018,1018,1336,1336,1602,1602,1825,1825,1
WA,Washington,Lewis County,nonmetro,882,882,975,975,1279,1279,1688,1688,1832,1832,1
WA,Washington,Lincoln County,nonmetro,716,716,778,778,1021,1021,1420,1420,1713,1713,1
WA,Washington,Mason County,nonmetro,1030,1030,1032,1032,1354,1354,1883,1883,2097,2097,1
WA,Washington,Okanogan County,nonmetro,732,732,828,828,1043,1043,1428,1428,1559,1559,1
WA,Washington,Pacific County,nonmetro,796,796,926,926,1134,1134,1557,1557,1902,1902,1
WA,Washington,Pend Oreille County,nonmetro,759,759,838,838,1099,1099,1379,1379,1844,1844,1
WA,Washington,Pierce County,metro,1428,1428,1605,1605,1971,1971,2733,2733,3102,3102,1
WA,Washington,San Juan County,nonmetro,1215,1215,1343,1343,1762,1762,2332,2332,2333,2333,1
WA,Washington,Skagit County,metro,1186,1186,1311,1311,1720,1720,2392,2392,2599,2599,1
WA,Washington,Skamania County,metro,1570,1570,1677,1677,1922,1922,2619,2619,3109,3109,1
WA,Washington,Snohomish County,metro,2074,2074,2146,2146,2501,2501,3272,3272,3847,3847,1
WA,Washington,Spokane County,metro,1103,1103,1193,1193,1531,1531,2088,2088,2506,2506,1
WA,Washington,Stevens County,metro,879,879,885,885,1131,1131,1573,1573,1897,1897,1
WA,Washington,Thurston County,metro,1538,1538,1682,1682,1960,1960,2613,2613,3288,3288,1
WA,Washington,Wahkiakum County,nonmetro,798,798,1021,1021,1137,1137,1581,1581,1907,1907,1
WA,Washington,Walla Walla County,metro,1074,1074,1181,1181,1550,1550,2118,2118,2600,2600,1
WA,Washington,Whatcom County,metro,1463,1463,1493,1493,1794,1794,2495,2495,3010,3010,1
WA,Washington,Whitman County,nonmetro,806,806,891,891,1169,1169,1626,1626,1961,1961,1
WA,Washington,Yakima County,metro,1040,1040,1047,1047,1374,1374,1911,1911,2093,2093,1
WI,Wisconsin,Adams County,nonmetro,767,767,818,818,973,973,1236,1236,1288,1288,1
WI,Wisconsin,Ashland County,nonmetro,737,737,742,742,973,973,1353,1353,1613,1613,1
WI,Wisconsin,Barron County,nonmetro,704,704,750,750,984,984,1262,1262,1590,1590,1
WI,Wisconsin,Bayfield County,nonmetro,671,671,742,742,973,973,1283,1283,1288,1288,1
WI,Wisconsin,Brown County,metro,867,867,931,931,1164,1164,1545,1545,1618,1618,1
WI,Wisconsin,Buffalo County,nonmetro,691,691,742,742,973,973,1184,1184,1539,1539,1
WI,Wisconsin,Burnett County,nonmetro,691,691,742,742,974,974,1168,1168,1469,1469,1
WI,Wisconsin,Calumet County,metro,858,858,960,960,1236,1236,1701,1701,1776,1776,1
WI,Wisconsin,Chippewa County,metro,932,932,962,962,1181,1181,1582,1582,1588,1588,1
WI,Wisconsin,Clark County,nonmetro,723,723,754,754,973,973,1238,1238,1399,1399,1
WI,Wisconsin,Columbia County,metro,824,824,911,911,1195,1195,1645,1645,1798,1798,1
WI,Wisconsin,Crawford County,nonmetro,691,691,888,888,973,973,1167,1167,1325,1325,1
WI,Wisconsin,Dane County,metro,1268,1268,1482,1482,1694,1694,2236,2236,2509,2509,1
WI,Wisconsin,Dodge County,nonmetro,745,745,873,873,1080,1080,1454,1454,1485,1485,1
WI,Wisconsin,Door County,nonmetro,810,810,870,870,1141,1141,1386,1386,1511,1511,1
WI,Wisconsin,Douglas County,metro,849,849,978,978,1232,1232,1689,1689,2067,2067,1
WI,Wisconsin,Dunn County,nonmetro,781,781,787,787,1024,1024,1363,1363,1718,1718,1
WI,Wisconsin,Eau Claire County,metro,932,932,962,962,1181,1181,1582,1582,1588,1588,1
WI,Wisconsin,Florence County,nonmetro,715,715,767,767,1007,1007,1241,1241,1384,1384,1
WI,Wisconsin,Fond du Lac County,metro,811,811,946,946,1176,1176,1522,1522,1665,1665,1
WI,Wisconsin,Forest County,nonmetro,694,694,742,742,973,973,1182,1182,1288,1288,1
WI,Wisconsin,Grant County,nonmetro,745,745,762,762,973,973,1213,1213,1594,1594,1
WI,Wisconsin,Green County,metro,794,794,840,840,1097,1097,1315,1315,1452,1452,1
WI,Wisconsin,Green Lake County,nonmetro,691,691,742,742,973,973,1167,1167,1288,1288,1
WI,Wisconsin,Iowa County,metro,884,884,890,890,1168,1168,1535,1535,1959,1959,1
WI,Wisconsin,Iron County,nonmetro,691,691,758,758,973,973,1214,1214,1499,1499,1
WI,Wisconsin,Jackson County,nonmetro,671,671,787,787,973,973,1167,1167,1479,1479,1
WI,Wisconsin,Jefferson County,nonmetro,797,797,917,917,1156,1156,1530,1530,1536,1536,1
WI,Wisconsin,Juneau County,nonmetro,737,737,742,742,973,973,1195,1195,1288,1288,1
WI,Wisconsin,Kenosha County,metro,1085,1085,1092,1092,1402,1402,1899,1899,2174,2174,1
WI,Wisconsin,Kewaunee County,metro,867,867,931,931,1164,1164,1545,1545,1618,1618,1
WI,Wisconsin,La Crosse County,metro,804,804,889,889,1166,1166,1515,1515,1903,1903,1
WI,Wisconsin,Lafayette County,nonmetro,691,691,819,819,973,973,1353,1353,1466,1466,1
WI,Wisconsin,Langlade County,nonmetro,691,691,742,742,973,973,1167,1167,1288,1288,1
WI,Wisconsin,Lincoln County,nonmetro,741,741,747,747,973,973,1353,1353,1417,1417,1
WI,Wisconsin,Manitowoc County,nonmetro,737,737,742,742,973,973,1167,1167,1288,1288,1
WI,Wisconsin,Marathon County,metro,791,791,889,889,1147,1147,1511,1511,1519,1519,1
WI,Wisconsin,Marinette County,nonmetro,741,741,745,745,973,973,1167,1167,1457,1457,1
WI,Wisconsin,Marquette County,nonmetro,691,691,772,772,973,973,1247,1247,1385,1385,1
WI,Wisconsin,Menominee County,nonmetro,691,691,888,888,973,973,1314,1314,1319,1319,1
WI,Wisconsin,Milwaukee County,metro,1027,1027,1119,1119,1338,1338,1648,1648,1784,1784,1
WI,Wisconsin,Monroe County,nonmetro,714,714,828,828,1036,1036,1360,1360,1413,1413,1
WI,Wisconsin,Oconto County,metro,723,723,793,793,973,973,1272,1272,1288,1288,1
WI,Wisconsin,Oneida County,nonmetro,719,719,887,887,1013,1013,1215,1215,1455,1455,1
WI,Wisconsin,Outagamie County,metro,858,858,960,960,1236,1236,1701,1701,1776,1776,1
WI,Wisconsin,Ozaukee County,metro,1027,1027,1119,1119,1338,1338,1648,1648,1784,1784,1
WI,Wisconsin,Pepin County,nonmetro,691,691,742,742,973,973,1329,1329,1632,1632,1
WI,Wisconsin,Pierce County,metro,1242,1242,1405,1405,1709,1709,2262,2262,2531,2531,1
WI,Wisconsin,Polk County,nonmetro,756,756,836,836,1097,1097,1357,1357,1669,1669,1
WI,Wisconsin,Portage County,nonmetro,715,715,794,794,1037,1037,1243,1243,1373,1373,1
WI,Wisconsin,Price County,nonmetro,737,737,742,742,973,973,1211,1211,1288,1288,1
WI,Wisconsin,Racine County,metro,851,851,988,988,1235,1235,1592,1592,1962,1962,1
WI,Wisconsin,Richland County,nonmetro,671,671,815,815,973,973,1167,1167,1461,1461,1
WI,Wisconsin,Rock County,metro,900,900,955,955,1246,1246,1596,1596,1650,1650,1
WI,Wisconsin,Rusk County,nonmetro,737,737,742,742,973,973,1196,1196,1288,1288,1
WI,Wisconsin,Sauk County,nonmetro,807,807,951,951,1111,1111,1404,1404,1482,1482,1
WI,Wisconsin,Sawyer County,nonmetro,771,771,801,801,1051,1051,1260,1260,1392,1392,1
WI,Wisconsin,Shawano County,nonmetro,692,692,814,814,973,973,1245,1245,1288,1288,1
WI,Wisconsin,Sheboygan County,metro,769,769,888,888,1116,1116,1351,1351,1527,1527,1
WI,Wisconsin,St. Croix County,metro,1242,1242,1405,1405,1709,1709,2262,2262,2531,2531,1
WI,Wisconsin,Taylor County,nonmetro,691,691,778,778,973,973,1245,1245,1570,1570,1
WI,Wisconsin,Trempealeau County,nonmetro,748,748,753,753,988,988,1303,1303,1308,1308,1
WI,Wisconsin,Vernon County,metro,671,671,760,760,973,973,1221,1221,1485,1485,1
WI,Wisconsin,Vilas County,nonmetro,775,775,780,780,973,973,1167,1167,1288,1288,1
WI,Wisconsin,Walworth County,nonmetro,831,831,919,919,1206,1206,1517,1517,1956,1956,1
WI,Wisconsin,Washburn County,nonmetro,672,672,743,743,975,975,1169,1169,1291,1291,1
WI,Wisconsin,Washington County,metro,1027,1027,1119,1119,1338,1338,1648,1648,1784,1784,1
WI,Wisconsin,Waukesha County,metro,1027,1027,1119,1119,1338,1338,1648,1648,1784,1784,1
WI,Wisconsin,Waupaca County,nonmetro,764,764,779,779,973,973,1283,1283,1288,1288,1
WI,Wisconsin,Waushara County,nonmetro,691,691,742,742,973,973,1291,1291,1493,1493,1
WI,Wisconsin,Winnebago County,metro,875,875,889,889,1149,1149,1543,1543,1651,1651,1
WI,Wisconsin,Wood County,nonmetro,691,691,742,742,973,973,1220,1220,1288,1288,1
WV,West Virginia,Barbour County,nonmetro,667,667,793,793,869,869,1147,1147,1313,1313,1
WV,West Virginia,Berkeley County,metro,850,850,971,971,1233,1233,1702,1702,1947,1947,1
WV,West Virginia,Boone County,metro,669,669,674,674,869,869,1195,1195,1458,1458,1
WV,West Virginia,Braxton County,nonmetro,660,660,665,665,869,869,1147,1147,1311,1311,1
WV,West Virginia,Brooke County,metro,752,752,757,757,973,973,1285,1285,1482,1482,1
WV,West Virginia,Cabell County,metro,848,848,853,853,973,973,1249,1249,1410,1410,1
WV,West Virginia,Calhoun County,nonmetro,667,667,706,706,869,869,1173,1173,1177,1177,1
WV,West Virginia,Clay County,metro,714,714,829,829,1036,1036,1325,1325,1372,1372,1
WV,West Virginia,Doddridge County,nonmetro,712,712,754,754,928,928,1207,1207,1257,1257,1
WV,West Virginia,Fayette County,metro,631,631,697,697,915,915,1195,1195,1535,1535,1
WV,West Virginia,Gilmer County,nonmetro,667,667,793,793,869,869,1140,1140,1390,1390,1
WV,West Virginia,Grant County,nonmetro,658,658,662,662,869,869,1127,1127,1177,1177,1
WV,West Virginia,Greenbrier County,nonmetro,709,709,735,735,924,924,1179,1179,1235,1235,1
WV,West Virginia,Hampshire County,metro,1133,1133,1255,1255,1573,1573,1965,1965,2639,2639,1
WV,West Virginia,Hancock County,metro,752,752,757,757,973,973,1285,1285,1482,1482,1
WV,West Virginia,Hardy County,nonmetro,715,715,784,784,932,932,1146,1146,1263,1263,1
WV,West Virginia,Harrison County,nonmetro,770,770,843,843,955,955,1264,1264,1466,1466,1
WV,West Virginia,Jackson County,nonmetro,667,667,726,726,869,869,1137,1137,1221,1221,1
WV,West Virginia,Jefferson County,metro,947,947,953,953,1251,1251,1740,1740,2099,2099,1
WV,West Virginia,Kanawha County,metro,714,714,829,829,1036,1036,1325,1325,1372,1372,1
WV,West Virginia,Lewis County,nonmetro,667,667,754,754,869,869,1146,1146,1151,1151,1
WV,West Virginia,Lincoln County,nonmetro,667,667,714,714,869,869,1042,1042,1177,1177,1
WV,West Virginia,Logan County,nonmetro,667,667,793,793,869,869,1209,1209,1458,1458,1
WV,West Virginia,Marion County,nonmetro,742,742,838,838,1007,1007,1235,1235,1624,1624,1
WV,West Virginia,Marshall County,metro,683,683,816,816,991,991,1277,1277,1413,1413,1
WV,West Virginia,Mason County,nonmetro,667,667,793,793,869,869,1081,1081,1151,1151,1
WV,West Virginia,McDowell County,nonmetro,658,658,662,662,869,869,1146,1146,1151,1151,1
WV,West Virginia,Mercer County,nonmetro,618,618,717,717,896,896,1206,1206,1258,1258,1
WV,West Virginia,Mineral County,nonmetro,667,667,695,695,869,869,1146,1146,1250,1250,1
WV,West Virginia,Mingo County,nonmetro,689,689,696,696,898,898,1077,1077,1288,1288,1
WV,West Virginia,Monongalia County,metro,871,871,877,877,1099,1099,1318,1318,1657,1657,1
WV,West Virginia,Monroe County,nonmetro,667,667,706,706,869,869,1209,1209,1312,1312,1
WV,West Virginia,Morgan County,metro,663,663,732,732,961,961,1221,1221,1612,1612,1
WV,West Virginia,Nicholas County,nonmetro,667,667,696,696,869,869,1125,1125,1177,1177,1
WV,West Virginia,Ohio County,metro,683,683,816,816,991,991,1277,1277,1413,1413,1
WV,West Virginia,Pendleton County,nonmetro,667,667,706,706,869,869,1209,1209,1219,1219,1
WV,West Virginia,Pleasants County,nonmetro,658,658,662,662,869,869,1173,1173,1177,1177,1
WV,West Virginia,Pocahontas County,nonmetro,667,667,788,788,869,869,1146,1146,1177,1177,1
WV,West Virginia,Preston County,metro,871,871,877,877,1099,1099,1318,1318,1657,1657,1
WV,West Virginia,Putnam County,metro,798,798,803,803,1054,1054,1461,1461,1575,1575,1
WV,West Virginia,Raleigh County,metro,715,715,719,719,944,944,1313,1313,1377,1377,1
WV,West Virginia,Randolph County,nonmetro,641,641,708,708,929,929,1183,1183,1468,1468,1
WV,West Virginia,Ritchie County,nonmetro,658,658,662,662,869,869,1042,1042,1151,1151,1
WV,West Virginia,Roane County,nonmetro,667,667,793,793,869,869,1173,1173,1177,1177,1
WV,West Virginia,Summers County,nonmetro,667,667,706,706,869,869,1146,1146,1151,1151,1
WV,West Virginia,Taylor County,nonmetro,657,657,774,774,953,953,1286,1286,1291,1291,1
WV,West Virginia,Tucker County,nonmetro,667,667,699,699,869,869,1209,1209,1458,1458,1
WV,West Virginia,Tyler County,nonmetro,667,667,706,706,869,869,1124,1124,1177,1177,1
WV,West Virginia,Upshur County,nonmetro,728,728,732,732,961,961,1205,1205,1612,1612,1
WV,West Virginia,Wayne County,metro,848,848,853,853,973,973,1249,1249,1410,1410,1
WV,West Virginia,Webster County,nonmetro,658,658,662,662,869,869,1061,1061,1177,1177,1
WV,West Virginia,Wetzel County,nonmetro,709,709,714,714,937,937,1206,1206,1241,1241,1
WV,West Virginia,Wirt County,metro,741,741,745,745,928,928,1194,1194,1253,1253,1
WV,West Virginia,Wood County,metro,741,741,745,745,928,928,1194,1194,1253,1253,1
WV,West Virginia,Wyoming County,nonmetro,667,667,748,748,869,869,1173,1173,1177,1177,1
WY,Wyoming,Albany County,nonmetro,709,709,786,786,963,963,1339,1339,1615,1615,1
WY,Wyoming,Big Horn County,nonmetro,761,761,871,871,963,963,1189,1189,1515,1515,1
WY,Wyoming,Campbell County,nonmetro,806,806,896,896,1019,1019,1344,1344,1709,1709,1
WY,Wyoming,Carbon County,nonmetro,775,775,854,854,980,980,1293,1293,1454,1454,1
WY,Wyoming,Converse County,nonmetro,777,777,782,782,1026,1026,1412,1412,1695,1695,1
WY,Wyoming,Crook County,nonmetro,734,734,739,739,963,963,1227,1227,1590,1590,1
WY,Wyoming,Fremont County,nonmetro,748,748,753,753,963,963,1320,1320,1615,1615,1
WY,Wyoming,Goshen County,nonmetro,729,729,734,734,963,963,1293,1293,1615,1615,1
WY,Wyoming,Hot Springs County,nonmetro,729,729,734,734,963,963,1339,1339,1577,1577,1
WY,Wyoming,Johnson County,nonmetro,844,844,850,850,1115,1115,1368,1368,1842,1842,1
WY,Wyoming,Laramie County,metro,809,809,917,917,1174,1174,1633,1633,1969,1969,1
WY,Wyoming,Lincoln County,nonmetro,729,729,734,734,963,963,1339,1339,1615,1615,1
WY,Wyoming,Natrona County,metro,767,767,852,852,1082,1082,1505,1505,1815,1815,1
WY,Wyoming,Niobrara County,nonmetro,904,904,910,910,1186,1186,1632,1632,1959,1959,1
WY,Wyoming,Park County,nonmetro,664,664,734,734,963,963,1338,1338,1615,1615,1
WY,Wyoming,Platte County,nonmetro,761,761,785,785,963,963,1253,1253,1590,1590,1
WY,Wyoming,Sheridan County,nonmetro,855,855,860,860,1129,1129,1354,1354,1891,1891,1
WY,Wyoming,Sublette County,nonmetro,759,759,764,764,995,995,1384,1384,1643,1643,1
WY,Wyoming,Sweetwater County,nonmetro,735,735,854,854,996,996,1263,1263,1671,1671,1
WY,Wyoming,Teton County,nonmetro,1252,1252,1260,1260,1653,1653,2216,2216,2730,2730,1
WY,Wyoming,Uinta County,nonmetro,664,664,734,734,963,963,1339,1339,1467,1467,1
WY,Wyoming,Washakie County,nonmetro,729,729,734,734,963,963,1339,1339,1590,1590,1
WY,Wyoming,Weston County,nonmetro,808,808,813,813,1059,1059,1457,1457,1749,1749,1
