month,geo,sex,age,value,geo_label,sex_label,age_label
2003-01,DE,F,TOTAL,9.0,Germany,Females,Total (16 to 74 years)
2003-01,DE,M,TOTAL,9.7,Germany,Males,Total (16 to 74 years)
2003-01,DE,T,TOTAL,9.4,Germany,Total,Total (16 to 74 years)
2003-01,EL,F,TOTAL,15.0,Greece,Females,Total (16 to 74 years)
2003-01,EL,M,TOTAL,6.3,Greece,Males,Total (16 to 74 years)
2003-01,EL,T,TOTAL,9.8,Greece,Total,Total (16 to 74 years)
2003-01,ES,F,TOTAL,16.3,Spain,Females,Total (16 to 74 years)
2003-01,ES,M,TOTAL,8.6,Spain,Males,Total (16 to 74 years)
2003-01,ES,T,TOTAL,11.7,Spain,Total,Total (16 to 74 years)
2003-01,EU27,F,TOTAL,10.9,European Union - 27 countries (from 2020),Females,Total (16 to 74 years)
2003-01,EU27,M,TOTAL,8.9,European Union - 27 countries (from 2020),Males,Total (16 to 74 years)
2003-01,EU27,T,TOTAL,9.8,European Union - 27 countries (from 2020),Total,Total (16 to 74 years)
2003-01,FR,F,TOTAL,9.0,France,Females,Total (16 to 74 years)
2003-01,FR,M,TOTAL,7.4,France,Males,Total (16 to 74 years)
2003-01,FR,T,TOTAL,8.1,France,Total,Total (16 to 74 years)
2003-01,IT,F,TOTAL,11.9,Italy,Females,Total (16 to 74 years)
2003-01,IT,M,TOTAL,6.7,Italy,Males,Total (16 to 74 years)
2003-01,IT,T,TOTAL,8.8,Italy,Total,Total (16 to 74 years)
2003-01,NL,F,TOTAL,6.3,Netherlands,Females,Total (16 to 74 years)
2003-01,NL,M,TOTAL,4.4,Netherlands,Males,Total (16 to 74 years)
2003-01,NL,T,TOTAL,5.3,Netherlands,Total,Total (16 to 74 years)
2003-01,PL,F,TOTAL,20.6,Poland,Females,Total (16 to 74 years)
2003-01,PL,M,TOTAL,19.3,Poland,Males,Total (16 to 74 years)
2003-01,PL,T,TOTAL,19.9,Poland,Total,Total (16 to 74 years)
2003-01,SE,F,TOTAL,6.3,Sweden,Females,Total (16 to 74 years)
2003-01,SE,M,TOTAL,6.6,Sweden,Males,Total (16 to 74 years)
2003-01,SE,T,TOTAL,6.5,Sweden,Total,Total (16 to 74 years)
2003-02,DE,F,TOTAL,9.1,Germany,Females,Total (16 to 74 years)
2003-02,DE,M,TOTAL,9.8,Germany,Males,Total (16 to 74 years)
2003-02,DE,T,TOTAL,9.5,Germany,Total,Total (16 to 74 years)
2003-02,EL,F,TOTAL,14.9,Greece,Females,Total (16 to 74 years)
2003-02,EL,M,TOTAL,6.3,Greece,Males,Total (16 to 74 years)
2003-02,EL,T,TOTAL,9.7,Greece,Total,Total (16 to 74 years)
2003-02,ES,F,TOTAL,16.4,Spain,Females,Total (16 to 74 years)
2003-02,ES,M,TOTAL,8.5,Spain,Males,Total (16 to 74 years)
2003-02,ES,T,TOTAL,11.7,Spain,Total,Total (16 to 74 years)
2003-02,EU27,F,TOTAL,10.9,European Union - 27 countries (from 2020),Females,Total (16 to 74 years)
2003-02,EU27,M,TOTAL,8.9,European Union - 27 countries (from 2020),Males,Total (16 to 74 years)
2003-02,EU27,T,TOTAL,9.8,European Union - 27 countries (from 2020),Total,Total (16 to 74 years)
2003-02,FR,F,TOTAL,9.1,France,Females,Total (16 to 74 years)
2003-02,FR,M,TOTAL,7.5,France,Males,Total (16 to 74 years)
2003-02,FR,T,TOTAL,8.3,France,Total,Total (16 to 74 years)
2003-02,IT,F,TOTAL,11.9,Italy,Females,Total (16 to 74 years)
2003-02,IT,M,TOTAL,6.6,Italy,Males,Total (16 to 74 years)
2003-02,IT,T,TOTAL,8.7,Italy,Total,Total (16 to 74 years)
2003-02,NL,F,TOTAL,6.4,Netherlands,Females,Total (16 to 74 years)
2003-02,NL,M,TOTAL,4.6,Netherlands,Males,Total (16 to 74 years)
2003-02,NL,T,TOTAL,5.4,Netherlands,Total,Total (16 to 74 years)
2003-02,PL,F,TOTAL,20.5,Poland,Females,Total (16 to 74 years)
2003-02,PL,M,TOTAL,19.1,Poland,Males,Total (16 to 74 years)
2003-02,PL,T,TOTAL,19.8,Poland,Total,Total (16 to 74 years)
2003-02,SE,F,TOTAL,5.9,Sweden,Females,Total (16 to 74 years)
2003-02,SE,M,TOTAL,6.3,Sweden,Males,Total (16 to 74 years)
2003-02,SE,T,TOTAL,6.1,Sweden,Total,Total (16 to 74 years)
2003-03,DE,F,TOTAL,9.2,Germany,Females,Total (16 to 74 years)
2003-03,DE,M,TOTAL,9.9,Germany,Males,Total (16 to 74 years)
2003-03,DE,T,TOTAL,9.6,Germany,Total,Total (16 to 74 years)
2003-03,EL,F,TOTAL,14.9,Greece,Females,Total (16 to 74 years)
2003-03,EL,M,TOTAL,6.2,Greece,Males,Total (16 to 74 years)
2003-03,EL,T,TOTAL,9.7,Greece,Total,Total (16 to 74 years)
2003-03,ES,F,TOTAL,16.4,Spain,Females,Total (16 to 74 years)
2003-03,ES,M,TOTAL,8.4,Spain,Males,Total (16 to 74 years)
2003-03,ES,T,TOTAL,11.6,Spain,Total,Total (16 to 74 years)
2003-03,EU27,F,TOTAL,10.9,European Union - 27 countries (from 2020),Females,Total (16 to 74 years)
2003-03,EU27,M,TOTAL,9.0,European Union - 27 countries (from 2020),Males,Total (16 to 74 years)
2003-03,EU27,T,TOTAL,9.8,European Union - 27 countries (from 2020),Total,Total (16 to 74 years)
2003-03,FR,F,TOTAL,9.3,France,Females,Total (16 to 74 years)
2003-03,FR,M,TOTAL,7.6,France,Males,Total (16 to 74 years)
2003-03,FR,T,TOTAL,8.4,France,Total,Total (16 to 74 years)
2003-03,IT,F,TOTAL,11.8,Italy,Females,Total (16 to 74 years)
2003-03,IT,M,TOTAL,6.6,Italy,Males,Total (16 to 74 years)
2003-03,IT,T,TOTAL,8.7,Italy,Total,Total (16 to 74 years)
2003-03,NL,F,TOTAL,6.5,Netherlands,Females,Total (16 to 74 years)
2003-03,NL,M,TOTAL,4.8,Netherlands,Males,Total (16 to 74 years)
2003-03,NL,T,TOTAL,5.6,Netherlands,Total,Total (16 to 74 years)
2003-03,PL,F,TOTAL,20.4,Poland,Females,Total (16 to 74 years)
2003-03,PL,M,TOTAL,19.0,Poland,Males,Total (16 to 74 years)
2003-03,PL,T,TOTAL,19.6,Poland,Total,Total (16 to 74 years)
2003-03,SE,F,TOTAL,6.2,Sweden,Females,Total (16 to 74 years)
2003-03,SE,M,TOTAL,6.7,Sweden,Males,Total (16 to 74 years)
2003-03,SE,T,TOTAL,6.5,Sweden,Total,Total (16 to 74 years)
2003-04,DE,F,TOTAL,9.3,Germany,Females,Total (16 to 74 years)
2003-04,DE,M,TOTAL,10.0,Germany,Males,Total (16 to 74 years)
2003-04,DE,T,TOTAL,9.7,Germany,Total,Total (16 to 74 years)
2003-04,EL,F,TOTAL,14.9,Greece,Females,Total (16 to 74 years)
2003-04,EL,M,TOTAL,6.3,Greece,Males,Total (16 to 74 years)
2003-04,EL,T,TOTAL,9.7,Greece,Total,Total (16 to 74 years)
2003-04,ES,F,TOTAL,15.9,Spain,Females,Total (16 to 74 years)
2003-04,ES,M,TOTAL,8.4,Spain,Males,Total (16 to 74 years)
2003-04,ES,T,TOTAL,11.4,Spain,Total,Total (16 to 74 years)
2003-04,EU27,F,TOTAL,10.9,European Union - 27 countries (from 2020),Females,Total (16 to 74 years)
2003-04,EU27,M,TOTAL,9.0,European Union - 27 countries (from 2020),Males,Total (16 to 74 years)
2003-04,EU27,T,TOTAL,9.8,European Union - 27 countries (from 2020),Total,Total (16 to 74 years)
2003-04,FR,F,TOTAL,9.5,France,Females,Total (16 to 74 years)
2003-04,FR,M,TOTAL,7.7,France,Males,Total (16 to 74 years)
2003-04,FR,T,TOTAL,8.5,France,Total,Total (16 to 74 years)
2003-04,IT,F,TOTAL,11.2,Italy,Females,Total (16 to 74 years)
2003-04,IT,M,TOTAL,6.6,Italy,Males,Total (16 to 74 years)
2003-04,IT,T,TOTAL,8.4,Italy,Total,Total (16 to 74 years)
2003-04,NL,F,TOTAL,6.7,Netherlands,Females,Total (16 to 74 years)
2003-04,NL,M,TOTAL,5.0,Netherlands,Males,Total (16 to 74 years)
2003-04,NL,T,TOTAL,5.7,Netherlands,Total,Total (16 to 74 years)
2003-04,PL,F,TOTAL,20.2,Poland,Females,Total (16 to 74 years)
2003-04,PL,M,TOTAL,18.9,Poland,Males,Total (16 to 74 years)
2003-04,PL,T,TOTAL,19.5,Poland,Total,Total (16 to 74 years)
2003-04,SE,F,TOTAL,6.1,Sweden,Females,Total (16 to 74 years)
2003-04,SE,M,TOTAL,6.8,Sweden,Males,Total (16 to 74 years)
2003-04,SE,T,TOTAL,6.5,Sweden,Total,Total (16 to 74 years)
2003-05,DE,F,TOTAL,9.3,Germany,Females,Total (16 to 74 years)
2003-05,DE,M,TOTAL,10.1,Germany,Males,Total (16 to 74 years)
2003-05,DE,T,TOTAL,9.7,Germany,Total,Total (16 to 74 years)
2003-05,EL,F,TOTAL,14.8,Greece,Females,Total (16 to 74 years)
2003-05,EL,M,TOTAL,6.3,Greece,Males,Total (16 to 74 years)
2003-05,EL,T,TOTAL,9.7,Greece,Total,Total (16 to 74 years)
2003-05,ES,F,TOTAL,15.7,Spain,Females,Total (16 to 74 years)
2003-05,ES,M,TOTAL,8.3,Spain,Males,Total (16 to 74 years)
2003-05,ES,T,TOTAL,11.3,Spain,Total,Total (16 to 74 years)
2003-05,EU27,F,TOTAL,10.9,European Union - 27 countries (from 2020),Females,Total (16 to 74 years)
2003-05,EU27,M,TOTAL,9.0,European Union - 27 countries (from 2020),Males,Total (16 to 74 years)
2003-05,EU27,T,TOTAL,9.8,European Union - 27 countries (from 2020),Total,Total (16 to 74 years)
2003-05,FR,F,TOTAL,9.4,France,Females,Total (16 to 74 years)
2003-05,FR,M,TOTAL,7.7,France,Males,Total (16 to 74 years)
2003-05,FR,T,TOTAL,8.5,France,Total,Total (16 to 74 years)
2003-05,IT,F,TOTAL,11.4,Italy,Females,Total (16 to 74 years)
2003-05,IT,M,TOTAL,6.6,Italy,Males,Total (16 to 74 years)
2003-05,IT,T,TOTAL,8.5,Italy,Total,Total (16 to 74 years)
2003-05,NL,F,TOTAL,6.8,Netherlands,Females,Total (16 to 74 years)
2003-05,NL,M,TOTAL,5.1,Netherlands,Males,Total (16 to 74 years)
2003-05,NL,T,TOTAL,5.8,Netherlands,Total,Total (16 to 74 years)
2003-05,PL,F,TOTAL,20.3,Poland,Females,Total (16 to 74 years)
2003-05,PL,M,TOTAL,18.8,Poland,Males,Total (16 to 74 years)
2003-05,PL,T,TOTAL,19.5,Poland,Total,Total (16 to 74 years)
2003-05,SE,F,TOTAL,6.1,Sweden,Females,Total (16 to 74 years)
2003-05,SE,M,TOTAL,6.7,Sweden,Males,Total (16 to 74 years)
2003-05,SE,T,TOTAL,6.4,Sweden,Total,Total (16 to 74 years)
2003-06,DE,F,TOTAL,9.4,Germany,Females,Total (16 to 74 years)
2003-06,DE,M,TOTAL,10.1,Germany,Males,Total (16 to 74 years)
2003-06,DE,T,TOTAL,9.8,Germany,Total,Total (16 to 74 years)
2003-06,EL,F,TOTAL,14.9,Greece,Females,Total (16 to 74 years)
2003-06,EL,M,TOTAL,6.3,Greece,Males,Total (16 to 74 years)
2003-06,EL,T,TOTAL,9.7,Greece,Total,Total (16 to 74 years)
2003-06,ES,F,TOTAL,15.9,Spain,Females,Total (16 to 74 years)
2003-06,ES,M,TOTAL,8.5,Spain,Males,Total (16 to 74 years)
2003-06,ES,T,TOTAL,11.5,Spain,Total,Total (16 to 74 years)
2003-06,EU27,F,TOTAL,10.9,European Union - 27 countries (from 2020),Females,Total (16 to 74 years)
2003-06,EU27,M,TOTAL,9.1,European Union - 27 countries (from 2020),Males,Total (16 to 74 years)
2003-06,EU27,T,TOTAL,9.9,European Union - 27 countries (from 2020),Total,Total (16 to 74 years)
2003-06,FR,F,TOTAL,9.4,France,Females,Total (16 to 74 years)
2003-06,FR,M,TOTAL,7.8,France,Males,Total (16 to 74 years)
2003-06,FR,T,TOTAL,8.5,France,Total,Total (16 to 74 years)
2003-06,IT,F,TOTAL,11.4,Italy,Females,Total (16 to 74 years)
2003-06,IT,M,TOTAL,6.6,Italy,Males,Total (16 to 74 years)
2003-06,IT,T,TOTAL,8.5,Italy,Total,Total (16 to 74 years)
2003-06,NL,F,TOTAL,6.9,Netherlands,Females,Total (16 to 74 years)
2003-06,NL,M,TOTAL,5.1,Netherlands,Males,Total (16 to 74 years)
2003-06,NL,T,TOTAL,5.9,Netherlands,Total,Total (16 to 74 years)
2003-06,PL,F,TOTAL,20.5,Poland,Females,Total (16 to 74 years)
2003-06,PL,M,TOTAL,19.0,Poland,Males,Total (16 to 74 years)
2003-06,PL,T,TOTAL,19.7,Poland,Total,Total (16 to 74 years)
2003-06,SE,F,TOTAL,6.1,Sweden,Females,Total (16 to 74 years)
2003-06,SE,M,TOTAL,7.0,Sweden,Males,Total (16 to 74 years)
2003-06,SE,T,TOTAL,6.5,Sweden,Total,Total (16 to 74 years)
2003-07,DE,F,TOTAL,9.4,Germany,Females,Total (16 to 74 years)
2003-07,DE,M,TOTAL,10.1,Germany,Males,Total (16 to 74 years)
2003-07,DE,T,TOTAL,9.8,Germany,Total,Total (16 to 74 years)
2003-07,EL,F,TOTAL,15.1,Greece,Females,Total (16 to 74 years)
2003-07,EL,M,TOTAL,6.1,Greece,Males,Total (16 to 74 years)
2003-07,EL,T,TOTAL,9.7,Greece,Total,Total (16 to 74 years)
2003-07,ES,F,TOTAL,15.9,Spain,Females,Total (16 to 74 years)
2003-07,ES,M,TOTAL,8.6,Spain,Males,Total (16 to 74 years)
2003-07,ES,T,TOTAL,11.6,Spain,Total,Total (16 to 74 years)
2003-07,EU27,F,TOTAL,10.9,European Union - 27 countries (from 2020),Females,Total (16 to 74 years)
2003-07,EU27,M,TOTAL,9.0,European Union - 27 countries (from 2020),Males,Total (16 to 74 years)
2003-07,EU27,T,TOTAL,9.9,European Union - 27 countries (from 2020),Total,Total (16 to 74 years)
2003-07,FR,F,TOTAL,9.2,France,Females,Total (16 to 74 years)
2003-07,FR,M,TOTAL,7.8,France,Males,Total (16 to 74 years)
2003-07,FR,T,TOTAL,8.5,France,Total,Total (16 to 74 years)
2003-07,IT,F,TOTAL,11.3,Italy,Females,Total (16 to 74 years)
2003-07,IT,M,TOTAL,6.4,Italy,Males,Total (16 to 74 years)
2003-07,IT,T,TOTAL,8.4,Italy,Total,Total (16 to 74 years)
2003-07,NL,F,TOTAL,6.9,Netherlands,Females,Total (16 to 74 years)
2003-07,NL,M,TOTAL,5.3,Netherlands,Males,Total (16 to 74 years)
2003-07,NL,T,TOTAL,6.0,Netherlands,Total,Total (16 to 74 years)
2003-07,PL,F,TOTAL,20.8,Poland,Females,Total (16 to 74 years)
2003-07,PL,M,TOTAL,19.2,Poland,Males,Total (16 to 74 years)
2003-07,PL,T,TOTAL,19.9,Poland,Total,Total (16 to 74 years)
2003-07,SE,F,TOTAL,6.2,Sweden,Females,Total (16 to 74 years)
2003-07,SE,M,TOTAL,6.9,Sweden,Males,Total (16 to 74 years)
2003-07,SE,T,TOTAL,6.6,Sweden,Total,Total (16 to 74 years)
2003-08,DE,F,TOTAL,9.4,Germany,Females,Total (16 to 74 years)
2003-08,DE,M,TOTAL,10.0,Germany,Males,Total (16 to 74 years)
2003-08,DE,T,TOTAL,9.8,Germany,Total,Total (16 to 74 years)
2003-08,EL,F,TOTAL,15.0,Greece,Females,Total (16 to 74 years)
2003-08,EL,M,TOTAL,6.1,Greece,Males,Total (16 to 74 years)
2003-08,EL,T,TOTAL,9.7,Greece,Total,Total (16 to 74 years)
2003-08,ES,F,TOTAL,15.8,Spain,Females,Total (16 to 74 years)
2003-08,ES,M,TOTAL,8.6,Spain,Males,Total (16 to 74 years)
2003-08,ES,T,TOTAL,11.5,Spain,Total,Total (16 to 74 years)
2003-08,EU27,F,TOTAL,10.9,European Union - 27 countries (from 2020),Females,Total (16 to 74 years)
2003-08,EU27,M,TOTAL,9.1,European Union - 27 countries (from 2020),Males,Total (16 to 74 years)
2003-08,EU27,T,TOTAL,9.9,European Union - 27 countries (from 2020),Total,Total (16 to 74 years)
2003-08,FR,F,TOTAL,8.9,France,Females,Total (16 to 74 years)
2003-08,FR,M,TOTAL,7.7,France,Males,Total (16 to 74 years)
2003-08,FR,T,TOTAL,8.3,France,Total,Total (16 to 74 years)
2003-08,IT,F,TOTAL,11.3,Italy,Females,Total (16 to 74 years)
2003-08,IT,M,TOTAL,6.3,Italy,Males,Total (16 to 74 years)
2003-08,IT,T,TOTAL,8.4,Italy,Total,Total (16 to 74 years)
2003-08,NL,F,TOTAL,6.9,Netherlands,Females,Total (16 to 74 years)
2003-08,NL,M,TOTAL,5.4,Netherlands,Males,Total (16 to 74 years)
2003-08,NL,T,TOTAL,6.1,Netherlands,Total,Total (16 to 74 years)
2003-08,PL,F,TOTAL,20.9,Poland,Females,Total (16 to 74 years)
2003-08,PL,M,TOTAL,19.2,Poland,Males,Total (16 to 74 years)
2003-08,PL,T,TOTAL,20.0,Poland,Total,Total (16 to 74 years)
2003-08,SE,F,TOTAL,6.5,Sweden,Females,Total (16 to 74 years)
2003-08,SE,M,TOTAL,7.5,Sweden,Males,Total (16 to 74 years)
2003-08,SE,T,TOTAL,7.0,Sweden,Total,Total (16 to 74 years)
2003-09,DE,F,TOTAL,9.5,Germany,Females,Total (16 to 74 years)
2003-09,DE,M,TOTAL,10.0,Germany,Males,Total (16 to 74 years)
2003-09,DE,T,TOTAL,9.8,Germany,Total,Total (16 to 74 years)
2003-09,EL,F,TOTAL,15.1,Greece,Females,Total (16 to 74 years)
2003-09,EL,M,TOTAL,6.1,Greece,Males,Total (16 to 74 years)
2003-09,EL,T,TOTAL,9.7,Greece,Total,Total (16 to 74 years)
2003-09,ES,F,TOTAL,15.7,Spain,Females,Total (16 to 74 years)
2003-09,ES,M,TOTAL,8.6,Spain,Males,Total (16 to 74 years)
2003-09,ES,T,TOTAL,11.5,Spain,Total,Total (16 to 74 years)
2003-09,EU27,F,TOTAL,10.9,European Union - 27 countries (from 2020),Females,Total (16 to 74 years)
2003-09,EU27,M,TOTAL,9.1,European Union - 27 countries (from 2020),Males,Total (16 to 74 years)
2003-09,EU27,T,TOTAL,9.9,European Union - 27 countries (from 2020),Total,Total (16 to 74 years)
2003-09,FR,F,TOTAL,9.1,France,Females,Total (16 to 74 years)
2003-09,FR,M,TOTAL,8.0,France,Males,Total (16 to 74 years)
2003-09,FR,T,TOTAL,8.5,France,Total,Total (16 to 74 years)
2003-09,IT,F,TOTAL,11.3,Italy,Females,Total (16 to 74 years)
2003-09,IT,M,TOTAL,6.3,Italy,Males,Total (16 to 74 years)
2003-09,IT,T,TOTAL,8.4,Italy,Total,Total (16 to 74 years)
2003-09,NL,F,TOTAL,7.0,Netherlands,Females,Total (16 to 74 years)
2003-09,NL,M,TOTAL,5.5,Netherlands,Males,Total (16 to 74 years)
2003-09,NL,T,TOTAL,6.2,Netherlands,Total,Total (16 to 74 years)
2003-09,PL,F,TOTAL,20.8,Poland,Females,Total (16 to 74 years)
2003-09,PL,M,TOTAL,19.2,Poland,Males,Total (16 to 74 years)
2003-09,PL,T,TOTAL,19.9,Poland,Total,Total (16 to 74 years)
2003-09,SE,F,TOTAL,6.5,Sweden,Females,Total (16 to 74 years)
2003-09,SE,M,TOTAL,6.8,Sweden,Males,Total (16 to 74 years)
2003-09,SE,T,TOTAL,6.7,Sweden,Total,Total (16 to 74 years)
2003-10,DE,F,TOTAL,9.5,Germany,Females,Total (16 to 74 years)
2003-10,DE,M,TOTAL,10.0,Germany,Males,Total (16 to 74 years)
2003-10,DE,T,TOTAL,9.8,Germany,Total,Total (16 to 74 years)
2003-10,EL,F,TOTAL,15.3,Greece,Females,Total (16 to 74 years)
2003-10,EL,M,TOTAL,6.2,Greece,Males,Total (16 to 74 years)
2003-10,EL,T,TOTAL,9.9,Greece,Total,Total (16 to 74 years)
2003-10,ES,F,TOTAL,15.5,Spain,Females,Total (16 to 74 years)
2003-10,ES,M,TOTAL,8.5,Spain,Males,Total (16 to 74 years)
2003-10,ES,T,TOTAL,11.4,Spain,Total,Total (16 to 74 years)
2003-10,EU27,F,TOTAL,10.9,European Union - 27 countries (from 2020),Females,Total (16 to 74 years)
2003-10,EU27,M,TOTAL,9.1,European Union - 27 countries (from 2020),Males,Total (16 to 74 years)
2003-10,EU27,T,TOTAL,9.9,European Union - 27 countries (from 2020),Total,Total (16 to 74 years)
2003-10,FR,F,TOTAL,9.4,France,Females,Total (16 to 74 years)
2003-10,FR,M,TOTAL,8.1,France,Males,Total (16 to 74 years)
2003-10,FR,T,TOTAL,8.7,France,Total,Total (16 to 74 years)
2003-10,IT,F,TOTAL,10.9,Italy,Females,Total (16 to 74 years)
2003-10,IT,M,TOTAL,6.4,Italy,Males,Total (16 to 74 years)
2003-10,IT,T,TOTAL,8.2,Italy,Total,Total (16 to 74 years)
2003-10,NL,F,TOTAL,7.0,Netherlands,Females,Total (16 to 74 years)
2003-10,NL,M,TOTAL,5.6,Netherlands,Males,Total (16 to 74 years)
2003-10,NL,T,TOTAL,6.2,Netherlands,Total,Total (16 to 74 years)
2003-10,PL,F,TOTAL,20.6,Poland,Females,Total (16 to 74 years)
2003-10,PL,M,TOTAL,19.1,Poland,Males,Total (16 to 74 years)
2003-10,PL,T,TOTAL,19.8,Poland,Total,Total (16 to 74 years)
2003-10,SE,F,TOTAL,6.9,Sweden,Females,Total (16 to 74 years)
2003-10,SE,M,TOTAL,7.2,Sweden,Males,Total (16 to 74 years)
2003-10,SE,T,TOTAL,7.0,Sweden,Total,Total (16 to 74 years)
2003-11,DE,F,TOTAL,9.5,Germany,Females,Total (16 to 74 years)
2003-11,DE,M,TOTAL,9.9,Germany,Males,Total (16 to 74 years)
2003-11,DE,T,TOTAL,9.8,Germany,Total,Total (16 to 74 years)
2003-11,EL,F,TOTAL,15.3,Greece,Females,Total (16 to 74 years)
2003-11,EL,M,TOTAL,6.2,Greece,Males,Total (16 to 74 years)
2003-11,EL,T,TOTAL,9.9,Greece,Total,Total (16 to 74 years)
2003-11,ES,F,TOTAL,15.4,Spain,Females,Total (16 to 74 years)
2003-11,ES,M,TOTAL,8.5,Spain,Males,Total (16 to 74 years)
2003-11,ES,T,TOTAL,11.3,Spain,Total,Total (16 to 74 years)
2003-11,EU27,F,TOTAL,10.9,European Union - 27 countries (from 2020),Females,Total (16 to 74 years)
2003-11,EU27,M,TOTAL,9.1,European Union - 27 countries (from 2020),Males,Total (16 to 74 years)
2003-11,EU27,T,TOTAL,9.9,European Union - 27 countries (from 2020),Total,Total (16 to 74 years)
2003-11,FR,F,TOTAL,9.5,France,Females,Total (16 to 74 years)
2003-11,FR,M,TOTAL,8.1,France,Males,Total (16 to 74 years)
2003-11,FR,T,TOTAL,8.8,France,Total,Total (16 to 74 years)
2003-11,IT,F,TOTAL,10.9,Italy,Females,Total (16 to 74 years)
2003-11,IT,M,TOTAL,6.3,Italy,Males,Total (16 to 74 years)
2003-11,IT,T,TOTAL,8.2,Italy,Total,Total (16 to 74 years)
2003-11,NL,F,TOTAL,7.1,Netherlands,Females,Total (16 to 74 years)
2003-11,NL,M,TOTAL,5.7,Netherlands,Males,Total (16 to 74 years)
2003-11,NL,T,TOTAL,6.4,Netherlands,Total,Total (16 to 74 years)
2003-11,PL,F,TOTAL,20.5,Poland,Females,Total (16 to 74 years)
2003-11,PL,M,TOTAL,19.1,Poland,Males,Total (16 to 74 years)
2003-11,PL,T,TOTAL,19.7,Poland,Total,Total (16 to 74 years)
2003-11,SE,F,TOTAL,6.8,Sweden,Females,Total (16 to 74 years)
2003-11,SE,M,TOTAL,8.0,Sweden,Males,Total (16 to 74 years)
2003-11,SE,T,TOTAL,7.4,Sweden,Total,Total (16 to 74 years)
2003-12,DE,F,TOTAL,9.6,Germany,Females,Total (16 to 74 years)
2003-12,DE,M,TOTAL,9.9,Germany,Males,Total (16 to 74 years)
2003-12,DE,T,TOTAL,9.8,Germany,Total,Total (16 to 74 years)
2003-12,EL,F,TOTAL,15.4,Greece,Females,Total (16 to 74 years)
2003-12,EL,M,TOTAL,6.2,Greece,Males,Total (16 to 74 years)
2003-12,EL,T,TOTAL,9.9,Greece,Total,Total (16 to 74 years)
2003-12,ES,F,TOTAL,15.3,Spain,Females,Total (16 to 74 years)
2003-12,ES,M,TOTAL,8.7,Spain,Males,Total (16 to 74 years)
2003-12,ES,T,TOTAL,11.4,Spain,Total,Total (16 to 74 years)
2003-12,EU27,F,TOTAL,11.0,European Union - 27 countries (from 2020),Females,Total (16 to 74 years)
2003-12,EU27,M,TOTAL,9.2,European Union - 27 countries (from 2020),Males,Total (16 to 74 years)
2003-12,EU27,T,TOTAL,10.0,European Union - 27 countries (from 2020),Total,Total (16 to 74 years)
2003-12,FR,F,TOTAL,9.9,France,Females,Total (16 to 74 years)
2003-12,FR,M,TOTAL,8.2,France,Males,Total (16 to 74 years)
2003-12,FR,T,TOTAL,9.0,France,Total,Total (16 to 74 years)
2003-12,IT,F,TOTAL,10.9,Italy,Females,Total (16 to 74 years)
2003-12,IT,M,TOTAL,6.3,Italy,Males,Total (16 to 74 years)
2003-12,IT,T,TOTAL,8.2,Italy,Total,Total (16 to 74 years)
2003-12,NL,F,TOTAL,7.2,Netherlands,Females,Total (16 to 74 years)
2003-12,NL,M,TOTAL,5.9,Netherlands,Males,Total (16 to 74 years)
2003-12,NL,T,TOTAL,6.5,Netherlands,Total,Total (16 to 74 years)
2003-12,PL,F,TOTAL,20.7,Poland,Females,Total (16 to 74 years)
2003-12,PL,M,TOTAL,19.1,Poland,Males,Total (16 to 74 years)
2003-12,PL,T,TOTAL,19.8,Poland,Total,Total (16 to 74 years)
2003-12,SE,F,TOTAL,6.8,Sweden,Females,Total (16 to 74 years)
2003-12,SE,M,TOTAL,7.6,Sweden,Males,Total (16 to 74 years)
2003-12,SE,T,TOTAL,7.2,Sweden,Total,Total (16 to 74 years)
2004-01,DE,F,TOTAL,9.6,Germany,Females,Total (16 to 74 years)
2004-01,DE,M,TOTAL,9.9,Germany,Males,Total (16 to 74 years)
2004-01,DE,T,TOTAL,9.8,Germany,Total,Total (16 to 74 years)
2004-01,EL,F,TOTAL,16.6,Greece,Females,Total (16 to 74 years)
2004-01,EL,M,TOTAL,7.4,Greece,Males,Total (16 to 74 years)
2004-01,EL,T,TOTAL,11.1,Greece,Total,Total (16 to 74 years)
2004-01,ES,F,TOTAL,15.3,Spain,Females,Total (16 to 74 years)
2004-01,ES,M,TOTAL,8.6,Spain,Males,Total (16 to 74 years)
2004-01,ES,T,TOTAL,11.3,Spain,Total,Total (16 to 74 years)
2004-01,EU27,F,TOTAL,11.2,European Union - 27 countries (from 2020),Females,Total (16 to 74 years)
2004-01,EU27,M,TOTAL,9.2,European Union - 27 countries (from 2020),Males,Total (16 to 74 years)
2004-01,EU27,T,TOTAL,10.1,European Union - 27 countries (from 2020),Total,Total (16 to 74 years)
2004-01,FR,F,TOTAL,9.9,France,Females,Total (16 to 74 years)
2004-01,FR,M,TOTAL,8.1,France,Males,Total (16 to 74 years)
2004-01,FR,T,TOTAL,8.9,France,Total,Total (16 to 74 years)
2004-01,IT,F,TOTAL,11.1,Italy,Females,Total (16 to 74 years)
2004-01,IT,M,TOTAL,6.3,Italy,Males,Total (16 to 74 years)
2004-01,IT,T,TOTAL,8.3,Italy,Total,Total (16 to 74 years)
2004-01,NL,F,TOTAL,7.2,Netherlands,Females,Total (16 to 74 years)
2004-01,NL,M,TOTAL,6.0,Netherlands,Males,Total (16 to 74 years)
2004-01,NL,T,TOTAL,6.5,Netherlands,Total,Total (16 to 74 years)
2004-01,PL,F,TOTAL,21.0,Poland,Females,Total (16 to 74 years)
2004-01,PL,M,TOTAL,19.2,Poland,Males,Total (16 to 74 years)
2004-01,PL,T,TOTAL,20.0,Poland,Total,Total (16 to 74 years)
2004-01,SE,F,TOTAL,6.6,Sweden,Females,Total (16 to 74 years)
2004-01,SE,M,TOTAL,7.3,Sweden,Males,Total (16 to 74 years)
2004-01,SE,T,TOTAL,7.0,Sweden,Total,Total (16 to 74 years)
2004-02,DE,F,TOTAL,9.7,Germany,Females,Total (16 to 74 years)
2004-02,DE,M,TOTAL,10.5,Germany,Males,Total (16 to 74 years)
2004-02,DE,T,TOTAL,10.1,Germany,Total,Total (16 to 74 years)
2004-02,EL,F,TOTAL,16.3,Greece,Females,Total (16 to 74 years)
2004-02,EL,M,TOTAL,6.4,Greece,Males,Total (16 to 74 years)
2004-02,EL,T,TOTAL,10.5,Greece,Total,Total (16 to 74 years)
2004-02,ES,F,TOTAL,15.2,Spain,Females,Total (16 to 74 years)
2004-02,ES,M,TOTAL,8.4,Spain,Males,Total (16 to 74 years)
2004-02,ES,T,TOTAL,11.2,Spain,Total,Total (16 to 74 years)
2004-02,EU27,F,TOTAL,11.1,European Union - 27 countries (from 2020),Females,Total (16 to 74 years)
2004-02,EU27,M,TOTAL,9.2,European Union - 27 countries (from 2020),Males,Total (16 to 74 years)
2004-02,EU27,T,TOTAL,10.0,European Union - 27 countries (from 2020),Total,Total (16 to 74 years)
2004-02,FR,F,TOTAL,9.9,France,Females,Total (16 to 74 years)
2004-02,FR,M,TOTAL,8.0,France,Males,Total (16 to 74 years)
2004-02,FR,T,TOTAL,8.9,France,Total,Total (16 to 74 years)
2004-02,IT,F,TOTAL,10.7,Italy,Females,Total (16 to 74 years)
2004-02,IT,M,TOTAL,6.3,Italy,Males,Total (16 to 74 years)
2004-02,IT,T,TOTAL,8.1,Italy,Total,Total (16 to 74 years)
2004-02,NL,F,TOTAL,7.3,Netherlands,Females,Total (16 to 74 years)
2004-02,NL,M,TOTAL,6.0,Netherlands,Males,Total (16 to 74 years)
2004-02,NL,T,TOTAL,6.6,Netherlands,Total,Total (16 to 74 years)
2004-02,PL,F,TOTAL,20.9,Poland,Females,Total (16 to 74 years)
2004-02,PL,M,TOTAL,19.1,Poland,Males,Total (16 to 74 years)
2004-02,PL,T,TOTAL,19.9,Poland,Total,Total (16 to 74 years)
2004-02,SE,F,TOTAL,7.0,Sweden,Females,Total (16 to 74 years)
2004-02,SE,M,TOTAL,8.2,Sweden,Males,Total (16 to 74 years)
2004-02,SE,T,TOTAL,7.6,Sweden,Total,Total (16 to 74 years)
2004-03,DE,F,TOTAL,10.0,Germany,Females,Total (16 to 74 years)
2004-03,DE,M,TOTAL,10.4,Germany,Males,Total (16 to 74 years)
2004-03,DE,T,TOTAL,10.3,Germany,Total,Total (16 to 74 years)
2004-03,EL,F,TOTAL,16.2,Greece,Females,Total (16 to 74 years)
2004-03,EL,M,TOTAL,6.9,Greece,Males,Total (16 to 74 years)
2004-03,EL,T,TOTAL,10.7,Greece,Total,Total (16 to 74 years)
2004-03,ES,F,TOTAL,15.1,Spain,Females,Total (16 to 74 years)
2004-03,ES,M,TOTAL,8.3,Spain,Males,Total (16 to 74 years)
2004-03,ES,T,TOTAL,11.1,Spain,Total,Total (16 to 74 years)
2004-03,EU27,F,TOTAL,11.1,European Union - 27 countries (from 2020),Females,Total (16 to 74 years)
2004-03,EU27,M,TOTAL,9.2,European Union - 27 countries (from 2020),Males,Total (16 to 74 years)
2004-03,EU27,T,TOTAL,10.1,European Union - 27 countries (from 2020),Total,Total (16 to 74 years)
2004-03,FR,F,TOTAL,9.8,France,Females,Total (16 to 74 years)
2004-03,FR,M,TOTAL,8.0,France,Males,Total (16 to 74 years)
2004-03,FR,T,TOTAL,8.9,France,Total,Total (16 to 74 years)
2004-03,IT,F,TOTAL,10.7,Italy,Females,Total (16 to 74 years)
2004-03,IT,M,TOTAL,6.5,Italy,Males,Total (16 to 74 years)
2004-03,IT,T,TOTAL,8.2,Italy,Total,Total (16 to 74 years)
2004-03,NL,F,TOTAL,7.5,Netherlands,Females,Total (16 to 74 years)
2004-03,NL,M,TOTAL,6.0,Netherlands,Males,Total (16 to 74 years)
2004-03,NL,T,TOTAL,6.7,Netherlands,Total,Total (16 to 74 years)
2004-03,PL,F,TOTAL,20.8,Poland,Females,Total (16 to 74 years)
2004-03,PL,M,TOTAL,18.9,Poland,Males,Total (16 to 74 years)
2004-03,PL,T,TOTAL,19.8,Poland,Total,Total (16 to 74 years)
2004-03,SE,F,TOTAL,7.3,Sweden,Females,Total (16 to 74 years)
2004-03,SE,M,TOTAL,7.8,Sweden,Males,Total (16 to 74 years)
2004-03,SE,T,TOTAL,7.6,Sweden,Total,Total (16 to 74 years)
2004-04,DE,F,TOTAL,10.1,Germany,Females,Total (16 to 74 years)
2004-04,DE,M,TOTAL,10.4,Germany,Males,Total (16 to 74 years)
2004-04,DE,T,TOTAL,10.3,Germany,Total,Total (16 to 74 years)
2004-04,EL,F,TOTAL,16.1,Greece,Females,Total (16 to 74 years)
2004-04,EL,M,TOTAL,6.9,Greece,Males,Total (16 to 74 years)
2004-04,EL,T,TOTAL,10.7,Greece,Total,Total (16 to 74 years)
2004-04,ES,F,TOTAL,15.3,Spain,Females,Total (16 to 74 years)
2004-04,ES,M,TOTAL,8.4,Spain,Males,Total (16 to 74 years)
2004-04,ES,T,TOTAL,11.2,Spain,Total,Total (16 to 74 years)
2004-04,EU27,F,TOTAL,11.1,European Union - 27 countries (from 2020),Females,Total (16 to 74 years)
2004-04,EU27,M,TOTAL,9.2,European Union - 27 countries (from 2020),Males,Total (16 to 74 years)
2004-04,EU27,T,TOTAL,10.0,European Union - 27 countries (from 2020),Total,Total (16 to 74 years)
2004-04,FR,F,TOTAL,9.6,France,Females,Total (16 to 74 years)
2004-04,FR,M,TOTAL,8.0,France,Males,Total (16 to 74 years)
2004-04,FR,T,TOTAL,8.8,France,Total,Total (16 to 74 years)
2004-04,IT,F,TOTAL,10.8,Italy,Females,Total (16 to 74 years)
2004-04,IT,M,TOTAL,6.3,Italy,Males,Total (16 to 74 years)
2004-04,IT,T,TOTAL,8.1,Italy,Total,Total (16 to 74 years)
2004-04,NL,F,TOTAL,7.7,Netherlands,Females,Total (16 to 74 years)
2004-04,NL,M,TOTAL,6.2,Netherlands,Males,Total (16 to 74 years)
2004-04,NL,T,TOTAL,6.9,Netherlands,Total,Total (16 to 74 years)
2004-04,PL,F,TOTAL,20.5,Poland,Females,Total (16 to 74 years)
2004-04,PL,M,TOTAL,18.6,Poland,Males,Total (16 to 74 years)
2004-04,PL,T,TOTAL,19.5,Poland,Total,Total (16 to 74 years)
2004-04,SE,F,TOTAL,7.0,Sweden,Females,Total (16 to 74 years)
2004-04,SE,M,TOTAL,7.5,Sweden,Males,Total (16 to 74 years)
2004-04,SE,T,TOTAL,7.3,Sweden,Total,Total (16 to 74 years)
2004-05,DE,F,TOTAL,10.1,Germany,Females,Total (16 to 74 years)
2004-05,DE,M,TOTAL,10.4,Germany,Males,Total (16 to 74 years)
2004-05,DE,T,TOTAL,10.3,Germany,Total,Total (16 to 74 years)
2004-05,EL,F,TOTAL,16.4,Greece,Females,Total (16 to 74 years)
2004-05,EL,M,TOTAL,6.6,Greece,Males,Total (16 to 74 years)
2004-05,EL,T,TOTAL,10.6,Greece,Total,Total (16 to 74 years)
2004-05,ES,F,TOTAL,15.1,Spain,Females,Total (16 to 74 years)
2004-05,ES,M,TOTAL,8.4,Spain,Males,Total (16 to 74 years)
2004-05,ES,T,TOTAL,11.2,Spain,Total,Total (16 to 74 years)
2004-05,EU27,F,TOTAL,11.1,European Union - 27 countries (from 2020),Females,Total (16 to 74 years)
2004-05,EU27,M,TOTAL,9.2,European Union - 27 countries (from 2020),Males,Total (16 to 74 years)
2004-05,EU27,T,TOTAL,10.0,European Union - 27 countries (from 2020),Total,Total (16 to 74 years)
2004-05,FR,F,TOTAL,9.5,France,Females,Total (16 to 74 years)
2004-05,FR,M,TOTAL,8.1,France,Males,Total (16 to 74 years)
2004-05,FR,T,TOTAL,8.7,France,Total,Total (16 to 74 years)
2004-05,IT,F,TOTAL,10.7,Italy,Females,Total (16 to 74 years)
2004-05,IT,M,TOTAL,6.5,Italy,Males,Total (16 to 74 years)
2004-05,IT,T,TOTAL,8.2,Italy,Total,Total (16 to 74 years)
2004-05,NL,F,TOTAL,7.9,Netherlands,Females,Total (16 to 74 years)
2004-05,NL,M,TOTAL,6.2,Netherlands,Males,Total (16 to 74 years)
2004-05,NL,T,TOTAL,7.0,Netherlands,Total,Total (16 to 74 years)
2004-05,PL,F,TOTAL,20.3,Poland,Females,Total (16 to 74 years)
2004-05,PL,M,TOTAL,18.5,Poland,Males,Total (16 to 74 years)
2004-05,PL,T,TOTAL,19.3,Poland,Total,Total (16 to 74 years)
2004-05,SE,F,TOTAL,7.4,Sweden,Females,Total (16 to 74 years)
2004-05,SE,M,TOTAL,8.1,Sweden,Males,Total (16 to 74 years)
2004-05,SE,T,TOTAL,7.8,Sweden,Total,Total (16 to 74 years)
2004-06,DE,F,TOTAL,10.1,Germany,Females,Total (16 to 74 years)
2004-06,DE,M,TOTAL,10.4,Germany,Males,Total (16 to 74 years)
2004-06,DE,T,TOTAL,10.3,Germany,Total,Total (16 to 74 years)
2004-06,EL,F,TOTAL,16.4,Greece,Females,Total (16 to 74 years)
2004-06,EL,M,TOTAL,6.6,Greece,Males,Total (16 to 74 years)
2004-06,EL,T,TOTAL,10.6,Greece,Total,Total (16 to 74 years)
2004-06,ES,F,TOTAL,15.1,Spain,Females,Total (16 to 74 years)
2004-06,ES,M,TOTAL,8.4,Spain,Males,Total (16 to 74 years)
2004-06,ES,T,TOTAL,11.2,Spain,Total,Total (16 to 74 years)
2004-06,EU27,F,TOTAL,11.0,European Union - 27 countries (from 2020),Females,Total (16 to 74 years)
2004-06,EU27,M,TOTAL,9.2,European Union - 27 countries (from 2020),Males,Total (16 to 74 years)
2004-06,EU27,T,TOTAL,10.0,European Union - 27 countries (from 2020),Total,Total (16 to 74 years)
2004-06,FR,F,TOTAL,9.5,France,Females,Total (16 to 74 years)
2004-06,FR,M,TOTAL,8.1,France,Males,Total (16 to 74 years)
2004-06,FR,T,TOTAL,8.8,France,Total,Total (16 to 74 years)
2004-06,IT,F,TOTAL,10.1,Italy,Females,Total (16 to 74 years)
2004-06,IT,M,TOTAL,6.5,Italy,Males,Total (16 to 74 years)
2004-06,IT,T,TOTAL,8.0,Italy,Total,Total (16 to 74 years)
2004-06,NL,F,TOTAL,7.9,Netherlands,Females,Total (16 to 74 years)
2004-06,NL,M,TOTAL,6.1,Netherlands,Males,Total (16 to 74 years)
2004-06,NL,T,TOTAL,6.9,Netherlands,Total,Total (16 to 74 years)
2004-06,PL,F,TOTAL,20.1,Poland,Females,Total (16 to 74 years)
2004-06,PL,M,TOTAL,18.5,Poland,Males,Total (16 to 74 years)
2004-06,PL,T,TOTAL,19.2,Poland,Total,Total (16 to 74 years)
2004-06,SE,F,TOTAL,7.4,Sweden,Females,Total (16 to 74 years)
2004-06,SE,M,TOTAL,7.8,Sweden,Males,Total (16 to 74 years)
2004-06,SE,T,TOTAL,7.6,Sweden,Total,Total (16 to 74 years)
2004-07,DE,F,TOTAL,10.1,Germany,Females,Total (16 to 74 years)
2004-07,DE,M,TOTAL,10.5,Germany,Males,Total (16 to 74 years)
2004-07,DE,T,TOTAL,10.3,Germany,Total,Total (16 to 74 years)
2004-07,EL,F,TOTAL,16.5,Greece,Females,Total (16 to 74 years)
2004-07,EL,M,TOTAL,6.7,Greece,Males,Total (16 to 74 years)
2004-07,EL,T,TOTAL,10.7,Greece,Total,Total (16 to 74 years)
2004-07,ES,F,TOTAL,14.7,Spain,Females,Total (16 to 74 years)
2004-07,ES,M,TOTAL,8.4,Spain,Males,Total (16 to 74 years)
2004-07,ES,T,TOTAL,11.0,Spain,Total,Total (16 to 74 years)
2004-07,EU27,F,TOTAL,10.9,European Union - 27 countries (from 2020),Females,Total (16 to 74 years)
2004-07,EU27,M,TOTAL,9.2,European Union - 27 countries (from 2020),Males,Total (16 to 74 years)
2004-07,EU27,T,TOTAL,9.9,European Union - 27 countries (from 2020),Total,Total (16 to 74 years)
2004-07,FR,F,TOTAL,9.5,France,Females,Total (16 to 74 years)
2004-07,FR,M,TOTAL,8.2,France,Males,Total (16 to 74 years)
2004-07,FR,T,TOTAL,8.8,France,Total,Total (16 to 74 years)
2004-07,IT,F,TOTAL,10.3,Italy,Females,Total (16 to 74 years)
2004-07,IT,M,TOTAL,6.3,Italy,Males,Total (16 to 74 years)
2004-07,IT,T,TOTAL,7.9,Italy,Total,Total (16 to 74 years)
2004-07,NL,F,TOTAL,7.7,Netherlands,Females,Total (16 to 74 years)
2004-07,NL,M,TOTAL,6.0,Netherlands,Males,Total (16 to 74 years)
2004-07,NL,T,TOTAL,6.8,Netherlands,Total,Total (16 to 74 years)
2004-07,PL,F,TOTAL,19.7,Poland,Females,Total (16 to 74 years)
2004-07,PL,M,TOTAL,18.5,Poland,Males,Total (16 to 74 years)
2004-07,PL,T,TOTAL,19.0,Poland,Total,Total (16 to 74 years)
2004-07,SE,F,TOTAL,7.3,Sweden,Females,Total (16 to 74 years)
2004-07,SE,M,TOTAL,7.4,Sweden,Males,Total (16 to 74 years)
2004-07,SE,T,TOTAL,7.3,Sweden,Total,Total (16 to 74 years)
2004-08,DE,F,TOTAL,10.1,Germany,Females,Total (16 to 74 years)
2004-08,DE,M,TOTAL,10.6,Germany,Males,Total (16 to 74 years)
2004-08,DE,T,TOTAL,10.4,Germany,Total,Total (16 to 74 years)
2004-08,EL,F,TOTAL,16.4,Greece,Females,Total (16 to 74 years)
2004-08,EL,M,TOTAL,6.7,Greece,Males,Total (16 to 74 years)
2004-08,EL,T,TOTAL,10.7,Greece,Total,Total (16 to 74 years)
2004-08,ES,F,TOTAL,14.6,Spain,Females,Total (16 to 74 years)
2004-08,ES,M,TOTAL,8.5,Spain,Males,Total (16 to 74 years)
2004-08,ES,T,TOTAL,11.0,Spain,Total,Total (16 to 74 years)
2004-08,EU27,F,TOTAL,10.9,European Union - 27 countries (from 2020),Females,Total (16 to 74 years)
2004-08,EU27,M,TOTAL,9.2,European Union - 27 countries (from 2020),Males,Total (16 to 74 years)
2004-08,EU27,T,TOTAL,10.0,European Union - 27 countries (from 2020),Total,Total (16 to 74 years)
2004-08,FR,F,TOTAL,9.6,France,Females,Total (16 to 74 years)
2004-08,FR,M,TOTAL,8.2,France,Males,Total (16 to 74 years)
2004-08,FR,T,TOTAL,8.9,France,Total,Total (16 to 74 years)
2004-08,IT,F,TOTAL,10.1,Italy,Females,Total (16 to 74 years)
2004-08,IT,M,TOTAL,6.2,Italy,Males,Total (16 to 74 years)
2004-08,IT,T,TOTAL,7.8,Italy,Total,Total (16 to 74 years)
2004-08,NL,F,TOTAL,7.7,Netherlands,Females,Total (16 to 74 years)
2004-08,NL,M,TOTAL,5.9,Netherlands,Males,Total (16 to 74 years)
2004-08,NL,T,TOTAL,6.7,Netherlands,Total,Total (16 to 74 years)
2004-08,PL,F,TOTAL,19.5,Poland,Females,Total (16 to 74 years)
2004-08,PL,M,TOTAL,18.3,Poland,Males,Total (16 to 74 years)
2004-08,PL,T,TOTAL,18.9,Poland,Total,Total (16 to 74 years)
2004-08,SE,F,TOTAL,7.2,Sweden,Females,Total (16 to 74 years)
2004-08,SE,M,TOTAL,7.7,Sweden,Males,Total (16 to 74 years)
2004-08,SE,T,TOTAL,7.4,Sweden,Total,Total (16 to 74 years)
2004-09,DE,F,TOTAL,10.2,Germany,Females,Total (16 to 74 years)
2004-09,DE,M,TOTAL,10.7,Germany,Males,Total (16 to 74 years)
2004-09,DE,T,TOTAL,10.4,Germany,Total,Total (16 to 74 years)
2004-09,EL,F,TOTAL,16.3,Greece,Females,Total (16 to 74 years)
2004-09,EL,M,TOTAL,6.4,Greece,Males,Total (16 to 74 years)
2004-09,EL,T,TOTAL,10.5,Greece,Total,Total (16 to 74 years)
2004-09,ES,F,TOTAL,14.5,Spain,Females,Total (16 to 74 years)
2004-09,ES,M,TOTAL,8.3,Spain,Males,Total (16 to 74 years)
2004-09,ES,T,TOTAL,10.9,Spain,Total,Total (16 to 74 years)
2004-09,EU27,F,TOTAL,10.9,European Union - 27 countries (from 2020),Females,Total (16 to 74 years)
2004-09,EU27,M,TOTAL,9.2,European Union - 27 countries (from 2020),Males,Total (16 to 74 years)
2004-09,EU27,T,TOTAL,10.0,European Union - 27 countries (from 2020),Total,Total (16 to 74 years)
2004-09,FR,F,TOTAL,9.6,France,Females,Total (16 to 74 years)
2004-09,FR,M,TOTAL,8.3,France,Males,Total (16 to 74 years)
2004-09,FR,T,TOTAL,8.9,France,Total,Total (16 to 74 years)
2004-09,IT,F,TOTAL,10.3,Italy,Females,Total (16 to 74 years)
2004-09,IT,M,TOTAL,6.4,Italy,Males,Total (16 to 74 years)
2004-09,IT,T,TOTAL,8.0,Italy,Total,Total (16 to 74 years)
2004-09,NL,F,TOTAL,7.7,Netherlands,Females,Total (16 to 74 years)
2004-09,NL,M,TOTAL,5.9,Netherlands,Males,Total (16 to 74 years)
2004-09,NL,T,TOTAL,6.7,Netherlands,Total,Total (16 to 74 years)
2004-09,PL,F,TOTAL,19.4,Poland,Females,Total (16 to 74 years)
2004-09,PL,M,TOTAL,18.1,Poland,Males,Total (16 to 74 years)
2004-09,PL,T,TOTAL,18.7,Poland,Total,Total (16 to 74 years)
2004-09,SE,F,TOTAL,8.2,Sweden,Females,Total (16 to 74 years)
2004-09,SE,M,TOTAL,7.8,Sweden,Males,Total (16 to 74 years)
2004-09,SE,T,TOTAL,8.0,Sweden,Total,Total (16 to 74 years)
2004-10,DE,F,TOTAL,10.2,Germany,Females,Total (16 to 74 years)
2004-10,DE,M,TOTAL,10.8,Germany,Males,Total (16 to 74 years)
2004-10,DE,T,TOTAL,10.5,Germany,Total,Total (16 to 74 years)
2004-10,EL,F,TOTAL,16.1,Greece,Females,Total (16 to 74 years)
2004-10,EL,M,TOTAL,6.5,Greece,Males,Total (16 to 74 years)
2004-10,EL,T,TOTAL,10.5,Greece,Total,Total (16 to 74 years)
2004-10,ES,F,TOTAL,14.5,Spain,Females,Total (16 to 74 years)
2004-10,ES,M,TOTAL,8.0,Spain,Males,Total (16 to 74 years)
2004-10,ES,T,TOTAL,10.7,Spain,Total,Total (16 to 74 years)
2004-10,EU27,F,TOTAL,11.0,European Union - 27 countries (from 2020),Females,Total (16 to 74 years)
2004-10,EU27,M,TOTAL,9.2,European Union - 27 countries (from 2020),Males,Total (16 to 74 years)
2004-10,EU27,T,TOTAL,10.0,European Union - 27 countries (from 2020),Total,Total (16 to 74 years)
2004-10,FR,F,TOTAL,9.7,France,Females,Total (16 to 74 years)
2004-10,FR,M,TOTAL,8.3,France,Males,Total (16 to 74 years)
2004-10,FR,T,TOTAL,9.0,France,Total,Total (16 to 74 years)
2004-10,IT,F,TOTAL,10.3,Italy,Females,Total (16 to 74 years)
2004-10,IT,M,TOTAL,6.3,Italy,Males,Total (16 to 74 years)
2004-10,IT,T,TOTAL,7.9,Italy,Total,Total (16 to 74 years)
2004-10,NL,F,TOTAL,7.8,Netherlands,Females,Total (16 to 74 years)
2004-10,NL,M,TOTAL,6.0,Netherlands,Males,Total (16 to 74 years)
2004-10,NL,T,TOTAL,6.8,Netherlands,Total,Total (16 to 74 years)
2004-10,PL,F,TOTAL,19.6,Poland,Females,Total (16 to 74 years)
2004-10,PL,M,TOTAL,17.8,Poland,Males,Total (16 to 74 years)
2004-10,PL,T,TOTAL,18.6,Poland,Total,Total (16 to 74 years)
2004-10,SE,F,TOTAL,7.4,Sweden,Females,Total (16 to 74 years)
2004-10,SE,M,TOTAL,7.2,Sweden,Males,Total (16 to 74 years)
2004-10,SE,T,TOTAL,7.3,Sweden,Total,Total (16 to 74 years)
2004-11,DE,F,TOTAL,10.2,Germany,Females,Total (16 to 74 years)
2004-11,DE,M,TOTAL,10.9,Germany,Males,Total (16 to 74 years)
2004-11,DE,T,TOTAL,10.6,Germany,Total,Total (16 to 74 years)
2004-11,EL,F,TOTAL,16.1,Greece,Females,Total (16 to 74 years)
2004-11,EL,M,TOTAL,6.5,Greece,Males,Total (16 to 74 years)
2004-11,EL,T,TOTAL,10.4,Greece,Total,Total (16 to 74 years)
2004-11,ES,F,TOTAL,14.4,Spain,Females,Total (16 to 74 years)
2004-11,ES,M,TOTAL,7.8,Spain,Males,Total (16 to 74 years)
2004-11,ES,T,TOTAL,10.6,Spain,Total,Total (16 to 74 years)
2004-11,EU27,F,TOTAL,11.0,European Union - 27 countries (from 2020),Females,Total (16 to 74 years)
2004-11,EU27,M,TOTAL,9.2,European Union - 27 countries (from 2020),Males,Total (16 to 74 years)
2004-11,EU27,T,TOTAL,10.0,European Union - 27 countries (from 2020),Total,Total (16 to 74 years)
2004-11,FR,F,TOTAL,9.7,France,Females,Total (16 to 74 years)
2004-11,FR,M,TOTAL,8.4,France,Males,Total (16 to 74 years)
2004-11,FR,T,TOTAL,9.0,France,Total,Total (16 to 74 years)
2004-11,IT,F,TOTAL,10.4,Italy,Females,Total (16 to 74 years)
2004-11,IT,M,TOTAL,6.5,Italy,Males,Total (16 to 74 years)
2004-11,IT,T,TOTAL,8.1,Italy,Total,Total (16 to 74 years)
2004-11,NL,F,TOTAL,7.8,Netherlands,Females,Total (16 to 74 years)
2004-11,NL,M,TOTAL,6.0,Netherlands,Males,Total (16 to 74 years)
2004-11,NL,T,TOTAL,6.8,Netherlands,Total,Total (16 to 74 years)
2004-11,PL,F,TOTAL,19.7,Poland,Females,Total (16 to 74 years)
2004-11,PL,M,TOTAL,17.3,Poland,Males,Total (16 to 74 years)
2004-11,PL,T,TOTAL,18.4,Poland,Total,Total (16 to 74 years)
2004-11,SE,F,TOTAL,7.6,Sweden,Females,Total (16 to 74 years)
2004-11,SE,M,TOTAL,7.7,Sweden,Males,Total (16 to 74 years)
2004-11,SE,T,TOTAL,7.7,Sweden,Total,Total (16 to 74 years)
2004-12,DE,F,TOTAL,10.3,Germany,Females,Total (16 to 74 years)
2004-12,DE,M,TOTAL,11.0,Germany,Males,Total (16 to 74 years)
2004-12,DE,T,TOTAL,10.7,Germany,Total,Total (16 to 74 years)
2004-12,EL,F,TOTAL,15.9,Greece,Females,Total (16 to 74 years)
2004-12,EL,M,TOTAL,6.2,Greece,Males,Total (16 to 74 years)
2004-12,EL,T,TOTAL,10.2,Greece,Total,Total (16 to 74 years)
2004-12,ES,F,TOTAL,14.1,Spain,Females,Total (16 to 74 years)
2004-12,ES,M,TOTAL,7.7,Spain,Males,Total (16 to 74 years)
2004-12,ES,T,TOTAL,10.3,Spain,Total,Total (16 to 74 years)
2004-12,EU27,F,TOTAL,10.9,European Union - 27 countries (from 2020),Females,Total (16 to 74 years)
2004-12,EU27,M,TOTAL,9.1,European Union - 27 countries (from 2020),Males,Total (16 to 74 years)
2004-12,EU27,T,TOTAL,9.9,European Union - 27 countries (from 2020),Total,Total (16 to 74 years)
2004-12,FR,F,TOTAL,9.5,France,Females,Total (16 to 74 years)
2004-12,FR,M,TOTAL,8.3,France,Males,Total (16 to 74 years)
2004-12,FR,T,TOTAL,8.9,France,Total,Total (16 to 74 years)
2004-12,IT,F,TOTAL,10.0,Italy,Females,Total (16 to 74 years)
2004-12,IT,M,TOTAL,6.4,Italy,Males,Total (16 to 74 years)
2004-12,IT,T,TOTAL,7.9,Italy,Total,Total (16 to 74 years)
2004-12,NL,F,TOTAL,8.0,Netherlands,Females,Total (16 to 74 years)
2004-12,NL,M,TOTAL,6.2,Netherlands,Males,Total (16 to 74 years)
2004-12,NL,T,TOTAL,7.0,Netherlands,Total,Total (16 to 74 years)
2004-12,PL,F,TOTAL,19.9,Poland,Females,Total (16 to 74 years)
2004-12,PL,M,TOTAL,17.0,Poland,Males,Total (16 to 74 years)
2004-12,PL,T,TOTAL,18.3,Poland,Total,Total (16 to 74 years)
2004-12,SE,F,TOTAL,7.7,Sweden,Females,Total (16 to 74 years)
2004-12,SE,M,TOTAL,7.6,Sweden,Males,Total (16 to 74 years)
2004-12,SE,T,TOTAL,7.6,Sweden,Total,Total (16 to 74 years)
2005-01,DE,F,TOTAL,10.3,Germany,Females,Total (16 to 74 years)
2005-01,DE,M,TOTAL,11.1,Germany,Males,Total (16 to 74 years)
2005-01,DE,T,TOTAL,10.7,Germany,Total,Total (16 to 74 years)
2005-01,EL,F,TOTAL,15.5,Greece,Females,Total (16 to 74 years)
2005-01,EL,M,TOTAL,6.2,Greece,Males,Total (16 to 74 years)
2005-01,EL,T,TOTAL,10.0,Greece,Total,Total (16 to 74 years)
2005-01,ES,F,TOTAL,13.6,Spain,Females,Total (16 to 74 years)
2005-01,ES,M,TOTAL,7.6,Spain,Males,Total (16 to 74 years)
2005-01,ES,T,TOTAL,10.1,Spain,Total,Total (16 to 74 years)
2005-01,EU27,F,TOTAL,10.7,European Union - 27 countries (from 2020),Females,Total (16 to 74 years)
2005-01,EU27,M,TOTAL,9.1,European Union - 27 countries (from 2020),Males,Total (16 to 74 years)
2005-01,EU27,T,TOTAL,9.8,European Union - 27 countries (from 2020),Total,Total (16 to 74 years)
2005-01,FR,F,TOTAL,9.2,France,Females,Total (16 to 74 years)
2005-01,FR,M,TOTAL,8.2,France,Males,Total (16 to 74 years)
2005-01,FR,T,TOTAL,8.7,France,Total,Total (16 to 74 years)
2005-01,IT,F,TOTAL,9.8,Italy,Females,Total (16 to 74 years)
2005-01,IT,M,TOTAL,6.4,Italy,Males,Total (16 to 74 years)
2005-01,IT,T,TOTAL,7.8,Italy,Total,Total (16 to 74 years)
2005-01,NL,F,TOTAL,8.0,Netherlands,Females,Total (16 to 74 years)
2005-01,NL,M,TOTAL,6.2,Netherlands,Males,Total (16 to 74 years)
2005-01,NL,T,TOTAL,7.0,Netherlands,Total,Total (16 to 74 years)
2005-01,PL,F,TOTAL,19.5,Poland,Females,Total (16 to 74 years)
2005-01,PL,M,TOTAL,16.9,Poland,Males,Total (16 to 74 years)
2005-01,PL,T,TOTAL,18.1,Poland,Total,Total (16 to 74 years)
2005-01,SE,F,TOTAL,7.6,Sweden,Females,Total (16 to 74 years)
2005-01,SE,M,TOTAL,8.2,Sweden,Males,Total (16 to 74 years)
2005-01,SE,T,TOTAL,7.9,Sweden,Total,Total (16 to 74 years)
2005-02,DE,F,TOTAL,10.5,Germany,Females,Total (16 to 74 years)
2005-02,DE,M,TOTAL,11.2,Germany,Males,Total (16 to 74 years)
2005-02,DE,T,TOTAL,10.9,Germany,Total,Total (16 to 74 years)
2005-02,EL,F,TOTAL,15.4,Greece,Females,Total (16 to 74 years)
2005-02,EL,M,TOTAL,5.9,Greece,Males,Total (16 to 74 years)
2005-02,EL,T,TOTAL,9.8,Greece,Total,Total (16 to 74 years)
2005-02,ES,F,TOTAL,13.1,Spain,Females,Total (16 to 74 years)
2005-02,ES,M,TOTAL,7.5,Spain,Males,Total (16 to 74 years)
2005-02,ES,T,TOTAL,9.9,Spain,Total,Total (16 to 74 years)
2005-02,EU27,F,TOTAL,10.8,European Union - 27 countries (from 2020),Females,Total (16 to 74 years)
2005-02,EU27,M,TOTAL,9.0,European Union - 27 countries (from 2020),Males,Total (16 to 74 years)
2005-02,EU27,T,TOTAL,9.8,European Union - 27 countries (from 2020),Total,Total (16 to 74 years)
2005-02,FR,F,TOTAL,9.1,France,Females,Total (16 to 74 years)
2005-02,FR,M,TOTAL,8.1,France,Males,Total (16 to 74 years)
2005-02,FR,T,TOTAL,8.6,France,Total,Total (16 to 74 years)
2005-02,IT,F,TOTAL,10.2,Italy,Females,Total (16 to 74 years)
2005-02,IT,M,TOTAL,6.4,Italy,Males,Total (16 to 74 years)
2005-02,IT,T,TOTAL,7.9,Italy,Total,Total (16 to 74 years)
2005-02,NL,F,TOTAL,8.2,Netherlands,Females,Total (16 to 74 years)
2005-02,NL,M,TOTAL,6.3,Netherlands,Males,Total (16 to 74 years)
2005-02,NL,T,TOTAL,7.2,Netherlands,Total,Total (16 to 74 years)
2005-02,PL,F,TOTAL,20.0,Poland,Females,Total (16 to 74 years)
2005-02,PL,M,TOTAL,16.6,Poland,Males,Total (16 to 74 years)
2005-02,PL,T,TOTAL,18.2,Poland,Total,Total (16 to 74 years)
2005-02,SE,F,TOTAL,8.4,Sweden,Females,Total (16 to 74 years)
2005-02,SE,M,TOTAL,8.2,Sweden,Males,Total (16 to 74 years)
2005-02,SE,T,TOTAL,8.3,Sweden,Total,Total (16 to 74 years)
2005-03,DE,F,TOTAL,10.6,Germany,Females,Total (16 to 74 years)
2005-03,DE,M,TOTAL,11.2,Germany,Males,Total (16 to 74 years)
2005-03,DE,T,TOTAL,10.9,Germany,Total,Total (16 to 74 years)
2005-03,EL,F,TOTAL,15.5,Greece,Females,Total (16 to 74 years)
2005-03,EL,M,TOTAL,6.2,Greece,Males,Total (16 to 74 years)
2005-03,EL,T,TOTAL,10.0,Greece,Total,Total (16 to 74 years)
2005-03,ES,F,TOTAL,12.7,Spain,Females,Total (16 to 74 years)
2005-03,ES,M,TOTAL,7.6,Spain,Males,Total (16 to 74 years)
2005-03,ES,T,TOTAL,9.7,Spain,Total,Total (16 to 74 years)
2005-03,EU27,F,TOTAL,10.7,European Union - 27 countries (from 2020),Females,Total (16 to 74 years)
2005-03,EU27,M,TOTAL,9.1,European Union - 27 countries (from 2020),Males,Total (16 to 74 years)
2005-03,EU27,T,TOTAL,9.8,European Union - 27 countries (from 2020),Total,Total (16 to 74 years)
2005-03,FR,F,TOTAL,9.1,France,Females,Total (16 to 74 years)
2005-03,FR,M,TOTAL,8.1,France,Males,Total (16 to 74 years)
2005-03,FR,T,TOTAL,8.6,France,Total,Total (16 to 74 years)
2005-03,IT,F,TOTAL,10.1,Italy,Females,Total (16 to 74 years)
2005-03,IT,M,TOTAL,6.3,Italy,Males,Total (16 to 74 years)
2005-03,IT,T,TOTAL,7.9,Italy,Total,Total (16 to 74 years)
2005-03,NL,F,TOTAL,8.2,Netherlands,Females,Total (16 to 74 years)
2005-03,NL,M,TOTAL,6.3,Netherlands,Males,Total (16 to 74 years)
2005-03,NL,T,TOTAL,7.1,Netherlands,Total,Total (16 to 74 years)
2005-03,PL,F,TOTAL,19.7,Poland,Females,Total (16 to 74 years)
2005-03,PL,M,TOTAL,17.2,Poland,Males,Total (16 to 74 years)
2005-03,PL,T,TOTAL,18.3,Poland,Total,Total (16 to 74 years)
2005-03,SE,F,TOTAL,7.4,Sweden,Females,Total (16 to 74 years)
2005-03,SE,M,TOTAL,7.6,Sweden,Males,Total (16 to 74 years)
2005-03,SE,T,TOTAL,7.5,Sweden,Total,Total (16 to 74 years)
2005-04,DE,F,TOTAL,10.8,Germany,Females,Total (16 to 74 years)
2005-04,DE,M,TOTAL,11.5,Germany,Males,Total (16 to 74 years)
2005-04,DE,T,TOTAL,11.2,Germany,Total,Total (16 to 74 years)
2005-04,EL,F,TOTAL,15.6,Greece,Females,Total (16 to 74 years)
2005-04,EL,M,TOTAL,6.1,Greece,Males,Total (16 to 74 years)
2005-04,EL,T,TOTAL,10.0,Greece,Total,Total (16 to 74 years)
2005-04,ES,F,TOTAL,12.5,Spain,Females,Total (16 to 74 years)
2005-04,ES,M,TOTAL,7.7,Spain,Males,Total (16 to 74 years)
2005-04,ES,T,TOTAL,9.7,Spain,Total,Total (16 to 74 years)
2005-04,EU27,F,TOTAL,10.8,European Union - 27 countries (from 2020),Females,Total (16 to 74 years)
2005-04,EU27,M,TOTAL,9.1,European Union - 27 countries (from 2020),Males,Total (16 to 74 years)
2005-04,EU27,T,TOTAL,9.8,European Union - 27 countries (from 2020),Total,Total (16 to 74 years)
2005-04,FR,F,TOTAL,9.3,France,Females,Total (16 to 74 years)
2005-04,FR,M,TOTAL,8.1,France,Males,Total (16 to 74 years)
2005-04,FR,T,TOTAL,8.7,France,Total,Total (16 to 74 years)
2005-04,IT,F,TOTAL,10.1,Italy,Females,Total (16 to 74 years)
2005-04,IT,M,TOTAL,6.4,Italy,Males,Total (16 to 74 years)
2005-04,IT,T,TOTAL,7.9,Italy,Total,Total (16 to 74 years)
2005-04,NL,F,TOTAL,8.3,Netherlands,Females,Total (16 to 74 years)
2005-04,NL,M,TOTAL,6.2,Netherlands,Males,Total (16 to 74 years)
2005-04,NL,T,TOTAL,7.1,Netherlands,Total,Total (16 to 74 years)
2005-04,PL,F,TOTAL,19.9,Poland,Females,Total (16 to 74 years)
2005-04,PL,M,TOTAL,17.1,Poland,Males,Total (16 to 74 years)
2005-04,PL,T,TOTAL,18.4,Poland,Total,Total (16 to 74 years)
2005-04,SE,F,TOTAL,7.4,Sweden,Females,Total (16 to 74 years)
2005-04,SE,M,TOTAL,8.0,Sweden,Males,Total (16 to 74 years)
2005-04,SE,T,TOTAL,7.7,Sweden,Total,Total (16 to 74 years)
2005-05,DE,F,TOTAL,10.8,Germany,Females,Total (16 to 74 years)
2005-05,DE,M,TOTAL,11.5,Germany,Males,Total (16 to 74 years)
2005-05,DE,T,TOTAL,11.2,Germany,Total,Total (16 to 74 years)
2005-05,EL,F,TOTAL,15.7,Greece,Females,Total (16 to 74 years)
2005-05,EL,M,TOTAL,6.0,Greece,Males,Total (16 to 74 years)
2005-05,EL,T,TOTAL,10.0,Greece,Total,Total (16 to 74 years)
2005-05,ES,F,TOTAL,12.1,Spain,Females,Total (16 to 74 years)
2005-05,ES,M,TOTAL,7.5,Spain,Males,Total (16 to 74 years)
2005-05,ES,T,TOTAL,9.4,Spain,Total,Total (16 to 74 years)
2005-05,EU27,F,TOTAL,10.8,European Union - 27 countries (from 2020),Females,Total (16 to 74 years)
2005-05,EU27,M,TOTAL,9.1,European Union - 27 countries (from 2020),Males,Total (16 to 74 years)
2005-05,EU27,T,TOTAL,9.8,European Union - 27 countries (from 2020),Total,Total (16 to 74 years)
2005-05,FR,F,TOTAL,9.5,France,Females,Total (16 to 74 years)
2005-05,FR,M,TOTAL,8.2,France,Males,Total (16 to 74 years)
2005-05,FR,T,TOTAL,8.8,France,Total,Total (16 to 74 years)
2005-05,IT,F,TOTAL,9.8,Italy,Females,Total (16 to 74 years)
2005-05,IT,M,TOTAL,6.2,Italy,Males,Total (16 to 74 years)
2005-05,IT,T,TOTAL,7.7,Italy,Total,Total (16 to 74 years)
2005-05,NL,F,TOTAL,8.3,Netherlands,Females,Total (16 to 74 years)
2005-05,NL,M,TOTAL,6.2,Netherlands,Males,Total (16 to 74 years)
2005-05,NL,T,TOTAL,7.2,Netherlands,Total,Total (16 to 74 years)
2005-05,PL,F,TOTAL,19.7,Poland,Females,Total (16 to 74 years)
2005-05,PL,M,TOTAL,17.3,Poland,Males,Total (16 to 74 years)
2005-05,PL,T,TOTAL,18.4,Poland,Total,Total (16 to 74 years)
2005-05,SE,F,TOTAL,8.1,Sweden,Females,Total (16 to 74 years)
2005-05,SE,M,TOTAL,8.0,Sweden,Males,Total (16 to 74 years)
2005-05,SE,T,TOTAL,8.1,Sweden,Total,Total (16 to 74 years)
2005-06,DE,F,TOTAL,10.9,Germany,Females,Total (16 to 74 years)
2005-06,DE,M,TOTAL,11.6,Germany,Males,Total (16 to 74 years)
2005-06,DE,T,TOTAL,11.2,Germany,Total,Total (16 to 74 years)
2005-06,EL,F,TOTAL,15.8,Greece,Females,Total (16 to 74 years)
2005-06,EL,M,TOTAL,6.3,Greece,Males,Total (16 to 74 years)
2005-06,EL,T,TOTAL,10.2,Greece,Total,Total (16 to 74 years)
2005-06,ES,F,TOTAL,11.8,Spain,Females,Total (16 to 74 years)
2005-06,ES,M,TOTAL,7.2,Spain,Males,Total (16 to 74 years)
2005-06,ES,T,TOTAL,9.1,Spain,Total,Total (16 to 74 years)
2005-06,EU27,F,TOTAL,10.8,European Union - 27 countries (from 2020),Females,Total (16 to 74 years)
2005-06,EU27,M,TOTAL,9.0,European Union - 27 countries (from 2020),Males,Total (16 to 74 years)
2005-06,EU27,T,TOTAL,9.8,European Union - 27 countries (from 2020),Total,Total (16 to 74 years)
2005-06,FR,F,TOTAL,9.6,France,Females,Total (16 to 74 years)
2005-06,FR,M,TOTAL,8.2,France,Males,Total (16 to 74 years)
2005-06,FR,T,TOTAL,8.9,France,Total,Total (16 to 74 years)
2005-06,IT,F,TOTAL,10.2,Italy,Females,Total (16 to 74 years)
2005-06,IT,M,TOTAL,6.3,Italy,Males,Total (16 to 74 years)
2005-06,IT,T,TOTAL,7.9,Italy,Total,Total (16 to 74 years)
2005-06,NL,F,TOTAL,8.1,Netherlands,Females,Total (16 to 74 years)
2005-06,NL,M,TOTAL,6.1,Netherlands,Males,Total (16 to 74 years)
2005-06,NL,T,TOTAL,7.0,Netherlands,Total,Total (16 to 74 years)
2005-06,PL,F,TOTAL,19.6,Poland,Females,Total (16 to 74 years)
2005-06,PL,M,TOTAL,17.3,Poland,Males,Total (16 to 74 years)
2005-06,PL,T,TOTAL,18.4,Poland,Total,Total (16 to 74 years)
2005-06,SE,F,TOTAL,8.5,Sweden,Females,Total (16 to 74 years)
2005-06,SE,M,TOTAL,8.2,Sweden,Males,Total (16 to 74 years)
2005-06,SE,T,TOTAL,8.3,Sweden,Total,Total (16 to 74 years)
2005-07,DE,F,TOTAL,10.9,Germany,Females,Total (16 to 74 years)
2005-07,DE,M,TOTAL,11.5,Germany,Males,Total (16 to 74 years)
2005-07,DE,T,TOTAL,11.2,Germany,Total,Total (16 to 74 years)
2005-07,EL,F,TOTAL,15.8,Greece,Females,Total (16 to 74 years)
2005-07,EL,M,TOTAL,6.5,Greece,Males,Total (16 to 74 years)
2005-07,EL,T,TOTAL,10.3,Greece,Total,Total (16 to 74 years)
2005-07,ES,F,TOTAL,11.4,Spain,Females,Total (16 to 74 years)
2005-07,ES,M,TOTAL,6.9,Spain,Males,Total (16 to 74 years)
2005-07,ES,T,TOTAL,8.8,Spain,Total,Total (16 to 74 years)
2005-07,EU27,F,TOTAL,10.7,European Union - 27 countries (from 2020),Females,Total (16 to 74 years)
2005-07,EU27,M,TOTAL,8.9,European Union - 27 countries (from 2020),Males,Total (16 to 74 years)
2005-07,EU27,T,TOTAL,9.7,European Union - 27 countries (from 2020),Total,Total (16 to 74 years)
2005-07,FR,F,TOTAL,9.7,France,Females,Total (16 to 74 years)
2005-07,FR,M,TOTAL,8.3,France,Males,Total (16 to 74 years)
2005-07,FR,T,TOTAL,8.9,France,Total,Total (16 to 74 years)
2005-07,IT,F,TOTAL,10.2,Italy,Females,Total (16 to 74 years)
2005-07,IT,M,TOTAL,6.1,Italy,Males,Total (16 to 74 years)
2005-07,IT,T,TOTAL,7.7,Italy,Total,Total (16 to 74 years)
2005-07,NL,F,TOTAL,8.1,Netherlands,Females,Total (16 to 74 years)
2005-07,NL,M,TOTAL,6.0,Netherlands,Males,Total (16 to 74 years)
2005-07,NL,T,TOTAL,7.0,Netherlands,Total,Total (16 to 74 years)
2005-07,PL,F,TOTAL,19.6,Poland,Females,Total (16 to 74 years)
2005-07,PL,M,TOTAL,17.0,Poland,Males,Total (16 to 74 years)
2005-07,PL,T,TOTAL,18.2,Poland,Total,Total (16 to 74 years)
2005-07,SE,F,TOTAL,8.4,Sweden,Females,Total (16 to 74 years)
2005-07,SE,M,TOTAL,8.1,Sweden,Males,Total (16 to 74 years)
2005-07,SE,T,TOTAL,8.2,Sweden,Total,Total (16 to 74 years)
2005-08,DE,F,TOTAL,10.8,Germany,Females,Total (16 to 74 years)
2005-08,DE,M,TOTAL,11.5,Germany,Males,Total (16 to 74 years)
2005-08,DE,T,TOTAL,11.2,Germany,Total,Total (16 to 74 years)
2005-08,EL,F,TOTAL,15.9,Greece,Females,Total (16 to 74 years)
2005-08,EL,M,TOTAL,6.2,Greece,Males,Total (16 to 74 years)
2005-08,EL,T,TOTAL,10.2,Greece,Total,Total (16 to 74 years)
2005-08,ES,F,TOTAL,11.2,Spain,Females,Total (16 to 74 years)
2005-08,ES,M,TOTAL,6.7,Spain,Males,Total (16 to 74 years)
2005-08,ES,T,TOTAL,8.6,Spain,Total,Total (16 to 74 years)
2005-08,EU27,F,TOTAL,10.6,European Union - 27 countries (from 2020),Females,Total (16 to 74 years)
2005-08,EU27,M,TOTAL,8.9,European Union - 27 countries (from 2020),Males,Total (16 to 74 years)
2005-08,EU27,T,TOTAL,9.6,European Union - 27 countries (from 2020),Total,Total (16 to 74 years)
2005-08,FR,F,TOTAL,9.8,France,Females,Total (16 to 74 years)
2005-08,FR,M,TOTAL,8.3,France,Males,Total (16 to 74 years)
2005-08,FR,T,TOTAL,9.0,France,Total,Total (16 to 74 years)
2005-08,IT,F,TOTAL,9.8,Italy,Females,Total (16 to 74 years)
2005-08,IT,M,TOTAL,6.3,Italy,Males,Total (16 to 74 years)
2005-08,IT,T,TOTAL,7.7,Italy,Total,Total (16 to 74 years)
2005-08,NL,F,TOTAL,8.2,Netherlands,Females,Total (16 to 74 years)
2005-08,NL,M,TOTAL,5.8,Netherlands,Males,Total (16 to 74 years)
2005-08,NL,T,TOTAL,6.9,Netherlands,Total,Total (16 to 74 years)
2005-08,PL,F,TOTAL,19.5,Poland,Females,Total (16 to 74 years)
2005-08,PL,M,TOTAL,16.7,Poland,Males,Total (16 to 74 years)
2005-08,PL,T,TOTAL,18.0,Poland,Total,Total (16 to 74 years)
2005-08,SE,F,TOTAL,8.3,Sweden,Females,Total (16 to 74 years)
2005-08,SE,M,TOTAL,7.7,Sweden,Males,Total (16 to 74 years)
2005-08,SE,T,TOTAL,8.0,Sweden,Total,Total (16 to 74 years)
2005-09,DE,F,TOTAL,10.8,Germany,Females,Total (16 to 74 years)
2005-09,DE,M,TOTAL,11.4,Germany,Males,Total (16 to 74 years)
2005-09,DE,T,TOTAL,11.1,Germany,Total,Total (16 to 74 years)
2005-09,EL,F,TOTAL,15.6,Greece,Females,Total (16 to 74 years)
2005-09,EL,M,TOTAL,6.9,Greece,Males,Total (16 to 74 years)
2005-09,EL,T,TOTAL,10.5,Greece,Total,Total (16 to 74 years)
2005-09,ES,F,TOTAL,11.1,Spain,Females,Total (16 to 74 years)
2005-09,ES,M,TOTAL,6.6,Spain,Males,Total (16 to 74 years)
2005-09,ES,T,TOTAL,8.5,Spain,Total,Total (16 to 74 years)
2005-09,EU27,F,TOTAL,10.6,European Union - 27 countries (from 2020),Females,Total (16 to 74 years)
2005-09,EU27,M,TOTAL,8.8,European Union - 27 countries (from 2020),Males,Total (16 to 74 years)
2005-09,EU27,T,TOTAL,9.6,European Union - 27 countries (from 2020),Total,Total (16 to 74 years)
2005-09,FR,F,TOTAL,9.9,France,Females,Total (16 to 74 years)
2005-09,FR,M,TOTAL,8.3,France,Males,Total (16 to 74 years)
2005-09,FR,T,TOTAL,9.1,France,Total,Total (16 to 74 years)
2005-09,IT,F,TOTAL,10.1,Italy,Females,Total (16 to 74 years)
2005-09,IT,M,TOTAL,6.2,Italy,Males,Total (16 to 74 years)
2005-09,IT,T,TOTAL,7.8,Italy,Total,Total (16 to 74 years)
2005-09,NL,F,TOTAL,8.2,Netherlands,Females,Total (16 to 74 years)
2005-09,NL,M,TOTAL,5.8,Netherlands,Males,Total (16 to 74 years)
2005-09,NL,T,TOTAL,6.9,Netherlands,Total,Total (16 to 74 years)
2005-09,PL,F,TOTAL,19.3,Poland,Females,Total (16 to 74 years)
2005-09,PL,M,TOTAL,16.6,Poland,Males,Total (16 to 74 years)
2005-09,PL,T,TOTAL,17.8,Poland,Total,Total (16 to 74 years)
2005-09,SE,F,TOTAL,7.1,Sweden,Females,Total (16 to 74 years)
2005-09,SE,M,TOTAL,8.0,Sweden,Males,Total (16 to 74 years)
2005-09,SE,T,TOTAL,7.6,Sweden,Total,Total (16 to 74 years)
2005-10,DE,F,TOTAL,10.7,Germany,Females,Total (16 to 74 years)
2005-10,DE,M,TOTAL,11.2,Germany,Males,Total (16 to 74 years)
2005-10,DE,T,TOTAL,11.0,Germany,Total,Total (16 to 74 years)
2005-10,EL,F,TOTAL,15.5,Greece,Females,Total (16 to 74 years)
2005-10,EL,M,TOTAL,6.4,Greece,Males,Total (16 to 74 years)
2005-10,EL,T,TOTAL,10.1,Greece,Total,Total (16 to 74 years)
2005-10,ES,F,TOTAL,11.3,Spain,Females,Total (16 to 74 years)
2005-10,ES,M,TOTAL,6.7,Spain,Males,Total (16 to 74 years)
2005-10,ES,T,TOTAL,8.6,Spain,Total,Total (16 to 74 years)
2005-10,EU27,F,TOTAL,10.6,European Union - 27 countries (from 2020),Females,Total (16 to 74 years)
2005-10,EU27,M,TOTAL,8.8,European Union - 27 countries (from 2020),Males,Total (16 to 74 years)
2005-10,EU27,T,TOTAL,9.6,European Union - 27 countries (from 2020),Total,Total (16 to 74 years)
2005-10,FR,F,TOTAL,10.1,France,Females,Total (16 to 74 years)
2005-10,FR,M,TOTAL,8.2,France,Males,Total (16 to 74 years)
2005-10,FR,T,TOTAL,9.1,France,Total,Total (16 to 74 years)
2005-10,IT,F,TOTAL,10.1,Italy,Females,Total (16 to 74 years)
2005-10,IT,M,TOTAL,6.1,Italy,Males,Total (16 to 74 years)
2005-10,IT,T,TOTAL,7.7,Italy,Total,Total (16 to 74 years)
2005-10,NL,F,TOTAL,8.1,Netherlands,Females,Total (16 to 74 years)
2005-10,NL,M,TOTAL,5.9,Netherlands,Males,Total (16 to 74 years)
2005-10,NL,T,TOTAL,6.9,Netherlands,Total,Total (16 to 74 years)
2005-10,PL,F,TOTAL,19.0,Poland,Females,Total (16 to 74 years)
2005-10,PL,M,TOTAL,16.4,Poland,Males,Total (16 to 74 years)
2005-10,PL,T,TOTAL,17.5,Poland,Total,Total (16 to 74 years)
2005-10,SE,F,TOTAL,8.3,Sweden,Females,Total (16 to 74 years)
2005-10,SE,M,TOTAL,8.0,Sweden,Males,Total (16 to 74 years)
2005-10,SE,T,TOTAL,8.1,Sweden,Total,Total (16 to 74 years)
2005-11,DE,F,TOTAL,10.7,Germany,Females,Total (16 to 74 years)
2005-11,DE,M,TOTAL,11.0,Germany,Males,Total (16 to 74 years)
2005-11,DE,T,TOTAL,10.9,Germany,Total,Total (16 to 74 years)
2005-11,EL,F,TOTAL,14.8,Greece,Females,Total (16 to 74 years)
2005-11,EL,M,TOTAL,5.9,Greece,Males,Total (16 to 74 years)
2005-11,EL,T,TOTAL,9.6,Greece,Total,Total (16 to 74 years)
2005-11,ES,F,TOTAL,11.5,Spain,Females,Total (16 to 74 years)
2005-11,ES,M,TOTAL,6.7,Spain,Males,Total (16 to 74 years)
2005-11,ES,T,TOTAL,8.7,Spain,Total,Total (16 to 74 years)
2005-11,EU27,F,TOTAL,10.5,European Union - 27 countries (from 2020),Females,Total (16 to 74 years)
2005-11,EU27,M,TOTAL,8.7,European Union - 27 countries (from 2020),Males,Total (16 to 74 years)
2005-11,EU27,T,TOTAL,9.5,European Union - 27 countries (from 2020),Total,Total (16 to 74 years)
2005-11,FR,F,TOTAL,10.1,France,Females,Total (16 to 74 years)
2005-11,FR,M,TOTAL,8.2,France,Males,Total (16 to 74 years)
2005-11,FR,T,TOTAL,9.1,France,Total,Total (16 to 74 years)
2005-11,IT,F,TOTAL,9.8,Italy,Females,Total (16 to 74 years)
2005-11,IT,M,TOTAL,6.0,Italy,Males,Total (16 to 74 years)
2005-11,IT,T,TOTAL,7.5,Italy,Total,Total (16 to 74 years)
2005-11,NL,F,TOTAL,8.1,Netherlands,Females,Total (16 to 74 years)
2005-11,NL,M,TOTAL,5.8,Netherlands,Males,Total (16 to 74 years)
2005-11,NL,T,TOTAL,6.8,Netherlands,Total,Total (16 to 74 years)
2005-11,PL,F,TOTAL,18.5,Poland,Females,Total (16 to 74 years)
2005-11,PL,M,TOTAL,16.0,Poland,Males,Total (16 to 74 years)
2005-11,PL,T,TOTAL,17.1,Poland,Total,Total (16 to 74 years)
2005-11,SE,F,TOTAL,7.8,Sweden,Females,Total (16 to 74 years)
2005-11,SE,M,TOTAL,7.0,Sweden,Males,Total (16 to 74 years)
2005-11,SE,T,TOTAL,7.4,Sweden,Total,Total (16 to 74 years)
2005-12,DE,F,TOTAL,10.6,Germany,Females,Total (16 to 74 years)
2005-12,DE,M,TOTAL,10.8,Germany,Males,Total (16 to 74 years)
2005-12,DE,T,TOTAL,10.7,Germany,Total,Total (16 to 74 years)
2005-12,EL,F,TOTAL,14.5,Greece,Females,Total (16 to 74 years)
2005-12,EL,M,TOTAL,6.2,Greece,Males,Total (16 to 74 years)
2005-12,EL,T,TOTAL,9.6,Greece,Total,Total (16 to 74 years)
2005-12,ES,F,TOTAL,11.6,Spain,Females,Total (16 to 74 years)
2005-12,ES,M,TOTAL,6.8,Spain,Males,Total (16 to 74 years)
2005-12,ES,T,TOTAL,8.8,Spain,Total,Total (16 to 74 years)
2005-12,EU27,F,TOTAL,10.4,European Union - 27 countries (from 2020),Females,Total (16 to 74 years)
2005-12,EU27,M,TOTAL,8.6,European Union - 27 countries (from 2020),Males,Total (16 to 74 years)
2005-12,EU27,T,TOTAL,9.4,European Union - 27 countries (from 2020),Total,Total (16 to 74 years)
2005-12,FR,F,TOTAL,10.1,France,Females,Total (16 to 74 years)
2005-12,FR,M,TOTAL,8.3,France,Males,Total (16 to 74 years)
2005-12,FR,T,TOTAL,9.1,France,Total,Total (16 to 74 years)
2005-12,IT,F,TOTAL,9.8,Italy,Females,Total (16 to 74 years)
2005-12,IT,M,TOTAL,6.0,Italy,Males,Total (16 to 74 years)
2005-12,IT,T,TOTAL,7.6,Italy,Total,Total (16 to 74 years)
2005-12,NL,F,TOTAL,8.0,Netherlands,Females,Total (16 to 74 years)
2005-12,NL,M,TOTAL,5.7,Netherlands,Males,Total (16 to 74 years)
2005-12,NL,T,TOTAL,6.8,Netherlands,Total,Total (16 to 74 years)
2005-12,PL,F,TOTAL,17.8,Poland,Females,Total (16 to 74 years)
2005-12,PL,M,TOTAL,15.7,Poland,Males,Total (16 to 74 years)
2005-12,PL,T,TOTAL,16.6,Poland,Total,Total (16 to 74 years)
2005-12,SE,F,TOTAL,7.9,Sweden,Females,Total (16 to 74 years)
2005-12,SE,M,TOTAL,7.8,Sweden,Males,Total (16 to 74 years)
2005-12,SE,T,TOTAL,7.9,Sweden,Total,Total (16 to 74 years)
2006-01,DE,F,TOTAL,10.5,Germany,Females,Total (16 to 74 years)
2006-01,DE,M,TOTAL,10.7,Germany,Males,Total (16 to 74 years)
2006-01,DE,T,TOTAL,10.6,Germany,Total,Total (16 to 74 years)
2006-01,EL,F,TOTAL,13.9,Greece,Females,Total (16 to 74 years)
2006-01,EL,M,TOTAL,5.9,Greece,Males,Total (16 to 74 years)
2006-01,EL,T,TOTAL,9.2,Greece,Total,Total (16 to 74 years)
2006-01,ES,F,TOTAL,11.8,Spain,Females,Total (16 to 74 years)
2006-01,ES,M,TOTAL,6.7,Spain,Males,Total (16 to 74 years)
2006-01,ES,T,TOTAL,8.8,Spain,Total,Total (16 to 74 years)
2006-01,EU27,F,TOTAL,10.3,European Union - 27 countries (from 2020),Females,Total (16 to 74 years)
2006-01,EU27,M,TOTAL,8.4,European Union - 27 countries (from 2020),Males,Total (16 to 74 years)
2006-01,EU27,T,TOTAL,9.3,European Union - 27 countries (from 2020),Total,Total (16 to 74 years)
2006-01,FR,F,TOTAL,10.1,France,Females,Total (16 to 74 years)
2006-01,FR,M,TOTAL,8.3,France,Males,Total (16 to 74 years)
2006-01,FR,T,TOTAL,9.2,France,Total,Total (16 to 74 years)
2006-01,IT,F,TOTAL,9.8,Italy,Females,Total (16 to 74 years)
2006-01,IT,M,TOTAL,5.8,Italy,Males,Total (16 to 74 years)
2006-01,IT,T,TOTAL,7.4,Italy,Total,Total (16 to 74 years)
2006-01,NL,F,TOTAL,7.7,Netherlands,Females,Total (16 to 74 years)
2006-01,NL,M,TOTAL,5.6,Netherlands,Males,Total (16 to 74 years)
2006-01,NL,T,TOTAL,6.5,Netherlands,Total,Total (16 to 74 years)
2006-01,PL,F,TOTAL,17.1,Poland,Females,Total (16 to 74 years)
2006-01,PL,M,TOTAL,15.0,Poland,Males,Total (16 to 74 years)
2006-01,PL,T,TOTAL,16.0,Poland,Total,Total (16 to 74 years)
2006-01,SE,F,TOTAL,8.3,Sweden,Females,Total (16 to 74 years)
2006-01,SE,M,TOTAL,7.5,Sweden,Males,Total (16 to 74 years)
2006-01,SE,T,TOTAL,7.9,Sweden,Total,Total (16 to 74 years)
2006-02,DE,F,TOTAL,10.4,Germany,Females,Total (16 to 74 years)
2006-02,DE,M,TOTAL,10.7,Germany,Males,Total (16 to 74 years)
2006-02,DE,T,TOTAL,10.5,Germany,Total,Total (16 to 74 years)
2006-02,EL,F,TOTAL,14.2,Greece,Females,Total (16 to 74 years)
2006-02,EL,M,TOTAL,6.1,Greece,Males,Total (16 to 74 years)
2006-02,EL,T,TOTAL,9.5,Greece,Total,Total (16 to 74 years)
2006-02,ES,F,TOTAL,11.7,Spain,Females,Total (16 to 74 years)
2006-02,ES,M,TOTAL,6.6,Spain,Males,Total (16 to 74 years)
2006-02,ES,T,TOTAL,8.7,Spain,Total,Total (16 to 74 years)
2006-02,EU27,F,TOTAL,10.2,European Union - 27 countries (from 2020),Females,Total (16 to 74 years)
2006-02,EU27,M,TOTAL,8.4,European Union - 27 countries (from 2020),Males,Total (16 to 74 years)
2006-02,EU27,T,TOTAL,9.2,European Union - 27 countries (from 2020),Total,Total (16 to 74 years)
2006-02,FR,F,TOTAL,10.0,France,Females,Total (16 to 74 years)
2006-02,FR,M,TOTAL,8.4,France,Males,Total (16 to 74 years)
2006-02,FR,T,TOTAL,9.2,France,Total,Total (16 to 74 years)
2006-02,IT,F,TOTAL,9.7,Italy,Females,Total (16 to 74 years)
2006-02,IT,M,TOTAL,5.8,Italy,Males,Total (16 to 74 years)
2006-02,IT,T,TOTAL,7.4,Italy,Total,Total (16 to 74 years)
2006-02,NL,F,TOTAL,7.8,Netherlands,Females,Total (16 to 74 years)
2006-02,NL,M,TOTAL,5.5,Netherlands,Males,Total (16 to 74 years)
2006-02,NL,T,TOTAL,6.5,Netherlands,Total,Total (16 to 74 years)
2006-02,PL,F,TOTAL,16.4,Poland,Females,Total (16 to 74 years)
2006-02,PL,M,TOTAL,14.6,Poland,Males,Total (16 to 74 years)
2006-02,PL,T,TOTAL,15.4,Poland,Total,Total (16 to 74 years)
2006-02,SE,F,TOTAL,7.6,Sweden,Females,Total (16 to 74 years)
2006-02,SE,M,TOTAL,6.8,Sweden,Males,Total (16 to 74 years)
2006-02,SE,T,TOTAL,7.2,Sweden,Total,Total (16 to 74 years)
2006-03,DE,F,TOTAL,10.3,Germany,Females,Total (16 to 74 years)
2006-03,DE,M,TOTAL,10.6,Germany,Males,Total (16 to 74 years)
2006-03,DE,T,TOTAL,10.5,Germany,Total,Total (16 to 74 years)
2006-03,EL,F,TOTAL,13.9,Greece,Females,Total (16 to 74 years)
2006-03,EL,M,TOTAL,5.5,Greece,Males,Total (16 to 74 years)
2006-03,EL,T,TOTAL,9.0,Greece,Total,Total (16 to 74 years)
2006-03,ES,F,TOTAL,11.7,Spain,Females,Total (16 to 74 years)
2006-03,ES,M,TOTAL,6.6,Spain,Males,Total (16 to 74 years)
2006-03,ES,T,TOTAL,8.7,Spain,Total,Total (16 to 74 years)
2006-03,EU27,F,TOTAL,10.1,European Union - 27 countries (from 2020),Females,Total (16 to 74 years)
2006-03,EU27,M,TOTAL,8.3,European Union - 27 countries (from 2020),Males,Total (16 to 74 years)
2006-03,EU27,T,TOTAL,9.1,European Union - 27 countries (from 2020),Total,Total (16 to 74 years)
2006-03,FR,F,TOTAL,9.8,France,Females,Total (16 to 74 years)
2006-03,FR,M,TOTAL,8.5,France,Males,Total (16 to 74 years)
2006-03,FR,T,TOTAL,9.1,France,Total,Total (16 to 74 years)
2006-03,IT,F,TOTAL,9.4,Italy,Females,Total (16 to 74 years)
2006-03,IT,M,TOTAL,5.8,Italy,Males,Total (16 to 74 years)
2006-03,IT,T,TOTAL,7.2,Italy,Total,Total (16 to 74 years)
2006-03,NL,F,TOTAL,7.5,Netherlands,Females,Total (16 to 74 years)
2006-03,NL,M,TOTAL,5.3,Netherlands,Males,Total (16 to 74 years)
2006-03,NL,T,TOTAL,6.3,Netherlands,Total,Total (16 to 74 years)
2006-03,PL,F,TOTAL,16.1,Poland,Females,Total (16 to 74 years)
2006-03,PL,M,TOTAL,14.2,Poland,Males,Total (16 to 74 years)
2006-03,PL,T,TOTAL,15.1,Poland,Total,Total (16 to 74 years)
2006-03,SE,F,TOTAL,8.0,Sweden,Females,Total (16 to 74 years)
2006-03,SE,M,TOTAL,7.2,Sweden,Males,Total (16 to 74 years)
2006-03,SE,T,TOTAL,7.6,Sweden,Total,Total (16 to 74 years)
2006-04,DE,F,TOTAL,10.2,Germany,Females,Total (16 to 74 years)
2006-04,DE,M,TOTAL,10.5,Germany,Males,Total (16 to 74 years)
2006-04,DE,T,TOTAL,10.3,Germany,Total,Total (16 to 74 years)
2006-04,EL,F,TOTAL,14.0,Greece,Females,Total (16 to 74 years)
2006-04,EL,M,TOTAL,5.5,Greece,Males,Total (16 to 74 years)
2006-04,EL,T,TOTAL,9.0,Greece,Total,Total (16 to 74 years)
2006-04,ES,F,TOTAL,11.5,Spain,Females,Total (16 to 74 years)
2006-04,ES,M,TOTAL,6.5,Spain,Males,Total (16 to 74 years)
2006-04,ES,T,TOTAL,8.6,Spain,Total,Total (16 to 74 years)
2006-04,EU27,F,TOTAL,9.9,European Union - 27 countries (from 2020),Females,Total (16 to 74 years)
2006-04,EU27,M,TOTAL,8.2,European Union - 27 countries (from 2020),Males,Total (16 to 74 years)
2006-04,EU27,T,TOTAL,9.0,European Union - 27 countries (from 2020),Total,Total (16 to 74 years)
2006-04,FR,F,TOTAL,9.6,France,Females,Total (16 to 74 years)
2006-04,FR,M,TOTAL,8.5,France,Males,Total (16 to 74 years)
2006-04,FR,T,TOTAL,9.0,France,Total,Total (16 to 74 years)
2006-04,IT,F,TOTAL,9.3,Italy,Females,Total (16 to 74 years)
2006-04,IT,M,TOTAL,5.7,Italy,Males,Total (16 to 74 years)
2006-04,IT,T,TOTAL,7.1,Italy,Total,Total (16 to 74 years)
2006-04,NL,F,TOTAL,7.5,Netherlands,Females,Total (16 to 74 years)
2006-04,NL,M,TOTAL,5.1,Netherlands,Males,Total (16 to 74 years)
2006-04,NL,T,TOTAL,6.2,Netherlands,Total,Total (16 to 74 years)
2006-04,PL,F,TOTAL,15.8,Poland,Females,Total (16 to 74 years)
2006-04,PL,M,TOTAL,13.9,Poland,Males,Total (16 to 74 years)
2006-04,PL,T,TOTAL,14.7,Poland,Total,Total (16 to 74 years)
2006-04,SE,F,TOTAL,8.2,Sweden,Females,Total (16 to 74 years)
2006-04,SE,M,TOTAL,7.7,Sweden,Males,Total (16 to 74 years)
2006-04,SE,T,TOTAL,7.9,Sweden,Total,Total (16 to 74 years)
2006-05,DE,F,TOTAL,10.1,Germany,Females,Total (16 to 74 years)
2006-05,DE,M,TOTAL,10.3,Germany,Males,Total (16 to 74 years)
2006-05,DE,T,TOTAL,10.2,Germany,Total,Total (16 to 74 years)
2006-05,EL,F,TOTAL,13.9,Greece,Females,Total (16 to 74 years)
2006-05,EL,M,TOTAL,6.0,Greece,Males,Total (16 to 74 years)
2006-05,EL,T,TOTAL,9.3,Greece,Total,Total (16 to 74 years)
2006-05,ES,F,TOTAL,11.4,Spain,Females,Total (16 to 74 years)
2006-05,ES,M,TOTAL,6.4,Spain,Males,Total (16 to 74 years)
2006-05,ES,T,TOTAL,8.5,Spain,Total,Total (16 to 74 years)
2006-05,EU27,F,TOTAL,9.8,European Union - 27 countries (from 2020),Females,Total (16 to 74 years)
2006-05,EU27,M,TOTAL,8.1,European Union - 27 countries (from 2020),Males,Total (16 to 74 years)
2006-05,EU27,T,TOTAL,8.9,European Union - 27 countries (from 2020),Total,Total (16 to 74 years)
2006-05,FR,F,TOTAL,9.5,France,Females,Total (16 to 74 years)
2006-05,FR,M,TOTAL,8.4,France,Males,Total (16 to 74 years)
2006-05,FR,T,TOTAL,8.9,France,Total,Total (16 to 74 years)
2006-05,IT,F,TOTAL,9.2,Italy,Females,Total (16 to 74 years)
2006-05,IT,M,TOTAL,5.6,Italy,Males,Total (16 to 74 years)
2006-05,IT,T,TOTAL,7.1,Italy,Total,Total (16 to 74 years)
2006-05,NL,F,TOTAL,7.4,Netherlands,Females,Total (16 to 74 years)
2006-05,NL,M,TOTAL,5.1,Netherlands,Males,Total (16 to 74 years)
2006-05,NL,T,TOTAL,6.2,Netherlands,Total,Total (16 to 74 years)
2006-05,PL,F,TOTAL,15.5,Poland,Females,Total (16 to 74 years)
2006-05,PL,M,TOTAL,13.5,Poland,Males,Total (16 to 74 years)
2006-05,PL,T,TOTAL,14.4,Poland,Total,Total (16 to 74 years)
2006-05,SE,F,TOTAL,7.8,Sweden,Females,Total (16 to 74 years)
2006-05,SE,M,TOTAL,6.9,Sweden,Males,Total (16 to 74 years)
2006-05,SE,T,TOTAL,7.3,Sweden,Total,Total (16 to 74 years)
2006-06,DE,F,TOTAL,10.0,Germany,Females,Total (16 to 74 years)
2006-06,DE,M,TOTAL,10.2,Germany,Males,Total (16 to 74 years)
2006-06,DE,T,TOTAL,10.1,Germany,Total,Total (16 to 74 years)
2006-06,EL,F,TOTAL,13.7,Greece,Females,Total (16 to 74 years)
2006-06,EL,M,TOTAL,6.1,Greece,Males,Total (16 to 74 years)
2006-06,EL,T,TOTAL,9.2,Greece,Total,Total (16 to 74 years)
2006-06,ES,F,TOTAL,11.2,Spain,Females,Total (16 to 74 years)
2006-06,ES,M,TOTAL,6.3,Spain,Males,Total (16 to 74 years)
2006-06,ES,T,TOTAL,8.4,Spain,Total,Total (16 to 74 years)
2006-06,EU27,F,TOTAL,9.7,European Union - 27 countries (from 2020),Females,Total (16 to 74 years)
2006-06,EU27,M,TOTAL,8.0,European Union - 27 countries (from 2020),Males,Total (16 to 74 years)
2006-06,EU27,T,TOTAL,8.7,European Union - 27 countries (from 2020),Total,Total (16 to 74 years)
2006-06,FR,F,TOTAL,9.7,France,Females,Total (16 to 74 years)
2006-06,FR,M,TOTAL,8.3,France,Males,Total (16 to 74 years)
2006-06,FR,T,TOTAL,8.9,France,Total,Total (16 to 74 years)
2006-06,IT,F,TOTAL,8.7,Italy,Females,Total (16 to 74 years)
2006-06,IT,M,TOTAL,5.4,Italy,Males,Total (16 to 74 years)
2006-06,IT,T,TOTAL,6.8,Italy,Total,Total (16 to 74 years)
2006-06,NL,F,TOTAL,7.2,Netherlands,Females,Total (16 to 74 years)
2006-06,NL,M,TOTAL,4.9,Netherlands,Males,Total (16 to 74 years)
2006-06,NL,T,TOTAL,6.0,Netherlands,Total,Total (16 to 74 years)
2006-06,PL,F,TOTAL,15.1,Poland,Females,Total (16 to 74 years)
2006-06,PL,M,TOTAL,13.1,Poland,Males,Total (16 to 74 years)
2006-06,PL,T,TOTAL,14.0,Poland,Total,Total (16 to 74 years)
2006-06,SE,F,TOTAL,7.4,Sweden,Females,Total (16 to 74 years)
2006-06,SE,M,TOTAL,6.8,Sweden,Males,Total (16 to 74 years)
2006-06,SE,T,TOTAL,7.1,Sweden,Total,Total (16 to 74 years)
2006-07,DE,F,TOTAL,9.9,Germany,Females,Total (16 to 74 years)
2006-07,DE,M,TOTAL,10.1,Germany,Males,Total (16 to 74 years)
2006-07,DE,T,TOTAL,10.0,Germany,Total,Total (16 to 74 years)
2006-07,EL,F,TOTAL,13.7,Greece,Females,Total (16 to 74 years)
2006-07,EL,M,TOTAL,5.3,Greece,Males,Total (16 to 74 years)
2006-07,EL,T,TOTAL,8.8,Greece,Total,Total (16 to 74 years)
2006-07,ES,F,TOTAL,11.2,Spain,Females,Total (16 to 74 years)
2006-07,ES,M,TOTAL,6.3,Spain,Males,Total (16 to 74 years)
2006-07,ES,T,TOTAL,8.3,Spain,Total,Total (16 to 74 years)
2006-07,EU27,F,TOTAL,9.6,European Union - 27 countries (from 2020),Females,Total (16 to 74 years)
2006-07,EU27,M,TOTAL,7.9,European Union - 27 countries (from 2020),Males,Total (16 to 74 years)
2006-07,EU27,T,TOTAL,8.7,European Union - 27 countries (from 2020),Total,Total (16 to 74 years)
2006-07,FR,F,TOTAL,9.9,France,Females,Total (16 to 74 years)
2006-07,FR,M,TOTAL,8.2,France,Males,Total (16 to 74 years)
2006-07,FR,T,TOTAL,9.0,France,Total,Total (16 to 74 years)
2006-07,IT,F,TOTAL,8.4,Italy,Females,Total (16 to 74 years)
2006-07,IT,M,TOTAL,5.5,Italy,Males,Total (16 to 74 years)
2006-07,IT,T,TOTAL,6.7,Italy,Total,Total (16 to 74 years)
2006-07,NL,F,TOTAL,7.3,Netherlands,Females,Total (16 to 74 years)
2006-07,NL,M,TOTAL,4.9,Netherlands,Males,Total (16 to 74 years)
2006-07,NL,T,TOTAL,6.0,Netherlands,Total,Total (16 to 74 years)
2006-07,PL,F,TOTAL,14.8,Poland,Females,Total (16 to 74 years)
2006-07,PL,M,TOTAL,12.9,Poland,Males,Total (16 to 74 years)
2006-07,PL,T,TOTAL,13.8,Poland,Total,Total (16 to 74 years)
2006-07,SE,F,TOTAL,7.1,Sweden,Females,Total (16 to 74 years)
2006-07,SE,M,TOTAL,7.1,Sweden,Males,Total (16 to 74 years)
2006-07,SE,T,TOTAL,7.1,Sweden,Total,Total (16 to 74 years)
2006-08,DE,F,TOTAL,9.8,Germany,Females,Total (16 to 74 years)
2006-08,DE,M,TOTAL,10.0,Germany,Males,Total (16 to 74 years)
2006-08,DE,T,TOTAL,9.9,Germany,Total,Total (16 to 74 years)
2006-08,EL,F,TOTAL,13.6,Greece,Females,Total (16 to 74 years)
2006-08,EL,M,TOTAL,5.7,Greece,Males,Total (16 to 74 years)
2006-08,EL,T,TOTAL,8.9,Greece,Total,Total (16 to 74 years)
2006-08,ES,F,TOTAL,11.1,Spain,Females,Total (16 to 74 years)
2006-08,ES,M,TOTAL,6.3,Spain,Males,Total (16 to 74 years)
2006-08,ES,T,TOTAL,8.3,Spain,Total,Total (16 to 74 years)
2006-08,EU27,F,TOTAL,9.6,European Union - 27 countries (from 2020),Females,Total (16 to 74 years)
2006-08,EU27,M,TOTAL,7.8,European Union - 27 countries (from 2020),Males,Total (16 to 74 years)
2006-08,EU27,T,TOTAL,8.6,European Union - 27 countries (from 2020),Total,Total (16 to 74 years)
2006-08,FR,F,TOTAL,9.9,France,Females,Total (16 to 74 years)
2006-08,FR,M,TOTAL,8.2,France,Males,Total (16 to 74 years)
2006-08,FR,T,TOTAL,9.0,France,Total,Total (16 to 74 years)
2006-08,IT,F,TOTAL,8.7,Italy,Females,Total (16 to 74 years)
2006-08,IT,M,TOTAL,5.4,Italy,Males,Total (16 to 74 years)
2006-08,IT,T,TOTAL,6.8,Italy,Total,Total (16 to 74 years)
2006-08,NL,F,TOTAL,7.1,Netherlands,Females,Total (16 to 74 years)
2006-08,NL,M,TOTAL,4.8,Netherlands,Males,Total (16 to 74 years)
2006-08,NL,T,TOTAL,5.9,Netherlands,Total,Total (16 to 74 years)
2006-08,PL,F,TOTAL,14.6,Poland,Females,Total (16 to 74 years)
2006-08,PL,M,TOTAL,12.7,Poland,Males,Total (16 to 74 years)
2006-08,PL,T,TOTAL,13.5,Poland,Total,Total (16 to 74 years)
2006-08,SE,F,TOTAL,7.5,Sweden,Females,Total (16 to 74 years)
2006-08,SE,M,TOTAL,6.8,Sweden,Males,Total (16 to 74 years)
2006-08,SE,T,TOTAL,7.2,Sweden,Total,Total (16 to 74 years)
2006-09,DE,F,TOTAL,9.7,Germany,Females,Total (16 to 74 years)
2006-09,DE,M,TOTAL,9.9,Germany,Males,Total (16 to 74 years)
2006-09,DE,T,TOTAL,9.8,Germany,Total,Total (16 to 74 years)
2006-09,EL,F,TOTAL,13.4,Greece,Females,Total (16 to 74 years)
2006-09,EL,M,TOTAL,5.9,Greece,Males,Total (16 to 74 years)
2006-09,EL,T,TOTAL,9.0,Greece,Total,Total (16 to 74 years)
2006-09,ES,F,TOTAL,11.0,Spain,Females,Total (16 to 74 years)
2006-09,ES,M,TOTAL,6.2,Spain,Males,Total (16 to 74 years)
2006-09,ES,T,TOTAL,8.2,Spain,Total,Total (16 to 74 years)
2006-09,EU27,F,TOTAL,9.5,European Union - 27 countries (from 2020),Females,Total (16 to 74 years)
2006-09,EU27,M,TOTAL,7.8,European Union - 27 countries (from 2020),Males,Total (16 to 74 years)
2006-09,EU27,T,TOTAL,8.5,European Union - 27 countries (from 2020),Total,Total (16 to 74 years)
2006-09,FR,F,TOTAL,9.5,France,Females,Total (16 to 74 years)
2006-09,FR,M,TOTAL,8.1,France,Males,Total (16 to 74 years)
2006-09,FR,T,TOTAL,8.8,France,Total,Total (16 to 74 years)
2006-09,IT,F,TOTAL,8.5,Italy,Females,Total (16 to 74 years)
2006-09,IT,M,TOTAL,5.3,Italy,Males,Total (16 to 74 years)
2006-09,IT,T,TOTAL,6.6,Italy,Total,Total (16 to 74 years)
2006-09,NL,F,TOTAL,7.1,Netherlands,Females,Total (16 to 74 years)
2006-09,NL,M,TOTAL,4.8,Netherlands,Males,Total (16 to 74 years)
2006-09,NL,T,TOTAL,5.9,Netherlands,Total,Total (16 to 74 years)
2006-09,PL,F,TOTAL,14.3,Poland,Females,Total (16 to 74 years)
2006-09,PL,M,TOTAL,12.3,Poland,Males,Total (16 to 74 years)
2006-09,PL,T,TOTAL,13.2,Poland,Total,Total (16 to 74 years)
2006-09,SE,F,TOTAL,7.0,Sweden,Females,Total (16 to 74 years)
2006-09,SE,M,TOTAL,6.5,Sweden,Males,Total (16 to 74 years)
2006-09,SE,T,TOTAL,6.7,Sweden,Total,Total (16 to 74 years)
2006-10,DE,F,TOTAL,9.7,Germany,Females,Total (16 to 74 years)
2006-10,DE,M,TOTAL,9.8,Germany,Males,Total (16 to 74 years)
2006-10,DE,T,TOTAL,9.7,Germany,Total,Total (16 to 74 years)
2006-10,EL,F,TOTAL,13.3,Greece,Females,Total (16 to 74 years)
2006-10,EL,M,TOTAL,5.0,Greece,Males,Total (16 to 74 years)
2006-10,EL,T,TOTAL,8.4,Greece,Total,Total (16 to 74 years)
2006-10,ES,F,TOTAL,11.1,Spain,Females,Total (16 to 74 years)
2006-10,ES,M,TOTAL,6.1,Spain,Males,Total (16 to 74 years)
2006-10,ES,T,TOTAL,8.2,Spain,Total,Total (16 to 74 years)
2006-10,EU27,F,TOTAL,9.3,European Union - 27 countries (from 2020),Females,Total (16 to 74 years)
2006-10,EU27,M,TOTAL,7.7,European Union - 27 countries (from 2020),Males,Total (16 to 74 years)
2006-10,EU27,T,TOTAL,8.4,European Union - 27 countries (from 2020),Total,Total (16 to 74 years)
2006-10,FR,F,TOTAL,9.0,France,Females,Total (16 to 74 years)
2006-10,FR,M,TOTAL,8.1,France,Males,Total (16 to 74 years)
2006-10,FR,T,TOTAL,8.5,France,Total,Total (16 to 74 years)
2006-10,IT,F,TOTAL,8.3,Italy,Females,Total (16 to 74 years)
2006-10,IT,M,TOTAL,5.5,Italy,Males,Total (16 to 74 years)
2006-10,IT,T,TOTAL,6.6,Italy,Total,Total (16 to 74 years)
2006-10,NL,F,TOTAL,7.1,Netherlands,Females,Total (16 to 74 years)
2006-10,NL,M,TOTAL,4.8,Netherlands,Males,Total (16 to 74 years)
2006-10,NL,T,TOTAL,5.9,Netherlands,Total,Total (16 to 74 years)
2006-10,PL,F,TOTAL,14.1,Poland,Females,Total (16 to 74 years)
2006-10,PL,M,TOTAL,11.9,Poland,Males,Total (16 to 74 years)
2006-10,PL,T,TOTAL,12.9,Poland,Total,Total (16 to 74 years)
2006-10,SE,F,TOTAL,6.7,Sweden,Females,Total (16 to 74 years)
2006-10,SE,M,TOTAL,6.8,Sweden,Males,Total (16 to 74 years)
2006-10,SE,T,TOTAL,6.7,Sweden,Total,Total (16 to 74 years)
2006-11,DE,F,TOTAL,9.6,Germany,Females,Total (16 to 74 years)
2006-11,DE,M,TOTAL,9.6,Germany,Males,Total (16 to 74 years)
2006-11,DE,T,TOTAL,9.6,Germany,Total,Total (16 to 74 years)
2006-11,EL,F,TOTAL,13.6,Greece,Females,Total (16 to 74 years)
2006-11,EL,M,TOTAL,5.6,Greece,Males,Total (16 to 74 years)
2006-11,EL,T,TOTAL,8.9,Greece,Total,Total (16 to 74 years)
2006-11,ES,F,TOTAL,11.2,Spain,Females,Total (16 to 74 years)
2006-11,ES,M,TOTAL,6.1,Spain,Males,Total (16 to 74 years)
2006-11,ES,T,TOTAL,8.3,Spain,Total,Total (16 to 74 years)
2006-11,EU27,F,TOTAL,9.2,European Union - 27 countries (from 2020),Females,Total (16 to 74 years)
2006-11,EU27,M,TOTAL,7.6,European Union - 27 countries (from 2020),Males,Total (16 to 74 years)
2006-11,EU27,T,TOTAL,8.3,European Union - 27 countries (from 2020),Total,Total (16 to 74 years)
2006-11,FR,F,TOTAL,8.6,France,Females,Total (16 to 74 years)
2006-11,FR,M,TOTAL,8.1,France,Males,Total (16 to 74 years)
2006-11,FR,T,TOTAL,8.3,France,Total,Total (16 to 74 years)
2006-11,IT,F,TOTAL,8.3,Italy,Females,Total (16 to 74 years)
2006-11,IT,M,TOTAL,5.3,Italy,Males,Total (16 to 74 years)
2006-11,IT,T,TOTAL,6.5,Italy,Total,Total (16 to 74 years)
2006-11,NL,F,TOTAL,7.2,Netherlands,Females,Total (16 to 74 years)
2006-11,NL,M,TOTAL,4.8,Netherlands,Males,Total (16 to 74 years)
2006-11,NL,T,TOTAL,5.9,Netherlands,Total,Total (16 to 74 years)
2006-11,PL,F,TOTAL,13.7,Poland,Females,Total (16 to 74 years)
2006-11,PL,M,TOTAL,11.4,Poland,Males,Total (16 to 74 years)
2006-11,PL,T,TOTAL,12.4,Poland,Total,Total (16 to 74 years)
2006-11,SE,F,TOTAL,6.9,Sweden,Females,Total (16 to 74 years)
2006-11,SE,M,TOTAL,6.6,Sweden,Males,Total (16 to 74 years)
2006-11,SE,T,TOTAL,6.7,Sweden,Total,Total (16 to 74 years)
2006-12,DE,F,TOTAL,9.4,Germany,Females,Total (16 to 74 years)
2006-12,DE,M,TOTAL,9.4,Germany,Males,Total (16 to 74 years)
2006-12,DE,T,TOTAL,9.4,Germany,Total,Total (16 to 74 years)
2006-12,EL,F,TOTAL,13.7,Greece,Females,Total (16 to 74 years)
2006-12,EL,M,TOTAL,5.8,Greece,Males,Total (16 to 74 years)
2006-12,EL,T,TOTAL,9.0,Greece,Total,Total (16 to 74 years)
2006-12,ES,F,TOTAL,11.1,Spain,Females,Total (16 to 74 years)
2006-12,ES,M,TOTAL,6.2,Spain,Males,Total (16 to 74 years)
2006-12,ES,T,TOTAL,8.3,Spain,Total,Total (16 to 74 years)
2006-12,EU27,F,TOTAL,9.1,European Union - 27 countries (from 2020),Females,Total (16 to 74 years)
2006-12,EU27,M,TOTAL,7.5,European Union - 27 countries (from 2020),Males,Total (16 to 74 years)
2006-12,EU27,T,TOTAL,8.2,European Union - 27 countries (from 2020),Total,Total (16 to 74 years)
2006-12,FR,F,TOTAL,8.6,France,Females,Total (16 to 74 years)
2006-12,FR,M,TOTAL,8.1,France,Males,Total (16 to 74 years)
2006-12,FR,T,TOTAL,8.3,France,Total,Total (16 to 74 years)
2006-12,IT,F,TOTAL,8.1,Italy,Females,Total (16 to 74 years)
2006-12,IT,M,TOTAL,5.0,Italy,Males,Total (16 to 74 years)
2006-12,IT,T,TOTAL,6.2,Italy,Total,Total (16 to 74 years)
2006-12,NL,F,TOTAL,7.1,Netherlands,Females,Total (16 to 74 years)
2006-12,NL,M,TOTAL,4.7,Netherlands,Males,Total (16 to 74 years)
2006-12,NL,T,TOTAL,5.8,Netherlands,Total,Total (16 to 74 years)
2006-12,PL,F,TOTAL,13.1,Poland,Females,Total (16 to 74 years)
2006-12,PL,M,TOTAL,10.9,Poland,Males,Total (16 to 74 years)
2006-12,PL,T,TOTAL,11.9,Poland,Total,Total (16 to 74 years)
2006-12,SE,F,TOTAL,6.6,Sweden,Females,Total (16 to 74 years)
2006-12,SE,M,TOTAL,6.6,Sweden,Males,Total (16 to 74 years)
2006-12,SE,T,TOTAL,6.6,Sweden,Total,Total (16 to 74 years)
2007-01,DE,F,TOTAL,9.3,Germany,Females,Total (16 to 74 years)
2007-01,DE,M,TOTAL,9.2,Germany,Males,Total (16 to 74 years)
2007-01,DE,T,TOTAL,9.2,Germany,Total,Total (16 to 74 years)
2007-01,EL,F,TOTAL,13.5,Greece,Females,Total (16 to 74 years)
2007-01,EL,M,TOTAL,4.7,Greece,Males,Total (16 to 74 years)
2007-01,EL,T,TOTAL,8.4,Greece,Total,Total (16 to 74 years)
2007-01,ES,F,TOTAL,11.1,Spain,Females,Total (16 to 74 years)
2007-01,ES,M,TOTAL,6.1,Spain,Males,Total (16 to 74 years)
2007-01,ES,T,TOTAL,8.3,Spain,Total,Total (16 to 74 years)
2007-01,EU27,F,TOTAL,9.0,European Union - 27 countries (from 2020),Females,Total (16 to 74 years)
2007-01,EU27,M,TOTAL,7.2,European Union - 27 countries (from 2020),Males,Total (16 to 74 years)
2007-01,EU27,T,TOTAL,8.0,European Union - 27 countries (from 2020),Total,Total (16 to 74 years)
2007-01,FR,F,TOTAL,8.9,France,Females,Total (16 to 74 years)
2007-01,FR,M,TOTAL,8.1,France,Males,Total (16 to 74 years)
2007-01,FR,T,TOTAL,8.5,France,Total,Total (16 to 74 years)
2007-01,IT,F,TOTAL,7.9,Italy,Females,Total (16 to 74 years)
2007-01,IT,M,TOTAL,5.1,Italy,Males,Total (16 to 74 years)
2007-01,IT,T,TOTAL,6.2,Italy,Total,Total (16 to 74 years)
2007-01,NL,F,TOTAL,7.1,Netherlands,Females,Total (16 to 74 years)
2007-01,NL,M,TOTAL,4.5,Netherlands,Males,Total (16 to 74 years)
2007-01,NL,T,TOTAL,5.7,Netherlands,Total,Total (16 to 74 years)
2007-01,PL,F,TOTAL,12.4,Poland,Females,Total (16 to 74 years)
2007-01,PL,M,TOTAL,10.4,Poland,Males,Total (16 to 74 years)
2007-01,PL,T,TOTAL,11.3,Poland,Total,Total (16 to 74 years)
2007-01,SE,F,TOTAL,6.8,Sweden,Females,Total (16 to 74 years)
2007-01,SE,M,TOTAL,6.3,Sweden,Males,Total (16 to 74 years)
2007-01,SE,T,TOTAL,6.5,Sweden,Total,Total (16 to 74 years)
2007-02,DE,F,TOTAL,9.2,Germany,Females,Total (16 to 74 years)
2007-02,DE,M,TOTAL,8.9,Germany,Males,Total (16 to 74 years)
2007-02,DE,T,TOTAL,9.1,Germany,Total,Total (16 to 74 years)
2007-02,EL,F,TOTAL,13.4,Greece,Females,Total (16 to 74 years)
2007-02,EL,M,TOTAL,5.2,Greece,Males,Total (16 to 74 years)
2007-02,EL,T,TOTAL,8.6,Greece,Total,Total (16 to 74 years)
2007-02,ES,F,TOTAL,11.0,Spain,Females,Total (16 to 74 years)
2007-02,ES,M,TOTAL,6.1,Spain,Males,Total (16 to 74 years)
2007-02,ES,T,TOTAL,8.2,Spain,Total,Total (16 to 74 years)
2007-02,EU27,F,TOTAL,8.8,European Union - 27 countries (from 2020),Females,Total (16 to 74 years)
2007-02,EU27,M,TOTAL,7.1,European Union - 27 countries (from 2020),Males,Total (16 to 74 years)
2007-02,EU27,T,TOTAL,7.9,European Union - 27 countries (from 2020),Total,Total (16 to 74 years)
2007-02,FR,F,TOTAL,9.0,France,Females,Total (16 to 74 years)
2007-02,FR,M,TOTAL,8.0,France,Males,Total (16 to 74 years)
2007-02,FR,T,TOTAL,8.5,France,Total,Total (16 to 74 years)
2007-02,IT,F,TOTAL,7.7,Italy,Females,Total (16 to 74 years)
2007-02,IT,M,TOTAL,5.0,Italy,Males,Total (16 to 74 years)
2007-02,IT,T,TOTAL,6.1,Italy,Total,Total (16 to 74 years)
2007-02,NL,F,TOTAL,7.1,Netherlands,Females,Total (16 to 74 years)
2007-02,NL,M,TOTAL,4.5,Netherlands,Males,Total (16 to 74 years)
2007-02,NL,T,TOTAL,5.7,Netherlands,Total,Total (16 to 74 years)
2007-02,PL,F,TOTAL,11.7,Poland,Females,Total (16 to 74 years)
2007-02,PL,M,TOTAL,10.0,Poland,Males,Total (16 to 74 years)
2007-02,PL,T,TOTAL,10.7,Poland,Total,Total (16 to 74 years)
2007-02,SE,F,TOTAL,6.4,Sweden,Females,Total (16 to 74 years)
2007-02,SE,M,TOTAL,6.2,Sweden,Males,Total (16 to 74 years)
2007-02,SE,T,TOTAL,6.3,Sweden,Total,Total (16 to 74 years)
2007-03,DE,F,TOTAL,9.0,Germany,Females,Total (16 to 74 years)
2007-03,DE,M,TOTAL,8.8,Germany,Males,Total (16 to 74 years)
2007-03,DE,T,TOTAL,8.9,Germany,Total,Total (16 to 74 years)
2007-03,EL,F,TOTAL,13.2,Greece,Females,Total (16 to 74 years)
2007-03,EL,M,TOTAL,5.8,Greece,Males,Total (16 to 74 years)
2007-03,EL,T,TOTAL,8.9,Greece,Total,Total (16 to 74 years)
2007-03,ES,F,TOTAL,10.8,Spain,Females,Total (16 to 74 years)
2007-03,ES,M,TOTAL,6.1,Spain,Males,Total (16 to 74 years)
2007-03,ES,T,TOTAL,8.1,Spain,Total,Total (16 to 74 years)
2007-03,EU27,F,TOTAL,8.7,European Union - 27 countries (from 2020),Females,Total (16 to 74 years)
2007-03,EU27,M,TOTAL,7.0,European Union - 27 countries (from 2020),Males,Total (16 to 74 years)
2007-03,EU27,T,TOTAL,7.8,European Union - 27 countries (from 2020),Total,Total (16 to 74 years)
2007-03,FR,F,TOTAL,9.0,France,Females,Total (16 to 74 years)
2007-03,FR,M,TOTAL,7.9,France,Males,Total (16 to 74 years)
2007-03,FR,T,TOTAL,8.4,France,Total,Total (16 to 74 years)
2007-03,IT,F,TOTAL,7.8,Italy,Females,Total (16 to 74 years)
2007-03,IT,M,TOTAL,4.9,Italy,Males,Total (16 to 74 years)
2007-03,IT,T,TOTAL,6.1,Italy,Total,Total (16 to 74 years)
2007-03,NL,F,TOTAL,6.7,Netherlands,Females,Total (16 to 74 years)
2007-03,NL,M,TOTAL,4.4,Netherlands,Males,Total (16 to 74 years)
2007-03,NL,T,TOTAL,5.5,Netherlands,Total,Total (16 to 74 years)
2007-03,PL,F,TOTAL,11.2,Poland,Females,Total (16 to 74 years)
2007-03,PL,M,TOTAL,9.6,Poland,Males,Total (16 to 74 years)
2007-03,PL,T,TOTAL,10.3,Poland,Total,Total (16 to 74 years)
2007-03,SE,F,TOTAL,6.5,Sweden,Females,Total (16 to 74 years)
2007-03,SE,M,TOTAL,6.7,Sweden,Males,Total (16 to 74 years)
2007-03,SE,T,TOTAL,6.6,Sweden,Total,Total (16 to 74 years)
2007-04,DE,F,TOTAL,8.9,Germany,Females,Total (16 to 74 years)
2007-04,DE,M,TOTAL,8.6,Germany,Males,Total (16 to 74 years)
2007-04,DE,T,TOTAL,8.7,Germany,Total,Total (16 to 74 years)
2007-04,EL,F,TOTAL,13.3,Greece,Females,Total (16 to 74 years)
2007-04,EL,M,TOTAL,5.0,Greece,Males,Total (16 to 74 years)
2007-04,EL,T,TOTAL,8.5,Greece,Total,Total (16 to 74 years)
2007-04,ES,F,TOTAL,10.5,Spain,Females,Total (16 to 74 years)
2007-04,ES,M,TOTAL,6.1,Spain,Males,Total (16 to 74 years)
2007-04,ES,T,TOTAL,8.0,Spain,Total,Total (16 to 74 years)
2007-04,EU27,F,TOTAL,8.6,European Union - 27 countries (from 2020),Females,Total (16 to 74 years)
2007-04,EU27,M,TOTAL,6.9,European Union - 27 countries (from 2020),Males,Total (16 to 74 years)
2007-04,EU27,T,TOTAL,7.7,European Union - 27 countries (from 2020),Total,Total (16 to 74 years)
2007-04,FR,F,TOTAL,8.8,France,Females,Total (16 to 74 years)
2007-04,FR,M,TOTAL,7.8,France,Males,Total (16 to 74 years)
2007-04,FR,T,TOTAL,8.3,France,Total,Total (16 to 74 years)
2007-04,IT,F,TOTAL,7.6,Italy,Females,Total (16 to 74 years)
2007-04,IT,M,TOTAL,4.7,Italy,Males,Total (16 to 74 years)
2007-04,IT,T,TOTAL,5.9,Italy,Total,Total (16 to 74 years)
2007-04,NL,F,TOTAL,6.5,Netherlands,Females,Total (16 to 74 years)
2007-04,NL,M,TOTAL,4.3,Netherlands,Males,Total (16 to 74 years)
2007-04,NL,T,TOTAL,5.3,Netherlands,Total,Total (16 to 74 years)
2007-04,PL,F,TOTAL,10.8,Poland,Females,Total (16 to 74 years)
2007-04,PL,M,TOTAL,9.4,Poland,Males,Total (16 to 74 years)
2007-04,PL,T,TOTAL,10.0,Poland,Total,Total (16 to 74 years)
2007-04,SE,F,TOTAL,7.1,Sweden,Females,Total (16 to 74 years)
2007-04,SE,M,TOTAL,5.4,Sweden,Males,Total (16 to 74 years)
2007-04,SE,T,TOTAL,6.2,Sweden,Total,Total (16 to 74 years)
2007-05,DE,F,TOTAL,8.8,Germany,Females,Total (16 to 74 years)
2007-05,DE,M,TOTAL,8.5,Germany,Males,Total (16 to 74 years)
2007-05,DE,T,TOTAL,8.6,Germany,Total,Total (16 to 74 years)
2007-05,EL,F,TOTAL,12.9,Greece,Females,Total (16 to 74 years)
2007-05,EL,M,TOTAL,5.2,Greece,Males,Total (16 to 74 years)
2007-05,EL,T,TOTAL,8.4,Greece,Total,Total (16 to 74 years)
2007-05,ES,F,TOTAL,10.4,Spain,Females,Total (16 to 74 years)
2007-05,ES,M,TOTAL,6.2,Spain,Males,Total (16 to 74 years)
2007-05,ES,T,TOTAL,7.9,Spain,Total,Total (16 to 74 years)
2007-05,EU27,F,TOTAL,8.5,European Union - 27 countries (from 2020),Females,Total (16 to 74 years)
2007-05,EU27,M,TOTAL,6.9,European Union - 27 countries (from 2020),Males,Total (16 to 74 years)
2007-05,EU27,T,TOTAL,7.6,European Union - 27 countries (from 2020),Total,Total (16 to 74 years)
2007-05,FR,F,TOTAL,8.6,France,Females,Total (16 to 74 years)
2007-05,FR,M,TOTAL,7.7,France,Males,Total (16 to 74 years)
2007-05,FR,T,TOTAL,8.1,France,Total,Total (16 to 74 years)
2007-05,IT,F,TOTAL,7.8,Italy,Females,Total (16 to 74 years)
2007-05,IT,M,TOTAL,5.1,Italy,Males,Total (16 to 74 years)
2007-05,IT,T,TOTAL,6.2,Italy,Total,Total (16 to 74 years)
2007-05,NL,F,TOTAL,6.5,Netherlands,Females,Total (16 to 74 years)
2007-05,NL,M,TOTAL,4.3,Netherlands,Males,Total (16 to 74 years)
2007-05,NL,T,TOTAL,5.3,Netherlands,Total,Total (16 to 74 years)
2007-05,PL,F,TOTAL,10.4,Poland,Females,Total (16 to 74 years)
2007-05,PL,M,TOTAL,9.2,Poland,Males,Total (16 to 74 years)
2007-05,PL,T,TOTAL,9.7,Poland,Total,Total (16 to 74 years)
2007-05,SE,F,TOTAL,6.2,Sweden,Females,Total (16 to 74 years)
2007-05,SE,M,TOTAL,5.9,Sweden,Males,Total (16 to 74 years)
2007-05,SE,T,TOTAL,6.0,Sweden,Total,Total (16 to 74 years)
2007-06,DE,F,TOTAL,8.7,Germany,Females,Total (16 to 74 years)
2007-06,DE,M,TOTAL,8.4,Germany,Males,Total (16 to 74 years)
2007-06,DE,T,TOTAL,8.5,Germany,Total,Total (16 to 74 years)
2007-06,EL,F,TOTAL,13.2,Greece,Females,Total (16 to 74 years)
2007-06,EL,M,TOTAL,5.5,Greece,Males,Total (16 to 74 years)
2007-06,EL,T,TOTAL,8.6,Greece,Total,Total (16 to 74 years)
2007-06,ES,F,TOTAL,10.4,Spain,Females,Total (16 to 74 years)
2007-06,ES,M,TOTAL,6.3,Spain,Males,Total (16 to 74 years)
2007-06,ES,T,TOTAL,8.0,Spain,Total,Total (16 to 74 years)
2007-06,EU27,F,TOTAL,8.4,European Union - 27 countries (from 2020),Females,Total (16 to 74 years)
2007-06,EU27,M,TOTAL,6.8,European Union - 27 countries (from 2020),Males,Total (16 to 74 years)
2007-06,EU27,T,TOTAL,7.5,European Union - 27 countries (from 2020),Total,Total (16 to 74 years)
2007-06,FR,F,TOTAL,8.4,France,Females,Total (16 to 74 years)
2007-06,FR,M,TOTAL,7.6,France,Males,Total (16 to 74 years)
2007-06,FR,T,TOTAL,8.0,France,Total,Total (16 to 74 years)
2007-06,IT,F,TOTAL,7.9,Italy,Females,Total (16 to 74 years)
2007-06,IT,M,TOTAL,4.8,Italy,Males,Total (16 to 74 years)
2007-06,IT,T,TOTAL,6.1,Italy,Total,Total (16 to 74 years)
2007-06,NL,F,TOTAL,6.4,Netherlands,Females,Total (16 to 74 years)
2007-06,NL,M,TOTAL,4.2,Netherlands,Males,Total (16 to 74 years)
2007-06,NL,T,TOTAL,5.2,Netherlands,Total,Total (16 to 74 years)
2007-06,PL,F,TOTAL,10.2,Poland,Females,Total (16 to 74 years)
2007-06,PL,M,TOTAL,9.0,Poland,Males,Total (16 to 74 years)
2007-06,PL,T,TOTAL,9.5,Poland,Total,Total (16 to 74 years)
2007-06,SE,F,TOTAL,6.8,Sweden,Females,Total (16 to 74 years)
2007-06,SE,M,TOTAL,5.9,Sweden,Males,Total (16 to 74 years)
2007-06,SE,T,TOTAL,6.3,Sweden,Total,Total (16 to 74 years)
2007-07,DE,F,TOTAL,8.6,Germany,Females,Total (16 to 74 years)
2007-07,DE,M,TOTAL,8.3,Germany,Males,Total (16 to 74 years)
2007-07,DE,T,TOTAL,8.5,Germany,Total,Total (16 to 74 years)
2007-07,EL,F,TOTAL,12.9,Greece,Females,Total (16 to 74 years)
2007-07,EL,M,TOTAL,5.3,Greece,Males,Total (16 to 74 years)
2007-07,EL,T,TOTAL,8.4,Greece,Total,Total (16 to 74 years)
2007-07,ES,F,TOTAL,10.5,Spain,Females,Total (16 to 74 years)
2007-07,ES,M,TOTAL,6.3,Spain,Males,Total (16 to 74 years)
2007-07,ES,T,TOTAL,8.1,Spain,Total,Total (16 to 74 years)
2007-07,EU27,F,TOTAL,8.4,European Union - 27 countries (from 2020),Females,Total (16 to 74 years)
2007-07,EU27,M,TOTAL,6.9,European Union - 27 countries (from 2020),Males,Total (16 to 74 years)
2007-07,EU27,T,TOTAL,7.6,European Union - 27 countries (from 2020),Total,Total (16 to 74 years)
2007-07,FR,F,TOTAL,8.3,France,Females,Total (16 to 74 years)
2007-07,FR,M,TOTAL,7.8,France,Males,Total (16 to 74 years)
2007-07,FR,T,TOTAL,8.1,France,Total,Total (16 to 74 years)
2007-07,IT,F,TOTAL,8.2,Italy,Females,Total (16 to 74 years)
2007-07,IT,M,TOTAL,5.1,Italy,Males,Total (16 to 74 years)
2007-07,IT,T,TOTAL,6.4,Italy,Total,Total (16 to 74 years)
2007-07,NL,F,TOTAL,6.5,Netherlands,Females,Total (16 to 74 years)
2007-07,NL,M,TOTAL,4.4,Netherlands,Males,Total (16 to 74 years)
2007-07,NL,T,TOTAL,5.3,Netherlands,Total,Total (16 to 74 years)
2007-07,PL,F,TOTAL,10.0,Poland,Females,Total (16 to 74 years)
2007-07,PL,M,TOTAL,9.0,Poland,Males,Total (16 to 74 years)
2007-07,PL,T,TOTAL,9.4,Poland,Total,Total (16 to 74 years)
2007-07,SE,F,TOTAL,6.4,Sweden,Females,Total (16 to 74 years)
2007-07,SE,M,TOTAL,5.6,Sweden,Males,Total (16 to 74 years)
2007-07,SE,T,TOTAL,5.9,Sweden,Total,Total (16 to 74 years)
2007-08,DE,F,TOTAL,8.6,Germany,Females,Total (16 to 74 years)
2007-08,DE,M,TOTAL,8.3,Germany,Males,Total (16 to 74 years)
2007-08,DE,T,TOTAL,8.4,Germany,Total,Total (16 to 74 years)
2007-08,EL,F,TOTAL,13.0,Greece,Females,Total (16 to 74 years)
2007-08,EL,M,TOTAL,5.0,Greece,Males,Total (16 to 74 years)
2007-08,EL,T,TOTAL,8.3,Greece,Total,Total (16 to 74 years)
2007-08,ES,F,TOTAL,10.6,Spain,Females,Total (16 to 74 years)
2007-08,ES,M,TOTAL,6.5,Spain,Males,Total (16 to 74 years)
2007-08,ES,T,TOTAL,8.3,Spain,Total,Total (16 to 74 years)
2007-08,EU27,F,TOTAL,8.3,European Union - 27 countries (from 2020),Females,Total (16 to 74 years)
2007-08,EU27,M,TOTAL,6.9,European Union - 27 countries (from 2020),Males,Total (16 to 74 years)
2007-08,EU27,T,TOTAL,7.5,European Union - 27 countries (from 2020),Total,Total (16 to 74 years)
2007-08,FR,F,TOTAL,8.2,France,Females,Total (16 to 74 years)
2007-08,FR,M,TOTAL,7.8,France,Males,Total (16 to 74 years)
2007-08,FR,T,TOTAL,8.0,France,Total,Total (16 to 74 years)
2007-08,IT,F,TOTAL,8.1,Italy,Females,Total (16 to 74 years)
2007-08,IT,M,TOTAL,5.0,Italy,Males,Total (16 to 74 years)
2007-08,IT,T,TOTAL,6.3,Italy,Total,Total (16 to 74 years)
2007-08,NL,F,TOTAL,6.3,Netherlands,Females,Total (16 to 74 years)
2007-08,NL,M,TOTAL,4.2,Netherlands,Males,Total (16 to 74 years)
2007-08,NL,T,TOTAL,5.2,Netherlands,Total,Total (16 to 74 years)
2007-08,PL,F,TOTAL,9.9,Poland,Females,Total (16 to 74 years)
2007-08,PL,M,TOTAL,8.9,Poland,Males,Total (16 to 74 years)
2007-08,PL,T,TOTAL,9.3,Poland,Total,Total (16 to 74 years)
2007-08,SE,F,TOTAL,6.4,Sweden,Females,Total (16 to 74 years)
2007-08,SE,M,TOTAL,5.9,Sweden,Males,Total (16 to 74 years)
2007-08,SE,T,TOTAL,6.1,Sweden,Total,Total (16 to 74 years)
2007-09,DE,F,TOTAL,8.5,Germany,Females,Total (16 to 74 years)
2007-09,DE,M,TOTAL,8.2,Germany,Males,Total (16 to 74 years)
2007-09,DE,T,TOTAL,8.4,Germany,Total,Total (16 to 74 years)
2007-09,EL,F,TOTAL,12.9,Greece,Females,Total (16 to 74 years)
2007-09,EL,M,TOTAL,5.8,Greece,Males,Total (16 to 74 years)
2007-09,EL,T,TOTAL,8.7,Greece,Total,Total (16 to 74 years)
2007-09,ES,F,TOTAL,10.6,Spain,Females,Total (16 to 74 years)
2007-09,ES,M,TOTAL,6.6,Spain,Males,Total (16 to 74 years)
2007-09,ES,T,TOTAL,8.3,Spain,Total,Total (16 to 74 years)
2007-09,EU27,F,TOTAL,8.2,European Union - 27 countries (from 2020),Females,Total (16 to 74 years)
2007-09,EU27,M,TOTAL,6.8,European Union - 27 countries (from 2020),Males,Total (16 to 74 years)
2007-09,EU27,T,TOTAL,7.4,European Union - 27 countries (from 2020),Total,Total (16 to 74 years)
2007-09,FR,F,TOTAL,8.1,France,Females,Total (16 to 74 years)
2007-09,FR,M,TOTAL,7.6,France,Males,Total (16 to 74 years)
2007-09,FR,T,TOTAL,7.9,France,Total,Total (16 to 74 years)
2007-09,IT,F,TOTAL,8.0,Italy,Females,Total (16 to 74 years)
2007-09,IT,M,TOTAL,5.0,Italy,Males,Total (16 to 74 years)
2007-09,IT,T,TOTAL,6.2,Italy,Total,Total (16 to 74 years)
2007-09,NL,F,TOTAL,6.2,Netherlands,Females,Total (16 to 74 years)
2007-09,NL,M,TOTAL,4.2,Netherlands,Males,Total (16 to 74 years)
2007-09,NL,T,TOTAL,5.2,Netherlands,Total,Total (16 to 74 years)
2007-09,PL,F,TOTAL,9.7,Poland,Females,Total (16 to 74 years)
2007-09,PL,M,TOTAL,8.7,Poland,Males,Total (16 to 74 years)
2007-09,PL,T,TOTAL,9.2,Poland,Total,Total (16 to 74 years)
2007-09,SE,F,TOTAL,6.6,Sweden,Females,Total (16 to 74 years)
2007-09,SE,M,TOTAL,6.0,Sweden,Males,Total (16 to 74 years)
2007-09,SE,T,TOTAL,6.2,Sweden,Total,Total (16 to 74 years)
2007-10,DE,F,TOTAL,8.5,Germany,Females,Total (16 to 74 years)
2007-10,DE,M,TOTAL,8.1,Germany,Males,Total (16 to 74 years)
2007-10,DE,T,TOTAL,8.3,Germany,Total,Total (16 to 74 years)
2007-10,EL,F,TOTAL,12.7,Greece,Females,Total (16 to 74 years)
2007-10,EL,M,TOTAL,5.2,Greece,Males,Total (16 to 74 years)
2007-10,EL,T,TOTAL,8.3,Greece,Total,Total (16 to 74 years)
2007-10,ES,F,TOTAL,10.7,Spain,Females,Total (16 to 74 years)
2007-10,ES,M,TOTAL,6.7,Spain,Males,Total (16 to 74 years)
2007-10,ES,T,TOTAL,8.4,Spain,Total,Total (16 to 74 years)
2007-10,EU27,F,TOTAL,8.2,European Union - 27 countries (from 2020),Females,Total (16 to 74 years)
2007-10,EU27,M,TOTAL,6.7,European Union - 27 countries (from 2020),Males,Total (16 to 74 years)
2007-10,EU27,T,TOTAL,7.4,European Union - 27 countries (from 2020),Total,Total (16 to 74 years)
2007-10,FR,F,TOTAL,8.1,France,Females,Total (16 to 74 years)
2007-10,FR,M,TOTAL,7.4,France,Males,Total (16 to 74 years)
2007-10,FR,T,TOTAL,7.7,France,Total,Total (16 to 74 years)
2007-10,IT,F,TOTAL,8.2,Italy,Females,Total (16 to 74 years)
2007-10,IT,M,TOTAL,4.8,Italy,Males,Total (16 to 74 years)
2007-10,IT,T,TOTAL,6.2,Italy,Total,Total (16 to 74 years)
2007-10,NL,F,TOTAL,6.1,Netherlands,Females,Total (16 to 74 years)
2007-10,NL,M,TOTAL,4.2,Netherlands,Males,Total (16 to 74 years)
2007-10,NL,T,TOTAL,5.1,Netherlands,Total,Total (16 to 74 years)
2007-10,PL,F,TOTAL,9.6,Poland,Females,Total (16 to 74 years)
2007-10,PL,M,TOTAL,8.4,Poland,Males,Total (16 to 74 years)
2007-10,PL,T,TOTAL,8.9,Poland,Total,Total (16 to 74 years)
2007-10,SE,F,TOTAL,6.5,Sweden,Females,Total (16 to 74 years)
2007-10,SE,M,TOTAL,6.2,Sweden,Males,Total (16 to 74 years)
2007-10,SE,T,TOTAL,6.3,Sweden,Total,Total (16 to 74 years)
2007-11,DE,F,TOTAL,8.4,Germany,Females,Total (16 to 74 years)
2007-11,DE,M,TOTAL,8.0,Germany,Males,Total (16 to 74 years)
2007-11,DE,T,TOTAL,8.2,Germany,Total,Total (16 to 74 years)
2007-11,EL,F,TOTAL,12.1,Greece,Females,Total (16 to 74 years)
2007-11,EL,M,TOTAL,4.6,Greece,Males,Total (16 to 74 years)
2007-11,EL,T,TOTAL,7.7,Greece,Total,Total (16 to 74 years)
2007-11,ES,F,TOTAL,10.8,Spain,Females,Total (16 to 74 years)
2007-11,ES,M,TOTAL,6.9,Spain,Males,Total (16 to 74 years)
2007-11,ES,T,TOTAL,8.6,Spain,Total,Total (16 to 74 years)
2007-11,EU27,F,TOTAL,8.1,European Union - 27 countries (from 2020),Females,Total (16 to 74 years)
2007-11,EU27,M,TOTAL,6.6,European Union - 27 countries (from 2020),Males,Total (16 to 74 years)
2007-11,EU27,T,TOTAL,7.3,European Union - 27 countries (from 2020),Total,Total (16 to 74 years)
2007-11,FR,F,TOTAL,7.9,France,Females,Total (16 to 74 years)
2007-11,FR,M,TOTAL,7.1,France,Males,Total (16 to 74 years)
2007-11,FR,T,TOTAL,7.5,France,Total,Total (16 to 74 years)
2007-11,IT,F,TOTAL,8.1,Italy,Females,Total (16 to 74 years)
2007-11,IT,M,TOTAL,5.0,Italy,Males,Total (16 to 74 years)
2007-11,IT,T,TOTAL,6.3,Italy,Total,Total (16 to 74 years)
2007-11,NL,F,TOTAL,6.1,Netherlands,Females,Total (16 to 74 years)
2007-11,NL,M,TOTAL,4.2,Netherlands,Males,Total (16 to 74 years)
2007-11,NL,T,TOTAL,5.1,Netherlands,Total,Total (16 to 74 years)
2007-11,PL,F,TOTAL,9.4,Poland,Females,Total (16 to 74 years)
2007-11,PL,M,TOTAL,8.1,Poland,Males,Total (16 to 74 years)
2007-11,PL,T,TOTAL,8.7,Poland,Total,Total (16 to 74 years)
2007-11,SE,F,TOTAL,6.3,Sweden,Females,Total (16 to 74 years)
2007-11,SE,M,TOTAL,5.9,Sweden,Males,Total (16 to 74 years)
2007-11,SE,T,TOTAL,6.1,Sweden,Total,Total (16 to 74 years)
2007-12,DE,F,TOTAL,8.3,Germany,Females,Total (16 to 74 years)
2007-12,DE,M,TOTAL,7.9,Germany,Males,Total (16 to 74 years)
2007-12,DE,T,TOTAL,8.1,Germany,Total,Total (16 to 74 years)
2007-12,EL,F,TOTAL,12.0,Greece,Females,Total (16 to 74 years)
2007-12,EL,M,TOTAL,5.7,Greece,Males,Total (16 to 74 years)
2007-12,EL,T,TOTAL,8.3,Greece,Total,Total (16 to 74 years)
2007-12,ES,F,TOTAL,11.0,Spain,Females,Total (16 to 74 years)
2007-12,ES,M,TOTAL,7.2,Spain,Males,Total (16 to 74 years)
2007-12,ES,T,TOTAL,8.8,Spain,Total,Total (16 to 74 years)
2007-12,EU27,F,TOTAL,8.1,European Union - 27 countries (from 2020),Females,Total (16 to 74 years)
2007-12,EU27,M,TOTAL,6.6,European Union - 27 countries (from 2020),Males,Total (16 to 74 years)
2007-12,EU27,T,TOTAL,7.3,European Union - 27 countries (from 2020),Total,Total (16 to 74 years)
2007-12,FR,F,TOTAL,7.7,France,Females,Total (16 to 74 years)
2007-12,FR,M,TOTAL,7.0,France,Males,Total (16 to 74 years)
2007-12,FR,T,TOTAL,7.3,France,Total,Total (16 to 74 years)
2007-12,IT,F,TOTAL,8.5,Italy,Females,Total (16 to 74 years)
2007-12,IT,M,TOTAL,5.4,Italy,Males,Total (16 to 74 years)
2007-12,IT,T,TOTAL,6.6,Italy,Total,Total (16 to 74 years)
2007-12,NL,F,TOTAL,6.0,Netherlands,Females,Total (16 to 74 years)
2007-12,NL,M,TOTAL,4.2,Netherlands,Males,Total (16 to 74 years)
2007-12,NL,T,TOTAL,5.0,Netherlands,Total,Total (16 to 74 years)
2007-12,PL,F,TOTAL,9.0,Poland,Females,Total (16 to 74 years)
2007-12,PL,M,TOTAL,7.7,Poland,Males,Total (16 to 74 years)
2007-12,PL,T,TOTAL,8.3,Poland,Total,Total (16 to 74 years)
2007-12,SE,F,TOTAL,7.0,Sweden,Females,Total (16 to 74 years)
2007-12,SE,M,TOTAL,5.3,Sweden,Males,Total (16 to 74 years)
2007-12,SE,T,TOTAL,6.1,Sweden,Total,Total (16 to 74 years)
2008-01,DE,F,TOTAL,8.1,Germany,Females,Total (16 to 74 years)
2008-01,DE,M,TOTAL,7.8,Germany,Males,Total (16 to 74 years)
2008-01,DE,T,TOTAL,8.0,Germany,Total,Total (16 to 74 years)
2008-01,EL,F,TOTAL,11.5,Greece,Females,Total (16 to 74 years)
2008-01,EL,M,TOTAL,4.7,Greece,Males,Total (16 to 74 years)
2008-01,EL,T,TOTAL,7.5,Greece,Total,Total (16 to 74 years)
2008-01,ES,F,TOTAL,11.5,Spain,Females,Total (16 to 74 years)
2008-01,ES,M,TOTAL,7.4,Spain,Males,Total (16 to 74 years)
2008-01,ES,T,TOTAL,9.1,Spain,Total,Total (16 to 74 years)
2008-01,EU27,F,TOTAL,8.0,European Union - 27 countries (from 2020),Females,Total (16 to 74 years)
2008-01,EU27,M,TOTAL,6.5,European Union - 27 countries (from 2020),Males,Total (16 to 74 years)
2008-01,EU27,T,TOTAL,7.2,European Union - 27 countries (from 2020),Total,Total (16 to 74 years)
2008-01,FR,F,TOTAL,7.5,France,Females,Total (16 to 74 years)
2008-01,FR,M,TOTAL,6.9,France,Males,Total (16 to 74 years)
2008-01,FR,T,TOTAL,7.2,France,Total,Total (16 to 74 years)
2008-01,IT,F,TOTAL,8.4,Italy,Females,Total (16 to 74 years)
2008-01,IT,M,TOTAL,5.3,Italy,Males,Total (16 to 74 years)
2008-01,IT,T,TOTAL,6.6,Italy,Total,Total (16 to 74 years)
2008-01,NL,F,TOTAL,5.9,Netherlands,Females,Total (16 to 74 years)
2008-01,NL,M,TOTAL,4.2,Netherlands,Males,Total (16 to 74 years)
2008-01,NL,T,TOTAL,5.0,Netherlands,Total,Total (16 to 74 years)
2008-01,PL,F,TOTAL,8.6,Poland,Females,Total (16 to 74 years)
2008-01,PL,M,TOTAL,7.2,Poland,Males,Total (16 to 74 years)
2008-01,PL,T,TOTAL,7.8,Poland,Total,Total (16 to 74 years)
2008-01,SE,F,TOTAL,6.6,Sweden,Females,Total (16 to 74 years)
2008-01,SE,M,TOTAL,5.5,Sweden,Males,Total (16 to 74 years)
2008-01,SE,T,TOTAL,6.0,Sweden,Total,Total (16 to 74 years)
2008-02,DE,F,TOTAL,8.0,Germany,Females,Total (16 to 74 years)
2008-02,DE,M,TOTAL,7.7,Germany,Males,Total (16 to 74 years)
2008-02,DE,T,TOTAL,7.9,Germany,Total,Total (16 to 74 years)
2008-02,EL,F,TOTAL,11.8,Greece,Females,Total (16 to 74 years)
2008-02,EL,M,TOTAL,4.6,Greece,Males,Total (16 to 74 years)
2008-02,EL,T,TOTAL,7.5,Greece,Total,Total (16 to 74 years)
2008-02,ES,F,TOTAL,11.7,Spain,Females,Total (16 to 74 years)
2008-02,ES,M,TOTAL,7.6,Spain,Males,Total (16 to 74 years)
2008-02,ES,T,TOTAL,9.3,Spain,Total,Total (16 to 74 years)
2008-02,EU27,F,TOTAL,7.9,European Union - 27 countries (from 2020),Females,Total (16 to 74 years)
2008-02,EU27,M,TOTAL,6.5,European Union - 27 countries (from 2020),Males,Total (16 to 74 years)
2008-02,EU27,T,TOTAL,7.1,European Union - 27 countries (from 2020),Total,Total (16 to 74 years)
2008-02,FR,F,TOTAL,7.3,France,Females,Total (16 to 74 years)
2008-02,FR,M,TOTAL,6.8,France,Males,Total (16 to 74 years)
2008-02,FR,T,TOTAL,7.0,France,Total,Total (16 to 74 years)
2008-02,IT,F,TOTAL,8.4,Italy,Females,Total (16 to 74 years)
2008-02,IT,M,TOTAL,5.3,Italy,Males,Total (16 to 74 years)
2008-02,IT,T,TOTAL,6.6,Italy,Total,Total (16 to 74 years)
2008-02,NL,F,TOTAL,5.7,Netherlands,Females,Total (16 to 74 years)
2008-02,NL,M,TOTAL,3.9,Netherlands,Males,Total (16 to 74 years)
2008-02,NL,T,TOTAL,4.7,Netherlands,Total,Total (16 to 74 years)
2008-02,PL,F,TOTAL,8.2,Poland,Females,Total (16 to 74 years)
2008-02,PL,M,TOTAL,6.9,Poland,Males,Total (16 to 74 years)
2008-02,PL,T,TOTAL,7.5,Poland,Total,Total (16 to 74 years)
2008-02,SE,F,TOTAL,6.3,Sweden,Females,Total (16 to 74 years)
2008-02,SE,M,TOTAL,5.5,Sweden,Males,Total (16 to 74 years)
2008-02,SE,T,TOTAL,5.9,Sweden,Total,Total (16 to 74 years)
2008-03,DE,F,TOTAL,8.0,Germany,Females,Total (16 to 74 years)
2008-03,DE,M,TOTAL,7.6,Germany,Males,Total (16 to 74 years)
2008-03,DE,T,TOTAL,7.8,Germany,Total,Total (16 to 74 years)
2008-03,EL,F,TOTAL,11.6,Greece,Females,Total (16 to 74 years)
2008-03,EL,M,TOTAL,5.8,Greece,Males,Total (16 to 74 years)
2008-03,EL,T,TOTAL,8.2,Greece,Total,Total (16 to 74 years)
2008-03,ES,F,TOTAL,11.6,Spain,Females,Total (16 to 74 years)
2008-03,ES,M,TOTAL,7.8,Spain,Males,Total (16 to 74 years)
2008-03,ES,T,TOTAL,9.5,Spain,Total,Total (16 to 74 years)
2008-03,EU27,F,TOTAL,7.8,European Union - 27 countries (from 2020),Females,Total (16 to 74 years)
2008-03,EU27,M,TOTAL,6.5,European Union - 27 countries (from 2020),Males,Total (16 to 74 years)
2008-03,EU27,T,TOTAL,7.1,European Union - 27 countries (from 2020),Total,Total (16 to 74 years)
2008-03,FR,F,TOTAL,7.4,France,Females,Total (16 to 74 years)
2008-03,FR,M,TOTAL,6.9,France,Males,Total (16 to 74 years)
2008-03,FR,T,TOTAL,7.1,France,Total,Total (16 to 74 years)
2008-03,IT,F,TOTAL,8.4,Italy,Females,Total (16 to 74 years)
2008-03,IT,M,TOTAL,5.2,Italy,Males,Total (16 to 74 years)
2008-03,IT,T,TOTAL,6.5,Italy,Total,Total (16 to 74 years)
2008-03,NL,F,TOTAL,5.6,Netherlands,Females,Total (16 to 74 years)
2008-03,NL,M,TOTAL,3.9,Netherlands,Males,Total (16 to 74 years)
2008-03,NL,T,TOTAL,4.7,Netherlands,Total,Total (16 to 74 years)
2008-03,PL,F,TOTAL,8.0,Poland,Females,Total (16 to 74 years)
2008-03,PL,M,TOTAL,6.7,Poland,Males,Total (16 to 74 years)
2008-03,PL,T,TOTAL,7.3,Poland,Total,Total (16 to 74 years)
2008-03,SE,F,TOTAL,6.3,Sweden,Females,Total (16 to 74 years)
2008-03,SE,M,TOTAL,5.5,Sweden,Males,Total (16 to 74 years)
2008-03,SE,T,TOTAL,5.9,Sweden,Total,Total (16 to 74 years)
2008-04,DE,F,TOTAL,7.9,Germany,Females,Total (16 to 74 years)
2008-04,DE,M,TOTAL,7.4,Germany,Males,Total (16 to 74 years)
2008-04,DE,T,TOTAL,7.7,Germany,Total,Total (16 to 74 years)
2008-04,EL,F,TOTAL,11.8,Greece,Females,Total (16 to 74 years)
2008-04,EL,M,TOTAL,4.9,Greece,Males,Total (16 to 74 years)
2008-04,EL,T,TOTAL,7.7,Greece,Total,Total (16 to 74 years)
2008-04,ES,F,TOTAL,12.0,Spain,Females,Total (16 to 74 years)
2008-04,ES,M,TOTAL,8.5,Spain,Males,Total (16 to 74 years)
2008-04,ES,T,TOTAL,10.0,Spain,Total,Total (16 to 74 years)
2008-04,EU27,F,TOTAL,7.9,European Union - 27 countries (from 2020),Females,Total (16 to 74 years)
2008-04,EU27,M,TOTAL,6.5,European Union - 27 countries (from 2020),Males,Total (16 to 74 years)
2008-04,EU27,T,TOTAL,7.1,European Union - 27 countries (from 2020),Total,Total (16 to 74 years)
2008-04,FR,F,TOTAL,7.7,France,Females,Total (16 to 74 years)
2008-04,FR,M,TOTAL,6.9,France,Males,Total (16 to 74 years)
2008-04,FR,T,TOTAL,7.3,France,Total,Total (16 to 74 years)
2008-04,IT,F,TOTAL,8.5,Italy,Females,Total (16 to 74 years)
2008-04,IT,M,TOTAL,5.7,Italy,Males,Total (16 to 74 years)
2008-04,IT,T,TOTAL,6.9,Italy,Total,Total (16 to 74 years)
2008-04,NL,F,TOTAL,5.8,Netherlands,Females,Total (16 to 74 years)
2008-04,NL,M,TOTAL,4.0,Netherlands,Males,Total (16 to 74 years)
2008-04,NL,T,TOTAL,4.8,Netherlands,Total,Total (16 to 74 years)
2008-04,PL,F,TOTAL,8.0,Poland,Females,Total (16 to 74 years)
2008-04,PL,M,TOTAL,6.7,Poland,Males,Total (16 to 74 years)
2008-04,PL,T,TOTAL,7.2,Poland,Total,Total (16 to 74 years)
2008-04,SE,F,TOTAL,5.7,Sweden,Females,Total (16 to 74 years)
2008-04,SE,M,TOTAL,5.8,Sweden,Males,Total (16 to 74 years)
2008-04,SE,T,TOTAL,5.7,Sweden,Total,Total (16 to 74 years)
2008-05,DE,F,TOTAL,7.8,Germany,Females,Total (16 to 74 years)
2008-05,DE,M,TOTAL,7.3,Germany,Males,Total (16 to 74 years)
2008-05,DE,T,TOTAL,7.5,Germany,Total,Total (16 to 74 years)
2008-05,EL,F,TOTAL,11.2,Greece,Females,Total (16 to 74 years)
2008-05,EL,M,TOTAL,4.6,Greece,Males,Total (16 to 74 years)
2008-05,EL,T,TOTAL,7.3,Greece,Total,Total (16 to 74 years)
2008-05,ES,F,TOTAL,12.2,Spain,Females,Total (16 to 74 years)
2008-05,ES,M,TOTAL,9.1,Spain,Males,Total (16 to 74 years)
2008-05,ES,T,TOTAL,10.4,Spain,Total,Total (16 to 74 years)
2008-05,EU27,F,TOTAL,7.9,European Union - 27 countries (from 2020),Females,Total (16 to 74 years)
2008-05,EU27,M,TOTAL,6.6,European Union - 27 countries (from 2020),Males,Total (16 to 74 years)
2008-05,EU27,T,TOTAL,7.2,European Union - 27 countries (from 2020),Total,Total (16 to 74 years)
2008-05,FR,F,TOTAL,7.7,France,Females,Total (16 to 74 years)
2008-05,FR,M,TOTAL,6.9,France,Males,Total (16 to 74 years)
2008-05,FR,T,TOTAL,7.3,France,Total,Total (16 to 74 years)
2008-05,IT,F,TOTAL,8.8,Italy,Females,Total (16 to 74 years)
2008-05,IT,M,TOTAL,5.4,Italy,Males,Total (16 to 74 years)
2008-05,IT,T,TOTAL,6.8,Italy,Total,Total (16 to 74 years)
2008-05,NL,F,TOTAL,5.8,Netherlands,Females,Total (16 to 74 years)
2008-05,NL,M,TOTAL,4.0,Netherlands,Males,Total (16 to 74 years)
2008-05,NL,T,TOTAL,4.8,Netherlands,Total,Total (16 to 74 years)
2008-05,PL,F,TOTAL,8.0,Poland,Females,Total (16 to 74 years)
2008-05,PL,M,TOTAL,6.6,Poland,Males,Total (16 to 74 years)
2008-05,PL,T,TOTAL,7.2,Poland,Total,Total (16 to 74 years)
2008-05,SE,F,TOTAL,6.2,Sweden,Females,Total (16 to 74 years)
2008-05,SE,M,TOTAL,5.6,Sweden,Males,Total (16 to 74 years)
2008-05,SE,T,TOTAL,5.9,Sweden,Total,Total (16 to 74 years)
2008-06,DE,F,TOTAL,7.7,Germany,Females,Total (16 to 74 years)
2008-06,DE,M,TOTAL,7.2,Germany,Males,Total (16 to 74 years)
2008-06,DE,T,TOTAL,7.4,Germany,Total,Total (16 to 74 years)
2008-06,EL,F,TOTAL,11.4,Greece,Females,Total (16 to 74 years)
2008-06,EL,M,TOTAL,5.5,Greece,Males,Total (16 to 74 years)
2008-06,EL,T,TOTAL,7.9,Greece,Total,Total (16 to 74 years)
2008-06,ES,F,TOTAL,12.4,Spain,Females,Total (16 to 74 years)
2008-06,ES,M,TOTAL,9.7,Spain,Males,Total (16 to 74 years)
2008-06,ES,T,TOTAL,10.8,Spain,Total,Total (16 to 74 years)
2008-06,EU27,F,TOTAL,8.0,European Union - 27 countries (from 2020),Females,Total (16 to 74 years)
2008-06,EU27,M,TOTAL,6.7,European Union - 27 countries (from 2020),Males,Total (16 to 74 years)
2008-06,EU27,T,TOTAL,7.3,European Union - 27 countries (from 2020),Total,Total (16 to 74 years)
2008-06,FR,F,TOTAL,7.8,France,Females,Total (16 to 74 years)
2008-06,FR,M,TOTAL,7.1,France,Males,Total (16 to 74 years)
2008-06,FR,T,TOTAL,7.4,France,Total,Total (16 to 74 years)
2008-06,IT,F,TOTAL,8.7,Italy,Females,Total (16 to 74 years)
2008-06,IT,M,TOTAL,5.7,Italy,Males,Total (16 to 74 years)
2008-06,IT,T,TOTAL,6.9,Italy,Total,Total (16 to 74 years)
2008-06,NL,F,TOTAL,5.9,Netherlands,Females,Total (16 to 74 years)
2008-06,NL,M,TOTAL,3.9,Netherlands,Males,Total (16 to 74 years)
2008-06,NL,T,TOTAL,4.8,Netherlands,Total,Total (16 to 74 years)
2008-06,PL,F,TOTAL,7.9,Poland,Females,Total (16 to 74 years)
2008-06,PL,M,TOTAL,6.3,Poland,Males,Total (16 to 74 years)
2008-06,PL,T,TOTAL,7.0,Poland,Total,Total (16 to 74 years)
2008-06,SE,F,TOTAL,7.5,Sweden,Females,Total (16 to 74 years)
2008-06,SE,M,TOTAL,6.0,Sweden,Males,Total (16 to 74 years)
2008-06,SE,T,TOTAL,6.7,Sweden,Total,Total (16 to 74 years)
2008-07,DE,F,TOTAL,7.5,Germany,Females,Total (16 to 74 years)
2008-07,DE,M,TOTAL,7.0,Germany,Males,Total (16 to 74 years)
2008-07,DE,T,TOTAL,7.3,Germany,Total,Total (16 to 74 years)
2008-07,EL,F,TOTAL,11.3,Greece,Females,Total (16 to 74 years)
2008-07,EL,M,TOTAL,5.1,Greece,Males,Total (16 to 74 years)
2008-07,EL,T,TOTAL,7.6,Greece,Total,Total (16 to 74 years)
2008-07,ES,F,TOTAL,12.4,Spain,Females,Total (16 to 74 years)
2008-07,ES,M,TOTAL,10.1,Spain,Males,Total (16 to 74 years)
2008-07,ES,T,TOTAL,11.1,Spain,Total,Total (16 to 74 years)
2008-07,EU27,F,TOTAL,7.9,European Union - 27 countries (from 2020),Females,Total (16 to 74 years)
2008-07,EU27,M,TOTAL,6.7,European Union - 27 countries (from 2020),Males,Total (16 to 74 years)
2008-07,EU27,T,TOTAL,7.2,European Union - 27 countries (from 2020),Total,Total (16 to 74 years)
2008-07,FR,F,TOTAL,7.8,France,Females,Total (16 to 74 years)
2008-07,FR,M,TOTAL,7.2,France,Males,Total (16 to 74 years)
2008-07,FR,T,TOTAL,7.5,France,Total,Total (16 to 74 years)
2008-07,IT,F,TOTAL,8.4,Italy,Females,Total (16 to 74 years)
2008-07,IT,M,TOTAL,5.5,Italy,Males,Total (16 to 74 years)
2008-07,IT,T,TOTAL,6.7,Italy,Total,Total (16 to 74 years)
2008-07,NL,F,TOTAL,5.8,Netherlands,Females,Total (16 to 74 years)
2008-07,NL,M,TOTAL,3.8,Netherlands,Males,Total (16 to 74 years)
2008-07,NL,T,TOTAL,4.7,Netherlands,Total,Total (16 to 74 years)
2008-07,PL,F,TOTAL,7.9,Poland,Females,Total (16 to 74 years)
2008-07,PL,M,TOTAL,6.1,Poland,Males,Total (16 to 74 years)
2008-07,PL,T,TOTAL,6.9,Poland,Total,Total (16 to 74 years)
2008-07,SE,F,TOTAL,6.7,Sweden,Females,Total (16 to 74 years)
2008-07,SE,M,TOTAL,6.0,Sweden,Males,Total (16 to 74 years)
2008-07,SE,T,TOTAL,6.3,Sweden,Total,Total (16 to 74 years)
2008-08,DE,F,TOTAL,7.4,Germany,Females,Total (16 to 74 years)
2008-08,DE,M,TOTAL,6.9,Germany,Males,Total (16 to 74 years)
2008-08,DE,T,TOTAL,7.1,Germany,Total,Total (16 to 74 years)
2008-08,EL,F,TOTAL,11.7,Greece,Females,Total (16 to 74 years)
2008-08,EL,M,TOTAL,4.9,Greece,Males,Total (16 to 74 years)
2008-08,EL,T,TOTAL,7.7,Greece,Total,Total (16 to 74 years)
2008-08,ES,F,TOTAL,12.7,Spain,Females,Total (16 to 74 years)
2008-08,ES,M,TOTAL,10.6,Spain,Males,Total (16 to 74 years)
2008-08,ES,T,TOTAL,11.5,Spain,Total,Total (16 to 74 years)
2008-08,EU27,F,TOTAL,7.9,European Union - 27 countries (from 2020),Females,Total (16 to 74 years)
2008-08,EU27,M,TOTAL,6.7,European Union - 27 countries (from 2020),Males,Total (16 to 74 years)
2008-08,EU27,T,TOTAL,7.3,European Union - 27 countries (from 2020),Total,Total (16 to 74 years)
2008-08,FR,F,TOTAL,7.8,France,Females,Total (16 to 74 years)
2008-08,FR,M,TOTAL,7.2,France,Males,Total (16 to 74 years)
2008-08,FR,T,TOTAL,7.5,France,Total,Total (16 to 74 years)
2008-08,IT,F,TOTAL,8.6,Italy,Females,Total (16 to 74 years)
2008-08,IT,M,TOTAL,5.6,Italy,Males,Total (16 to 74 years)
2008-08,IT,T,TOTAL,6.8,Italy,Total,Total (16 to 74 years)
2008-08,NL,F,TOTAL,5.7,Netherlands,Females,Total (16 to 74 years)
2008-08,NL,M,TOTAL,3.8,Netherlands,Males,Total (16 to 74 years)
2008-08,NL,T,TOTAL,4.7,Netherlands,Total,Total (16 to 74 years)
2008-08,PL,F,TOTAL,7.8,Poland,Females,Total (16 to 74 years)
2008-08,PL,M,TOTAL,6.0,Poland,Males,Total (16 to 74 years)
2008-08,PL,T,TOTAL,6.8,Poland,Total,Total (16 to 74 years)
2008-08,SE,F,TOTAL,6.3,Sweden,Females,Total (16 to 74 years)
2008-08,SE,M,TOTAL,5.8,Sweden,Males,Total (16 to 74 years)
2008-08,SE,T,TOTAL,6.0,Sweden,Total,Total (16 to 74 years)
2008-09,DE,F,TOTAL,7.2,Germany,Females,Total (16 to 74 years)
2008-09,DE,M,TOTAL,6.9,Germany,Males,Total (16 to 74 years)
2008-09,DE,T,TOTAL,7.0,Germany,Total,Total (16 to 74 years)
2008-09,EL,F,TOTAL,11.5,Greece,Females,Total (16 to 74 years)
2008-09,EL,M,TOTAL,5.7,Greece,Males,Total (16 to 74 years)
2008-09,EL,T,TOTAL,8.1,Greece,Total,Total (16 to 74 years)
2008-09,ES,F,TOTAL,13.1,Spain,Females,Total (16 to 74 years)
2008-09,ES,M,TOTAL,11.2,Spain,Males,Total (16 to 74 years)
2008-09,ES,T,TOTAL,12.0,Spain,Total,Total (16 to 74 years)
2008-09,EU27,F,TOTAL,8.0,European Union - 27 countries (from 2020),Females,Total (16 to 74 years)
2008-09,EU27,M,TOTAL,6.8,European Union - 27 countries (from 2020),Males,Total (16 to 74 years)
2008-09,EU27,T,TOTAL,7.3,European Union - 27 countries (from 2020),Total,Total (16 to 74 years)
2008-09,FR,F,TOTAL,7.9,France,Females,Total (16 to 74 years)
2008-09,FR,M,TOTAL,7.2,France,Males,Total (16 to 74 years)
2008-09,FR,T,TOTAL,7.5,France,Total,Total (16 to 74 years)
2008-09,IT,F,TOTAL,8.5,Italy,Females,Total (16 to 74 years)
2008-09,IT,M,TOTAL,5.6,Italy,Males,Total (16 to 74 years)
2008-09,IT,T,TOTAL,6.8,Italy,Total,Total (16 to 74 years)
2008-09,NL,F,TOTAL,5.8,Netherlands,Females,Total (16 to 74 years)
2008-09,NL,M,TOTAL,3.9,Netherlands,Males,Total (16 to 74 years)
2008-09,NL,T,TOTAL,4.8,Netherlands,Total,Total (16 to 74 years)
2008-09,PL,F,TOTAL,7.6,Poland,Females,Total (16 to 74 years)
2008-09,PL,M,TOTAL,5.9,Poland,Males,Total (16 to 74 years)
2008-09,PL,T,TOTAL,6.7,Poland,Total,Total (16 to 74 years)
2008-09,SE,F,TOTAL,7.1,Sweden,Females,Total (16 to 74 years)
2008-09,SE,M,TOTAL,6.0,Sweden,Males,Total (16 to 74 years)
2008-09,SE,T,TOTAL,6.5,Sweden,Total,Total (16 to 74 years)
2008-10,DE,F,TOTAL,7.1,Germany,Females,Total (16 to 74 years)
2008-10,DE,M,TOTAL,6.9,Germany,Males,Total (16 to 74 years)
2008-10,DE,T,TOTAL,7.0,Germany,Total,Total (16 to 74 years)
2008-10,EL,F,TOTAL,11.5,Greece,Females,Total (16 to 74 years)
2008-10,EL,M,TOTAL,5.0,Greece,Males,Total (16 to 74 years)
2008-10,EL,T,TOTAL,7.7,Greece,Total,Total (16 to 74 years)
2008-10,ES,F,TOTAL,14.0,Spain,Females,Total (16 to 74 years)
2008-10,ES,M,TOTAL,12.0,Spain,Males,Total (16 to 74 years)
2008-10,ES,T,TOTAL,12.9,Spain,Total,Total (16 to 74 years)
2008-10,EU27,F,TOTAL,8.0,European Union - 27 countries (from 2020),Females,Total (16 to 74 years)
2008-10,EU27,M,TOTAL,7.0,European Union - 27 countries (from 2020),Males,Total (16 to 74 years)
2008-10,EU27,T,TOTAL,7.4,European Union - 27 countries (from 2020),Total,Total (16 to 74 years)
2008-10,FR,F,TOTAL,8.0,France,Females,Total (16 to 74 years)
2008-10,FR,M,TOTAL,7.1,France,Males,Total (16 to 74 years)
2008-10,FR,T,TOTAL,7.6,France,Total,Total (16 to 74 years)
2008-10,IT,F,TOTAL,8.3,Italy,Females,Total (16 to 74 years)
2008-10,IT,M,TOTAL,6.0,Italy,Males,Total (16 to 74 years)
2008-10,IT,T,TOTAL,6.9,Italy,Total,Total (16 to 74 years)
2008-10,NL,F,TOTAL,5.6,Netherlands,Females,Total (16 to 74 years)
2008-10,NL,M,TOTAL,3.9,Netherlands,Males,Total (16 to 74 years)
2008-10,NL,T,TOTAL,4.7,Netherlands,Total,Total (16 to 74 years)
2008-10,PL,F,TOTAL,7.5,Poland,Females,Total (16 to 74 years)
2008-10,PL,M,TOTAL,6.0,Poland,Males,Total (16 to 74 years)
2008-10,PL,T,TOTAL,6.6,Poland,Total,Total (16 to 74 years)
2008-10,SE,F,TOTAL,6.9,Sweden,Females,Total (16 to 74 years)
2008-10,SE,M,TOTAL,6.0,Sweden,Males,Total (16 to 74 years)
2008-10,SE,T,TOTAL,6.4,Sweden,Total,Total (16 to 74 years)
2008-11,DE,F,TOTAL,7.0,Germany,Females,Total (16 to 74 years)
2008-11,DE,M,TOTAL,7.0,Germany,Males,Total (16 to 74 years)
2008-11,DE,T,TOTAL,7.0,Germany,Total,Total (16 to 74 years)
2008-11,EL,F,TOTAL,11.7,Greece,Females,Total (16 to 74 years)
2008-11,EL,M,TOTAL,4.9,Greece,Males,Total (16 to 74 years)
2008-11,EL,T,TOTAL,7.7,Greece,Total,Total (16 to 74 years)
2008-11,ES,F,TOTAL,14.8,Spain,Females,Total (16 to 74 years)
2008-11,ES,M,TOTAL,12.9,Spain,Males,Total (16 to 74 years)
2008-11,ES,T,TOTAL,13.8,Spain,Total,Total (16 to 74 years)
2008-11,EU27,F,TOTAL,8.2,European Union - 27 countries (from 2020),Females,Total (16 to 74 years)
2008-11,EU27,M,TOTAL,7.2,European Union - 27 countries (from 2020),Males,Total (16 to 74 years)
2008-11,EU27,T,TOTAL,7.7,European Union - 27 countries (from 2020),Total,Total (16 to 74 years)
2008-11,FR,F,TOTAL,8.3,France,Females,Total (16 to 74 years)
2008-11,FR,M,TOTAL,7.3,France,Males,Total (16 to 74 years)
2008-11,FR,T,TOTAL,7.8,France,Total,Total (16 to 74 years)
2008-11,IT,F,TOTAL,8.7,Italy,Females,Total (16 to 74 years)
2008-11,IT,M,TOTAL,6.0,Italy,Males,Total (16 to 74 years)
2008-11,IT,T,TOTAL,7.1,Italy,Total,Total (16 to 74 years)
2008-11,NL,F,TOTAL,5.6,Netherlands,Females,Total (16 to 74 years)
2008-11,NL,M,TOTAL,3.9,Netherlands,Males,Total (16 to 74 years)
2008-11,NL,T,TOTAL,4.7,Netherlands,Total,Total (16 to 74 years)
2008-11,PL,F,TOTAL,7.6,Poland,Females,Total (16 to 74 years)
2008-11,PL,M,TOTAL,6.2,Poland,Males,Total (16 to 74 years)
2008-11,PL,T,TOTAL,6.8,Poland,Total,Total (16 to 74 years)
2008-11,SE,F,TOTAL,7.6,Sweden,Females,Total (16 to 74 years)
2008-11,SE,M,TOTAL,6.6,Sweden,Males,Total (16 to 74 years)
2008-11,SE,T,TOTAL,7.1,Sweden,Total,Total (16 to 74 years)
2008-12,DE,F,TOTAL,7.0,Germany,Females,Total (16 to 74 years)
2008-12,DE,M,TOTAL,7.1,Germany,Males,Total (16 to 74 years)
2008-12,DE,T,TOTAL,7.1,Germany,Total,Total (16 to 74 years)
2008-12,EL,F,TOTAL,11.9,Greece,Females,Total (16 to 74 years)
2008-12,EL,M,TOTAL,6.2,Greece,Males,Total (16 to 74 years)
2008-12,EL,T,TOTAL,8.6,Greece,Total,Total (16 to 74 years)
2008-12,ES,F,TOTAL,15.7,Spain,Females,Total (16 to 74 years)
2008-12,ES,M,TOTAL,14.1,Spain,Males,Total (16 to 74 years)
2008-12,ES,T,TOTAL,14.8,Spain,Total,Total (16 to 74 years)
2008-12,EU27,F,TOTAL,8.4,European Union - 27 countries (from 2020),Females,Total (16 to 74 years)
2008-12,EU27,M,TOTAL,7.5,European Union - 27 countries (from 2020),Males,Total (16 to 74 years)
2008-12,EU27,T,TOTAL,7.9,European Union - 27 countries (from 2020),Total,Total (16 to 74 years)
2008-12,FR,F,TOTAL,8.4,France,Females,Total (16 to 74 years)
2008-12,FR,M,TOTAL,7.6,France,Males,Total (16 to 74 years)
2008-12,FR,T,TOTAL,8.0,France,Total,Total (16 to 74 years)
2008-12,IT,F,TOTAL,8.4,Italy,Females,Total (16 to 74 years)
2008-12,IT,M,TOTAL,5.9,Italy,Males,Total (16 to 74 years)
2008-12,IT,T,TOTAL,6.9,Italy,Total,Total (16 to 74 years)
2008-12,NL,F,TOTAL,5.7,Netherlands,Females,Total (16 to 74 years)
2008-12,NL,M,TOTAL,4.0,Netherlands,Males,Total (16 to 74 years)
2008-12,NL,T,TOTAL,4.8,Netherlands,Total,Total (16 to 74 years)
2008-12,PL,F,TOTAL,7.8,Poland,Females,Total (16 to 74 years)
2008-12,PL,M,TOTAL,6.3,Poland,Males,Total (16 to 74 years)
2008-12,PL,T,TOTAL,7.0,Poland,Total,Total (16 to 74 years)
2008-12,SE,F,TOTAL,6.9,Sweden,Females,Total (16 to 74 years)
2008-12,SE,M,TOTAL,6.9,Sweden,Males,Total (16 to 74 years)
2008-12,SE,T,TOTAL,6.9,Sweden,Total,Total (16 to 74 years)
2009-01,DE,F,TOTAL,7.0,Germany,Females,Total (16 to 74 years)
2009-01,DE,M,TOTAL,7.3,Germany,Males,Total (16 to 74 years)
2009-01,DE,T,TOTAL,7.1,Germany,Total,Total (16 to 74 years)
2009-01,EL,F,TOTAL,12.6,Greece,Females,Total (16 to 74 years)
2009-01,EL,M,TOTAL,6.4,Greece,Males,Total (16 to 74 years)
2009-01,EL,T,TOTAL,9.0,Greece,Total,Total (16 to 74 years)
2009-01,ES,F,TOTAL,16.6,Spain,Females,Total (16 to 74 years)
2009-01,ES,M,TOTAL,15.3,Spain,Males,Total (16 to 74 years)
2009-01,ES,T,TOTAL,15.9,Spain,Total,Total (16 to 74 years)
2009-01,EU27,F,TOTAL,8.8,European Union - 27 countries (from 2020),Females,Total (16 to 74 years)
2009-01,EU27,M,TOTAL,8.1,European Union - 27 countries (from 2020),Males,Total (16 to 74 years)
2009-01,EU27,T,TOTAL,8.4,European Union - 27 countries (from 2020),Total,Total (16 to 74 years)
2009-01,FR,F,TOTAL,8.6,France,Females,Total (16 to 74 years)
2009-01,FR,M,TOTAL,8.0,France,Males,Total (16 to 74 years)
2009-01,FR,T,TOTAL,8.3,France,Total,Total (16 to 74 years)
2009-01,IT,F,TOTAL,8.8,Italy,Females,Total (16 to 74 years)
2009-01,IT,M,TOTAL,6.1,Italy,Males,Total (16 to 74 years)
2009-01,IT,T,TOTAL,7.2,Italy,Total,Total (16 to 74 years)
2009-01,NL,F,TOTAL,5.6,Netherlands,Females,Total (16 to 74 years)
2009-01,NL,M,TOTAL,4.1,Netherlands,Males,Total (16 to 74 years)
2009-01,NL,T,TOTAL,4.8,Netherlands,Total,Total (16 to 74 years)
2009-01,PL,F,TOTAL,8.3,Poland,Females,Total (16 to 74 years)
2009-01,PL,M,TOTAL,6.7,Poland,Males,Total (16 to 74 years)
2009-01,PL,T,TOTAL,7.4,Poland,Total,Total (16 to 74 years)
2009-01,SE,F,TOTAL,6.8,Sweden,Females,Total (16 to 74 years)
2009-01,SE,M,TOTAL,7.1,Sweden,Males,Total (16 to 74 years)
2009-01,SE,T,TOTAL,6.9,Sweden,Total,Total (16 to 74 years)
2009-02,DE,F,TOTAL,7.0,Germany,Females,Total (16 to 74 years)
2009-02,DE,M,TOTAL,7.4,Germany,Males,Total (16 to 74 years)
2009-02,DE,T,TOTAL,7.2,Germany,Total,Total (16 to 74 years)
2009-02,EL,F,TOTAL,12.7,Greece,Females,Total (16 to 74 years)
2009-02,EL,M,TOTAL,6.6,Greece,Males,Total (16 to 74 years)
2009-02,EL,T,TOTAL,9.2,Greece,Total,Total (16 to 74 years)
2009-02,ES,F,TOTAL,17.4,Spain,Females,Total (16 to 74 years)
2009-02,ES,M,TOTAL,16.3,Spain,Males,Total (16 to 74 years)
2009-02,ES,T,TOTAL,16.8,Spain,Total,Total (16 to 74 years)
2009-02,EU27,F,TOTAL,9.0,European Union - 27 countries (from 2020),Females,Total (16 to 74 years)
2009-02,EU27,M,TOTAL,8.4,European Union - 27 countries (from 2020),Males,Total (16 to 74 years)
2009-02,EU27,T,TOTAL,8.7,European Union - 27 countries (from 2020),Total,Total (16 to 74 years)
2009-02,FR,F,TOTAL,8.8,France,Females,Total (16 to 74 years)
2009-02,FR,M,TOTAL,8.4,France,Males,Total (16 to 74 years)
2009-02,FR,T,TOTAL,8.6,France,Total,Total (16 to 74 years)
2009-02,IT,F,TOTAL,8.9,Italy,Females,Total (16 to 74 years)
2009-02,IT,M,TOTAL,6.2,Italy,Males,Total (16 to 74 years)
2009-02,IT,T,TOTAL,7.3,Italy,Total,Total (16 to 74 years)
2009-02,NL,F,TOTAL,5.6,Netherlands,Females,Total (16 to 74 years)
2009-02,NL,M,TOTAL,4.3,Netherlands,Males,Total (16 to 74 years)
2009-02,NL,T,TOTAL,4.9,Netherlands,Total,Total (16 to 74 years)
2009-02,PL,F,TOTAL,8.3,Poland,Females,Total (16 to 74 years)
2009-02,PL,M,TOTAL,6.9,Poland,Males,Total (16 to 74 years)
2009-02,PL,T,TOTAL,7.5,Poland,Total,Total (16 to 74 years)
2009-02,SE,F,TOTAL,7.8,Sweden,Females,Total (16 to 74 years)
2009-02,SE,M,TOTAL,7.8,Sweden,Males,Total (16 to 74 years)
2009-02,SE,T,TOTAL,7.8,Sweden,Total,Total (16 to 74 years)
2009-03,DE,F,TOTAL,7.0,Germany,Females,Total (16 to 74 years)
2009-03,DE,M,TOTAL,7.6,Germany,Males,Total (16 to 74 years)
2009-03,DE,T,TOTAL,7.3,Germany,Total,Total (16 to 74 years)
2009-03,EL,F,TOTAL,12.9,Greece,Females,Total (16 to 74 years)
2009-03,EL,M,TOTAL,6.4,Greece,Males,Total (16 to 74 years)
2009-03,EL,T,TOTAL,9.1,Greece,Total,Total (16 to 74 years)
2009-03,ES,F,TOTAL,18.0,Spain,Females,Total (16 to 74 years)
2009-03,ES,M,TOTAL,17.1,Spain,Males,Total (16 to 74 years)
2009-03,ES,T,TOTAL,17.5,Spain,Total,Total (16 to 74 years)
2009-03,EU27,F,TOTAL,9.2,European Union - 27 countries (from 2020),Females,Total (16 to 74 years)
2009-03,EU27,M,TOTAL,8.8,European Union - 27 countries (from 2020),Males,Total (16 to 74 years)
2009-03,EU27,T,TOTAL,8.9,European Union - 27 countries (from 2020),Total,Total (16 to 74 years)
2009-03,FR,F,TOTAL,9.0,France,Females,Total (16 to 74 years)
2009-03,FR,M,TOTAL,8.7,France,Males,Total (16 to 74 years)
2009-03,FR,T,TOTAL,8.9,France,Total,Total (16 to 74 years)
2009-03,IT,F,TOTAL,9.0,Italy,Females,Total (16 to 74 years)
2009-03,IT,M,TOTAL,6.7,Italy,Males,Total (16 to 74 years)
2009-03,IT,T,TOTAL,7.6,Italy,Total,Total (16 to 74 years)
2009-03,NL,F,TOTAL,5.7,Netherlands,Females,Total (16 to 74 years)
2009-03,NL,M,TOTAL,4.3,Netherlands,Males,Total (16 to 74 years)
2009-03,NL,T,TOTAL,5.0,Netherlands,Total,Total (16 to 74 years)
2009-03,PL,F,TOTAL,8.4,Poland,Females,Total (16 to 74 years)
2009-03,PL,M,TOTAL,7.2,Poland,Males,Total (16 to 74 years)
2009-03,PL,T,TOTAL,7.7,Poland,Total,Total (16 to 74 years)
2009-03,SE,F,TOTAL,7.9,Sweden,Females,Total (16 to 74 years)
2009-03,SE,M,TOTAL,7.9,Sweden,Males,Total (16 to 74 years)
2009-03,SE,T,TOTAL,7.9,Sweden,Total,Total (16 to 74 years)
2009-04,DE,F,TOTAL,7.0,Germany,Females,Total (16 to 74 years)
2009-04,DE,M,TOTAL,7.7,Germany,Males,Total (16 to 74 years)
2009-04,DE,T,TOTAL,7.4,Germany,Total,Total (16 to 74 years)
2009-04,EL,F,TOTAL,13.0,Greece,Females,Total (16 to 74 years)
2009-04,EL,M,TOTAL,7.0,Greece,Males,Total (16 to 74 years)
2009-04,EL,T,TOTAL,9.5,Greece,Total,Total (16 to 74 years)
2009-04,ES,F,TOTAL,18.2,Spain,Females,Total (16 to 74 years)
2009-04,ES,M,TOTAL,17.5,Spain,Males,Total (16 to 74 years)
2009-04,ES,T,TOTAL,17.8,Spain,Total,Total (16 to 74 years)
2009-04,EU27,F,TOTAL,9.3,European Union - 27 countries (from 2020),Females,Total (16 to 74 years)
2009-04,EU27,M,TOTAL,9.0,European Union - 27 countries (from 2020),Males,Total (16 to 74 years)
2009-04,EU27,T,TOTAL,9.1,European Union - 27 countries (from 2020),Total,Total (16 to 74 years)
2009-04,FR,F,TOTAL,9.3,France,Females,Total (16 to 74 years)
2009-04,FR,M,TOTAL,9.0,France,Males,Total (16 to 74 years)
2009-04,FR,T,TOTAL,9.1,France,Total,Total (16 to 74 years)
2009-04,IT,F,TOTAL,9.0,Italy,Females,Total (16 to 74 years)
2009-04,IT,M,TOTAL,6.4,Italy,Males,Total (16 to 74 years)
2009-04,IT,T,TOTAL,7.5,Italy,Total,Total (16 to 74 years)
2009-04,NL,F,TOTAL,5.9,Netherlands,Females,Total (16 to 74 years)
2009-04,NL,M,TOTAL,4.6,Netherlands,Males,Total (16 to 74 years)
2009-04,NL,T,TOTAL,5.2,Netherlands,Total,Total (16 to 74 years)
2009-04,PL,F,TOTAL,8.4,Poland,Females,Total (16 to 74 years)
2009-04,PL,M,TOTAL,7.3,Poland,Males,Total (16 to 74 years)
2009-04,PL,T,TOTAL,7.8,Poland,Total,Total (16 to 74 years)
2009-04,SE,F,TOTAL,7.4,Sweden,Females,Total (16 to 74 years)
2009-04,SE,M,TOTAL,8.4,Sweden,Males,Total (16 to 74 years)
2009-04,SE,T,TOTAL,7.9,Sweden,Total,Total (16 to 74 years)
2009-05,DE,F,TOTAL,7.0,Germany,Females,Total (16 to 74 years)
2009-05,DE,M,TOTAL,7.8,Germany,Males,Total (16 to 74 years)
2009-05,DE,T,TOTAL,7.5,Germany,Total,Total (16 to 74 years)
2009-05,EL,F,TOTAL,13.1,Greece,Females,Total (16 to 74 years)
2009-05,EL,M,TOTAL,6.7,Greece,Males,Total (16 to 74 years)
2009-05,EL,T,TOTAL,9.4,Greece,Total,Total (16 to 74 years)
2009-05,ES,F,TOTAL,18.3,Spain,Females,Total (16 to 74 years)
2009-05,ES,M,TOTAL,17.7,Spain,Males,Total (16 to 74 years)
2009-05,ES,T,TOTAL,17.9,Spain,Total,Total (16 to 74 years)
2009-05,EU27,F,TOTAL,9.4,European Union - 27 countries (from 2020),Females,Total (16 to 74 years)
2009-05,EU27,M,TOTAL,9.1,European Union - 27 countries (from 2020),Males,Total (16 to 74 years)
2009-05,EU27,T,TOTAL,9.2,European Union - 27 countries (from 2020),Total,Total (16 to 74 years)
2009-05,FR,F,TOTAL,9.4,France,Females,Total (16 to 74 years)
2009-05,FR,M,TOTAL,9.1,France,Males,Total (16 to 74 years)
2009-05,FR,T,TOTAL,9.2,France,Total,Total (16 to 74 years)
2009-05,IT,F,TOTAL,8.7,Italy,Females,Total (16 to 74 years)
2009-05,IT,M,TOTAL,6.6,Italy,Males,Total (16 to 74 years)
2009-05,IT,T,TOTAL,7.5,Italy,Total,Total (16 to 74 years)
2009-05,NL,F,TOTAL,5.9,Netherlands,Females,Total (16 to 74 years)
2009-05,NL,M,TOTAL,4.7,Netherlands,Males,Total (16 to 74 years)
2009-05,NL,T,TOTAL,5.2,Netherlands,Total,Total (16 to 74 years)
2009-05,PL,F,TOTAL,8.4,Poland,Females,Total (16 to 74 years)
2009-05,PL,M,TOTAL,7.5,Poland,Males,Total (16 to 74 years)
2009-05,PL,T,TOTAL,7.9,Poland,Total,Total (16 to 74 years)
2009-05,SE,F,TOTAL,8.9,Sweden,Females,Total (16 to 74 years)
2009-05,SE,M,TOTAL,9.1,Sweden,Males,Total (16 to 74 years)
2009-05,SE,T,TOTAL,9.0,Sweden,Total,Total (16 to 74 years)
2009-06,DE,F,TOTAL,7.0,Germany,Females,Total (16 to 74 years)
2009-06,DE,M,TOTAL,7.9,Germany,Males,Total (16 to 74 years)
2009-06,DE,T,TOTAL,7.5,Germany,Total,Total (16 to 74 years)
2009-06,EL,F,TOTAL,13.4,Greece,Females,Total (16 to 74 years)
2009-06,EL,M,TOTAL,6.6,Greece,Males,Total (16 to 74 years)
2009-06,EL,T,TOTAL,9.4,Greece,Total,Total (16 to 74 years)
2009-06,ES,F,TOTAL,18.1,Spain,Females,Total (16 to 74 years)
2009-06,ES,M,TOTAL,17.7,Spain,Males,Total (16 to 74 years)
2009-06,ES,T,TOTAL,17.9,Spain,Total,Total (16 to 74 years)
2009-06,EU27,F,TOTAL,9.4,European Union - 27 countries (from 2020),Females,Total (16 to 74 years)
2009-06,EU27,M,TOTAL,9.3,European Union - 27 countries (from 2020),Males,Total (16 to 74 years)
2009-06,EU27,T,TOTAL,9.3,European Union - 27 countries (from 2020),Total,Total (16 to 74 years)
2009-06,FR,F,TOTAL,9.3,France,Females,Total (16 to 74 years)
2009-06,FR,M,TOTAL,9.0,France,Males,Total (16 to 74 years)
2009-06,FR,T,TOTAL,9.2,France,Total,Total (16 to 74 years)
2009-06,IT,F,TOTAL,9.2,Italy,Females,Total (16 to 74 years)
2009-06,IT,M,TOTAL,6.8,Italy,Males,Total (16 to 74 years)
2009-06,IT,T,TOTAL,7.8,Italy,Total,Total (16 to 74 years)
2009-06,NL,F,TOTAL,6.0,Netherlands,Females,Total (16 to 74 years)
2009-06,NL,M,TOTAL,4.7,Netherlands,Males,Total (16 to 74 years)
2009-06,NL,T,TOTAL,5.3,Netherlands,Total,Total (16 to 74 years)
2009-06,PL,F,TOTAL,8.5,Poland,Females,Total (16 to 74 years)
2009-06,PL,M,TOTAL,7.7,Poland,Males,Total (16 to 74 years)
2009-06,PL,T,TOTAL,8.1,Poland,Total,Total (16 to 74 years)
2009-06,SE,F,TOTAL,8.1,Sweden,Females,Total (16 to 74 years)
2009-06,SE,M,TOTAL,8.9,Sweden,Males,Total (16 to 74 years)
2009-06,SE,T,TOTAL,8.5,Sweden,Total,Total (16 to 74 years)
2009-07,DE,F,TOTAL,7.0,Germany,Females,Total (16 to 74 years)
2009-07,DE,M,TOTAL,8.0,Germany,Males,Total (16 to 74 years)
2009-07,DE,T,TOTAL,7.6,Germany,Total,Total (16 to 74 years)
2009-07,EL,F,TOTAL,13.8,Greece,Females,Total (16 to 74 years)
2009-07,EL,M,TOTAL,7.3,Greece,Males,Total (16 to 74 years)
2009-07,EL,T,TOTAL,10.0,Greece,Total,Total (16 to 74 years)
2009-07,ES,F,TOTAL,18.0,Spain,Females,Total (16 to 74 years)
2009-07,ES,M,TOTAL,17.9,Spain,Males,Total (16 to 74 years)
2009-07,ES,T,TOTAL,18.0,Spain,Total,Total (16 to 74 years)
2009-07,EU27,F,TOTAL,9.5,European Union - 27 countries (from 2020),Females,Total (16 to 74 years)
2009-07,EU27,M,TOTAL,9.4,European Union - 27 countries (from 2020),Males,Total (16 to 74 years)
2009-07,EU27,T,TOTAL,9.5,European Union - 27 countries (from 2020),Total,Total (16 to 74 years)
2009-07,FR,F,TOTAL,9.3,France,Females,Total (16 to 74 years)
2009-07,FR,M,TOTAL,8.9,France,Males,Total (16 to 74 years)
2009-07,FR,T,TOTAL,9.1,France,Total,Total (16 to 74 years)
2009-07,IT,F,TOTAL,9.3,Italy,Females,Total (16 to 74 years)
2009-07,IT,M,TOTAL,7.1,Italy,Males,Total (16 to 74 years)
2009-07,IT,T,TOTAL,8.0,Italy,Total,Total (16 to 74 years)
2009-07,NL,F,TOTAL,6.2,Netherlands,Females,Total (16 to 74 years)
2009-07,NL,M,TOTAL,4.9,Netherlands,Males,Total (16 to 74 years)
2009-07,NL,T,TOTAL,5.5,Netherlands,Total,Total (16 to 74 years)
2009-07,PL,F,TOTAL,8.6,Poland,Females,Total (16 to 74 years)
2009-07,PL,M,TOTAL,8.0,Poland,Males,Total (16 to 74 years)
2009-07,PL,T,TOTAL,8.3,Poland,Total,Total (16 to 74 years)
2009-07,SE,F,TOTAL,7.9,Sweden,Females,Total (16 to 74 years)
2009-07,SE,M,TOTAL,9.1,Sweden,Males,Total (16 to 74 years)
2009-07,SE,T,TOTAL,8.5,Sweden,Total,Total (16 to 74 years)
2009-08,DE,F,TOTAL,7.0,Germany,Females,Total (16 to 74 years)
2009-08,DE,M,TOTAL,8.0,Germany,Males,Total (16 to 74 years)
2009-08,DE,T,TOTAL,7.5,Germany,Total,Total (16 to 74 years)
2009-08,EL,F,TOTAL,13.4,Greece,Females,Total (16 to 74 years)
2009-08,EL,M,TOTAL,7.6,Greece,Males,Total (16 to 74 years)
2009-08,EL,T,TOTAL,10.1,Greece,Total,Total (16 to 74 years)
2009-08,ES,F,TOTAL,18.2,Spain,Females,Total (16 to 74 years)
2009-08,ES,M,TOTAL,18.1,Spain,Males,Total (16 to 74 years)
2009-08,ES,T,TOTAL,18.2,Spain,Total,Total (16 to 74 years)
2009-08,EU27,F,TOTAL,9.7,European Union - 27 countries (from 2020),Females,Total (16 to 74 years)
2009-08,EU27,M,TOTAL,9.5,European Union - 27 countries (from 2020),Males,Total (16 to 74 years)
2009-08,EU27,T,TOTAL,9.6,European Union - 27 countries (from 2020),Total,Total (16 to 74 years)
2009-08,FR,F,TOTAL,9.4,France,Females,Total (16 to 74 years)
2009-08,FR,M,TOTAL,9.0,France,Males,Total (16 to 74 years)
2009-08,FR,T,TOTAL,9.2,France,Total,Total (16 to 74 years)
2009-08,IT,F,TOTAL,9.6,Italy,Females,Total (16 to 74 years)
2009-08,IT,M,TOTAL,7.0,Italy,Males,Total (16 to 74 years)
2009-08,IT,T,TOTAL,8.1,Italy,Total,Total (16 to 74 years)
2009-08,NL,F,TOTAL,6.3,Netherlands,Females,Total (16 to 74 years)
2009-08,NL,M,TOTAL,5.0,Netherlands,Males,Total (16 to 74 years)
2009-08,NL,T,TOTAL,5.6,Netherlands,Total,Total (16 to 74 years)
2009-08,PL,F,TOTAL,8.7,Poland,Females,Total (16 to 74 years)
2009-08,PL,M,TOTAL,8.1,Poland,Males,Total (16 to 74 years)
2009-08,PL,T,TOTAL,8.4,Poland,Total,Total (16 to 74 years)
2009-08,SE,F,TOTAL,8.4,Sweden,Females,Total (16 to 74 years)
2009-08,SE,M,TOTAL,9.3,Sweden,Males,Total (16 to 74 years)
2009-08,SE,T,TOTAL,8.9,Sweden,Total,Total (16 to 74 years)
2009-09,DE,F,TOTAL,6.9,Germany,Females,Total (16 to 74 years)
2009-09,DE,M,TOTAL,7.9,Germany,Males,Total (16 to 74 years)
2009-09,DE,T,TOTAL,7.5,Germany,Total,Total (16 to 74 years)
2009-09,EL,F,TOTAL,14.0,Greece,Females,Total (16 to 74 years)
2009-09,EL,M,TOTAL,6.9,Greece,Males,Total (16 to 74 years)
2009-09,EL,T,TOTAL,9.9,Greece,Total,Total (16 to 74 years)
2009-09,ES,F,TOTAL,18.4,Spain,Females,Total (16 to 74 years)
2009-09,ES,M,TOTAL,18.4,Spain,Males,Total (16 to 74 years)
2009-09,ES,T,TOTAL,18.4,Spain,Total,Total (16 to 74 years)
2009-09,EU27,F,TOTAL,9.7,European Union - 27 countries (from 2020),Females,Total (16 to 74 years)
2009-09,EU27,M,TOTAL,9.7,European Union - 27 countries (from 2020),Males,Total (16 to 74 years)
2009-09,EU27,T,TOTAL,9.7,European Union - 27 countries (from 2020),Total,Total (16 to 74 years)
2009-09,FR,F,TOTAL,9.4,France,Females,Total (16 to 74 years)
2009-09,FR,M,TOTAL,9.2,France,Males,Total (16 to 74 years)
2009-09,FR,T,TOTAL,9.3,France,Total,Total (16 to 74 years)
2009-09,IT,F,TOTAL,9.5,Italy,Females,Total (16 to 74 years)
2009-09,IT,M,TOTAL,7.5,Italy,Males,Total (16 to 74 years)
2009-09,IT,T,TOTAL,8.3,Italy,Total,Total (16 to 74 years)
2009-09,NL,F,TOTAL,6.4,Netherlands,Females,Total (16 to 74 years)
2009-09,NL,M,TOTAL,5.2,Netherlands,Males,Total (16 to 74 years)
2009-09,NL,T,TOTAL,5.7,Netherlands,Total,Total (16 to 74 years)
2009-09,PL,F,TOTAL,8.7,Poland,Females,Total (16 to 74 years)
2009-09,PL,M,TOTAL,8.2,Poland,Males,Total (16 to 74 years)
2009-09,PL,T,TOTAL,8.4,Poland,Total,Total (16 to 74 years)
2009-09,SE,F,TOTAL,8.7,Sweden,Females,Total (16 to 74 years)
2009-09,SE,M,TOTAL,9.1,Sweden,Males,Total (16 to 74 years)
2009-09,SE,T,TOTAL,8.9,Sweden,Total,Total (16 to 74 years)
2009-10,DE,F,TOTAL,6.8,Germany,Females,Total (16 to 74 years)
2009-10,DE,M,TOTAL,7.8,Germany,Males,Total (16 to 74 years)
2009-10,DE,T,TOTAL,7.4,Germany,Total,Total (16 to 74 years)
2009-10,EL,F,TOTAL,13.9,Greece,Females,Total (16 to 74 years)
2009-10,EL,M,TOTAL,7.7,Greece,Males,Total (16 to 74 years)
2009-10,EL,T,TOTAL,10.3,Greece,Total,Total (16 to 74 years)
2009-10,ES,F,TOTAL,18.6,Spain,Females,Total (16 to 74 years)
2009-10,ES,M,TOTAL,18.6,Spain,Males,Total (16 to 74 years)
2009-10,ES,T,TOTAL,18.6,Spain,Total,Total (16 to 74 years)
2009-10,EU27,F,TOTAL,9.8,European Union - 27 countries (from 2020),Females,Total (16 to 74 years)
2009-10,EU27,M,TOTAL,9.7,European Union - 27 countries (from 2020),Males,Total (16 to 74 years)
2009-10,EU27,T,TOTAL,9.7,European Union - 27 countries (from 2020),Total,Total (16 to 74 years)
2009-10,FR,F,TOTAL,9.5,France,Females,Total (16 to 74 years)
2009-10,FR,M,TOTAL,9.6,France,Males,Total (16 to 74 years)
2009-10,FR,T,TOTAL,9.5,France,Total,Total (16 to 74 years)
2009-10,IT,F,TOTAL,9.7,Italy,Females,Total (16 to 74 years)
2009-10,IT,M,TOTAL,7.2,Italy,Males,Total (16 to 74 years)
2009-10,IT,T,TOTAL,8.3,Italy,Total,Total (16 to 74 years)
2009-10,NL,F,TOTAL,6.5,Netherlands,Females,Total (16 to 74 years)
2009-10,NL,M,TOTAL,5.1,Netherlands,Males,Total (16 to 74 years)
2009-10,NL,T,TOTAL,5.8,Netherlands,Total,Total (16 to 74 years)
2009-10,PL,F,TOTAL,8.6,Poland,Females,Total (16 to 74 years)
2009-10,PL,M,TOTAL,8.3,Poland,Males,Total (16 to 74 years)
2009-10,PL,T,TOTAL,8.4,Poland,Total,Total (16 to 74 years)
2009-10,SE,F,TOTAL,8.6,Sweden,Females,Total (16 to 74 years)
2009-10,SE,M,TOTAL,9.1,Sweden,Males,Total (16 to 74 years)
2009-10,SE,T,TOTAL,8.9,Sweden,Total,Total (16 to 74 years)
2009-11,DE,F,TOTAL,6.7,Germany,Females,Total (16 to 74 years)
2009-11,DE,M,TOTAL,7.7,Germany,Males,Total (16 to 74 years)
2009-11,DE,T,TOTAL,7.2,Germany,Total,Total (16 to 74 years)
2009-11,EL,F,TOTAL,14.3,Greece,Females,Total (16 to 74 years)
2009-11,EL,M,TOTAL,8.6,Greece,Males,Total (16 to 74 years)
2009-11,EL,T,TOTAL,11.0,Greece,Total,Total (16 to 74 years)
2009-11,ES,F,TOTAL,18.8,Spain,Females,Total (16 to 74 years)
2009-11,ES,M,TOTAL,18.6,Spain,Males,Total (16 to 74 years)
2009-11,ES,T,TOTAL,18.7,Spain,Total,Total (16 to 74 years)
2009-11,EU27,F,TOTAL,9.8,European Union - 27 countries (from 2020),Females,Total (16 to 74 years)
2009-11,EU27,M,TOTAL,9.9,European Union - 27 countries (from 2020),Males,Total (16 to 74 years)
2009-11,EU27,T,TOTAL,9.8,European Union - 27 countries (from 2020),Total,Total (16 to 74 years)
2009-11,FR,F,TOTAL,9.5,France,Females,Total (16 to 74 years)
2009-11,FR,M,TOTAL,9.7,France,Males,Total (16 to 74 years)
2009-11,FR,T,TOTAL,9.6,France,Total,Total (16 to 74 years)
2009-11,IT,F,TOTAL,9.6,Italy,Females,Total (16 to 74 years)
2009-11,IT,M,TOTAL,7.4,Italy,Males,Total (16 to 74 years)
2009-11,IT,T,TOTAL,8.3,Italy,Total,Total (16 to 74 years)
2009-11,NL,F,TOTAL,6.6,Netherlands,Females,Total (16 to 74 years)
2009-11,NL,M,TOTAL,5.3,Netherlands,Males,Total (16 to 74 years)
2009-11,NL,T,TOTAL,5.9,Netherlands,Total,Total (16 to 74 years)
2009-11,PL,F,TOTAL,8.8,Poland,Females,Total (16 to 74 years)
2009-11,PL,M,TOTAL,8.5,Poland,Males,Total (16 to 74 years)
2009-11,PL,T,TOTAL,8.7,Poland,Total,Total (16 to 74 years)
2009-11,SE,F,TOTAL,8.5,Sweden,Females,Total (16 to 74 years)
2009-11,SE,M,TOTAL,9.2,Sweden,Males,Total (16 to 74 years)
2009-11,SE,T,TOTAL,8.8,Sweden,Total,Total (16 to 74 years)
2009-12,DE,F,TOTAL,6.6,Germany,Females,Total (16 to 74 years)
2009-12,DE,M,TOTAL,7.6,Germany,Males,Total (16 to 74 years)
2009-12,DE,T,TOTAL,7.2,Germany,Total,Total (16 to 74 years)
2009-12,EL,F,TOTAL,14.6,Greece,Females,Total (16 to 74 years)
2009-12,EL,M,TOTAL,7.0,Greece,Males,Total (16 to 74 years)
2009-12,EL,T,TOTAL,10.2,Greece,Total,Total (16 to 74 years)
2009-12,ES,F,TOTAL,19.0,Spain,Females,Total (16 to 74 years)
2009-12,ES,M,TOTAL,18.8,Spain,Males,Total (16 to 74 years)
2009-12,ES,T,TOTAL,18.9,Spain,Total,Total (16 to 74 years)
2009-12,EU27,F,TOTAL,9.9,European Union - 27 countries (from 2020),Females,Total (16 to 74 years)
2009-12,EU27,M,TOTAL,9.9,European Union - 27 countries (from 2020),Males,Total (16 to 74 years)
2009-12,EU27,T,TOTAL,9.9,European Union - 27 countries (from 2020),Total,Total (16 to 74 years)
2009-12,FR,F,TOTAL,9.4,France,Females,Total (16 to 74 years)
2009-12,FR,M,TOTAL,9.6,France,Males,Total (16 to 74 years)
2009-12,FR,T,TOTAL,9.5,France,Total,Total (16 to 74 years)
2009-12,IT,F,TOTAL,9.9,Italy,Females,Total (16 to 74 years)
2009-12,IT,M,TOTAL,7.6,Italy,Males,Total (16 to 74 years)
2009-12,IT,T,TOTAL,8.5,Italy,Total,Total (16 to 74 years)
2009-12,NL,F,TOTAL,6.7,Netherlands,Females,Total (16 to 74 years)
2009-12,NL,M,TOTAL,5.5,Netherlands,Males,Total (16 to 74 years)
2009-12,NL,T,TOTAL,6.1,Netherlands,Total,Total (16 to 74 years)
2009-12,PL,F,TOTAL,9.3,Poland,Females,Total (16 to 74 years)
2009-12,PL,M,TOTAL,8.9,Poland,Males,Total (16 to 74 years)
2009-12,PL,T,TOTAL,9.1,Poland,Total,Total (16 to 74 years)
2009-12,SE,F,TOTAL,8.8,Sweden,Females,Total (16 to 74 years)
2009-12,SE,M,TOTAL,9.4,Sweden,Males,Total (16 to 74 years)
2009-12,SE,T,TOTAL,9.1,Sweden,Total,Total (16 to 74 years)
2010-01,DE,F,TOTAL,6.6,Germany,Females,Total (16 to 74 years)
2010-01,DE,M,TOTAL,7.5,Germany,Males,Total (16 to 74 years)
2010-01,DE,T,TOTAL,7.1,Germany,Total,Total (16 to 74 years)
2010-01,EL,F,TOTAL,14.9,Greece,Females,Total (16 to 74 years)
2010-01,EL,M,TOTAL,8.5,Greece,Males,Total (16 to 74 years)
2010-01,EL,T,TOTAL,11.2,Greece,Total,Total (16 to 74 years)
2010-01,ES,F,TOTAL,19.1,Spain,Females,Total (16 to 74 years)
2010-01,ES,M,TOTAL,19.1,Spain,Males,Total (16 to 74 years)
2010-01,ES,T,TOTAL,19.1,Spain,Total,Total (16 to 74 years)
2010-01,EU27,F,TOTAL,10.1,European Union - 27 countries (from 2020),Females,Total (16 to 74 years)
2010-01,EU27,M,TOTAL,10.1,European Union - 27 countries (from 2020),Males,Total (16 to 74 years)
2010-01,EU27,T,TOTAL,10.1,European Union - 27 countries (from 2020),Total,Total (16 to 74 years)
2010-01,FR,F,TOTAL,9.4,France,Females,Total (16 to 74 years)
2010-01,FR,M,TOTAL,9.5,France,Males,Total (16 to 74 years)
2010-01,FR,T,TOTAL,9.5,France,Total,Total (16 to 74 years)
2010-01,IT,F,TOTAL,9.8,Italy,Females,Total (16 to 74 years)
2010-01,IT,M,TOTAL,7.7,Italy,Males,Total (16 to 74 years)
2010-01,IT,T,TOTAL,8.5,Italy,Total,Total (16 to 74 years)
2010-01,NL,F,TOTAL,6.8,Netherlands,Females,Total (16 to 74 years)
2010-01,NL,M,TOTAL,5.7,Netherlands,Males,Total (16 to 74 years)
2010-01,NL,T,TOTAL,6.2,Netherlands,Total,Total (16 to 74 years)
2010-01,PL,F,TOTAL,10.6,Poland,Females,Total (16 to 74 years)
2010-01,PL,M,TOTAL,10.0,Poland,Males,Total (16 to 74 years)
2010-01,PL,T,TOTAL,10.3,Poland,Total,Total (16 to 74 years)
2010-01,SE,F,TOTAL,9.1,Sweden,Females,Total (16 to 74 years)
2010-01,SE,M,TOTAL,9.3,Sweden,Males,Total (16 to 74 years)
2010-01,SE,T,TOTAL,9.2,Sweden,Total,Total (16 to 74 years)
2010-02,DE,F,TOTAL,6.6,Germany,Females,Total (16 to 74 years)
2010-02,DE,M,TOTAL,7.4,Germany,Males,Total (16 to 74 years)
2010-02,DE,T,TOTAL,7.0,Germany,Total,Total (16 to 74 years)
2010-02,EL,F,TOTAL,15.4,Greece,Females,Total (16 to 74 years)
2010-02,EL,M,TOTAL,9.2,Greece,Males,Total (16 to 74 years)
2010-02,EL,T,TOTAL,11.8,Greece,Total,Total (16 to 74 years)
2010-02,ES,F,TOTAL,19.3,Spain,Females,Total (16 to 74 years)
2010-02,ES,M,TOTAL,19.2,Spain,Males,Total (16 to 74 years)
2010-02,ES,T,TOTAL,19.2,Spain,Total,Total (16 to 74 years)
2010-02,EU27,F,TOTAL,10.2,European Union - 27 countries (from 2020),Females,Total (16 to 74 years)
2010-02,EU27,M,TOTAL,10.1,European Union - 27 countries (from 2020),Males,Total (16 to 74 years)
2010-02,EU27,T,TOTAL,10.1,European Union - 27 countries (from 2020),Total,Total (16 to 74 years)
2010-02,FR,F,TOTAL,9.4,France,Females,Total (16 to 74 years)
2010-02,FR,M,TOTAL,9.4,France,Males,Total (16 to 74 years)
2010-02,FR,T,TOTAL,9.4,France,Total,Total (16 to 74 years)
2010-02,IT,F,TOTAL,9.9,Italy,Females,Total (16 to 74 years)
2010-02,IT,M,TOTAL,7.8,Italy,Males,Total (16 to 74 years)
2010-02,IT,T,TOTAL,8.6,Italy,Total,Total (16 to 74 years)
2010-02,NL,F,TOTAL,6.8,Netherlands,Females,Total (16 to 74 years)
2010-02,NL,M,TOTAL,5.6,Netherlands,Males,Total (16 to 74 years)
2010-02,NL,T,TOTAL,6.2,Netherlands,Total,Total (16 to 74 years)
2010-02,PL,F,TOTAL,10.7,Poland,Females,Total (16 to 74 years)
2010-02,PL,M,TOTAL,10.0,Poland,Males,Total (16 to 74 years)
2010-02,PL,T,TOTAL,10.3,Poland,Total,Total (16 to 74 years)
2010-02,SE,F,TOTAL,9.0,Sweden,Females,Total (16 to 74 years)
2010-02,SE,M,TOTAL,9.0,Sweden,Males,Total (16 to 74 years)
2010-02,SE,T,TOTAL,9.0,Sweden,Total,Total (16 to 74 years)
2010-03,DE,F,TOTAL,6.5,Germany,Females,Total (16 to 74 years)
2010-03,DE,M,TOTAL,7.3,Germany,Males,Total (16 to 74 years)
2010-03,DE,T,TOTAL,6.9,Germany,Total,Total (16 to 74 years)
2010-03,EL,F,TOTAL,15.6,Greece,Females,Total (16 to 74 years)
2010-03,EL,M,TOTAL,8.3,Greece,Males,Total (16 to 74 years)
2010-03,EL,T,TOTAL,11.4,Greece,Total,Total (16 to 74 years)
2010-03,ES,F,TOTAL,19.6,Spain,Females,Total (16 to 74 years)
2010-03,ES,M,TOTAL,19.3,Spain,Males,Total (16 to 74 years)
2010-03,ES,T,TOTAL,19.4,Spain,Total,Total (16 to 74 years)
2010-03,EU27,F,TOTAL,10.2,European Union - 27 countries (from 2020),Females,Total (16 to 74 years)
2010-03,EU27,M,TOTAL,10.1,European Union - 27 countries (from 2020),Males,Total (16 to 74 years)
2010-03,EU27,T,TOTAL,10.1,European Union - 27 countries (from 2020),Total,Total (16 to 74 years)
2010-03,FR,F,TOTAL,9.4,France,Females,Total (16 to 74 years)
2010-03,FR,M,TOTAL,9.2,France,Males,Total (16 to 74 years)
2010-03,FR,T,TOTAL,9.3,France,Total,Total (16 to 74 years)
2010-03,IT,F,TOTAL,9.9,Italy,Females,Total (16 to 74 years)
2010-03,IT,M,TOTAL,7.5,Italy,Males,Total (16 to 74 years)
2010-03,IT,T,TOTAL,8.5,Italy,Total,Total (16 to 74 years)
2010-03,NL,F,TOTAL,6.8,Netherlands,Females,Total (16 to 74 years)
2010-03,NL,M,TOTAL,5.7,Netherlands,Males,Total (16 to 74 years)
2010-03,NL,T,TOTAL,6.2,Netherlands,Total,Total (16 to 74 years)
2010-03,PL,F,TOTAL,10.6,Poland,Females,Total (16 to 74 years)
2010-03,PL,M,TOTAL,10.0,Poland,Males,Total (16 to 74 years)
2010-03,PL,T,TOTAL,10.3,Poland,Total,Total (16 to 74 years)
2010-03,SE,F,TOTAL,8.7,Sweden,Females,Total (16 to 74 years)
2010-03,SE,M,TOTAL,9.2,Sweden,Males,Total (16 to 74 years)
2010-03,SE,T,TOTAL,9.0,Sweden,Total,Total (16 to 74 years)
2010-04,DE,F,TOTAL,6.4,Germany,Females,Total (16 to 74 years)
2010-04,DE,M,TOTAL,7.2,Germany,Males,Total (16 to 74 years)
2010-04,DE,T,TOTAL,6.8,Germany,Total,Total (16 to 74 years)
2010-04,EL,F,TOTAL,15.9,Greece,Females,Total (16 to 74 years)
2010-04,EL,M,TOTAL,9.6,Greece,Males,Total (16 to 74 years)
2010-04,EL,T,TOTAL,12.2,Greece,Total,Total (16 to 74 years)
2010-04,ES,F,TOTAL,20.2,Spain,Females,Total (16 to 74 years)
2010-04,ES,M,TOTAL,19.6,Spain,Males,Total (16 to 74 years)
2010-04,ES,T,TOTAL,19.8,Spain,Total,Total (16 to 74 years)
2010-04,EU27,F,TOTAL,10.3,European Union - 27 countries (from 2020),Females,Total (16 to 74 years)
2010-04,EU27,M,TOTAL,10.1,European Union - 27 countries (from 2020),Males,Total (16 to 74 years)
2010-04,EU27,T,TOTAL,10.2,European Union - 27 countries (from 2020),Total,Total (16 to 74 years)
2010-04,FR,F,TOTAL,9.4,France,Females,Total (16 to 74 years)
2010-04,FR,M,TOTAL,9.2,France,Males,Total (16 to 74 years)
2010-04,FR,T,TOTAL,9.3,France,Total,Total (16 to 74 years)
2010-04,IT,F,TOTAL,9.8,Italy,Females,Total (16 to 74 years)
2010-04,IT,M,TOTAL,8.0,Italy,Males,Total (16 to 74 years)
2010-04,IT,T,TOTAL,8.8,Italy,Total,Total (16 to 74 years)
2010-04,NL,F,TOTAL,6.7,Netherlands,Females,Total (16 to 74 years)
2010-04,NL,M,TOTAL,5.5,Netherlands,Males,Total (16 to 74 years)
2010-04,NL,T,TOTAL,6.1,Netherlands,Total,Total (16 to 74 years)
2010-04,PL,F,TOTAL,10.5,Poland,Females,Total (16 to 74 years)
2010-04,PL,M,TOTAL,9.7,Poland,Males,Total (16 to 74 years)
2010-04,PL,T,TOTAL,10.1,Poland,Total,Total (16 to 74 years)
2010-04,SE,F,TOTAL,9.7,Sweden,Females,Total (16 to 74 years)
2010-04,SE,M,TOTAL,9.1,Sweden,Males,Total (16 to 74 years)
2010-04,SE,T,TOTAL,9.4,Sweden,Total,Total (16 to 74 years)
2010-05,DE,F,TOTAL,6.2,Germany,Females,Total (16 to 74 years)
2010-05,DE,M,TOTAL,7.1,Germany,Males,Total (16 to 74 years)
2010-05,DE,T,TOTAL,6.7,Germany,Total,Total (16 to 74 years)
2010-05,EL,F,TOTAL,16.1,Greece,Females,Total (16 to 74 years)
2010-05,EL,M,TOTAL,10.2,Greece,Males,Total (16 to 74 years)
2010-05,EL,T,TOTAL,12.6,Greece,Total,Total (16 to 74 years)
2010-05,ES,F,TOTAL,20.4,Spain,Females,Total (16 to 74 years)
2010-05,ES,M,TOTAL,19.7,Spain,Males,Total (16 to 74 years)
2010-05,ES,T,TOTAL,20.0,Spain,Total,Total (16 to 74 years)
2010-05,EU27,F,TOTAL,10.3,European Union - 27 countries (from 2020),Females,Total (16 to 74 years)
2010-05,EU27,M,TOTAL,10.1,European Union - 27 countries (from 2020),Males,Total (16 to 74 years)
2010-05,EU27,T,TOTAL,10.1,European Union - 27 countries (from 2020),Total,Total (16 to 74 years)
2010-05,FR,F,TOTAL,9.5,France,Females,Total (16 to 74 years)
2010-05,FR,M,TOTAL,9.2,France,Males,Total (16 to 74 years)
2010-05,FR,T,TOTAL,9.3,France,Total,Total (16 to 74 years)
2010-05,IT,F,TOTAL,10.1,Italy,Females,Total (16 to 74 years)
2010-05,IT,M,TOTAL,7.7,Italy,Males,Total (16 to 74 years)
2010-05,IT,T,TOTAL,8.7,Italy,Total,Total (16 to 74 years)
2010-05,NL,F,TOTAL,6.7,Netherlands,Females,Total (16 to 74 years)
2010-05,NL,M,TOTAL,5.6,Netherlands,Males,Total (16 to 74 years)
2010-05,NL,T,TOTAL,6.1,Netherlands,Total,Total (16 to 74 years)
2010-05,PL,F,TOTAL,10.4,Poland,Females,Total (16 to 74 years)
2010-05,PL,M,TOTAL,9.7,Poland,Males,Total (16 to 74 years)
2010-05,PL,T,TOTAL,10.0,Poland,Total,Total (16 to 74 years)
2010-05,SE,F,TOTAL,8.8,Sweden,Females,Total (16 to 74 years)
2010-05,SE,M,TOTAL,9.0,Sweden,Males,Total (16 to 74 years)
2010-05,SE,T,TOTAL,8.9,Sweden,Total,Total (16 to 74 years)
2010-06,DE,F,TOTAL,6.1,Germany,Females,Total (16 to 74 years)
2010-06,DE,M,TOTAL,7.0,Germany,Males,Total (16 to 74 years)
2010-06,DE,T,TOTAL,6.6,Germany,Total,Total (16 to 74 years)
2010-06,EL,F,TOTAL,16.4,Greece,Females,Total (16 to 74 years)
2010-06,EL,M,TOTAL,9.8,Greece,Males,Total (16 to 74 years)
2010-06,EL,T,TOTAL,12.6,Greece,Total,Total (16 to 74 years)
2010-06,ES,F,TOTAL,20.6,Spain,Females,Total (16 to 74 years)
2010-06,ES,M,TOTAL,19.6,Spain,Males,Total (16 to 74 years)
2010-06,ES,T,TOTAL,20.1,Spain,Total,Total (16 to 74 years)
2010-06,EU27,F,TOTAL,10.2,European Union - 27 countries (from 2020),Females,Total (16 to 74 years)
2010-06,EU27,M,TOTAL,10.0,European Union - 27 countries (from 2020),Males,Total (16 to 74 years)
2010-06,EU27,T,TOTAL,10.1,European Union - 27 countries (from 2020),Total,Total (16 to 74 years)
2010-06,FR,F,TOTAL,9.4,France,Females,Total (16 to 74 years)
2010-06,FR,M,TOTAL,9.1,France,Males,Total (16 to 74 years)
2010-06,FR,T,TOTAL,9.2,France,Total,Total (16 to 74 years)
2010-06,IT,F,TOTAL,9.5,Italy,Females,Total (16 to 74 years)
2010-06,IT,M,TOTAL,7.9,Italy,Males,Total (16 to 74 years)
2010-06,IT,T,TOTAL,8.6,Italy,Total,Total (16 to 74 years)
2010-06,NL,F,TOTAL,6.8,Netherlands,Females,Total (16 to 74 years)
2010-06,NL,M,TOTAL,5.6,Netherlands,Males,Total (16 to 74 years)
2010-06,NL,T,TOTAL,6.2,Netherlands,Total,Total (16 to 74 years)
2010-06,PL,F,TOTAL,10.3,Poland,Females,Total (16 to 74 years)
2010-06,PL,M,TOTAL,9.7,Poland,Males,Total (16 to 74 years)
2010-06,PL,T,TOTAL,9.9,Poland,Total,Total (16 to 74 years)
2010-06,SE,F,TOTAL,8.1,Sweden,Females,Total (16 to 74 years)
2010-06,SE,M,TOTAL,8.6,Sweden,Males,Total (16 to 74 years)
2010-06,SE,T,TOTAL,8.4,Sweden,Total,Total (16 to 74 years)
2010-07,DE,F,TOTAL,6.0,Germany,Females,Total (16 to 74 years)
2010-07,DE,M,TOTAL,6.9,Germany,Males,Total (16 to 74 years)
2010-07,DE,T,TOTAL,6.5,Germany,Total,Total (16 to 74 years)
2010-07,EL,F,TOTAL,16.6,Greece,Females,Total (16 to 74 years)
2010-07,EL,M,TOTAL,10.6,Greece,Males,Total (16 to 74 years)
2010-07,EL,T,TOTAL,13.2,Greece,Total,Total (16 to 74 years)
2010-07,ES,F,TOTAL,20.5,Spain,Females,Total (16 to 74 years)
2010-07,ES,M,TOTAL,19.5,Spain,Males,Total (16 to 74 years)
2010-07,ES,T,TOTAL,19.9,Spain,Total,Total (16 to 74 years)
2010-07,EU27,F,TOTAL,10.2,European Union - 27 countries (from 2020),Females,Total (16 to 74 years)
2010-07,EU27,M,TOTAL,9.9,European Union - 27 countries (from 2020),Males,Total (16 to 74 years)
2010-07,EU27,T,TOTAL,10.1,European Union - 27 countries (from 2020),Total,Total (16 to 74 years)
2010-07,FR,F,TOTAL,9.3,France,Females,Total (16 to 74 years)
2010-07,FR,M,TOTAL,9.1,France,Males,Total (16 to 74 years)
2010-07,FR,T,TOTAL,9.2,France,Total,Total (16 to 74 years)
2010-07,IT,F,TOTAL,9.7,Italy,Females,Total (16 to 74 years)
2010-07,IT,M,TOTAL,7.8,Italy,Males,Total (16 to 74 years)
2010-07,IT,T,TOTAL,8.5,Italy,Total,Total (16 to 74 years)
2010-07,NL,F,TOTAL,6.8,Netherlands,Females,Total (16 to 74 years)
2010-07,NL,M,TOTAL,5.6,Netherlands,Males,Total (16 to 74 years)
2010-07,NL,T,TOTAL,6.2,Netherlands,Total,Total (16 to 74 years)
2010-07,PL,F,TOTAL,10.1,Poland,Females,Total (16 to 74 years)
2010-07,PL,M,TOTAL,9.6,Poland,Males,Total (16 to 74 years)
2010-07,PL,T,TOTAL,9.8,Poland,Total,Total (16 to 74 years)
2010-07,SE,F,TOTAL,9.1,Sweden,Females,Total (16 to 74 years)
2010-07,SE,M,TOTAL,8.6,Sweden,Males,Total (16 to 74 years)
2010-07,SE,T,TOTAL,8.9,Sweden,Total,Total (16 to 74 years)
2010-08,DE,F,TOTAL,5.9,Germany,Females,Total (16 to 74 years)
2010-08,DE,M,TOTAL,6.8,Germany,Males,Total (16 to 74 years)
2010-08,DE,T,TOTAL,6.4,Germany,Total,Total (16 to 74 years)
2010-08,EL,F,TOTAL,17.0,Greece,Females,Total (16 to 74 years)
2010-08,EL,M,TOTAL,10.5,Greece,Males,Total (16 to 74 years)
2010-08,EL,T,TOTAL,13.3,Greece,Total,Total (16 to 74 years)
2010-08,ES,F,TOTAL,20.6,Spain,Females,Total (16 to 74 years)
2010-08,ES,M,TOTAL,19.6,Spain,Males,Total (16 to 74 years)
2010-08,ES,T,TOTAL,20.0,Spain,Total,Total (16 to 74 years)
2010-08,EU27,F,TOTAL,10.1,European Union - 27 countries (from 2020),Females,Total (16 to 74 years)
2010-08,EU27,M,TOTAL,10.0,European Union - 27 countries (from 2020),Males,Total (16 to 74 years)
2010-08,EU27,T,TOTAL,10.0,European Union - 27 countries (from 2020),Total,Total (16 to 74 years)
2010-08,FR,F,TOTAL,9.4,France,Females,Total (16 to 74 years)
2010-08,FR,M,TOTAL,9.1,France,Males,Total (16 to 74 years)
2010-08,FR,T,TOTAL,9.2,France,Total,Total (16 to 74 years)
2010-08,IT,F,TOTAL,9.3,Italy,Females,Total (16 to 74 years)
2010-08,IT,M,TOTAL,7.9,Italy,Males,Total (16 to 74 years)
2010-08,IT,T,TOTAL,8.5,Italy,Total,Total (16 to 74 years)
2010-08,NL,F,TOTAL,6.7,Netherlands,Females,Total (16 to 74 years)
2010-08,NL,M,TOTAL,5.6,Netherlands,Males,Total (16 to 74 years)
2010-08,NL,T,TOTAL,6.1,Netherlands,Total,Total (16 to 74 years)
2010-08,PL,F,TOTAL,10.0,Poland,Females,Total (16 to 74 years)
2010-08,PL,M,TOTAL,9.6,Poland,Males,Total (16 to 74 years)
2010-08,PL,T,TOTAL,9.8,Poland,Total,Total (16 to 74 years)
2010-08,SE,F,TOTAL,8.6,Sweden,Females,Total (16 to 74 years)
2010-08,SE,M,TOTAL,8.5,Sweden,Males,Total (16 to 74 years)
2010-08,SE,T,TOTAL,8.5,Sweden,Total,Total (16 to 74 years)
2010-09,DE,F,TOTAL,5.9,Germany,Females,Total (16 to 74 years)
2010-09,DE,M,TOTAL,6.7,Germany,Males,Total (16 to 74 years)
2010-09,DE,T,TOTAL,6.4,Germany,Total,Total (16 to 74 years)
2010-09,EL,F,TOTAL,17.5,Greece,Females,Total (16 to 74 years)
2010-09,EL,M,TOTAL,10.6,Greece,Males,Total (16 to 74 years)
2010-09,EL,T,TOTAL,13.5,Greece,Total,Total (16 to 74 years)
2010-09,ES,F,TOTAL,20.5,Spain,Females,Total (16 to 74 years)
2010-09,ES,M,TOTAL,19.7,Spain,Males,Total (16 to 74 years)
2010-09,ES,T,TOTAL,20.1,Spain,Total,Total (16 to 74 years)
2010-09,EU27,F,TOTAL,10.2,European Union - 27 countries (from 2020),Females,Total (16 to 74 years)
2010-09,EU27,M,TOTAL,9.9,European Union - 27 countries (from 2020),Males,Total (16 to 74 years)
2010-09,EU27,T,TOTAL,10.0,European Union - 27 countries (from 2020),Total,Total (16 to 74 years)
2010-09,FR,F,TOTAL,9.5,France,Females,Total (16 to 74 years)
2010-09,FR,M,TOTAL,9.0,France,Males,Total (16 to 74 years)
2010-09,FR,T,TOTAL,9.2,France,Total,Total (16 to 74 years)
2010-09,IT,F,TOTAL,9.6,Italy,Females,Total (16 to 74 years)
2010-09,IT,M,TOTAL,7.4,Italy,Males,Total (16 to 74 years)
2010-09,IT,T,TOTAL,8.3,Italy,Total,Total (16 to 74 years)
2010-09,NL,F,TOTAL,6.7,Netherlands,Females,Total (16 to 74 years)
2010-09,NL,M,TOTAL,5.4,Netherlands,Males,Total (16 to 74 years)
2010-09,NL,T,TOTAL,6.0,Netherlands,Total,Total (16 to 74 years)
2010-09,PL,F,TOTAL,10.1,Poland,Females,Total (16 to 74 years)
2010-09,PL,M,TOTAL,9.6,Poland,Males,Total (16 to 74 years)
2010-09,PL,T,TOTAL,9.8,Poland,Total,Total (16 to 74 years)
2010-09,SE,F,TOTAL,8.2,Sweden,Females,Total (16 to 74 years)
2010-09,SE,M,TOTAL,8.8,Sweden,Males,Total (16 to 74 years)
2010-09,SE,T,TOTAL,8.5,Sweden,Total,Total (16 to 74 years)
2010-10,DE,F,TOTAL,5.9,Germany,Females,Total (16 to 74 years)
2010-10,DE,M,TOTAL,6.7,Germany,Males,Total (16 to 74 years)
2010-10,DE,T,TOTAL,6.3,Germany,Total,Total (16 to 74 years)
2010-10,EL,F,TOTAL,18.1,Greece,Females,Total (16 to 74 years)
2010-10,EL,M,TOTAL,11.4,Greece,Males,Total (16 to 74 years)
2010-10,EL,T,TOTAL,14.3,Greece,Total,Total (16 to 74 years)
2010-10,ES,F,TOTAL,20.5,Spain,Females,Total (16 to 74 years)
2010-10,ES,M,TOTAL,19.8,Spain,Males,Total (16 to 74 years)
2010-10,ES,T,TOTAL,20.1,Spain,Total,Total (16 to 74 years)
2010-10,EU27,F,TOTAL,10.3,European Union - 27 countries (from 2020),Females,Total (16 to 74 years)
2010-10,EU27,M,TOTAL,9.9,European Union - 27 countries (from 2020),Males,Total (16 to 74 years)
2010-10,EU27,T,TOTAL,10.0,European Union - 27 countries (from 2020),Total,Total (16 to 74 years)
2010-10,FR,F,TOTAL,9.6,France,Females,Total (16 to 74 years)
2010-10,FR,M,TOTAL,8.8,France,Males,Total (16 to 74 years)
2010-10,FR,T,TOTAL,9.2,France,Total,Total (16 to 74 years)
2010-10,IT,F,TOTAL,9.8,Italy,Females,Total (16 to 74 years)
2010-10,IT,M,TOTAL,7.7,Italy,Males,Total (16 to 74 years)
2010-10,IT,T,TOTAL,8.5,Italy,Total,Total (16 to 74 years)
2010-10,NL,F,TOTAL,6.7,Netherlands,Females,Total (16 to 74 years)
2010-10,NL,M,TOTAL,5.3,Netherlands,Males,Total (16 to 74 years)
2010-10,NL,T,TOTAL,6.0,Netherlands,Total,Total (16 to 74 years)
2010-10,PL,F,TOTAL,10.2,Poland,Females,Total (16 to 74 years)
2010-10,PL,M,TOTAL,9.5,Poland,Males,Total (16 to 74 years)
2010-10,PL,T,TOTAL,9.8,Poland,Total,Total (16 to 74 years)
2010-10,SE,F,TOTAL,8.5,Sweden,Females,Total (16 to 74 years)
2010-10,SE,M,TOTAL,8.2,Sweden,Males,Total (16 to 74 years)
2010-10,SE,T,TOTAL,8.4,Sweden,Total,Total (16 to 74 years)
2010-11,DE,F,TOTAL,5.9,Germany,Females,Total (16 to 74 years)
2010-11,DE,M,TOTAL,6.6,Germany,Males,Total (16 to 74 years)
2010-11,DE,T,TOTAL,6.2,Germany,Total,Total (16 to 74 years)
2010-11,EL,F,TOTAL,18.1,Greece,Females,Total (16 to 74 years)
2010-11,EL,M,TOTAL,11.6,Greece,Males,Total (16 to 74 years)
2010-11,EL,T,TOTAL,14.3,Greece,Total,Total (16 to 74 years)
2010-11,ES,F,TOTAL,20.6,Spain,Females,Total (16 to 74 years)
2010-11,ES,M,TOTAL,19.9,Spain,Males,Total (16 to 74 years)
2010-11,ES,T,TOTAL,20.2,Spain,Total,Total (16 to 74 years)
2010-11,EU27,F,TOTAL,10.2,European Union - 27 countries (from 2020),Females,Total (16 to 74 years)
2010-11,EU27,M,TOTAL,9.8,European Union - 27 countries (from 2020),Males,Total (16 to 74 years)
2010-11,EU27,T,TOTAL,10.0,European Union - 27 countries (from 2020),Total,Total (16 to 74 years)
2010-11,FR,F,TOTAL,9.8,France,Females,Total (16 to 74 years)
2010-11,FR,M,TOTAL,8.7,France,Males,Total (16 to 74 years)
2010-11,FR,T,TOTAL,9.2,France,Total,Total (16 to 74 years)
2010-11,IT,F,TOTAL,9.3,Italy,Females,Total (16 to 74 years)
2010-11,IT,M,TOTAL,7.6,Italy,Males,Total (16 to 74 years)
2010-11,IT,T,TOTAL,8.3,Italy,Total,Total (16 to 74 years)
2010-11,NL,F,TOTAL,6.6,Netherlands,Females,Total (16 to 74 years)
2010-11,NL,M,TOTAL,5.3,Netherlands,Males,Total (16 to 74 years)
2010-11,NL,T,TOTAL,5.9,Netherlands,Total,Total (16 to 74 years)
2010-11,PL,F,TOTAL,10.2,Poland,Females,Total (16 to 74 years)
2010-11,PL,M,TOTAL,9.4,Poland,Males,Total (16 to 74 years)
2010-11,PL,T,TOTAL,9.8,Poland,Total,Total (16 to 74 years)
2010-11,SE,F,TOTAL,8.0,Sweden,Females,Total (16 to 74 years)
2010-11,SE,M,TOTAL,8.2,Sweden,Males,Total (16 to 74 years)
2010-11,SE,T,TOTAL,8.1,Sweden,Total,Total (16 to 74 years)
2010-12,DE,F,TOTAL,5.8,Germany,Females,Total (16 to 74 years)
2010-12,DE,M,TOTAL,6.4,Germany,Males,Total (16 to 74 years)
2010-12,DE,T,TOTAL,6.1,Germany,Total,Total (16 to 74 years)
2010-12,EL,F,TOTAL,18.6,Greece,Females,Total (16 to 74 years)
2010-12,EL,M,TOTAL,12.1,Greece,Males,Total (16 to 74 years)
2010-12,EL,T,TOTAL,14.9,Greece,Total,Total (16 to 74 years)
2010-12,ES,F,TOTAL,20.8,Spain,Females,Total (16 to 74 years)
2010-12,ES,M,TOTAL,20.0,Spain,Males,Total (16 to 74 years)
2010-12,ES,T,TOTAL,20.4,Spain,Total,Total (16 to 74 years)
2010-12,EU27,F,TOTAL,10.2,European Union - 27 countries (from 2020),Females,Total (16 to 74 years)
2010-12,EU27,M,TOTAL,9.8,European Union - 27 countries (from 2020),Males,Total (16 to 74 years)
2010-12,EU27,T,TOTAL,10.0,European Union - 27 countries (from 2020),Total,Total (16 to 74 years)
2010-12,FR,F,TOTAL,9.8,France,Females,Total (16 to 74 years)
2010-12,FR,M,TOTAL,8.7,France,Males,Total (16 to 74 years)
2010-12,FR,T,TOTAL,9.2,France,Total,Total (16 to 74 years)
2010-12,IT,F,TOTAL,9.3,Italy,Females,Total (16 to 74 years)
2010-12,IT,M,TOTAL,7.4,Italy,Males,Total (16 to 74 years)
2010-12,IT,T,TOTAL,8.2,Italy,Total,Total (16 to 74 years)
2010-12,NL,F,TOTAL,6.6,Netherlands,Females,Total (16 to 74 years)
2010-12,NL,M,TOTAL,5.3,Netherlands,Males,Total (16 to 74 years)
2010-12,NL,T,TOTAL,5.9,Netherlands,Total,Total (16 to 74 years)
2010-12,PL,F,TOTAL,10.2,Poland,Females,Total (16 to 74 years)
2010-12,PL,M,TOTAL,9.5,Poland,Males,Total (16 to 74 years)
2010-12,PL,T,TOTAL,9.8,Poland,Total,Total (16 to 74 years)
2010-12,SE,F,TOTAL,8.3,Sweden,Females,Total (16 to 74 years)
2010-12,SE,M,TOTAL,8.0,Sweden,Males,Total (16 to 74 years)
2010-12,SE,T,TOTAL,8.2,Sweden,Total,Total (16 to 74 years)
2011-01,DE,F,TOTAL,5.7,Germany,Females,Total (16 to 74 years)
2011-01,DE,M,TOTAL,6.3,Germany,Males,Total (16 to 74 years)
2011-01,DE,T,TOTAL,6.0,Germany,Total,Total (16 to 74 years)
2011-01,EL,F,TOTAL,18.8,Greece,Females,Total (16 to 74 years)
2011-01,EL,M,TOTAL,12.4,Greece,Males,Total (16 to 74 years)
2011-01,EL,T,TOTAL,15.1,Greece,Total,Total (16 to 74 years)
2011-01,ES,F,TOTAL,20.9,Spain,Females,Total (16 to 74 years)
2011-01,ES,M,TOTAL,19.9,Spain,Males,Total (16 to 74 years)
2011-01,ES,T,TOTAL,20.4,Spain,Total,Total (16 to 74 years)
2011-01,EU27,F,TOTAL,10.2,European Union - 27 countries (from 2020),Females,Total (16 to 74 years)
2011-01,EU27,M,TOTAL,9.7,European Union - 27 countries (from 2020),Males,Total (16 to 74 years)
2011-01,EU27,T,TOTAL,10.0,European Union - 27 countries (from 2020),Total,Total (16 to 74 years)
2011-01,FR,F,TOTAL,9.8,France,Females,Total (16 to 74 years)
2011-01,FR,M,TOTAL,8.6,France,Males,Total (16 to 74 years)
2011-01,FR,T,TOTAL,9.2,France,Total,Total (16 to 74 years)
2011-01,IT,F,TOTAL,9.4,Italy,Females,Total (16 to 74 years)
2011-01,IT,M,TOTAL,7.3,Italy,Males,Total (16 to 74 years)
2011-01,IT,T,TOTAL,8.1,Italy,Total,Total (16 to 74 years)
2011-01,NL,F,TOTAL,6.4,Netherlands,Females,Total (16 to 74 years)
2011-01,NL,M,TOTAL,5.3,Netherlands,Males,Total (16 to 74 years)
2011-01,NL,T,TOTAL,5.8,Netherlands,Total,Total (16 to 74 years)
2011-01,PL,F,TOTAL,10.1,Poland,Females,Total (16 to 74 years)
2011-01,PL,M,TOTAL,9.4,Poland,Males,Total (16 to 74 years)
2011-01,PL,T,TOTAL,9.7,Poland,Total,Total (16 to 74 years)
2011-01,SE,F,TOTAL,8.2,Sweden,Females,Total (16 to 74 years)
2011-01,SE,M,TOTAL,8.0,Sweden,Males,Total (16 to 74 years)
2011-01,SE,T,TOTAL,8.1,Sweden,Total,Total (16 to 74 years)
2011-02,DE,F,TOTAL,5.6,Germany,Females,Total (16 to 74 years)
2011-02,DE,M,TOTAL,6.1,Germany,Males,Total (16 to 74 years)
2011-02,DE,T,TOTAL,5.9,Germany,Total,Total (16 to 74 years)
2011-02,EL,F,TOTAL,19.2,Greece,Females,Total (16 to 74 years)
2011-02,EL,M,TOTAL,13.1,Greece,Males,Total (16 to 74 years)
2011-02,EL,T,TOTAL,15.7,Greece,Total,Total (16 to 74 years)
2011-02,ES,F,TOTAL,21.1,Spain,Females,Total (16 to 74 years)
2011-02,ES,M,TOTAL,20.0,Spain,Males,Total (16 to 74 years)
2011-02,ES,T,TOTAL,20.5,Spain,Total,Total (16 to 74 years)
2011-02,EU27,F,TOTAL,10.2,European Union - 27 countries (from 2020),Females,Total (16 to 74 years)
2011-02,EU27,M,TOTAL,9.7,European Union - 27 countries (from 2020),Males,Total (16 to 74 years)
2011-02,EU27,T,TOTAL,9.9,European Union - 27 countries (from 2020),Total,Total (16 to 74 years)
2011-02,FR,F,TOTAL,9.8,France,Females,Total (16 to 74 years)
2011-02,FR,M,TOTAL,8.7,France,Males,Total (16 to 74 years)
2011-02,FR,T,TOTAL,9.2,France,Total,Total (16 to 74 years)
2011-02,IT,F,TOTAL,9.0,Italy,Females,Total (16 to 74 years)
2011-02,IT,M,TOTAL,7.4,Italy,Males,Total (16 to 74 years)
2011-02,IT,T,TOTAL,8.1,Italy,Total,Total (16 to 74 years)
2011-02,NL,F,TOTAL,6.4,Netherlands,Females,Total (16 to 74 years)
2011-02,NL,M,TOTAL,5.4,Netherlands,Males,Total (16 to 74 years)
2011-02,NL,T,TOTAL,5.9,Netherlands,Total,Total (16 to 74 years)
2011-02,PL,F,TOTAL,10.0,Poland,Females,Total (16 to 74 years)
2011-02,PL,M,TOTAL,9.4,Poland,Males,Total (16 to 74 years)
2011-02,PL,T,TOTAL,9.7,Poland,Total,Total (16 to 74 years)
2011-02,SE,F,TOTAL,7.9,Sweden,Females,Total (16 to 74 years)
2011-02,SE,M,TOTAL,7.9,Sweden,Males,Total (16 to 74 years)
2011-02,SE,T,TOTAL,7.9,Sweden,Total,Total (16 to 74 years)
2011-03,DE,F,TOTAL,5.5,Germany,Females,Total (16 to 74 years)
2011-03,DE,M,TOTAL,6.0,Germany,Males,Total (16 to 74 years)
2011-03,DE,T,TOTAL,5.7,Germany,Total,Total (16 to 74 years)
2011-03,EL,F,TOTAL,19.9,Greece,Females,Total (16 to 74 years)
2011-03,EL,M,TOTAL,13.7,Greece,Males,Total (16 to 74 years)
2011-03,EL,T,TOTAL,16.3,Greece,Total,Total (16 to 74 years)
2011-03,ES,F,TOTAL,21.2,Spain,Females,Total (16 to 74 years)
2011-03,ES,M,TOTAL,20.1,Spain,Males,Total (16 to 74 years)
2011-03,ES,T,TOTAL,20.6,Spain,Total,Total (16 to 74 years)
2011-03,EU27,F,TOTAL,10.1,European Union - 27 countries (from 2020),Females,Total (16 to 74 years)
2011-03,EU27,M,TOTAL,9.7,European Union - 27 countries (from 2020),Males,Total (16 to 74 years)
2011-03,EU27,T,TOTAL,9.9,European Union - 27 countries (from 2020),Total,Total (16 to 74 years)
2011-03,FR,F,TOTAL,9.6,France,Females,Total (16 to 74 years)
2011-03,FR,M,TOTAL,8.7,France,Males,Total (16 to 74 years)
2011-03,FR,T,TOTAL,9.1,France,Total,Total (16 to 74 years)
2011-03,IT,F,TOTAL,9.1,Italy,Females,Total (16 to 74 years)
2011-03,IT,M,TOTAL,7.4,Italy,Males,Total (16 to 74 years)
2011-03,IT,T,TOTAL,8.1,Italy,Total,Total (16 to 74 years)
2011-03,NL,F,TOTAL,6.2,Netherlands,Females,Total (16 to 74 years)
2011-03,NL,M,TOTAL,5.3,Netherlands,Males,Total (16 to 74 years)
2011-03,NL,T,TOTAL,5.7,Netherlands,Total,Total (16 to 74 years)
2011-03,PL,F,TOTAL,10.2,Poland,Females,Total (16 to 74 years)
2011-03,PL,M,TOTAL,9.4,Poland,Males,Total (16 to 74 years)
2011-03,PL,T,TOTAL,9.8,Poland,Total,Total (16 to 74 years)
2011-03,SE,F,TOTAL,8.4,Sweden,Females,Total (16 to 74 years)
2011-03,SE,M,TOTAL,7.6,Sweden,Males,Total (16 to 74 years)
2011-03,SE,T,TOTAL,8.0,Sweden,Total,Total (16 to 74 years)
2011-04,DE,F,TOTAL,5.4,Germany,Females,Total (16 to 74 years)
2011-04,DE,M,TOTAL,5.8,Germany,Males,Total (16 to 74 years)
2011-04,DE,T,TOTAL,5.6,Germany,Total,Total (16 to 74 years)
2011-04,EL,F,TOTAL,20.1,Greece,Females,Total (16 to 74 years)
2011-04,EL,M,TOTAL,13.5,Greece,Males,Total (16 to 74 years)
2011-04,EL,T,TOTAL,16.3,Greece,Total,Total (16 to 74 years)
2011-04,ES,F,TOTAL,20.9,Spain,Females,Total (16 to 74 years)
2011-04,ES,M,TOTAL,20.3,Spain,Males,Total (16 to 74 years)
2011-04,ES,T,TOTAL,20.6,Spain,Total,Total (16 to 74 years)
2011-04,EU27,F,TOTAL,10.1,European Union - 27 countries (from 2020),Females,Total (16 to 74 years)
2011-04,EU27,M,TOTAL,9.7,European Union - 27 countries (from 2020),Males,Total (16 to 74 years)
2011-04,EU27,T,TOTAL,9.9,European Union - 27 countries (from 2020),Total,Total (16 to 74 years)
2011-04,FR,F,TOTAL,9.4,France,Females,Total (16 to 74 years)
2011-04,FR,M,TOTAL,8.8,France,Males,Total (16 to 74 years)
2011-04,FR,T,TOTAL,9.1,France,Total,Total (16 to 74 years)
2011-04,IT,F,TOTAL,9.2,Italy,Females,Total (16 to 74 years)
2011-04,IT,M,TOTAL,7.1,Italy,Males,Total (16 to 74 years)
2011-04,IT,T,TOTAL,8.0,Italy,Total,Total (16 to 74 years)
2011-04,NL,F,TOTAL,6.1,Netherlands,Females,Total (16 to 74 years)
2011-04,NL,M,TOTAL,5.4,Netherlands,Males,Total (16 to 74 years)
2011-04,NL,T,TOTAL,5.8,Netherlands,Total,Total (16 to 74 years)
2011-04,PL,F,TOTAL,10.4,Poland,Females,Total (16 to 74 years)
2011-04,PL,M,TOTAL,9.4,Poland,Males,Total (16 to 74 years)
2011-04,PL,T,TOTAL,9.9,Poland,Total,Total (16 to 74 years)
2011-04,SE,F,TOTAL,8.0,Sweden,Females,Total (16 to 74 years)
2011-04,SE,M,TOTAL,7.6,Sweden,Males,Total (16 to 74 years)
2011-04,SE,T,TOTAL,7.8,Sweden,Total,Total (16 to 74 years)
2011-05,DE,F,TOTAL,5.4,Germany,Females,Total (16 to 74 years)
2011-05,DE,M,TOTAL,5.8,Germany,Males,Total (16 to 74 years)
2011-05,DE,T,TOTAL,5.6,Germany,Total,Total (16 to 74 years)
2011-05,EL,F,TOTAL,20.6,Greece,Females,Total (16 to 74 years)
2011-05,EL,M,TOTAL,15.0,Greece,Males,Total (16 to 74 years)
2011-05,EL,T,TOTAL,17.4,Greece,Total,Total (16 to 74 years)
2011-05,ES,F,TOTAL,21.0,Spain,Females,Total (16 to 74 years)
2011-05,ES,M,TOTAL,20.5,Spain,Males,Total (16 to 74 years)
2011-05,ES,T,TOTAL,20.7,Spain,Total,Total (16 to 74 years)
2011-05,EU27,F,TOTAL,10.1,European Union - 27 countries (from 2020),Females,Total (16 to 74 years)
2011-05,EU27,M,TOTAL,9.8,European Union - 27 countries (from 2020),Males,Total (16 to 74 years)
2011-05,EU27,T,TOTAL,9.9,European Union - 27 countries (from 2020),Total,Total (16 to 74 years)
2011-05,FR,F,TOTAL,9.4,France,Females,Total (16 to 74 years)
2011-05,FR,M,TOTAL,8.8,France,Males,Total (16 to 74 years)
2011-05,FR,T,TOTAL,9.1,France,Total,Total (16 to 74 years)
2011-05,IT,F,TOTAL,9.3,Italy,Females,Total (16 to 74 years)
2011-05,IT,M,TOTAL,7.6,Italy,Males,Total (16 to 74 years)
2011-05,IT,T,TOTAL,8.3,Italy,Total,Total (16 to 74 years)
2011-05,NL,F,TOTAL,6.2,Netherlands,Females,Total (16 to 74 years)
2011-05,NL,M,TOTAL,5.5,Netherlands,Males,Total (16 to 74 years)
2011-05,NL,T,TOTAL,5.8,Netherlands,Total,Total (16 to 74 years)
2011-05,PL,F,TOTAL,10.6,Poland,Females,Total (16 to 74 years)
2011-05,PL,M,TOTAL,9.4,Poland,Males,Total (16 to 74 years)
2011-05,PL,T,TOTAL,9.9,Poland,Total,Total (16 to 74 years)
2011-05,SE,F,TOTAL,7.7,Sweden,Females,Total (16 to 74 years)
2011-05,SE,M,TOTAL,8.0,Sweden,Males,Total (16 to 74 years)
2011-05,SE,T,TOTAL,7.9,Sweden,Total,Total (16 to 74 years)
2011-06,DE,F,TOTAL,5.3,Germany,Females,Total (16 to 74 years)
2011-06,DE,M,TOTAL,5.7,Germany,Males,Total (16 to 74 years)
2011-06,DE,T,TOTAL,5.5,Germany,Total,Total (16 to 74 years)
2011-06,EL,F,TOTAL,21.2,Greece,Females,Total (16 to 74 years)
2011-06,EL,M,TOTAL,14.2,Greece,Males,Total (16 to 74 years)
2011-06,EL,T,TOTAL,17.2,Greece,Total,Total (16 to 74 years)
2011-06,ES,F,TOTAL,21.3,Spain,Females,Total (16 to 74 years)
2011-06,ES,M,TOTAL,20.8,Spain,Males,Total (16 to 74 years)
2011-06,ES,T,TOTAL,21.0,Spain,Total,Total (16 to 74 years)
2011-06,EU27,F,TOTAL,10.2,European Union - 27 countries (from 2020),Females,Total (16 to 74 years)
2011-06,EU27,M,TOTAL,9.7,European Union - 27 countries (from 2020),Males,Total (16 to 74 years)
2011-06,EU27,T,TOTAL,9.9,European Union - 27 countries (from 2020),Total,Total (16 to 74 years)
2011-06,FR,F,TOTAL,9.4,France,Females,Total (16 to 74 years)
2011-06,FR,M,TOTAL,8.9,France,Males,Total (16 to 74 years)
2011-06,FR,T,TOTAL,9.1,France,Total,Total (16 to 74 years)
2011-06,IT,F,TOTAL,9.7,Italy,Females,Total (16 to 74 years)
2011-06,IT,M,TOTAL,7.4,Italy,Males,Total (16 to 74 years)
2011-06,IT,T,TOTAL,8.3,Italy,Total,Total (16 to 74 years)
2011-06,NL,F,TOTAL,6.2,Netherlands,Females,Total (16 to 74 years)
2011-06,NL,M,TOTAL,5.3,Netherlands,Males,Total (16 to 74 years)
2011-06,NL,T,TOTAL,5.7,Netherlands,Total,Total (16 to 74 years)
2011-06,PL,F,TOTAL,10.7,Poland,Females,Total (16 to 74 years)
2011-06,PL,M,TOTAL,9.3,Poland,Males,Total (16 to 74 years)
2011-06,PL,T,TOTAL,9.9,Poland,Total,Total (16 to 74 years)
2011-06,SE,F,TOTAL,8.1,Sweden,Females,Total (16 to 74 years)
2011-06,SE,M,TOTAL,7.9,Sweden,Males,Total (16 to 74 years)
2011-06,SE,T,TOTAL,8.0,Sweden,Total,Total (16 to 74 years)
2011-07,DE,F,TOTAL,5.3,Germany,Females,Total (16 to 74 years)
2011-07,DE,M,TOTAL,5.6,Germany,Males,Total (16 to 74 years)
2011-07,DE,T,TOTAL,5.5,Germany,Total,Total (16 to 74 years)
2011-07,EL,F,TOTAL,21.6,Greece,Females,Total (16 to 74 years)
2011-07,EL,M,TOTAL,15.3,Greece,Males,Total (16 to 74 years)
2011-07,EL,T,TOTAL,18.0,Greece,Total,Total (16 to 74 years)
2011-07,ES,F,TOTAL,21.7,Spain,Females,Total (16 to 74 years)
2011-07,ES,M,TOTAL,21.1,Spain,Males,Total (16 to 74 years)
2011-07,ES,T,TOTAL,21.4,Spain,Total,Total (16 to 74 years)
2011-07,EU27,F,TOTAL,10.3,European Union - 27 countries (from 2020),Females,Total (16 to 74 years)
2011-07,EU27,M,TOTAL,9.8,European Union - 27 countries (from 2020),Males,Total (16 to 74 years)
2011-07,EU27,T,TOTAL,10.0,European Union - 27 countries (from 2020),Total,Total (16 to 74 years)
2011-07,FR,F,TOTAL,9.5,France,Females,Total (16 to 74 years)
2011-07,FR,M,TOTAL,8.9,France,Males,Total (16 to 74 years)
2011-07,FR,T,TOTAL,9.2,France,Total,Total (16 to 74 years)
2011-07,IT,F,TOTAL,9.6,Italy,Females,Total (16 to 74 years)
2011-07,IT,M,TOTAL,7.7,Italy,Males,Total (16 to 74 years)
2011-07,IT,T,TOTAL,8.5,Italy,Total,Total (16 to 74 years)
2011-07,NL,F,TOTAL,6.5,Netherlands,Females,Total (16 to 74 years)
2011-07,NL,M,TOTAL,5.5,Netherlands,Males,Total (16 to 74 years)
2011-07,NL,T,TOTAL,6.0,Netherlands,Total,Total (16 to 74 years)
2011-07,PL,F,TOTAL,10.8,Poland,Females,Total (16 to 74 years)
2011-07,PL,M,TOTAL,9.2,Poland,Males,Total (16 to 74 years)
2011-07,PL,T,TOTAL,9.9,Poland,Total,Total (16 to 74 years)
2011-07,SE,F,TOTAL,7.7,Sweden,Females,Total (16 to 74 years)
2011-07,SE,M,TOTAL,8.0,Sweden,Males,Total (16 to 74 years)
2011-07,SE,T,TOTAL,7.9,Sweden,Total,Total (16 to 74 years)
2011-08,DE,F,TOTAL,5.2,Germany,Females,Total (16 to 74 years)
2011-08,DE,M,TOTAL,5.6,Germany,Males,Total (16 to 74 years)
2011-08,DE,T,TOTAL,5.4,Germany,Total,Total (16 to 74 years)
2011-08,EL,F,TOTAL,23.0,Greece,Females,Total (16 to 74 years)
2011-08,EL,M,TOTAL,16.5,Greece,Males,Total (16 to 74 years)
2011-08,EL,T,TOTAL,19.3,Greece,Total,Total (16 to 74 years)
2011-08,ES,F,TOTAL,22.1,Spain,Females,Total (16 to 74 years)
2011-08,ES,M,TOTAL,21.3,Spain,Males,Total (16 to 74 years)
2011-08,ES,T,TOTAL,21.7,Spain,Total,Total (16 to 74 years)
2011-08,EU27,F,TOTAL,10.4,European Union - 27 countries (from 2020),Females,Total (16 to 74 years)
2011-08,EU27,M,TOTAL,9.9,European Union - 27 countries (from 2020),Males,Total (16 to 74 years)
2011-08,EU27,T,TOTAL,10.1,European Union - 27 countries (from 2020),Total,Total (16 to 74 years)
2011-08,FR,F,TOTAL,9.5,France,Females,Total (16 to 74 years)
2011-08,FR,M,TOTAL,8.9,France,Males,Total (16 to 74 years)
2011-08,FR,T,TOTAL,9.2,France,Total,Total (16 to 74 years)
2011-08,IT,F,TOTAL,9.9,Italy,Females,Total (16 to 74 years)
2011-08,IT,M,TOTAL,7.9,Italy,Males,Total (16 to 74 years)
2011-08,IT,T,TOTAL,8.7,Italy,Total,Total (16 to 74 years)
2011-08,NL,F,TOTAL,6.5,Netherlands,Females,Total (16 to 74 years)
2011-08,NL,M,TOTAL,5.5,Netherlands,Males,Total (16 to 74 years)
2011-08,NL,T,TOTAL,6.0,Netherlands,Total,Total (16 to 74 years)
2011-08,PL,F,TOTAL,10.9,Poland,Females,Total (16 to 74 years)
2011-08,PL,M,TOTAL,9.2,Poland,Males,Total (16 to 74 years)
2011-08,PL,T,TOTAL,10.0,Poland,Total,Total (16 to 74 years)
2011-08,SE,F,TOTAL,7.9,Sweden,Females,Total (16 to 74 years)
2011-08,SE,M,TOTAL,7.7,Sweden,Males,Total (16 to 74 years)
2011-08,SE,T,TOTAL,7.8,Sweden,Total,Total (16 to 74 years)
2011-09,DE,F,TOTAL,5.2,Germany,Females,Total (16 to 74 years)
2011-09,DE,M,TOTAL,5.5,Germany,Males,Total (16 to 74 years)
2011-09,DE,T,TOTAL,5.4,Germany,Total,Total (16 to 74 years)
2011-09,EL,F,TOTAL,22.7,Greece,Females,Total (16 to 74 years)
2011-09,EL,M,TOTAL,16.0,Greece,Males,Total (16 to 74 years)
2011-09,EL,T,TOTAL,18.9,Greece,Total,Total (16 to 74 years)
2011-09,ES,F,TOTAL,22.5,Spain,Females,Total (16 to 74 years)
2011-09,ES,M,TOTAL,21.7,Spain,Males,Total (16 to 74 years)
2011-09,ES,T,TOTAL,22.1,Spain,Total,Total (16 to 74 years)
2011-09,EU27,F,TOTAL,10.4,European Union - 27 countries (from 2020),Females,Total (16 to 74 years)
2011-09,EU27,M,TOTAL,10.0,European Union - 27 countries (from 2020),Males,Total (16 to 74 years)
2011-09,EU27,T,TOTAL,10.2,European Union - 27 countries (from 2020),Total,Total (16 to 74 years)
2011-09,FR,F,TOTAL,9.4,France,Females,Total (16 to 74 years)
2011-09,FR,M,TOTAL,9.0,France,Males,Total (16 to 74 years)
2011-09,FR,T,TOTAL,9.2,France,Total,Total (16 to 74 years)
2011-09,IT,F,TOTAL,10.2,Italy,Females,Total (16 to 74 years)
2011-09,IT,M,TOTAL,8.1,Italy,Males,Total (16 to 74 years)
2011-09,IT,T,TOTAL,9.0,Italy,Total,Total (16 to 74 years)
2011-09,NL,F,TOTAL,6.8,Netherlands,Females,Total (16 to 74 years)
2011-09,NL,M,TOTAL,5.6,Netherlands,Males,Total (16 to 74 years)
2011-09,NL,T,TOTAL,6.2,Netherlands,Total,Total (16 to 74 years)
2011-09,PL,F,TOTAL,11.0,Poland,Females,Total (16 to 74 years)
2011-09,PL,M,TOTAL,9.3,Poland,Males,Total (16 to 74 years)
2011-09,PL,T,TOTAL,10.1,Poland,Total,Total (16 to 74 years)
2011-09,SE,F,TOTAL,7.4,Sweden,Females,Total (16 to 74 years)
2011-09,SE,M,TOTAL,7.8,Sweden,Males,Total (16 to 74 years)
2011-09,SE,T,TOTAL,7.7,Sweden,Total,Total (16 to 74 years)
2011-10,DE,F,TOTAL,5.1,Germany,Females,Total (16 to 74 years)
2011-10,DE,M,TOTAL,5.5,Germany,Males,Total (16 to 74 years)
2011-10,DE,T,TOTAL,5.3,Germany,Total,Total (16 to 74 years)
2011-10,EL,F,TOTAL,24.2,Greece,Females,Total (16 to 74 years)
2011-10,EL,M,TOTAL,17.9,Greece,Males,Total (16 to 74 years)
2011-10,EL,T,TOTAL,20.6,Greece,Total,Total (16 to 74 years)
2011-10,ES,F,TOTAL,22.8,Spain,Females,Total (16 to 74 years)
2011-10,ES,M,TOTAL,22.1,Spain,Males,Total (16 to 74 years)
2011-10,ES,T,TOTAL,22.4,Spain,Total,Total (16 to 74 years)
2011-10,EU27,F,TOTAL,10.5,European Union - 27 countries (from 2020),Females,Total (16 to 74 years)
2011-10,EU27,M,TOTAL,10.2,European Union - 27 countries (from 2020),Males,Total (16 to 74 years)
2011-10,EU27,T,TOTAL,10.3,European Union - 27 countries (from 2020),Total,Total (16 to 74 years)
2011-10,FR,F,TOTAL,9.4,France,Females,Total (16 to 74 years)
2011-10,FR,M,TOTAL,9.2,France,Males,Total (16 to 74 years)
2011-10,FR,T,TOTAL,9.3,France,Total,Total (16 to 74 years)
2011-10,IT,F,TOTAL,9.9,Italy,Females,Total (16 to 74 years)
2011-10,IT,M,TOTAL,8.1,Italy,Males,Total (16 to 74 years)
2011-10,IT,T,TOTAL,8.9,Italy,Total,Total (16 to 74 years)
2011-10,NL,F,TOTAL,7.0,Netherlands,Females,Total (16 to 74 years)
2011-10,NL,M,TOTAL,5.9,Netherlands,Males,Total (16 to 74 years)
2011-10,NL,T,TOTAL,6.4,Netherlands,Total,Total (16 to 74 years)
2011-10,PL,F,TOTAL,11.1,Poland,Females,Total (16 to 74 years)
2011-10,PL,M,TOTAL,9.4,Poland,Males,Total (16 to 74 years)
2011-10,PL,T,TOTAL,10.2,Poland,Total,Total (16 to 74 years)
2011-10,SE,F,TOTAL,7.7,Sweden,Females,Total (16 to 74 years)
2011-10,SE,M,TOTAL,8.1,Sweden,Males,Total (16 to 74 years)
2011-10,SE,T,TOTAL,7.9,Sweden,Total,Total (16 to 74 years)
2011-11,DE,F,TOTAL,5.0,Germany,Females,Total (16 to 74 years)
2011-11,DE,M,TOTAL,5.4,Germany,Males,Total (16 to 74 years)
2011-11,DE,T,TOTAL,5.2,Germany,Total,Total (16 to 74 years)
2011-11,EL,F,TOTAL,24.4,Greece,Females,Total (16 to 74 years)
2011-11,EL,M,TOTAL,18.2,Greece,Males,Total (16 to 74 years)
2011-11,EL,T,TOTAL,20.8,Greece,Total,Total (16 to 74 years)
2011-11,ES,F,TOTAL,23.0,Spain,Females,Total (16 to 74 years)
2011-11,ES,M,TOTAL,22.4,Spain,Males,Total (16 to 74 years)
2011-11,ES,T,TOTAL,22.6,Spain,Total,Total (16 to 74 years)
2011-11,EU27,F,TOTAL,10.6,European Union - 27 countries (from 2020),Females,Total (16 to 74 years)
2011-11,EU27,M,TOTAL,10.3,European Union - 27 countries (from 2020),Males,Total (16 to 74 years)
2011-11,EU27,T,TOTAL,10.4,European Union - 27 countries (from 2020),Total,Total (16 to 74 years)
2011-11,FR,F,TOTAL,9.4,France,Females,Total (16 to 74 years)
2011-11,FR,M,TOTAL,9.3,France,Males,Total (16 to 74 years)
2011-11,FR,T,TOTAL,9.4,France,Total,Total (16 to 74 years)
2011-11,IT,F,TOTAL,10.7,Italy,Females,Total (16 to 74 years)
2011-11,IT,M,TOTAL,8.5,Italy,Males,Total (16 to 74 years)
2011-11,IT,T,TOTAL,9.4,Italy,Total,Total (16 to 74 years)
2011-11,NL,F,TOTAL,7.2,Netherlands,Females,Total (16 to 74 years)
2011-11,NL,M,TOTAL,6.0,Netherlands,Males,Total (16 to 74 years)
2011-11,NL,T,TOTAL,6.6,Netherlands,Total,Total (16 to 74 years)
2011-11,PL,F,TOTAL,11.2,Poland,Females,Total (16 to 74 years)
2011-11,PL,M,TOTAL,9.5,Poland,Males,Total (16 to 74 years)
2011-11,PL,T,TOTAL,10.2,Poland,Total,Total (16 to 74 years)
2011-11,SE,F,TOTAL,7.8,Sweden,Females,Total (16 to 74 years)
2011-11,SE,M,TOTAL,7.8,Sweden,Males,Total (16 to 74 years)
2011-11,SE,T,TOTAL,7.8,Sweden,Total,Total (16 to 74 years)
2011-12,DE,F,TOTAL,4.9,Germany,Females,Total (16 to 74 years)
2011-12,DE,M,TOTAL,5.4,Germany,Males,Total (16 to 74 years)
2011-12,DE,T,TOTAL,5.2,Germany,Total,Total (16 to 74 years)
2011-12,EL,F,TOTAL,25.3,Greece,Females,Total (16 to 74 years)
2011-12,EL,M,TOTAL,18.3,Greece,Males,Total (16 to 74 years)
2011-12,EL,T,TOTAL,21.3,Greece,Total,Total (16 to 74 years)
2011-12,ES,F,TOTAL,23.3,Spain,Females,Total (16 to 74 years)
2011-12,ES,M,TOTAL,22.6,Spain,Males,Total (16 to 74 years)
2011-12,ES,T,TOTAL,22.9,Spain,Total,Total (16 to 74 years)
2011-12,EU27,F,TOTAL,10.7,European Union - 27 countries (from 2020),Females,Total (16 to 74 years)
2011-12,EU27,M,TOTAL,10.4,European Union - 27 countries (from 2020),Males,Total (16 to 74 years)
2011-12,EU27,T,TOTAL,10.5,European Union - 27 countries (from 2020),Total,Total (16 to 74 years)
2011-12,FR,F,TOTAL,9.4,France,Females,Total (16 to 74 years)
2011-12,FR,M,TOTAL,9.4,France,Males,Total (16 to 74 years)
2011-12,FR,T,TOTAL,9.4,France,Total,Total (16 to 74 years)
2011-12,IT,F,TOTAL,10.8,Italy,Females,Total (16 to 74 years)
2011-12,IT,M,TOTAL,9.0,Italy,Males,Total (16 to 74 years)
2011-12,IT,T,TOTAL,9.7,Italy,Total,Total (16 to 74 years)
2011-12,NL,F,TOTAL,7.1,Netherlands,Females,Total (16 to 74 years)
2011-12,NL,M,TOTAL,6.0,Netherlands,Males,Total (16 to 74 years)
2011-12,NL,T,TOTAL,6.5,Netherlands,Total,Total (16 to 74 years)
2011-12,PL,F,TOTAL,11.1,Poland,Females,Total (16 to 74 years)
2011-12,PL,M,TOTAL,9.5,Poland,Males,Total (16 to 74 years)
2011-12,PL,T,TOTAL,10.2,Poland,Total,Total (16 to 74 years)
2011-12,SE,F,TOTAL,7.8,Sweden,Females,Total (16 to 74 years)
2011-12,SE,M,TOTAL,8.1,Sweden,Males,Total (16 to 74 years)
2011-12,SE,T,TOTAL,7.9,Sweden,Total,Total (16 to 74 years)
2012-01,DE,F,TOTAL,4.9,Germany,Females,Total (16 to 74 years)
2012-01,DE,M,TOTAL,5.4,Germany,Males,Total (16 to 74 years)
2012-01,DE,T,TOTAL,5.1,Germany,Total,Total (16 to 74 years)
2012-01,EL,F,TOTAL,25.3,Greece,Females,Total (16 to 74 years)
2012-01,EL,M,TOTAL,18.8,Greece,Males,Total (16 to 74 years)
2012-01,EL,T,TOTAL,21.6,Greece,Total,Total (16 to 74 years)
2012-01,ES,F,TOTAL,23.6,Spain,Females,Total (16 to 74 years)
2012-01,ES,M,TOTAL,22.9,Spain,Males,Total (16 to 74 years)
2012-01,ES,T,TOTAL,23.2,Spain,Total,Total (16 to 74 years)
2012-01,EU27,F,TOTAL,10.7,European Union - 27 countries (from 2020),Females,Total (16 to 74 years)
2012-01,EU27,M,TOTAL,10.5,European Union - 27 countries (from 2020),Males,Total (16 to 74 years)
2012-01,EU27,T,TOTAL,10.6,European Union - 27 countries (from 2020),Total,Total (16 to 74 years)
2012-01,FR,F,TOTAL,9.4,France,Females,Total (16 to 74 years)
2012-01,FR,M,TOTAL,9.5,France,Males,Total (16 to 74 years)
2012-01,FR,T,TOTAL,9.5,France,Total,Total (16 to 74 years)
2012-01,IT,F,TOTAL,10.7,Italy,Females,Total (16 to 74 years)
2012-01,IT,M,TOTAL,9.0,Italy,Males,Total (16 to 74 years)
2012-01,IT,T,TOTAL,9.7,Italy,Total,Total (16 to 74 years)
2012-01,NL,F,TOTAL,7.1,Netherlands,Females,Total (16 to 74 years)
2012-01,NL,M,TOTAL,6.0,Netherlands,Males,Total (16 to 74 years)
2012-01,NL,T,TOTAL,6.6,Netherlands,Total,Total (16 to 74 years)
2012-01,PL,F,TOTAL,10.9,Poland,Females,Total (16 to 74 years)
2012-01,PL,M,TOTAL,9.6,Poland,Males,Total (16 to 74 years)
2012-01,PL,T,TOTAL,10.2,Poland,Total,Total (16 to 74 years)
2012-01,SE,F,TOTAL,7.9,Sweden,Females,Total (16 to 74 years)
2012-01,SE,M,TOTAL,8.1,Sweden,Males,Total (16 to 74 years)
2012-01,SE,T,TOTAL,8.0,Sweden,Total,Total (16 to 74 years)
2012-02,DE,F,TOTAL,4.9,Germany,Females,Total (16 to 74 years)
2012-02,DE,M,TOTAL,5.4,Germany,Males,Total (16 to 74 years)
2012-02,DE,T,TOTAL,5.1,Germany,Total,Total (16 to 74 years)
2012-02,EL,F,TOTAL,25.9,Greece,Females,Total (16 to 74 years)
2012-02,EL,M,TOTAL,19.6,Greece,Males,Total (16 to 74 years)
2012-02,EL,T,TOTAL,22.4,Greece,Total,Total (16 to 74 years)
2012-02,ES,F,TOTAL,23.9,Spain,Females,Total (16 to 74 years)
2012-02,ES,M,TOTAL,23.4,Spain,Males,Total (16 to 74 years)
2012-02,ES,T,TOTAL,23.6,Spain,Total,Total (16 to 74 years)
2012-02,EU27,F,TOTAL,10.8,European Union - 27 countries (from 2020),Females,Total (16 to 74 years)
2012-02,EU27,M,TOTAL,10.5,European Union - 27 countries (from 2020),Males,Total (16 to 74 years)
2012-02,EU27,T,TOTAL,10.7,European Union - 27 countries (from 2020),Total,Total (16 to 74 years)
2012-02,FR,F,TOTAL,9.4,France,Females,Total (16 to 74 years)
2012-02,FR,M,TOTAL,9.6,France,Males,Total (16 to 74 years)
2012-02,FR,T,TOTAL,9.5,France,Total,Total (16 to 74 years)
2012-02,IT,F,TOTAL,11.4,Italy,Females,Total (16 to 74 years)
2012-02,IT,M,TOTAL,9.1,Italy,Males,Total (16 to 74 years)
2012-02,IT,T,TOTAL,10.1,Italy,Total,Total (16 to 74 years)
2012-02,NL,F,TOTAL,7.0,Netherlands,Females,Total (16 to 74 years)
2012-02,NL,M,TOTAL,6.0,Netherlands,Males,Total (16 to 74 years)
2012-02,NL,T,TOTAL,6.5,Netherlands,Total,Total (16 to 74 years)
2012-02,PL,F,TOTAL,10.9,Poland,Females,Total (16 to 74 years)
2012-02,PL,M,TOTAL,9.6,Poland,Males,Total (16 to 74 years)
2012-02,PL,T,TOTAL,10.2,Poland,Total,Total (16 to 74 years)
2012-02,SE,F,TOTAL,7.7,Sweden,Females,Total (16 to 74 years)
2012-02,SE,M,TOTAL,8.0,Sweden,Males,Total (16 to 74 years)
2012-02,SE,T,TOTAL,7.9,Sweden,Total,Total (16 to 74 years)
2012-03,DE,F,TOTAL,4.8,Germany,Females,Total (16 to 74 years)
2012-03,DE,M,TOTAL,5.3,Germany,Males,Total (16 to 74 years)
2012-03,DE,T,TOTAL,5.1,Germany,Total,Total (16 to 74 years)
2012-03,EL,F,TOTAL,26.9,Greece,Females,Total (16 to 74 years)
2012-03,EL,M,TOTAL,19.9,Greece,Males,Total (16 to 74 years)
2012-03,EL,T,TOTAL,22.9,Greece,Total,Total (16 to 74 years)
2012-03,ES,F,TOTAL,24.1,Spain,Females,Total (16 to 74 years)
2012-03,ES,M,TOTAL,23.7,Spain,Males,Total (16 to 74 years)
2012-03,ES,T,TOTAL,23.9,Spain,Total,Total (16 to 74 years)
2012-03,EU27,F,TOTAL,10.9,European Union - 27 countries (from 2020),Females,Total (16 to 74 years)
2012-03,EU27,M,TOTAL,10.7,European Union - 27 countries (from 2020),Males,Total (16 to 74 years)
2012-03,EU27,T,TOTAL,10.8,European Union - 27 countries (from 2020),Total,Total (16 to 74 years)
2012-03,FR,F,TOTAL,9.5,France,Females,Total (16 to 74 years)
2012-03,FR,M,TOTAL,9.6,France,Males,Total (16 to 74 years)
2012-03,FR,T,TOTAL,9.6,France,Total,Total (16 to 74 years)
2012-03,IT,F,TOTAL,11.7,Italy,Females,Total (16 to 74 years)
2012-03,IT,M,TOTAL,9.7,Italy,Males,Total (16 to 74 years)
2012-03,IT,T,TOTAL,10.5,Italy,Total,Total (16 to 74 years)
2012-03,NL,F,TOTAL,7.1,Netherlands,Females,Total (16 to 74 years)
2012-03,NL,M,TOTAL,6.1,Netherlands,Males,Total (16 to 74 years)
2012-03,NL,T,TOTAL,6.5,Netherlands,Total,Total (16 to 74 years)
2012-03,PL,F,TOTAL,10.9,Poland,Females,Total (16 to 74 years)
2012-03,PL,M,TOTAL,9.5,Poland,Males,Total (16 to 74 years)
2012-03,PL,T,TOTAL,10.2,Poland,Total,Total (16 to 74 years)
2012-03,SE,F,TOTAL,7.2,Sweden,Females,Total (16 to 74 years)
2012-03,SE,M,TOTAL,7.9,Sweden,Males,Total (16 to 74 years)
2012-03,SE,T,TOTAL,7.6,Sweden,Total,Total (16 to 74 years)
2012-04,DE,F,TOTAL,4.9,Germany,Females,Total (16 to 74 years)
2012-04,DE,M,TOTAL,5.3,Germany,Males,Total (16 to 74 years)
2012-04,DE,T,TOTAL,5.1,Germany,Total,Total (16 to 74 years)
2012-04,EL,F,TOTAL,27.3,Greece,Females,Total (16 to 74 years)
2012-04,EL,M,TOTAL,20.9,Greece,Males,Total (16 to 74 years)
2012-04,EL,T,TOTAL,23.7,Greece,Total,Total (16 to 74 years)
2012-04,ES,F,TOTAL,24.3,Spain,Females,Total (16 to 74 years)
2012-04,ES,M,TOTAL,24.2,Spain,Males,Total (16 to 74 years)
2012-04,ES,T,TOTAL,24.2,Spain,Total,Total (16 to 74 years)
2012-04,EU27,F,TOTAL,11.0,European Union - 27 countries (from 2020),Females,Total (16 to 74 years)
2012-04,EU27,M,TOTAL,10.8,European Union - 27 countries (from 2020),Males,Total (16 to 74 years)
2012-04,EU27,T,TOTAL,10.9,European Union - 27 countries (from 2020),Total,Total (16 to 74 years)
2012-04,FR,F,TOTAL,9.7,France,Females,Total (16 to 74 years)
2012-04,FR,M,TOTAL,9.6,France,Males,Total (16 to 74 years)
2012-04,FR,T,TOTAL,9.7,France,Total,Total (16 to 74 years)
2012-04,IT,F,TOTAL,11.7,Italy,Females,Total (16 to 74 years)
2012-04,IT,M,TOTAL,10.0,Italy,Males,Total (16 to 74 years)
2012-04,IT,T,TOTAL,10.7,Italy,Total,Total (16 to 74 years)
2012-04,NL,F,TOTAL,7.3,Netherlands,Females,Total (16 to 74 years)
2012-04,NL,M,TOTAL,6.3,Netherlands,Males,Total (16 to 74 years)
2012-04,NL,T,TOTAL,6.8,Netherlands,Total,Total (16 to 74 years)
2012-04,PL,F,TOTAL,11.1,Poland,Females,Total (16 to 74 years)
2012-04,PL,M,TOTAL,9.5,Poland,Males,Total (16 to 74 years)
2012-04,PL,T,TOTAL,10.2,Poland,Total,Total (16 to 74 years)
2012-04,SE,F,TOTAL,7.5,Sweden,Females,Total (16 to 74 years)
2012-04,SE,M,TOTAL,7.6,Sweden,Males,Total (16 to 74 years)
2012-04,SE,T,TOTAL,7.6,Sweden,Total,Total (16 to 74 years)
2012-05,DE,F,TOTAL,4.9,Germany,Females,Total (16 to 74 years)
2012-05,DE,M,TOTAL,5.3,Germany,Males,Total (16 to 74 years)
2012-05,DE,T,TOTAL,5.1,Germany,Total,Total (16 to 74 years)
2012-05,EL,F,TOTAL,28.1,Greece,Females,Total (16 to 74 years)
2012-05,EL,M,TOTAL,20.8,Greece,Males,Total (16 to 74 years)
2012-05,EL,T,TOTAL,24.0,Greece,Total,Total (16 to 74 years)
2012-05,ES,F,TOTAL,24.6,Spain,Females,Total (16 to 74 years)
2012-05,ES,M,TOTAL,24.6,Spain,Males,Total (16 to 74 years)
2012-05,ES,T,TOTAL,24.6,Spain,Total,Total (16 to 74 years)
2012-05,EU27,F,TOTAL,11.1,European Union - 27 countries (from 2020),Females,Total (16 to 74 years)
2012-05,EU27,M,TOTAL,10.9,European Union - 27 countries (from 2020),Males,Total (16 to 74 years)
2012-05,EU27,T,TOTAL,11.0,European Union - 27 countries (from 2020),Total,Total (16 to 74 years)
2012-05,FR,F,TOTAL,9.8,France,Females,Total (16 to 74 years)
2012-05,FR,M,TOTAL,9.7,France,Males,Total (16 to 74 years)
2012-05,FR,T,TOTAL,9.7,France,Total,Total (16 to 74 years)
2012-05,IT,F,TOTAL,11.8,Italy,Females,Total (16 to 74 years)
2012-05,IT,M,TOTAL,9.8,Italy,Males,Total (16 to 74 years)
2012-05,IT,T,TOTAL,10.6,Italy,Total,Total (16 to 74 years)
2012-05,NL,F,TOTAL,7.2,Netherlands,Females,Total (16 to 74 years)
2012-05,NL,M,TOTAL,6.2,Netherlands,Males,Total (16 to 74 years)
2012-05,NL,T,TOTAL,6.7,Netherlands,Total,Total (16 to 74 years)
2012-05,PL,F,TOTAL,11.2,Poland,Females,Total (16 to 74 years)
2012-05,PL,M,TOTAL,9.5,Poland,Males,Total (16 to 74 years)
2012-05,PL,T,TOTAL,10.3,Poland,Total,Total (16 to 74 years)
2012-05,SE,F,TOTAL,8.2,Sweden,Females,Total (16 to 74 years)
2012-05,SE,M,TOTAL,8.4,Sweden,Males,Total (16 to 74 years)
2012-05,SE,T,TOTAL,8.3,Sweden,Total,Total (16 to 74 years)
2012-06,DE,F,TOTAL,4.9,Germany,Females,Total (16 to 74 years)
2012-06,DE,M,TOTAL,5.3,Germany,Males,Total (16 to 74 years)
2012-06,DE,T,TOTAL,5.1,Germany,Total,Total (16 to 74 years)
2012-06,EL,F,TOTAL,28.8,Greece,Females,Total (16 to 74 years)
2012-06,EL,M,TOTAL,22.7,Greece,Males,Total (16 to 74 years)
2012-06,EL,T,TOTAL,25.3,Greece,Total,Total (16 to 74 years)
2012-06,ES,F,TOTAL,24.8,Spain,Females,Total (16 to 74 years)
2012-06,ES,M,TOTAL,24.8,Spain,Males,Total (16 to 74 years)
2012-06,ES,T,TOTAL,24.8,Spain,Total,Total (16 to 74 years)
2012-06,EU27,F,TOTAL,11.2,European Union - 27 countries (from 2020),Females,Total (16 to 74 years)
2012-06,EU27,M,TOTAL,10.9,European Union - 27 countries (from 2020),Males,Total (16 to 74 years)
2012-06,EU27,T,TOTAL,11.0,European Union - 27 countries (from 2020),Total,Total (16 to 74 years)
2012-06,FR,F,TOTAL,9.8,France,Females,Total (16 to 74 years)
2012-06,FR,M,TOTAL,9.7,France,Males,Total (16 to 74 years)
2012-06,FR,T,TOTAL,9.7,France,Total,Total (16 to 74 years)
2012-06,IT,F,TOTAL,12.1,Italy,Females,Total (16 to 74 years)
2012-06,IT,M,TOTAL,10.1,Italy,Males,Total (16 to 74 years)
2012-06,IT,T,TOTAL,11.0,Italy,Total,Total (16 to 74 years)
2012-06,NL,F,TOTAL,7.3,Netherlands,Females,Total (16 to 74 years)
2012-06,NL,M,TOTAL,6.2,Netherlands,Males,Total (16 to 74 years)
2012-06,NL,T,TOTAL,6.7,Netherlands,Total,Total (16 to 74 years)
2012-06,PL,F,TOTAL,11.3,Poland,Females,Total (16 to 74 years)
2012-06,PL,M,TOTAL,9.7,Poland,Males,Total (16 to 74 years)
2012-06,PL,T,TOTAL,10.4,Poland,Total,Total (16 to 74 years)
2012-06,SE,F,TOTAL,7.8,Sweden,Females,Total (16 to 74 years)
2012-06,SE,M,TOTAL,8.1,Sweden,Males,Total (16 to 74 years)
2012-06,SE,T,TOTAL,8.0,Sweden,Total,Total (16 to 74 years)
2012-07,DE,F,TOTAL,4.8,Germany,Females,Total (16 to 74 years)
2012-07,DE,M,TOTAL,5.3,Germany,Males,Total (16 to 74 years)
2012-07,DE,T,TOTAL,5.1,Germany,Total,Total (16 to 74 years)
2012-07,EL,F,TOTAL,29.5,Greece,Females,Total (16 to 74 years)
2012-07,EL,M,TOTAL,22.4,Greece,Males,Total (16 to 74 years)
2012-07,EL,T,TOTAL,25.5,Greece,Total,Total (16 to 74 years)
2012-07,ES,F,TOTAL,25.2,Spain,Females,Total (16 to 74 years)
2012-07,ES,M,TOTAL,24.9,Spain,Males,Total (16 to 74 years)
2012-07,ES,T,TOTAL,25.0,Spain,Total,Total (16 to 74 years)
2012-07,EU27,F,TOTAL,11.3,European Union - 27 countries (from 2020),Females,Total (16 to 74 years)
2012-07,EU27,M,TOTAL,11.0,European Union - 27 countries (from 2020),Males,Total (16 to 74 years)
2012-07,EU27,T,TOTAL,11.1,European Union - 27 countries (from 2020),Total,Total (16 to 74 years)
2012-07,FR,F,TOTAL,9.6,France,Females,Total (16 to 74 years)
2012-07,FR,M,TOTAL,9.7,France,Males,Total (16 to 74 years)
2012-07,FR,T,TOTAL,9.7,France,Total,Total (16 to 74 years)
2012-07,IT,F,TOTAL,12.3,Italy,Females,Total (16 to 74 years)
2012-07,IT,M,TOTAL,10.2,Italy,Males,Total (16 to 74 years)
2012-07,IT,T,TOTAL,11.1,Italy,Total,Total (16 to 74 years)
2012-07,NL,F,TOTAL,7.4,Netherlands,Females,Total (16 to 74 years)
2012-07,NL,M,TOTAL,6.3,Netherlands,Males,Total (16 to 74 years)
2012-07,NL,T,TOTAL,6.8,Netherlands,Total,Total (16 to 74 years)
2012-07,PL,F,TOTAL,11.3,Poland,Females,Total (16 to 74 years)
2012-07,PL,M,TOTAL,9.8,Poland,Males,Total (16 to 74 years)
2012-07,PL,T,TOTAL,10.5,Poland,Total,Total (16 to 74 years)
2012-07,SE,F,TOTAL,7.6,Sweden,Females,Total (16 to 74 years)
2012-07,SE,M,TOTAL,8.6,Sweden,Males,Total (16 to 74 years)
2012-07,SE,T,TOTAL,8.1,Sweden,Total,Total (16 to 74 years)
2012-08,DE,F,TOTAL,4.8,Germany,Females,Total (16 to 74 years)
2012-08,DE,M,TOTAL,5.2,Germany,Males,Total (16 to 74 years)
2012-08,DE,T,TOTAL,5.0,Germany,Total,Total (16 to 74 years)
2012-08,EL,F,TOTAL,30.1,Greece,Females,Total (16 to 74 years)
2012-08,EL,M,TOTAL,22.7,Greece,Males,Total (16 to 74 years)
2012-08,EL,T,TOTAL,25.9,Greece,Total,Total (16 to 74 years)
2012-08,ES,F,TOTAL,25.5,Spain,Females,Total (16 to 74 years)
2012-08,ES,M,TOTAL,25.0,Spain,Males,Total (16 to 74 years)
2012-08,ES,T,TOTAL,25.2,Spain,Total,Total (16 to 74 years)
2012-08,EU27,F,TOTAL,11.3,European Union - 27 countries (from 2020),Females,Total (16 to 74 years)
2012-08,EU27,M,TOTAL,11.0,European Union - 27 countries (from 2020),Males,Total (16 to 74 years)
2012-08,EU27,T,TOTAL,11.2,European Union - 27 countries (from 2020),Total,Total (16 to 74 years)
2012-08,FR,F,TOTAL,9.6,France,Females,Total (16 to 74 years)
2012-08,FR,M,TOTAL,9.7,France,Males,Total (16 to 74 years)
2012-08,FR,T,TOTAL,9.7,France,Total,Total (16 to 74 years)
2012-08,IT,F,TOTAL,12.4,Italy,Females,Total (16 to 74 years)
2012-08,IT,M,TOTAL,10.2,Italy,Males,Total (16 to 74 years)
2012-08,IT,T,TOTAL,11.1,Italy,Total,Total (16 to 74 years)
2012-08,NL,F,TOTAL,7.3,Netherlands,Females,Total (16 to 74 years)
2012-08,NL,M,TOTAL,6.3,Netherlands,Males,Total (16 to 74 years)
2012-08,NL,T,TOTAL,6.8,Netherlands,Total,Total (16 to 74 years)
2012-08,PL,F,TOTAL,11.3,Poland,Females,Total (16 to 74 years)
2012-08,PL,M,TOTAL,9.9,Poland,Males,Total (16 to 74 years)
2012-08,PL,T,TOTAL,10.5,Poland,Total,Total (16 to 74 years)
2012-08,SE,F,TOTAL,8.0,Sweden,Females,Total (16 to 74 years)
2012-08,SE,M,TOTAL,8.5,Sweden,Males,Total (16 to 74 years)
2012-08,SE,T,TOTAL,8.3,Sweden,Total,Total (16 to 74 years)
2012-09,DE,F,TOTAL,4.8,Germany,Females,Total (16 to 74 years)
2012-09,DE,M,TOTAL,5.2,Germany,Males,Total (16 to 74 years)
2012-09,DE,T,TOTAL,5.0,Germany,Total,Total (16 to 74 years)
2012-09,EL,F,TOTAL,30.6,Greece,Females,Total (16 to 74 years)
2012-09,EL,M,TOTAL,23.4,Greece,Males,Total (16 to 74 years)
2012-09,EL,T,TOTAL,26.5,Greece,Total,Total (16 to 74 years)
2012-09,ES,F,TOTAL,25.8,Spain,Females,Total (16 to 74 years)
2012-09,ES,M,TOTAL,25.2,Spain,Males,Total (16 to 74 years)
2012-09,ES,T,TOTAL,25.5,Spain,Total,Total (16 to 74 years)
2012-09,EU27,F,TOTAL,11.4,European Union - 27 countries (from 2020),Females,Total (16 to 74 years)
2012-09,EU27,M,TOTAL,11.1,European Union - 27 countries (from 2020),Males,Total (16 to 74 years)
2012-09,EU27,T,TOTAL,11.2,European Union - 27 countries (from 2020),Total,Total (16 to 74 years)
2012-09,FR,F,TOTAL,9.7,France,Females,Total (16 to 74 years)
2012-09,FR,M,TOTAL,9.9,France,Males,Total (16 to 74 years)
2012-09,FR,T,TOTAL,9.8,France,Total,Total (16 to 74 years)
2012-09,IT,F,TOTAL,12.2,Italy,Females,Total (16 to 74 years)
2012-09,IT,M,TOTAL,10.6,Italy,Males,Total (16 to 74 years)
2012-09,IT,T,TOTAL,11.3,Italy,Total,Total (16 to 74 years)
2012-09,NL,F,TOTAL,7.4,Netherlands,Females,Total (16 to 74 years)
2012-09,NL,M,TOTAL,6.5,Netherlands,Males,Total (16 to 74 years)
2012-09,NL,T,TOTAL,6.9,Netherlands,Total,Total (16 to 74 years)
2012-09,PL,F,TOTAL,11.2,Poland,Females,Total (16 to 74 years)
2012-09,PL,M,TOTAL,9.9,Poland,Males,Total (16 to 74 years)
2012-09,PL,T,TOTAL,10.5,Poland,Total,Total (16 to 74 years)
2012-09,SE,F,TOTAL,8.1,Sweden,Females,Total (16 to 74 years)
2012-09,SE,M,TOTAL,8.3,Sweden,Males,Total (16 to 74 years)
2012-09,SE,T,TOTAL,8.2,Sweden,Total,Total (16 to 74 years)
2012-10,DE,F,TOTAL,4.8,Germany,Females,Total (16 to 74 years)
2012-10,DE,M,TOTAL,5.2,Germany,Males,Total (16 to 74 years)
2012-10,DE,T,TOTAL,5.0,Germany,Total,Total (16 to 74 years)
2012-10,EL,F,TOTAL,30.2,Greece,Females,Total (16 to 74 years)
2012-10,EL,M,TOTAL,23.2,Greece,Males,Total (16 to 74 years)
2012-10,EL,T,TOTAL,26.3,Greece,Total,Total (16 to 74 years)
2012-10,ES,F,TOTAL,26.0,Spain,Females,Total (16 to 74 years)
2012-10,ES,M,TOTAL,25.4,Spain,Males,Total (16 to 74 years)
2012-10,ES,T,TOTAL,25.7,Spain,Total,Total (16 to 74 years)
2012-10,EU27,F,TOTAL,11.5,European Union - 27 countries (from 2020),Females,Total (16 to 74 years)
2012-10,EU27,M,TOTAL,11.2,European Union - 27 countries (from 2020),Males,Total (16 to 74 years)
2012-10,EU27,T,TOTAL,11.3,European Union - 27 countries (from 2020),Total,Total (16 to 74 years)
2012-10,FR,F,TOTAL,10.0,France,Females,Total (16 to 74 years)
2012-10,FR,M,TOTAL,10.1,France,Males,Total (16 to 74 years)
2012-10,FR,T,TOTAL,10.1,France,Total,Total (16 to 74 years)
2012-10,IT,F,TOTAL,12.6,Italy,Females,Total (16 to 74 years)
2012-10,IT,M,TOTAL,10.9,Italy,Males,Total (16 to 74 years)
2012-10,IT,T,TOTAL,11.6,Italy,Total,Total (16 to 74 years)
2012-10,NL,F,TOTAL,7.5,Netherlands,Females,Total (16 to 74 years)
2012-10,NL,M,TOTAL,6.6,Netherlands,Males,Total (16 to 74 years)
2012-10,NL,T,TOTAL,7.0,Netherlands,Total,Total (16 to 74 years)
2012-10,PL,F,TOTAL,11.2,Poland,Females,Total (16 to 74 years)
2012-10,PL,M,TOTAL,9.9,Poland,Males,Total (16 to 74 years)
2012-10,PL,T,TOTAL,10.5,Poland,Total,Total (16 to 74 years)
2012-10,SE,F,TOTAL,7.7,Sweden,Females,Total (16 to 74 years)
2012-10,SE,M,TOTAL,8.6,Sweden,Males,Total (16 to 74 years)
2012-10,SE,T,TOTAL,8.2,Sweden,Total,Total (16 to 74 years)
2012-11,DE,F,TOTAL,4.8,Germany,Females,Total (16 to 74 years)
2012-11,DE,M,TOTAL,5.2,Germany,Males,Total (16 to 74 years)
2012-11,DE,T,TOTAL,5.0,Germany,Total,Total (16 to 74 years)
2012-11,EL,F,TOTAL,30.7,Greece,Females,Total (16 to 74 years)
2012-11,EL,M,TOTAL,24.3,Greece,Males,Total (16 to 74 years)
2012-11,EL,T,TOTAL,27.1,Greece,Total,Total (16 to 74 years)
2012-11,ES,F,TOTAL,26.4,Spain,Females,Total (16 to 74 years)
2012-11,ES,M,TOTAL,25.5,Spain,Males,Total (16 to 74 years)
2012-11,ES,T,TOTAL,25.9,Spain,Total,Total (16 to 74 years)
2012-11,EU27,F,TOTAL,11.6,European Union - 27 countries (from 2020),Females,Total (16 to 74 years)
2012-11,EU27,M,TOTAL,11.3,European Union - 27 countries (from 2020),Males,Total (16 to 74 years)
2012-11,EU27,T,TOTAL,11.5,European Union - 27 countries (from 2020),Total,Total (16 to 74 years)
2012-11,FR,F,TOTAL,10.1,France,Females,Total (16 to 74 years)
2012-11,FR,M,TOTAL,10.3,France,Males,Total (16 to 74 years)
2012-11,FR,T,TOTAL,10.2,France,Total,Total (16 to 74 years)
2012-11,IT,F,TOTAL,12.7,Italy,Females,Total (16 to 74 years)
2012-11,IT,M,TOTAL,10.8,Italy,Males,Total (16 to 74 years)
2012-11,IT,T,TOTAL,11.6,Italy,Total,Total (16 to 74 years)
2012-11,NL,F,TOTAL,7.6,Netherlands,Females,Total (16 to 74 years)
2012-11,NL,M,TOTAL,6.8,Netherlands,Males,Total (16 to 74 years)
2012-11,NL,T,TOTAL,7.2,Netherlands,Total,Total (16 to 74 years)
2012-11,PL,F,TOTAL,11.3,Poland,Females,Total (16 to 74 years)
2012-11,PL,M,TOTAL,9.9,Poland,Males,Total (16 to 74 years)
2012-11,PL,T,TOTAL,10.6,Poland,Total,Total (16 to 74 years)
2012-11,SE,F,TOTAL,8.4,Sweden,Females,Total (16 to 74 years)
2012-11,SE,M,TOTAL,8.6,Sweden,Males,Total (16 to 74 years)
2012-11,SE,T,TOTAL,8.5,Sweden,Total,Total (16 to 74 years)
2012-12,DE,F,TOTAL,4.8,Germany,Females,Total (16 to 74 years)
2012-12,DE,M,TOTAL,5.2,Germany,Males,Total (16 to 74 years)
2012-12,DE,T,TOTAL,5.0,Germany,Total,Total (16 to 74 years)
2012-12,EL,F,TOTAL,30.4,Greece,Females,Total (16 to 74 years)
2012-12,EL,M,TOTAL,24.0,Greece,Males,Total (16 to 74 years)
2012-12,EL,T,TOTAL,26.8,Greece,Total,Total (16 to 74 years)
2012-12,ES,F,TOTAL,26.5,Spain,Females,Total (16 to 74 years)
2012-12,ES,M,TOTAL,25.5,Spain,Males,Total (16 to 74 years)
2012-12,ES,T,TOTAL,26.0,Spain,Total,Total (16 to 74 years)
2012-12,EU27,F,TOTAL,11.6,European Union - 27 countries (from 2020),Females,Total (16 to 74 years)
2012-12,EU27,M,TOTAL,11.4,European Union - 27 countries (from 2020),Males,Total (16 to 74 years)
2012-12,EU27,T,TOTAL,11.5,European Union - 27 countries (from 2020),Total,Total (16 to 74 years)
2012-12,FR,F,TOTAL,10.2,France,Females,Total (16 to 74 years)
2012-12,FR,M,TOTAL,10.4,France,Males,Total (16 to 74 years)
2012-12,FR,T,TOTAL,10.3,France,Total,Total (16 to 74 years)
2012-12,IT,F,TOTAL,12.7,Italy,Females,Total (16 to 74 years)
2012-12,IT,M,TOTAL,11.0,Italy,Males,Total (16 to 74 years)
2012-12,IT,T,TOTAL,11.7,Italy,Total,Total (16 to 74 years)
2012-12,NL,F,TOTAL,7.7,Netherlands,Females,Total (16 to 74 years)
2012-12,NL,M,TOTAL,7.1,Netherlands,Males,Total (16 to 74 years)
2012-12,NL,T,TOTAL,7.4,Netherlands,Total,Total (16 to 74 years)
2012-12,PL,F,TOTAL,11.4,Poland,Females,Total (16 to 74 years)
2012-12,PL,M,TOTAL,10.0,Poland,Males,Total (16 to 74 years)
2012-12,PL,T,TOTAL,10.6,Poland,Total,Total (16 to 74 years)
2012-12,SE,F,TOTAL,8.0,Sweden,Females,Total (16 to 74 years)
2012-12,SE,M,TOTAL,8.3,Sweden,Males,Total (16 to 74 years)
2012-12,SE,T,TOTAL,8.2,Sweden,Total,Total (16 to 74 years)
2013-01,DE,F,TOTAL,4.8,Germany,Females,Total (16 to 74 years)
2013-01,DE,M,TOTAL,5.3,Germany,Males,Total (16 to 74 years)
2013-01,DE,T,TOTAL,5.1,Germany,Total,Total (16 to 74 years)
2013-01,EL,F,TOTAL,30.8,Greece,Females,Total (16 to 74 years)
2013-01,EL,M,TOTAL,24.6,Greece,Males,Total (16 to 74 years)
2013-01,EL,T,TOTAL,27.3,Greece,Total,Total (16 to 74 years)
2013-01,ES,F,TOTAL,26.5,Spain,Females,Total (16 to 74 years)
2013-01,ES,M,TOTAL,25.9,Spain,Males,Total (16 to 74 years)
2013-01,ES,T,TOTAL,26.2,Spain,Total,Total (16 to 74 years)
2013-01,EU27,F,TOTAL,11.8,European Union - 27 countries (from 2020),Females,Total (16 to 74 years)
2013-01,EU27,M,TOTAL,11.6,European Union - 27 countries (from 2020),Males,Total (16 to 74 years)
2013-01,EU27,T,TOTAL,11.7,European Union - 27 countries (from 2020),Total,Total (16 to 74 years)
2013-01,FR,F,TOTAL,10.2,France,Females,Total (16 to 74 years)
2013-01,FR,M,TOTAL,10.5,France,Males,Total (16 to 74 years)
2013-01,FR,T,TOTAL,10.4,France,Total,Total (16 to 74 years)
2013-01,IT,F,TOTAL,13.0,Italy,Females,Total (16 to 74 years)
2013-01,IT,M,TOTAL,11.3,Italy,Males,Total (16 to 74 years)
2013-01,IT,T,TOTAL,12.0,Italy,Total,Total (16 to 74 years)
2013-01,NL,F,TOTAL,7.8,Netherlands,Females,Total (16 to 74 years)
2013-01,NL,M,TOTAL,7.4,Netherlands,Males,Total (16 to 74 years)
2013-01,NL,T,TOTAL,7.5,Netherlands,Total,Total (16 to 74 years)
2013-01,PL,F,TOTAL,11.7,Poland,Females,Total (16 to 74 years)
2013-01,PL,M,TOTAL,10.2,Poland,Males,Total (16 to 74 years)
2013-01,PL,T,TOTAL,10.9,Poland,Total,Total (16 to 74 years)
2013-01,SE,F,TOTAL,7.7,Sweden,Females,Total (16 to 74 years)
2013-01,SE,M,TOTAL,8.3,Sweden,Males,Total (16 to 74 years)
2013-01,SE,T,TOTAL,8.0,Sweden,Total,Total (16 to 74 years)
2013-02,DE,F,TOTAL,4.8,Germany,Females,Total (16 to 74 years)
2013-02,DE,M,TOTAL,5.3,Germany,Males,Total (16 to 74 years)
2013-02,DE,T,TOTAL,5.1,Germany,Total,Total (16 to 74 years)
2013-02,EL,F,TOTAL,30.7,Greece,Females,Total (16 to 74 years)
2013-02,EL,M,TOTAL,24.6,Greece,Males,Total (16 to 74 years)
2013-02,EL,T,TOTAL,27.3,Greece,Total,Total (16 to 74 years)
2013-02,ES,F,TOTAL,26.7,Spain,Females,Total (16 to 74 years)
2013-02,ES,M,TOTAL,26.1,Spain,Males,Total (16 to 74 years)
2013-02,ES,T,TOTAL,26.4,Spain,Total,Total (16 to 74 years)
2013-02,EU27,F,TOTAL,11.8,European Union - 27 countries (from 2020),Females,Total (16 to 74 years)
2013-02,EU27,M,TOTAL,11.6,European Union - 27 countries (from 2020),Males,Total (16 to 74 years)
2013-02,EU27,T,TOTAL,11.7,European Union - 27 countries (from 2020),Total,Total (16 to 74 years)
2013-02,FR,F,TOTAL,10.2,France,Females,Total (16 to 74 years)
2013-02,FR,M,TOTAL,10.5,France,Males,Total (16 to 74 years)
2013-02,FR,T,TOTAL,10.4,France,Total,Total (16 to 74 years)
2013-02,IT,F,TOTAL,13.0,Italy,Females,Total (16 to 74 years)
2013-02,IT,M,TOTAL,11.3,Italy,Males,Total (16 to 74 years)
2013-02,IT,T,TOTAL,12.0,Italy,Total,Total (16 to 74 years)
2013-02,NL,F,TOTAL,7.9,Netherlands,Females,Total (16 to 74 years)
2013-02,NL,M,TOTAL,7.5,Netherlands,Males,Total (16 to 74 years)
2013-02,NL,T,TOTAL,7.7,Netherlands,Total,Total (16 to 74 years)
2013-02,PL,F,TOTAL,11.8,Poland,Females,Total (16 to 74 years)
2013-02,PL,M,TOTAL,10.2,Poland,Males,Total (16 to 74 years)
2013-02,PL,T,TOTAL,11.0,Poland,Total,Total (16 to 74 years)
2013-02,SE,F,TOTAL,7.9,Sweden,Females,Total (16 to 74 years)
2013-02,SE,M,TOTAL,8.4,Sweden,Males,Total (16 to 74 years)
2013-02,SE,T,TOTAL,8.1,Sweden,Total,Total (16 to 74 years)
2013-03,DE,F,TOTAL,4.7,Germany,Females,Total (16 to 74 years)
2013-03,DE,M,TOTAL,5.3,Germany,Males,Total (16 to 74 years)
2013-03,DE,T,TOTAL,5.0,Germany,Total,Total (16 to 74 years)
2013-03,EL,F,TOTAL,31.3,Greece,Females,Total (16 to 74 years)
2013-03,EL,M,TOTAL,24.8,Greece,Males,Total (16 to 74 years)
2013-03,EL,T,TOTAL,27.6,Greece,Total,Total (16 to 74 years)
2013-03,ES,F,TOTAL,26.7,Spain,Females,Total (16 to 74 years)
2013-03,ES,M,TOTAL,26.0,Spain,Males,Total (16 to 74 years)
2013-03,ES,T,TOTAL,26.3,Spain,Total,Total (16 to 74 years)
2013-03,EU27,F,TOTAL,11.8,European Union - 27 countries (from 2020),Females,Total (16 to 74 years)
2013-03,EU27,M,TOTAL,11.6,European Union - 27 countries (from 2020),Males,Total (16 to 74 years)
2013-03,EU27,T,TOTAL,11.7,European Union - 27 countries (from 2020),Total,Total (16 to 74 years)
2013-03,FR,F,TOTAL,10.3,France,Females,Total (16 to 74 years)
2013-03,FR,M,TOTAL,10.6,France,Males,Total (16 to 74 years)
2013-03,FR,T,TOTAL,10.4,France,Total,Total (16 to 74 years)
2013-03,IT,F,TOTAL,12.9,Italy,Females,Total (16 to 74 years)
2013-03,IT,M,TOTAL,11.3,Italy,Males,Total (16 to 74 years)
2013-03,IT,T,TOTAL,12.0,Italy,Total,Total (16 to 74 years)
2013-03,NL,F,TOTAL,8.1,Netherlands,Females,Total (16 to 74 years)
2013-03,NL,M,TOTAL,7.7,Netherlands,Males,Total (16 to 74 years)
2013-03,NL,T,TOTAL,7.9,Netherlands,Total,Total (16 to 74 years)
2013-03,PL,F,TOTAL,11.9,Poland,Females,Total (16 to 74 years)
2013-03,PL,M,TOTAL,10.3,Poland,Males,Total (16 to 74 years)
2013-03,PL,T,TOTAL,11.0,Poland,Total,Total (16 to 74 years)
2013-03,SE,F,TOTAL,8.4,Sweden,Females,Total (16 to 74 years)
2013-03,SE,M,TOTAL,8.4,Sweden,Males,Total (16 to 74 years)
2013-03,SE,T,TOTAL,8.4,Sweden,Total,Total (16 to 74 years)
2013-04,DE,F,TOTAL,4.7,Germany,Females,Total (16 to 74 years)
2013-04,DE,M,TOTAL,5.3,Germany,Males,Total (16 to 74 years)
2013-04,DE,T,TOTAL,5.0,Germany,Total,Total (16 to 74 years)
2013-04,EL,F,TOTAL,32.0,Greece,Females,Total (16 to 74 years)
2013-04,EL,M,TOTAL,24.9,Greece,Males,Total (16 to 74 years)
2013-04,EL,T,TOTAL,28.0,Greece,Total,Total (16 to 74 years)
2013-04,ES,F,TOTAL,26.9,Spain,Females,Total (16 to 74 years)
2013-04,ES,M,TOTAL,25.7,Spain,Males,Total (16 to 74 years)
2013-04,ES,T,TOTAL,26.3,Spain,Total,Total (16 to 74 years)
2013-04,EU27,F,TOTAL,11.9,European Union - 27 countries (from 2020),Females,Total (16 to 74 years)
2013-04,EU27,M,TOTAL,11.6,European Union - 27 countries (from 2020),Males,Total (16 to 74 years)
2013-04,EU27,T,TOTAL,11.7,European Union - 27 countries (from 2020),Total,Total (16 to 74 years)
2013-04,FR,F,TOTAL,10.4,France,Females,Total (16 to 74 years)
2013-04,FR,M,TOTAL,10.6,France,Males,Total (16 to 74 years)
2013-04,FR,T,TOTAL,10.5,France,Total,Total (16 to 74 years)
2013-04,IT,F,TOTAL,13.3,Italy,Females,Total (16 to 74 years)
2013-04,IT,M,TOTAL,11.3,Italy,Males,Total (16 to 74 years)
2013-04,IT,T,TOTAL,12.2,Italy,Total,Total (16 to 74 years)
2013-04,NL,F,TOTAL,8.2,Netherlands,Females,Total (16 to 74 years)
2013-04,NL,M,TOTAL,7.9,Netherlands,Males,Total (16 to 74 years)
2013-04,NL,T,TOTAL,8.0,Netherlands,Total,Total (16 to 74 years)
2013-04,PL,F,TOTAL,11.9,Poland,Females,Total (16 to 74 years)
2013-04,PL,M,TOTAL,10.3,Poland,Males,Total (16 to 74 years)
2013-04,PL,T,TOTAL,11.0,Poland,Total,Total (16 to 74 years)
2013-04,SE,F,TOTAL,7.8,Sweden,Females,Total (16 to 74 years)
2013-04,SE,M,TOTAL,8.9,Sweden,Males,Total (16 to 74 years)
2013-04,SE,T,TOTAL,8.4,Sweden,Total,Total (16 to 74 years)
2013-05,DE,F,TOTAL,4.6,Germany,Females,Total (16 to 74 years)
2013-05,DE,M,TOTAL,5.2,Germany,Males,Total (16 to 74 years)
2013-05,DE,T,TOTAL,5.0,Germany,Total,Total (16 to 74 years)
2013-05,EL,F,TOTAL,31.8,Greece,Females,Total (16 to 74 years)
2013-05,EL,M,TOTAL,24.9,Greece,Males,Total (16 to 74 years)
2013-05,EL,T,TOTAL,27.9,Greece,Total,Total (16 to 74 years)
2013-05,ES,F,TOTAL,26.9,Spain,Females,Total (16 to 74 years)
2013-05,ES,M,TOTAL,25.6,Spain,Males,Total (16 to 74 years)
2013-05,ES,T,TOTAL,26.2,Spain,Total,Total (16 to 74 years)
2013-05,EU27,F,TOTAL,11.8,European Union - 27 countries (from 2020),Females,Total (16 to 74 years)
2013-05,EU27,M,TOTAL,11.5,European Union - 27 countries (from 2020),Males,Total (16 to 74 years)
2013-05,EU27,T,TOTAL,11.7,European Union - 27 countries (from 2020),Total,Total (16 to 74 years)
2013-05,FR,F,TOTAL,10.3,France,Females,Total (16 to 74 years)
2013-05,FR,M,TOTAL,10.5,France,Males,Total (16 to 74 years)
2013-05,FR,T,TOTAL,10.4,France,Total,Total (16 to 74 years)
2013-05,IT,F,TOTAL,13.0,Italy,Females,Total (16 to 74 years)
2013-05,IT,M,TOTAL,11.9,Italy,Males,Total (16 to 74 years)
2013-05,IT,T,TOTAL,12.4,Italy,Total,Total (16 to 74 years)
2013-05,NL,F,TOTAL,8.2,Netherlands,Females,Total (16 to 74 years)
2013-05,NL,M,TOTAL,8.1,Netherlands,Males,Total (16 to 74 years)
2013-05,NL,T,TOTAL,8.1,Netherlands,Total,Total (16 to 74 years)
2013-05,PL,F,TOTAL,11.8,Poland,Females,Total (16 to 74 years)
2013-05,PL,M,TOTAL,10.1,Poland,Males,Total (16 to 74 years)
2013-05,PL,T,TOTAL,10.9,Poland,Total,Total (16 to 74 years)
2013-05,SE,F,TOTAL,7.8,Sweden,Females,Total (16 to 74 years)
2013-05,SE,M,TOTAL,8.1,Sweden,Males,Total (16 to 74 years)
2013-05,SE,T,TOTAL,8.0,Sweden,Total,Total (16 to 74 years)
2013-06,DE,F,TOTAL,4.6,Germany,Females,Total (16 to 74 years)
2013-06,DE,M,TOTAL,5.2,Germany,Males,Total (16 to 74 years)
2013-06,DE,T,TOTAL,4.9,Germany,Total,Total (16 to 74 years)
2013-06,EL,F,TOTAL,31.8,Greece,Females,Total (16 to 74 years)
2013-06,EL,M,TOTAL,25.0,Greece,Males,Total (16 to 74 years)
2013-06,EL,T,TOTAL,28.0,Greece,Total,Total (16 to 74 years)
2013-06,ES,F,TOTAL,26.8,Spain,Females,Total (16 to 74 years)
2013-06,ES,M,TOTAL,25.6,Spain,Males,Total (16 to 74 years)
2013-06,ES,T,TOTAL,26.1,Spain,Total,Total (16 to 74 years)
2013-06,EU27,F,TOTAL,11.7,European Union - 27 countries (from 2020),Females,Total (16 to 74 years)
2013-06,EU27,M,TOTAL,11.5,European Union - 27 countries (from 2020),Males,Total (16 to 74 years)
2013-06,EU27,T,TOTAL,11.6,European Union - 27 countries (from 2020),Total,Total (16 to 74 years)
2013-06,FR,F,TOTAL,10.3,France,Females,Total (16 to 74 years)
2013-06,FR,M,TOTAL,10.5,France,Males,Total (16 to 74 years)
2013-06,FR,T,TOTAL,10.4,France,Total,Total (16 to 74 years)
2013-06,IT,F,TOTAL,13.0,Italy,Females,Total (16 to 74 years)
2013-06,IT,M,TOTAL,12.0,Italy,Males,Total (16 to 74 years)
2013-06,IT,T,TOTAL,12.5,Italy,Total,Total (16 to 74 years)
2013-06,NL,F,TOTAL,8.4,Netherlands,Females,Total (16 to 74 years)
2013-06,NL,M,TOTAL,8.3,Netherlands,Males,Total (16 to 74 years)
2013-06,NL,T,TOTAL,8.3,Netherlands,Total,Total (16 to 74 years)
2013-06,PL,F,TOTAL,11.5,Poland,Females,Total (16 to 74 years)
2013-06,PL,M,TOTAL,10.1,Poland,Males,Total (16 to 74 years)
2013-06,PL,T,TOTAL,10.7,Poland,Total,Total (16 to 74 years)
2013-06,SE,F,TOTAL,8.0,Sweden,Females,Total (16 to 74 years)
2013-06,SE,M,TOTAL,8.2,Sweden,Males,Total (16 to 74 years)
2013-06,SE,T,TOTAL,8.1,Sweden,Total,Total (16 to 74 years)
2013-07,DE,F,TOTAL,4.6,Germany,Females,Total (16 to 74 years)
2013-07,DE,M,TOTAL,5.2,Germany,Males,Total (16 to 74 years)
2013-07,DE,T,TOTAL,4.9,Germany,Total,Total (16 to 74 years)
2013-07,EL,F,TOTAL,32.0,Greece,Females,Total (16 to 74 years)
2013-07,EL,M,TOTAL,25.5,Greece,Males,Total (16 to 74 years)
2013-07,EL,T,TOTAL,28.3,Greece,Total,Total (16 to 74 years)
2013-07,ES,F,TOTAL,26.7,Spain,Females,Total (16 to 74 years)
2013-07,ES,M,TOTAL,25.7,Spain,Males,Total (16 to 74 years)
2013-07,ES,T,TOTAL,26.2,Spain,Total,Total (16 to 74 years)
2013-07,EU27,F,TOTAL,11.6,European Union - 27 countries (from 2020),Females,Total (16 to 74 years)
2013-07,EU27,M,TOTAL,11.5,European Union - 27 countries (from 2020),Males,Total (16 to 74 years)
2013-07,EU27,T,TOTAL,11.6,European Union - 27 countries (from 2020),Total,Total (16 to 74 years)
2013-07,FR,F,TOTAL,10.1,France,Females,Total (16 to 74 years)
2013-07,FR,M,TOTAL,10.4,France,Males,Total (16 to 74 years)
2013-07,FR,T,TOTAL,10.3,France,Total,Total (16 to 74 years)
2013-07,IT,F,TOTAL,13.0,Italy,Females,Total (16 to 74 years)
2013-07,IT,M,TOTAL,11.8,Italy,Males,Total (16 to 74 years)
2013-07,IT,T,TOTAL,12.3,Italy,Total,Total (16 to 74 years)
2013-07,NL,F,TOTAL,8.7,Netherlands,Females,Total (16 to 74 years)
2013-07,NL,M,TOTAL,8.3,Netherlands,Males,Total (16 to 74 years)
2013-07,NL,T,TOTAL,8.5,Netherlands,Total,Total (16 to 74 years)
2013-07,PL,F,TOTAL,11.3,Poland,Females,Total (16 to 74 years)
2013-07,PL,M,TOTAL,10.0,Poland,Males,Total (16 to 74 years)
2013-07,PL,T,TOTAL,10.6,Poland,Total,Total (16 to 74 years)
2013-07,SE,F,TOTAL,7.8,Sweden,Females,Total (16 to 74 years)
2013-07,SE,M,TOTAL,8.2,Sweden,Males,Total (16 to 74 years)
2013-07,SE,T,TOTAL,8.0,Sweden,Total,Total (16 to 74 years)
2013-08,DE,F,TOTAL,4.5,Germany,Females,Total (16 to 74 years)
2013-08,DE,M,TOTAL,5.2,Germany,Males,Total (16 to 74 years)
2013-08,DE,T,TOTAL,4.9,Germany,Total,Total (16 to 74 years)
2013-08,EL,F,TOTAL,32.1,Greece,Females,Total (16 to 74 years)
2013-08,EL,M,TOTAL,24.4,Greece,Males,Total (16 to 74 years)
2013-08,EL,T,TOTAL,27.7,Greece,Total,Total (16 to 74 years)
2013-08,ES,F,TOTAL,26.5,Spain,Females,Total (16 to 74 years)
2013-08,ES,M,TOTAL,25.7,Spain,Males,Total (16 to 74 years)
2013-08,ES,T,TOTAL,26.1,Spain,Total,Total (16 to 74 years)
2013-08,EU27,F,TOTAL,11.6,European Union - 27 countries (from 2020),Females,Total (16 to 74 years)
2013-08,EU27,M,TOTAL,11.4,European Union - 27 countries (from 2020),Males,Total (16 to 74 years)
2013-08,EU27,T,TOTAL,11.5,European Union - 27 countries (from 2020),Total,Total (16 to 74 years)
2013-08,FR,F,TOTAL,9.9,France,Females,Total (16 to 74 years)
2013-08,FR,M,TOTAL,10.3,France,Males,Total (16 to 74 years)
2013-08,FR,T,TOTAL,10.1,France,Total,Total (16 to 74 years)
2013-08,IT,F,TOTAL,13.4,Italy,Females,Total (16 to 74 years)
2013-08,IT,M,TOTAL,12.2,Italy,Males,Total (16 to 74 years)
2013-08,IT,T,TOTAL,12.7,Italy,Total,Total (16 to 74 years)
2013-08,NL,F,TOTAL,8.8,Netherlands,Females,Total (16 to 74 years)
2013-08,NL,M,TOTAL,8.3,Netherlands,Males,Total (16 to 74 years)
2013-08,NL,T,TOTAL,8.5,Netherlands,Total,Total (16 to 74 years)
2013-08,PL,F,TOTAL,11.1,Poland,Females,Total (16 to 74 years)
2013-08,PL,M,TOTAL,9.9,Poland,Males,Total (16 to 74 years)
2013-08,PL,T,TOTAL,10.4,Poland,Total,Total (16 to 74 years)
2013-08,SE,F,TOTAL,8.0,Sweden,Females,Total (16 to 74 years)
2013-08,SE,M,TOTAL,8.1,Sweden,Males,Total (16 to 74 years)
2013-08,SE,T,TOTAL,8.1,Sweden,Total,Total (16 to 74 years)
2013-09,DE,F,TOTAL,4.5,Germany,Females,Total (16 to 74 years)
2013-09,DE,M,TOTAL,5.1,Germany,Males,Total (16 to 74 years)
2013-09,DE,T,TOTAL,4.9,Germany,Total,Total (16 to 74 years)
2013-09,EL,F,TOTAL,32.3,Greece,Females,Total (16 to 74 years)
2013-09,EL,M,TOTAL,25.1,Greece,Males,Total (16 to 74 years)
2013-09,EL,T,TOTAL,28.2,Greece,Total,Total (16 to 74 years)
2013-09,ES,F,TOTAL,26.6,Spain,Females,Total (16 to 74 years)
2013-09,ES,M,TOTAL,25.6,Spain,Males,Total (16 to 74 years)
2013-09,ES,T,TOTAL,26.1,Spain,Total,Total (16 to 74 years)
2013-09,EU27,F,TOTAL,11.7,European Union - 27 countries (from 2020),Females,Total (16 to 74 years)
2013-09,EU27,M,TOTAL,11.4,European Union - 27 countries (from 2020),Males,Total (16 to 74 years)
2013-09,EU27,T,TOTAL,11.5,European Union - 27 countries (from 2020),Total,Total (16 to 74 years)
2013-09,FR,F,TOTAL,10.1,France,Females,Total (16 to 74 years)
2013-09,FR,M,TOTAL,10.4,France,Males,Total (16 to 74 years)
2013-09,FR,T,TOTAL,10.3,France,Total,Total (16 to 74 years)
2013-09,IT,F,TOTAL,13.4,Italy,Females,Total (16 to 74 years)
2013-09,IT,M,TOTAL,11.9,Italy,Males,Total (16 to 74 years)
2013-09,IT,T,TOTAL,12.6,Italy,Total,Total (16 to 74 years)
2013-09,NL,F,TOTAL,8.8,Netherlands,Females,Total (16 to 74 years)
2013-09,NL,M,TOTAL,8.3,Netherlands,Males,Total (16 to 74 years)
2013-09,NL,T,TOTAL,8.5,Netherlands,Total,Total (16 to 74 years)
2013-09,PL,F,TOTAL,10.9,Poland,Females,Total (16 to 74 years)
2013-09,PL,M,TOTAL,9.8,Poland,Males,Total (16 to 74 years)
2013-09,PL,T,TOTAL,10.3,Poland,Total,Total (16 to 74 years)
2013-09,SE,F,TOTAL,8.6,Sweden,Females,Total (16 to 74 years)
2013-09,SE,M,TOTAL,7.8,Sweden,Males,Total (16 to 74 years)
2013-09,SE,T,TOTAL,8.2,Sweden,Total,Total (16 to 74 years)
2013-10,DE,F,TOTAL,4.5,Germany,Females,Total (16 to 74 years)
2013-10,DE,M,TOTAL,5.1,Germany,Males,Total (16 to 74 years)
2013-10,DE,T,TOTAL,4.8,Germany,Total,Total (16 to 74 years)
2013-10,EL,F,TOTAL,31.8,Greece,Females,Total (16 to 74 years)
2013-10,EL,M,TOTAL,24.8,Greece,Males,Total (16 to 74 years)
2013-10,EL,T,TOTAL,27.8,Greece,Total,Total (16 to 74 years)
2013-10,ES,F,TOTAL,26.7,Spain,Females,Total (16 to 74 years)
2013-10,ES,M,TOTAL,25.4,Spain,Males,Total (16 to 74 years)
2013-10,ES,T,TOTAL,26.0,Spain,Total,Total (16 to 74 years)
2013-10,EU27,F,TOTAL,11.7,European Union - 27 countries (from 2020),Females,Total (16 to 74 years)
2013-10,EU27,M,TOTAL,11.3,European Union - 27 countries (from 2020),Males,Total (16 to 74 years)
2013-10,EU27,T,TOTAL,11.5,European Union - 27 countries (from 2020),Total,Total (16 to 74 years)
2013-10,FR,F,TOTAL,10.1,France,Females,Total (16 to 74 years)
2013-10,FR,M,TOTAL,10.1,France,Males,Total (16 to 74 years)
2013-10,FR,T,TOTAL,10.1,France,Total,Total (16 to 74 years)
2013-10,IT,F,TOTAL,13.4,Italy,Females,Total (16 to 74 years)
2013-10,IT,M,TOTAL,11.9,Italy,Males,Total (16 to 74 years)
2013-10,IT,T,TOTAL,12.5,Italy,Total,Total (16 to 74 years)
2013-10,NL,F,TOTAL,8.8,Netherlands,Females,Total (16 to 74 years)
2013-10,NL,M,TOTAL,8.2,Netherlands,Males,Total (16 to 74 years)
2013-10,NL,T,TOTAL,8.5,Netherlands,Total,Total (16 to 74 years)
2013-10,PL,F,TOTAL,10.8,Poland,Females,Total (16 to 74 years)
2013-10,PL,M,TOTAL,9.7,Poland,Males,Total (16 to 74 years)
2013-10,PL,T,TOTAL,10.2,Poland,Total,Total (16 to 74 years)
2013-10,SE,F,TOTAL,7.7,Sweden,Females,Total (16 to 74 years)
2013-10,SE,M,TOTAL,8.1,Sweden,Males,Total (16 to 74 years)
2013-10,SE,T,TOTAL,7.9,Sweden,Total,Total (16 to 74 years)
2013-11,DE,F,TOTAL,4.6,Germany,Females,Total (16 to 74 years)
2013-11,DE,M,TOTAL,5.1,Germany,Males,Total (16 to 74 years)
2013-11,DE,T,TOTAL,4.8,Germany,Total,Total (16 to 74 years)
2013-11,EL,F,TOTAL,32.0,Greece,Females,Total (16 to 74 years)
2013-11,EL,M,TOTAL,24.6,Greece,Males,Total (16 to 74 years)
2013-11,EL,T,TOTAL,27.8,Greece,Total,Total (16 to 74 years)
2013-11,ES,F,TOTAL,26.7,Spain,Females,Total (16 to 74 years)
2013-11,ES,M,TOTAL,25.2,Spain,Males,Total (16 to 74 years)
2013-11,ES,T,TOTAL,25.9,Spain,Total,Total (16 to 74 years)
2013-11,EU27,F,TOTAL,11.7,European Union - 27 countries (from 2020),Females,Total (16 to 74 years)
2013-11,EU27,M,TOTAL,11.3,European Union - 27 countries (from 2020),Males,Total (16 to 74 years)
2013-11,EU27,T,TOTAL,11.5,European Union - 27 countries (from 2020),Total,Total (16 to 74 years)
2013-11,FR,F,TOTAL,10.2,France,Females,Total (16 to 74 years)
2013-11,FR,M,TOTAL,10.2,France,Males,Total (16 to 74 years)
2013-11,FR,T,TOTAL,10.2,France,Total,Total (16 to 74 years)
2013-11,IT,F,TOTAL,13.2,Italy,Females,Total (16 to 74 years)
2013-11,IT,M,TOTAL,11.9,Italy,Males,Total (16 to 74 years)
2013-11,IT,T,TOTAL,12.5,Italy,Total,Total (16 to 74 years)
2013-11,NL,F,TOTAL,8.6,Netherlands,Females,Total (16 to 74 years)
2013-11,NL,M,TOTAL,8.2,Netherlands,Males,Total (16 to 74 years)
2013-11,NL,T,TOTAL,8.4,Netherlands,Total,Total (16 to 74 years)
2013-11,PL,F,TOTAL,10.8,Poland,Females,Total (16 to 74 years)
2013-11,PL,M,TOTAL,9.7,Poland,Males,Total (16 to 74 years)
2013-11,PL,T,TOTAL,10.2,Poland,Total,Total (16 to 74 years)
2013-11,SE,F,TOTAL,7.8,Sweden,Females,Total (16 to 74 years)
2013-11,SE,M,TOTAL,8.5,Sweden,Males,Total (16 to 74 years)
2013-11,SE,T,TOTAL,8.2,Sweden,Total,Total (16 to 74 years)
2013-12,DE,F,TOTAL,4.6,Germany,Females,Total (16 to 74 years)
2013-12,DE,M,TOTAL,5.1,Germany,Males,Total (16 to 74 years)
2013-12,DE,T,TOTAL,4.8,Germany,Total,Total (16 to 74 years)
2013-12,EL,F,TOTAL,31.5,Greece,Females,Total (16 to 74 years)
2013-12,EL,M,TOTAL,24.7,Greece,Males,Total (16 to 74 years)
2013-12,EL,T,TOTAL,27.7,Greece,Total,Total (16 to 74 years)
2013-12,ES,F,TOTAL,26.4,Spain,Females,Total (16 to 74 years)
2013-12,ES,M,TOTAL,24.8,Spain,Males,Total (16 to 74 years)
2013-12,ES,T,TOTAL,25.5,Spain,Total,Total (16 to 74 years)
2013-12,EU27,F,TOTAL,11.6,European Union - 27 countries (from 2020),Females,Total (16 to 74 years)
2013-12,EU27,M,TOTAL,11.3,European Union - 27 countries (from 2020),Males,Total (16 to 74 years)
2013-12,EU27,T,TOTAL,11.4,European Union - 27 countries (from 2020),Total,Total (16 to 74 years)
2013-12,FR,F,TOTAL,10.1,France,Females,Total (16 to 74 years)
2013-12,FR,M,TOTAL,10.3,France,Males,Total (16 to 74 years)
2013-12,FR,T,TOTAL,10.2,France,Total,Total (16 to 74 years)
2013-12,IT,F,TOTAL,13.6,Italy,Females,Total (16 to 74 years)
2013-12,IT,M,TOTAL,12.1,Italy,Males,Total (16 to 74 years)
2013-12,IT,T,TOTAL,12.7,Italy,Total,Total (16 to 74 years)
2013-12,NL,F,TOTAL,8.7,Netherlands,Females,Total (16 to 74 years)
2013-12,NL,M,TOTAL,8.3,Netherlands,Males,Total (16 to 74 years)
2013-12,NL,T,TOTAL,8.5,Netherlands,Total,Total (16 to 74 years)
2013-12,PL,F,TOTAL,10.8,Poland,Females,Total (16 to 74 years)
2013-12,PL,M,TOTAL,9.7,Poland,Males,Total (16 to 74 years)
2013-12,PL,T,TOTAL,10.2,Poland,Total,Total (16 to 74 years)
2013-12,SE,F,TOTAL,8.1,Sweden,Females,Total (16 to 74 years)
2013-12,SE,M,TOTAL,8.1,Sweden,Males,Total (16 to 74 years)
2013-12,SE,T,TOTAL,8.1,Sweden,Total,Total (16 to 74 years)
2014-01,DE,F,TOTAL,4.6,Germany,Females,Total (16 to 74 years)
2014-01,DE,M,TOTAL,5.1,Germany,Males,Total (16 to 74 years)
2014-01,DE,T,TOTAL,4.8,Germany,Total,Total (16 to 74 years)
2014-01,EL,F,TOTAL,31.0,Greece,Females,Total (16 to 74 years)
2014-01,EL,M,TOTAL,24.5,Greece,Males,Total (16 to 74 years)
2014-01,EL,T,TOTAL,27.3,Greece,Total,Total (16 to 74 years)
2014-01,ES,F,TOTAL,26.2,Spain,Females,Total (16 to 74 years)
2014-01,ES,M,TOTAL,24.9,Spain,Males,Total (16 to 74 years)
2014-01,ES,T,TOTAL,25.5,Spain,Total,Total (16 to 74 years)
2014-01,EU27,F,TOTAL,11.5,European Union - 27 countries (from 2020),Females,Total (16 to 74 years)
2014-01,EU27,M,TOTAL,11.3,European Union - 27 countries (from 2020),Males,Total (16 to 74 years)
2014-01,EU27,T,TOTAL,11.4,European Union - 27 countries (from 2020),Total,Total (16 to 74 years)
2014-01,FR,F,TOTAL,9.9,France,Females,Total (16 to 74 years)
2014-01,FR,M,TOTAL,10.5,France,Males,Total (16 to 74 years)
2014-01,FR,T,TOTAL,10.2,France,Total,Total (16 to 74 years)
2014-01,IT,F,TOTAL,13.8,Italy,Females,Total (16 to 74 years)
2014-01,IT,M,TOTAL,12.2,Italy,Males,Total (16 to 74 years)
2014-01,IT,T,TOTAL,12.9,Italy,Total,Total (16 to 74 years)
2014-01,NL,F,TOTAL,8.9,Netherlands,Females,Total (16 to 74 years)
2014-01,NL,M,TOTAL,8.3,Netherlands,Males,Total (16 to 74 years)
2014-01,NL,T,TOTAL,8.6,Netherlands,Total,Total (16 to 74 years)
2014-01,PL,F,TOTAL,11.0,Poland,Females,Total (16 to 74 years)
2014-01,PL,M,TOTAL,9.9,Poland,Males,Total (16 to 74 years)
2014-01,PL,T,TOTAL,10.4,Poland,Total,Total (16 to 74 years)
2014-01,SE,F,TOTAL,8.0,Sweden,Females,Total (16 to 74 years)
2014-01,SE,M,TOTAL,8.5,Sweden,Males,Total (16 to 74 years)
2014-01,SE,T,TOTAL,8.2,Sweden,Total,Total (16 to 74 years)
2014-02,DE,F,TOTAL,4.5,Germany,Females,Total (16 to 74 years)
2014-02,DE,M,TOTAL,5.1,Germany,Males,Total (16 to 74 years)
2014-02,DE,T,TOTAL,4.8,Germany,Total,Total (16 to 74 years)
2014-02,EL,F,TOTAL,31.0,Greece,Females,Total (16 to 74 years)
2014-02,EL,M,TOTAL,24.8,Greece,Males,Total (16 to 74 years)
2014-02,EL,T,TOTAL,27.5,Greece,Total,Total (16 to 74 years)
2014-02,ES,F,TOTAL,25.9,Spain,Females,Total (16 to 74 years)
2014-02,ES,M,TOTAL,24.7,Spain,Males,Total (16 to 74 years)
2014-02,ES,T,TOTAL,25.3,Spain,Total,Total (16 to 74 years)
2014-02,EU27,F,TOTAL,11.4,European Union - 27 countries (from 2020),Females,Total (16 to 74 years)
2014-02,EU27,M,TOTAL,11.3,European Union - 27 countries (from 2020),Males,Total (16 to 74 years)
2014-02,EU27,T,TOTAL,11.4,European Union - 27 countries (from 2020),Total,Total (16 to 74 years)
2014-02,FR,F,TOTAL,9.8,France,Females,Total (16 to 74 years)
2014-02,FR,M,TOTAL,10.6,France,Males,Total (16 to 74 years)
2014-02,FR,T,TOTAL,10.2,France,Total,Total (16 to 74 years)
2014-02,IT,F,TOTAL,13.5,Italy,Females,Total (16 to 74 years)
2014-02,IT,M,TOTAL,12.4,Italy,Males,Total (16 to 74 years)
2014-02,IT,T,TOTAL,12.9,Italy,Total,Total (16 to 74 years)
2014-02,NL,F,TOTAL,9.0,Netherlands,Females,Total (16 to 74 years)
2014-02,NL,M,TOTAL,8.5,Netherlands,Males,Total (16 to 74 years)
2014-02,NL,T,TOTAL,8.7,Netherlands,Total,Total (16 to 74 years)
2014-02,PL,F,TOTAL,11.0,Poland,Females,Total (16 to 74 years)
2014-02,PL,M,TOTAL,9.8,Poland,Males,Total (16 to 74 years)
2014-02,PL,T,TOTAL,10.3,Poland,Total,Total (16 to 74 years)
2014-02,SE,F,TOTAL,7.9,Sweden,Females,Total (16 to 74 years)
2014-02,SE,M,TOTAL,8.3,Sweden,Males,Total (16 to 74 years)
2014-02,SE,T,TOTAL,8.1,Sweden,Total,Total (16 to 74 years)
2014-03,DE,F,TOTAL,4.4,Germany,Females,Total (16 to 74 years)
2014-03,DE,M,TOTAL,5.1,Germany,Males,Total (16 to 74 years)
2014-03,DE,T,TOTAL,4.8,Germany,Total,Total (16 to 74 years)
2014-03,EL,F,TOTAL,30.7,Greece,Females,Total (16 to 74 years)
2014-03,EL,M,TOTAL,24.1,Greece,Males,Total (16 to 74 years)
2014-03,EL,T,TOTAL,27.0,Greece,Total,Total (16 to 74 years)
2014-03,ES,F,TOTAL,25.8,Spain,Females,Total (16 to 74 years)
2014-03,ES,M,TOTAL,24.6,Spain,Males,Total (16 to 74 years)
2014-03,ES,T,TOTAL,25.1,Spain,Total,Total (16 to 74 years)
2014-03,EU27,F,TOTAL,11.4,European Union - 27 countries (from 2020),Females,Total (16 to 74 years)
2014-03,EU27,M,TOTAL,11.2,European Union - 27 countries (from 2020),Males,Total (16 to 74 years)
2014-03,EU27,T,TOTAL,11.3,European Union - 27 countries (from 2020),Total,Total (16 to 74 years)
2014-03,FR,F,TOTAL,9.8,France,Females,Total (16 to 74 years)
2014-03,FR,M,TOTAL,10.6,France,Males,Total (16 to 74 years)
2014-03,FR,T,TOTAL,10.2,France,Total,Total (16 to 74 years)
2014-03,IT,F,TOTAL,13.6,Italy,Females,Total (16 to 74 years)
2014-03,IT,M,TOTAL,12.0,Italy,Males,Total (16 to 74 years)
2014-03,IT,T,TOTAL,12.7,Italy,Total,Total (16 to 74 years)
2014-03,NL,F,TOTAL,9.2,Netherlands,Females,Total (16 to 74 years)
2014-03,NL,M,TOTAL,8.3,Netherlands,Males,Total (16 to 74 years)
2014-03,NL,T,TOTAL,8.7,Netherlands,Total,Total (16 to 74 years)
2014-03,PL,F,TOTAL,10.8,Poland,Females,Total (16 to 74 years)
2014-03,PL,M,TOTAL,9.6,Poland,Males,Total (16 to 74 years)
2014-03,PL,T,TOTAL,10.1,Poland,Total,Total (16 to 74 years)
2014-03,SE,F,TOTAL,8.0,Sweden,Females,Total (16 to 74 years)
2014-03,SE,M,TOTAL,8.3,Sweden,Males,Total (16 to 74 years)
2014-03,SE,T,TOTAL,8.2,Sweden,Total,Total (16 to 74 years)
2014-04,DE,F,TOTAL,4.4,Germany,Females,Total (16 to 74 years)
2014-04,DE,M,TOTAL,5.1,Germany,Males,Total (16 to 74 years)
2014-04,DE,T,TOTAL,4.8,Germany,Total,Total (16 to 74 years)
2014-04,EL,F,TOTAL,30.9,Greece,Females,Total (16 to 74 years)
2014-04,EL,M,TOTAL,24.5,Greece,Males,Total (16 to 74 years)
2014-04,EL,T,TOTAL,27.3,Greece,Total,Total (16 to 74 years)
2014-04,ES,F,TOTAL,25.6,Spain,Females,Total (16 to 74 years)
2014-04,ES,M,TOTAL,24.2,Spain,Males,Total (16 to 74 years)
2014-04,ES,T,TOTAL,24.8,Spain,Total,Total (16 to 74 years)
2014-04,EU27,F,TOTAL,11.2,European Union - 27 countries (from 2020),Females,Total (16 to 74 years)
2014-04,EU27,M,TOTAL,11.1,European Union - 27 countries (from 2020),Males,Total (16 to 74 years)
2014-04,EU27,T,TOTAL,11.2,European Union - 27 countries (from 2020),Total,Total (16 to 74 years)
2014-04,FR,F,TOTAL,9.8,France,Females,Total (16 to 74 years)
2014-04,FR,M,TOTAL,10.4,France,Males,Total (16 to 74 years)
2014-04,FR,T,TOTAL,10.1,France,Total,Total (16 to 74 years)
2014-04,IT,F,TOTAL,13.5,Italy,Females,Total (16 to 74 years)
2014-04,IT,M,TOTAL,12.3,Italy,Males,Total (16 to 74 years)
2014-04,IT,T,TOTAL,12.8,Italy,Total,Total (16 to 74 years)
2014-04,NL,F,TOTAL,9.1,Netherlands,Females,Total (16 to 74 years)
2014-04,NL,M,TOTAL,8.2,Netherlands,Males,Total (16 to 74 years)
2014-04,NL,T,TOTAL,8.6,Netherlands,Total,Total (16 to 74 years)
2014-04,PL,F,TOTAL,10.5,Poland,Females,Total (16 to 74 years)
2014-04,PL,M,TOTAL,9.3,Poland,Males,Total (16 to 74 years)
2014-04,PL,T,TOTAL,9.8,Poland,Total,Total (16 to 74 years)
2014-04,SE,F,TOTAL,8.4,Sweden,Females,Total (16 to 74 years)
2014-04,SE,M,TOTAL,8.1,Sweden,Males,Total (16 to 74 years)
2014-04,SE,T,TOTAL,8.2,Sweden,Total,Total (16 to 74 years)
2014-05,DE,F,TOTAL,4.4,Germany,Females,Total (16 to 74 years)
2014-05,DE,M,TOTAL,5.0,Germany,Males,Total (16 to 74 years)
2014-05,DE,T,TOTAL,4.7,Germany,Total,Total (16 to 74 years)
2014-05,EL,F,TOTAL,31.2,Greece,Females,Total (16 to 74 years)
2014-05,EL,M,TOTAL,24.2,Greece,Males,Total (16 to 74 years)
2014-05,EL,T,TOTAL,27.2,Greece,Total,Total (16 to 74 years)
2014-05,ES,F,TOTAL,25.5,Spain,Females,Total (16 to 74 years)
2014-05,ES,M,TOTAL,23.9,Spain,Males,Total (16 to 74 years)
2014-05,ES,T,TOTAL,24.6,Spain,Total,Total (16 to 74 years)
2014-05,EU27,F,TOTAL,11.2,European Union - 27 countries (from 2020),Females,Total (16 to 74 years)
2014-05,EU27,M,TOTAL,10.9,European Union - 27 countries (from 2020),Males,Total (16 to 74 years)
2014-05,EU27,T,TOTAL,11.1,European Union - 27 countries (from 2020),Total,Total (16 to 74 years)
2014-05,FR,F,TOTAL,9.9,France,Females,Total (16 to 74 years)
2014-05,FR,M,TOTAL,10.4,France,Males,Total (16 to 74 years)
2014-05,FR,T,TOTAL,10.1,France,Total,Total (16 to 74 years)
2014-05,IT,F,TOTAL,13.9,Italy,Females,Total (16 to 74 years)
2014-05,IT,M,TOTAL,11.8,Italy,Males,Total (16 to 74 years)
2014-05,IT,T,TOTAL,12.7,Italy,Total,Total (16 to 74 years)
2014-05,NL,F,TOTAL,8.9,Netherlands,Females,Total (16 to 74 years)
2014-05,NL,M,TOTAL,8.1,Netherlands,Males,Total (16 to 74 years)
2014-05,NL,T,TOTAL,8.5,Netherlands,Total,Total (16 to 74 years)
2014-05,PL,F,TOTAL,10.1,Poland,Females,Total (16 to 74 years)
2014-05,PL,M,TOTAL,9.0,Poland,Males,Total (16 to 74 years)
2014-05,PL,T,TOTAL,9.5,Poland,Total,Total (16 to 74 years)
2014-05,SE,F,TOTAL,7.4,Sweden,Females,Total (16 to 74 years)
2014-05,SE,M,TOTAL,8.1,Sweden,Males,Total (16 to 74 years)
2014-05,SE,T,TOTAL,7.8,Sweden,Total,Total (16 to 74 years)
2014-06,DE,F,TOTAL,4.4,Germany,Females,Total (16 to 74 years)
2014-06,DE,M,TOTAL,5.0,Germany,Males,Total (16 to 74 years)
2014-06,DE,T,TOTAL,4.7,Germany,Total,Total (16 to 74 years)
2014-06,EL,F,TOTAL,30.7,Greece,Females,Total (16 to 74 years)
2014-06,EL,M,TOTAL,23.1,Greece,Males,Total (16 to 74 years)
2014-06,EL,T,TOTAL,26.5,Greece,Total,Total (16 to 74 years)
2014-06,ES,F,TOTAL,25.5,Spain,Females,Total (16 to 74 years)
2014-06,ES,M,TOTAL,23.4,Spain,Males,Total (16 to 74 years)
2014-06,ES,T,TOTAL,24.4,Spain,Total,Total (16 to 74 years)
2014-06,EU27,F,TOTAL,11.2,European Union - 27 countries (from 2020),Females,Total (16 to 74 years)
2014-06,EU27,M,TOTAL,10.7,European Union - 27 countries (from 2020),Males,Total (16 to 74 years)
2014-06,EU27,T,TOTAL,11.0,European Union - 27 countries (from 2020),Total,Total (16 to 74 years)
2014-06,FR,F,TOTAL,10.0,France,Females,Total (16 to 74 years)
2014-06,FR,M,TOTAL,10.4,France,Males,Total (16 to 74 years)
2014-06,FR,T,TOTAL,10.2,France,Total,Total (16 to 74 years)
2014-06,IT,F,TOTAL,13.6,Italy,Females,Total (16 to 74 years)
2014-06,IT,M,TOTAL,11.5,Italy,Males,Total (16 to 74 years)
2014-06,IT,T,TOTAL,12.4,Italy,Total,Total (16 to 74 years)
2014-06,NL,F,TOTAL,8.7,Netherlands,Females,Total (16 to 74 years)
2014-06,NL,M,TOTAL,7.9,Netherlands,Males,Total (16 to 74 years)
2014-06,NL,T,TOTAL,8.3,Netherlands,Total,Total (16 to 74 years)
2014-06,PL,F,TOTAL,9.8,Poland,Females,Total (16 to 74 years)
2014-06,PL,M,TOTAL,8.7,Poland,Males,Total (16 to 74 years)
2014-06,PL,T,TOTAL,9.2,Poland,Total,Total (16 to 74 years)
2014-06,SE,F,TOTAL,7.8,Sweden,Females,Total (16 to 74 years)
2014-06,SE,M,TOTAL,8.6,Sweden,Males,Total (16 to 74 years)
2014-06,SE,T,TOTAL,8.3,Sweden,Total,Total (16 to 74 years)
2014-07,DE,F,TOTAL,4.4,Germany,Females,Total (16 to 74 years)
2014-07,DE,M,TOTAL,5.0,Germany,Males,Total (16 to 74 years)
2014-07,DE,T,TOTAL,4.7,Germany,Total,Total (16 to 74 years)
2014-07,EL,F,TOTAL,30.3,Greece,Females,Total (16 to 74 years)
2014-07,EL,M,TOTAL,23.5,Greece,Males,Total (16 to 74 years)
2014-07,EL,T,TOTAL,26.5,Greece,Total,Total (16 to 74 years)
2014-07,ES,F,TOTAL,25.6,Spain,Females,Total (16 to 74 years)
2014-07,ES,M,TOTAL,23.2,Spain,Males,Total (16 to 74 years)
2014-07,ES,T,TOTAL,24.3,Spain,Total,Total (16 to 74 years)
2014-07,EU27,F,TOTAL,11.2,European Union - 27 countries (from 2020),Females,Total (16 to 74 years)
2014-07,EU27,M,TOTAL,10.7,European Union - 27 countries (from 2020),Males,Total (16 to 74 years)
2014-07,EU27,T,TOTAL,10.9,European Union - 27 countries (from 2020),Total,Total (16 to 74 years)
2014-07,FR,F,TOTAL,10.0,France,Females,Total (16 to 74 years)
2014-07,FR,M,TOTAL,10.4,France,Males,Total (16 to 74 years)
2014-07,FR,T,TOTAL,10.2,France,Total,Total (16 to 74 years)
2014-07,IT,F,TOTAL,14.0,Italy,Females,Total (16 to 74 years)
2014-07,IT,M,TOTAL,12.2,Italy,Males,Total (16 to 74 years)
2014-07,IT,T,TOTAL,13.0,Italy,Total,Total (16 to 74 years)
2014-07,NL,F,TOTAL,8.6,Netherlands,Females,Total (16 to 74 years)
2014-07,NL,M,TOTAL,7.8,Netherlands,Males,Total (16 to 74 years)
2014-07,NL,T,TOTAL,8.2,Netherlands,Total,Total (16 to 74 years)
2014-07,PL,F,TOTAL,9.4,Poland,Females,Total (16 to 74 years)
2014-07,PL,M,TOTAL,8.4,Poland,Males,Total (16 to 74 years)
2014-07,PL,T,TOTAL,8.9,Poland,Total,Total (16 to 74 years)
2014-07,SE,F,TOTAL,7.8,Sweden,Females,Total (16 to 74 years)
2014-07,SE,M,TOTAL,8.0,Sweden,Males,Total (16 to 74 years)
2014-07,SE,T,TOTAL,7.9,Sweden,Total,Total (16 to 74 years)
2014-08,DE,F,TOTAL,4.4,Germany,Females,Total (16 to 74 years)
2014-08,DE,M,TOTAL,5.0,Germany,Males,Total (16 to 74 years)
2014-08,DE,T,TOTAL,4.7,Germany,Total,Total (16 to 74 years)
2014-08,EL,F,TOTAL,29.9,Greece,Females,Total (16 to 74 years)
2014-08,EL,M,TOTAL,23.7,Greece,Males,Total (16 to 74 years)
2014-08,EL,T,TOTAL,26.4,Greece,Total,Total (16 to 74 years)
2014-08,ES,F,TOTAL,25.4,Spain,Females,Total (16 to 74 years)
2014-08,ES,M,TOTAL,23.0,Spain,Males,Total (16 to 74 years)
2014-08,ES,T,TOTAL,24.1,Spain,Total,Total (16 to 74 years)
2014-08,EU27,F,TOTAL,11.1,European Union - 27 countries (from 2020),Females,Total (16 to 74 years)
2014-08,EU27,M,TOTAL,10.6,European Union - 27 countries (from 2020),Males,Total (16 to 74 years)
2014-08,EU27,T,TOTAL,10.9,European Union - 27 countries (from 2020),Total,Total (16 to 74 years)
2014-08,FR,F,TOTAL,10.0,France,Females,Total (16 to 74 years)
2014-08,FR,M,TOTAL,10.4,France,Males,Total (16 to 74 years)
2014-08,FR,T,TOTAL,10.2,France,Total,Total (16 to 74 years)
2014-08,IT,F,TOTAL,13.6,Italy,Females,Total (16 to 74 years)
2014-08,IT,M,TOTAL,12.0,Italy,Males,Total (16 to 74 years)
2014-08,IT,T,TOTAL,12.7,Italy,Total,Total (16 to 74 years)
2014-08,NL,F,TOTAL,8.6,Netherlands,Females,Total (16 to 74 years)
2014-08,NL,M,TOTAL,7.6,Netherlands,Males,Total (16 to 74 years)
2014-08,NL,T,TOTAL,8.1,Netherlands,Total,Total (16 to 74 years)
2014-08,PL,F,TOTAL,9.2,Poland,Females,Total (16 to 74 years)
2014-08,PL,M,TOTAL,8.2,Poland,Males,Total (16 to 74 years)
2014-08,PL,T,TOTAL,8.6,Poland,Total,Total (16 to 74 years)
2014-08,SE,F,TOTAL,7.9,Sweden,Females,Total (16 to 74 years)
2014-08,SE,M,TOTAL,8.3,Sweden,Males,Total (16 to 74 years)
2014-08,SE,T,TOTAL,8.1,Sweden,Total,Total (16 to 74 years)
2014-09,DE,F,TOTAL,4.4,Germany,Females,Total (16 to 74 years)
2014-09,DE,M,TOTAL,5.0,Germany,Males,Total (16 to 74 years)
2014-09,DE,T,TOTAL,4.7,Germany,Total,Total (16 to 74 years)
2014-09,EL,F,TOTAL,30.0,Greece,Females,Total (16 to 74 years)
2014-09,EL,M,TOTAL,22.9,Greece,Males,Total (16 to 74 years)
2014-09,EL,T,TOTAL,26.1,Greece,Total,Total (16 to 74 years)
2014-09,ES,F,TOTAL,25.3,Spain,Females,Total (16 to 74 years)
2014-09,ES,M,TOTAL,22.8,Spain,Males,Total (16 to 74 years)
2014-09,ES,T,TOTAL,24.0,Spain,Total,Total (16 to 74 years)
2014-09,EU27,F,TOTAL,11.1,European Union - 27 countries (from 2020),Females,Total (16 to 74 years)
2014-09,EU27,M,TOTAL,10.6,European Union - 27 countries (from 2020),Males,Total (16 to 74 years)
2014-09,EU27,T,TOTAL,10.8,European Union - 27 countries (from 2020),Total,Total (16 to 74 years)
2014-09,FR,F,TOTAL,10.1,France,Females,Total (16 to 74 years)
2014-09,FR,M,TOTAL,10.6,France,Males,Total (16 to 74 years)
2014-09,FR,T,TOTAL,10.3,France,Total,Total (16 to 74 years)
2014-09,IT,F,TOTAL,13.9,Italy,Females,Total (16 to 74 years)
2014-09,IT,M,TOTAL,12.1,Italy,Males,Total (16 to 74 years)
2014-09,IT,T,TOTAL,12.9,Italy,Total,Total (16 to 74 years)
2014-09,NL,F,TOTAL,8.5,Netherlands,Females,Total (16 to 74 years)
2014-09,NL,M,TOTAL,7.6,Netherlands,Males,Total (16 to 74 years)
2014-09,NL,T,TOTAL,8.0,Netherlands,Total,Total (16 to 74 years)
2014-09,PL,F,TOTAL,9.0,Poland,Females,Total (16 to 74 years)
2014-09,PL,M,TOTAL,8.0,Poland,Males,Total (16 to 74 years)
2014-09,PL,T,TOTAL,8.5,Poland,Total,Total (16 to 74 years)
2014-09,SE,F,TOTAL,7.5,Sweden,Females,Total (16 to 74 years)
2014-09,SE,M,TOTAL,8.2,Sweden,Males,Total (16 to 74 years)
2014-09,SE,T,TOTAL,7.9,Sweden,Total,Total (16 to 74 years)
2014-10,DE,F,TOTAL,4.3,Germany,Females,Total (16 to 74 years)
2014-10,DE,M,TOTAL,5.0,Germany,Males,Total (16 to 74 years)
2014-10,DE,T,TOTAL,4.7,Germany,Total,Total (16 to 74 years)
2014-10,EL,F,TOTAL,29.7,Greece,Females,Total (16 to 74 years)
2014-10,EL,M,TOTAL,23.4,Greece,Males,Total (16 to 74 years)
2014-10,EL,T,TOTAL,26.1,Greece,Total,Total (16 to 74 years)
2014-10,ES,F,TOTAL,25.1,Spain,Females,Total (16 to 74 years)
2014-10,ES,M,TOTAL,23.0,Spain,Males,Total (16 to 74 years)
2014-10,ES,T,TOTAL,24.0,Spain,Total,Total (16 to 74 years)
2014-10,EU27,F,TOTAL,11.0,European Union - 27 countries (from 2020),Females,Total (16 to 74 years)
2014-10,EU27,M,TOTAL,10.7,European Union - 27 countries (from 2020),Males,Total (16 to 74 years)
2014-10,EU27,T,TOTAL,10.8,European Union - 27 countries (from 2020),Total,Total (16 to 74 years)
2014-10,FR,F,TOTAL,10.1,France,Females,Total (16 to 74 years)
2014-10,FR,M,TOTAL,10.7,France,Males,Total (16 to 74 years)
2014-10,FR,T,TOTAL,10.4,France,Total,Total (16 to 74 years)
2014-10,IT,F,TOTAL,13.9,Italy,Females,Total (16 to 74 years)
2014-10,IT,M,TOTAL,12.1,Italy,Males,Total (16 to 74 years)
2014-10,IT,T,TOTAL,12.9,Italy,Total,Total (16 to 74 years)
2014-10,NL,F,TOTAL,8.6,Netherlands,Females,Total (16 to 74 years)
2014-10,NL,M,TOTAL,7.6,Netherlands,Males,Total (16 to 74 years)
2014-10,NL,T,TOTAL,8.1,Netherlands,Total,Total (16 to 74 years)
2014-10,PL,F,TOTAL,9.0,Poland,Females,Total (16 to 74 years)
2014-10,PL,M,TOTAL,8.0,Poland,Males,Total (16 to 74 years)
2014-10,PL,T,TOTAL,8.4,Poland,Total,Total (16 to 74 years)
2014-10,SE,F,TOTAL,8.1,Sweden,Females,Total (16 to 74 years)
2014-10,SE,M,TOTAL,8.1,Sweden,Males,Total (16 to 74 years)
2014-10,SE,T,TOTAL,8.1,Sweden,Total,Total (16 to 74 years)
2014-11,DE,F,TOTAL,4.3,Germany,Females,Total (16 to 74 years)
2014-11,DE,M,TOTAL,5.0,Germany,Males,Total (16 to 74 years)
2014-11,DE,T,TOTAL,4.6,Germany,Total,Total (16 to 74 years)
2014-11,EL,F,TOTAL,29.6,Greece,Females,Total (16 to 74 years)
2014-11,EL,M,TOTAL,22.7,Greece,Males,Total (16 to 74 years)
2014-11,EL,T,TOTAL,25.7,Greece,Total,Total (16 to 74 years)
2014-11,ES,F,TOTAL,24.8,Spain,Females,Total (16 to 74 years)
2014-11,ES,M,TOTAL,22.9,Spain,Males,Total (16 to 74 years)
2014-11,ES,T,TOTAL,23.8,Spain,Total,Total (16 to 74 years)
2014-11,EU27,F,TOTAL,11.1,European Union - 27 countries (from 2020),Females,Total (16 to 74 years)
2014-11,EU27,M,TOTAL,10.7,European Union - 27 countries (from 2020),Males,Total (16 to 74 years)
2014-11,EU27,T,TOTAL,10.9,European Union - 27 countries (from 2020),Total,Total (16 to 74 years)
2014-11,FR,F,TOTAL,10.2,France,Females,Total (16 to 74 years)
2014-11,FR,M,TOTAL,10.9,France,Males,Total (16 to 74 years)
2014-11,FR,T,TOTAL,10.5,France,Total,Total (16 to 74 years)
2014-11,IT,F,TOTAL,14.2,Italy,Females,Total (16 to 74 years)
2014-11,IT,M,TOTAL,12.3,Italy,Males,Total (16 to 74 years)
2014-11,IT,T,TOTAL,13.1,Italy,Total,Total (16 to 74 years)
2014-11,NL,F,TOTAL,8.5,Netherlands,Females,Total (16 to 74 years)
2014-11,NL,M,TOTAL,7.7,Netherlands,Males,Total (16 to 74 years)
2014-11,NL,T,TOTAL,8.1,Netherlands,Total,Total (16 to 74 years)
2014-11,PL,F,TOTAL,8.9,Poland,Females,Total (16 to 74 years)
2014-11,PL,M,TOTAL,8.0,Poland,Males,Total (16 to 74 years)
2014-11,PL,T,TOTAL,8.4,Poland,Total,Total (16 to 74 years)
2014-11,SE,F,TOTAL,7.9,Sweden,Females,Total (16 to 74 years)
2014-11,SE,M,TOTAL,8.2,Sweden,Males,Total (16 to 74 years)
2014-11,SE,T,TOTAL,8.1,Sweden,Total,Total (16 to 74 years)
2014-12,DE,F,TOTAL,4.2,Germany,Females,Total (16 to 74 years)
2014-12,DE,M,TOTAL,4.9,Germany,Males,Total (16 to 74 years)
2014-12,DE,T,TOTAL,4.6,Germany,Total,Total (16 to 74 years)
2014-12,EL,F,TOTAL,29.6,Greece,Females,Total (16 to 74 years)
2014-12,EL,M,TOTAL,23.0,Greece,Males,Total (16 to 74 years)
2014-12,EL,T,TOTAL,25.9,Greece,Total,Total (16 to 74 years)
2014-12,ES,F,TOTAL,24.6,Spain,Females,Total (16 to 74 years)
2014-12,ES,M,TOTAL,22.7,Spain,Males,Total (16 to 74 years)
2014-12,ES,T,TOTAL,23.6,Spain,Total,Total (16 to 74 years)
2014-12,EU27,F,TOTAL,10.9,European Union - 27 countries (from 2020),Females,Total (16 to 74 years)
2014-12,EU27,M,TOTAL,10.6,European Union - 27 countries (from 2020),Males,Total (16 to 74 years)
2014-12,EU27,T,TOTAL,10.7,European Union - 27 countries (from 2020),Total,Total (16 to 74 years)
2014-12,FR,F,TOTAL,10.1,France,Females,Total (16 to 74 years)
2014-12,FR,M,TOTAL,10.9,France,Males,Total (16 to 74 years)
2014-12,FR,T,TOTAL,10.5,France,Total,Total (16 to 74 years)
2014-12,IT,F,TOTAL,13.5,Italy,Females,Total (16 to 74 years)
2014-12,IT,M,TOTAL,11.7,Italy,Males,Total (16 to 74 years)
2014-12,IT,T,TOTAL,12.5,Italy,Total,Total (16 to 74 years)
2014-12,NL,F,TOTAL,8.7,Netherlands,Females,Total (16 to 74 years)
2014-12,NL,M,TOTAL,7.8,Netherlands,Males,Total (16 to 74 years)
2014-12,NL,T,TOTAL,8.2,Netherlands,Total,Total (16 to 74 years)
2014-12,PL,F,TOTAL,8.9,Poland,Females,Total (16 to 74 years)
2014-12,PL,M,TOTAL,8.0,Poland,Males,Total (16 to 74 years)
2014-12,PL,T,TOTAL,8.4,Poland,Total,Total (16 to 74 years)
2014-12,SE,F,TOTAL,7.3,Sweden,Females,Total (16 to 74 years)
2014-12,SE,M,TOTAL,7.9,Sweden,Males,Total (16 to 74 years)
2014-12,SE,T,TOTAL,7.6,Sweden,Total,Total (16 to 74 years)
2015-01,DE,F,TOTAL,4.1,Germany,Females,Total (16 to 74 years)
2015-01,DE,M,TOTAL,4.9,Germany,Males,Total (16 to 74 years)
2015-01,DE,T,TOTAL,4.5,Germany,Total,Total (16 to 74 years)
2015-01,EL,F,TOTAL,29.9,Greece,Females,Total (16 to 74 years)
2015-01,EL,M,TOTAL,22.2,Greece,Males,Total (16 to 74 years)
2015-01,EL,T,TOTAL,25.6,Greece,Total,Total (16 to 74 years)
2015-01,ES,F,TOTAL,24.5,Spain,Females,Total (16 to 74 years)
2015-01,ES,M,TOTAL,22.5,Spain,Males,Total (16 to 74 years)
2015-01,ES,T,TOTAL,23.4,Spain,Total,Total (16 to 74 years)
2015-01,EU27,F,TOTAL,10.8,European Union - 27 countries (from 2020),Females,Total (16 to 74 years)
2015-01,EU27,M,TOTAL,10.6,European Union - 27 countries (from 2020),Males,Total (16 to 74 years)
2015-01,EU27,T,TOTAL,10.6,European Union - 27 countries (from 2020),Total,Total (16 to 74 years)
2015-01,FR,F,TOTAL,9.9,France,Females,Total (16 to 74 years)
2015-01,FR,M,TOTAL,10.8,France,Males,Total (16 to 74 years)
2015-01,FR,T,TOTAL,10.4,France,Total,Total (16 to 74 years)
2015-01,IT,F,TOTAL,13.3,Italy,Females,Total (16 to 74 years)
2015-01,IT,M,TOTAL,11.8,Italy,Males,Total (16 to 74 years)
2015-01,IT,T,TOTAL,12.4,Italy,Total,Total (16 to 74 years)
2015-01,NL,F,TOTAL,8.7,Netherlands,Females,Total (16 to 74 years)
2015-01,NL,M,TOTAL,7.9,Netherlands,Males,Total (16 to 74 years)
2015-01,NL,T,TOTAL,8.3,Netherlands,Total,Total (16 to 74 years)
2015-01,PL,F,TOTAL,8.8,Poland,Females,Total (16 to 74 years)
2015-01,PL,M,TOTAL,8.1,Poland,Males,Total (16 to 74 years)
2015-01,PL,T,TOTAL,8.4,Poland,Total,Total (16 to 74 years)
2015-01,SE,F,TOTAL,7.9,Sweden,Females,Total (16 to 74 years)
2015-01,SE,M,TOTAL,7.9,Sweden,Males,Total (16 to 74 years)
2015-01,SE,T,TOTAL,7.9,Sweden,Total,Total (16 to 74 years)
2015-02,DE,F,TOTAL,4.1,Germany,Females,Total (16 to 74 years)
2015-02,DE,M,TOTAL,4.8,Germany,Males,Total (16 to 74 years)
2015-02,DE,T,TOTAL,4.5,Germany,Total,Total (16 to 74 years)
2015-02,EL,F,TOTAL,29.9,Greece,Females,Total (16 to 74 years)
2015-02,EL,M,TOTAL,22.5,Greece,Males,Total (16 to 74 years)
2015-02,EL,T,TOTAL,25.7,Greece,Total,Total (16 to 74 years)
2015-02,ES,F,TOTAL,24.4,Spain,Females,Total (16 to 74 years)
2015-02,ES,M,TOTAL,22.1,Spain,Males,Total (16 to 74 years)
2015-02,ES,T,TOTAL,23.1,Spain,Total,Total (16 to 74 years)
2015-02,EU27,F,TOTAL,10.7,European Union - 27 countries (from 2020),Females,Total (16 to 74 years)
2015-02,EU27,M,TOTAL,10.5,European Union - 27 countries (from 2020),Males,Total (16 to 74 years)
2015-02,EU27,T,TOTAL,10.6,European Union - 27 countries (from 2020),Total,Total (16 to 74 years)
2015-02,FR,F,TOTAL,9.9,France,Females,Total (16 to 74 years)
2015-02,FR,M,TOTAL,10.8,France,Males,Total (16 to 74 years)
2015-02,FR,T,TOTAL,10.3,France,Total,Total (16 to 74 years)
2015-02,IT,F,TOTAL,13.3,Italy,Females,Total (16 to 74 years)
2015-02,IT,M,TOTAL,11.6,Italy,Males,Total (16 to 74 years)
2015-02,IT,T,TOTAL,12.4,Italy,Total,Total (16 to 74 years)
2015-02,NL,F,TOTAL,8.6,Netherlands,Females,Total (16 to 74 years)
2015-02,NL,M,TOTAL,7.7,Netherlands,Males,Total (16 to 74 years)
2015-02,NL,T,TOTAL,8.1,Netherlands,Total,Total (16 to 74 years)
2015-02,PL,F,TOTAL,8.6,Poland,Females,Total (16 to 74 years)
2015-02,PL,M,TOTAL,8.1,Poland,Males,Total (16 to 74 years)
2015-02,PL,T,TOTAL,8.3,Poland,Total,Total (16 to 74 years)
2015-02,SE,F,TOTAL,7.9,Sweden,Females,Total (16 to 74 years)
2015-02,SE,M,TOTAL,8.0,Sweden,Males,Total (16 to 74 years)
2015-02,SE,T,TOTAL,8.0,Sweden,Total,Total (16 to 74 years)
2015-03,DE,F,TOTAL,4.1,Germany,Females,Total (16 to 74 years)
2015-03,DE,M,TOTAL,4.8,Germany,Males,Total (16 to 74 years)
2015-03,DE,T,TOTAL,4.5,Germany,Total,Total (16 to 74 years)
2015-03,EL,F,TOTAL,29.8,Greece,Females,Total (16 to 74 years)
2015-03,EL,M,TOTAL,23.3,Greece,Males,Total (16 to 74 years)
2015-03,EL,T,TOTAL,26.2,Greece,Total,Total (16 to 74 years)
2015-03,ES,F,TOTAL,24.3,Spain,Females,Total (16 to 74 years)
2015-03,ES,M,TOTAL,21.7,Spain,Males,Total (16 to 74 years)
2015-03,ES,T,TOTAL,22.9,Spain,Total,Total (16 to 74 years)
2015-03,EU27,F,TOTAL,10.6,European Union - 27 countries (from 2020),Females,Total (16 to 74 years)
2015-03,EU27,M,TOTAL,10.5,European Union - 27 countries (from 2020),Males,Total (16 to 74 years)
2015-03,EU27,T,TOTAL,10.5,European Union - 27 countries (from 2020),Total,Total (16 to 74 years)
2015-03,FR,F,TOTAL,9.9,France,Females,Total (16 to 74 years)
2015-03,FR,M,TOTAL,10.8,France,Males,Total (16 to 74 years)
2015-03,FR,T,TOTAL,10.4,France,Total,Total (16 to 74 years)
2015-03,IT,F,TOTAL,13.4,Italy,Females,Total (16 to 74 years)
2015-03,IT,M,TOTAL,11.9,Italy,Males,Total (16 to 74 years)
2015-03,IT,T,TOTAL,12.5,Italy,Total,Total (16 to 74 years)
2015-03,NL,F,TOTAL,8.6,Netherlands,Females,Total (16 to 74 years)
2015-03,NL,M,TOTAL,7.7,Netherlands,Males,Total (16 to 74 years)
2015-03,NL,T,TOTAL,8.1,Netherlands,Total,Total (16 to 74 years)
2015-03,PL,F,TOTAL,8.4,Poland,Females,Total (16 to 74 years)
2015-03,PL,M,TOTAL,8.0,Poland,Males,Total (16 to 74 years)
2015-03,PL,T,TOTAL,8.1,Poland,Total,Total (16 to 74 years)
2015-03,SE,F,TOTAL,7.7,Sweden,Females,Total (16 to 74 years)
2015-03,SE,M,TOTAL,7.7,Sweden,Males,Total (16 to 74 years)
2015-03,SE,T,TOTAL,7.7,Sweden,Total,Total (16 to 74 years)
2015-04,DE,F,TOTAL,4.0,Germany,Females,Total (16 to 74 years)
2015-04,DE,M,TOTAL,4.8,Germany,Males,Total (16 to 74 years)
2015-04,DE,T,TOTAL,4.4,Germany,Total,Total (16 to 74 years)
2015-04,EL,F,TOTAL,29.3,Greece,Females,Total (16 to 74 years)
2015-04,EL,M,TOTAL,21.8,Greece,Males,Total (16 to 74 years)
2015-04,EL,T,TOTAL,25.1,Greece,Total,Total (16 to 74 years)
2015-04,ES,F,TOTAL,24.3,Spain,Females,Total (16 to 74 years)
2015-04,ES,M,TOTAL,21.3,Spain,Males,Total (16 to 74 years)
2015-04,ES,T,TOTAL,22.7,Spain,Total,Total (16 to 74 years)
2015-04,EU27,F,TOTAL,10.6,European Union - 27 countries (from 2020),Females,Total (16 to 74 years)
2015-04,EU27,M,TOTAL,10.3,European Union - 27 countries (from 2020),Males,Total (16 to 74 years)
2015-04,EU27,T,TOTAL,10.4,European Union - 27 countries (from 2020),Total,Total (16 to 74 years)
2015-04,FR,F,TOTAL,9.9,France,Females,Total (16 to 74 years)
2015-04,FR,M,TOTAL,10.9,France,Males,Total (16 to 74 years)
2015-04,FR,T,TOTAL,10.4,France,Total,Total (16 to 74 years)
2015-04,IT,F,TOTAL,13.0,Italy,Females,Total (16 to 74 years)
2015-04,IT,M,TOTAL,11.6,Italy,Males,Total (16 to 74 years)
2015-04,IT,T,TOTAL,12.2,Italy,Total,Total (16 to 74 years)
2015-04,NL,F,TOTAL,8.6,Netherlands,Females,Total (16 to 74 years)
2015-04,NL,M,TOTAL,7.6,Netherlands,Males,Total (16 to 74 years)
2015-04,NL,T,TOTAL,8.1,Netherlands,Total,Total (16 to 74 years)
2015-04,PL,F,TOTAL,8.1,Poland,Females,Total (16 to 74 years)
2015-04,PL,M,TOTAL,7.7,Poland,Males,Total (16 to 74 years)
2015-04,PL,T,TOTAL,7.9,Poland,Total,Total (16 to 74 years)
2015-04,SE,F,TOTAL,7.8,Sweden,Females,Total (16 to 74 years)
2015-04,SE,M,TOTAL,8.0,Sweden,Males,Total (16 to 74 years)
2015-04,SE,T,TOTAL,7.9,Sweden,Total,Total (16 to 74 years)
2015-05,DE,F,TOTAL,4.0,Germany,Females,Total (16 to 74 years)
2015-05,DE,M,TOTAL,4.8,Germany,Males,Total (16 to 74 years)
2015-05,DE,T,TOTAL,4.4,Germany,Total,Total (16 to 74 years)
2015-05,EL,F,TOTAL,28.7,Greece,Females,Total (16 to 74 years)
2015-05,EL,M,TOTAL,22.0,Greece,Males,Total (16 to 74 years)
2015-05,EL,T,TOTAL,25.0,Greece,Total,Total (16 to 74 years)
2015-05,ES,F,TOTAL,24.1,Spain,Females,Total (16 to 74 years)
2015-05,ES,M,TOTAL,21.1,Spain,Males,Total (16 to 74 years)
2015-05,ES,T,TOTAL,22.5,Spain,Total,Total (16 to 74 years)
2015-05,EU27,F,TOTAL,10.5,European Union - 27 countries (from 2020),Females,Total (16 to 74 years)
2015-05,EU27,M,TOTAL,10.2,European Union - 27 countries (from 2020),Males,Total (16 to 74 years)
2015-05,EU27,T,TOTAL,10.3,European Union - 27 countries (from 2020),Total,Total (16 to 74 years)
2015-05,FR,F,TOTAL,10.0,France,Females,Total (16 to 74 years)
2015-05,FR,M,TOTAL,11.0,France,Males,Total (16 to 74 years)
2015-05,FR,T,TOTAL,10.5,France,Total,Total (16 to 74 years)
2015-05,IT,F,TOTAL,12.9,Italy,Females,Total (16 to 74 years)
2015-05,IT,M,TOTAL,11.9,Italy,Males,Total (16 to 74 years)
2015-05,IT,T,TOTAL,12.3,Italy,Total,Total (16 to 74 years)
2015-05,NL,F,TOTAL,8.4,Netherlands,Females,Total (16 to 74 years)
2015-05,NL,M,TOTAL,7.6,Netherlands,Males,Total (16 to 74 years)
2015-05,NL,T,TOTAL,8.0,Netherlands,Total,Total (16 to 74 years)
2015-05,PL,F,TOTAL,7.9,Poland,Females,Total (16 to 74 years)
2015-05,PL,M,TOTAL,7.6,Poland,Males,Total (16 to 74 years)
2015-05,PL,T,TOTAL,7.7,Poland,Total,Total (16 to 74 years)
2015-05,SE,F,TOTAL,7.7,Sweden,Females,Total (16 to 74 years)
2015-05,SE,M,TOTAL,7.8,Sweden,Males,Total (16 to 74 years)
2015-05,SE,T,TOTAL,7.7,Sweden,Total,Total (16 to 74 years)
2015-06,DE,F,TOTAL,4.0,Germany,Females,Total (16 to 74 years)
2015-06,DE,M,TOTAL,4.7,Germany,Males,Total (16 to 74 years)
2015-06,DE,T,TOTAL,4.4,Germany,Total,Total (16 to 74 years)
2015-06,EL,F,TOTAL,29.0,Greece,Females,Total (16 to 74 years)
2015-06,EL,M,TOTAL,21.7,Greece,Males,Total (16 to 74 years)
2015-06,EL,T,TOTAL,24.9,Greece,Total,Total (16 to 74 years)
2015-06,ES,F,TOTAL,23.9,Spain,Females,Total (16 to 74 years)
2015-06,ES,M,TOTAL,20.9,Spain,Males,Total (16 to 74 years)
2015-06,ES,T,TOTAL,22.3,Spain,Total,Total (16 to 74 years)
2015-06,EU27,F,TOTAL,10.4,European Union - 27 countries (from 2020),Females,Total (16 to 74 years)
2015-06,EU27,M,TOTAL,10.1,European Union - 27 countries (from 2020),Males,Total (16 to 74 years)
2015-06,EU27,T,TOTAL,10.3,European Union - 27 countries (from 2020),Total,Total (16 to 74 years)
2015-06,FR,F,TOTAL,9.9,France,Females,Total (16 to 74 years)
2015-06,FR,M,TOTAL,10.9,France,Males,Total (16 to 74 years)
2015-06,FR,T,TOTAL,10.4,France,Total,Total (16 to 74 years)
2015-06,IT,F,TOTAL,13.0,Italy,Females,Total (16 to 74 years)
2015-06,IT,M,TOTAL,11.8,Italy,Males,Total (16 to 74 years)
2015-06,IT,T,TOTAL,12.3,Italy,Total,Total (16 to 74 years)
2015-06,NL,F,TOTAL,8.3,Netherlands,Females,Total (16 to 74 years)
2015-06,NL,M,TOTAL,7.5,Netherlands,Males,Total (16 to 74 years)
2015-06,NL,T,TOTAL,7.9,Netherlands,Total,Total (16 to 74 years)
2015-06,PL,F,TOTAL,7.7,Poland,Females,Total (16 to 74 years)
2015-06,PL,M,TOTAL,7.4,Poland,Males,Total (16 to 74 years)
2015-06,PL,T,TOTAL,7.6,Poland,Total,Total (16 to 74 years)
2015-06,SE,F,TOTAL,7.8,Sweden,Females,Total (16 to 74 years)
2015-06,SE,M,TOTAL,7.5,Sweden,Males,Total (16 to 74 years)
2015-06,SE,T,TOTAL,7.6,Sweden,Total,Total (16 to 74 years)
2015-07,DE,F,TOTAL,3.9,Germany,Females,Total (16 to 74 years)
2015-07,DE,M,TOTAL,4.7,Germany,Males,Total (16 to 74 years)
2015-07,DE,T,TOTAL,4.3,Germany,Total,Total (16 to 74 years)
2015-07,EL,F,TOTAL,28.9,Greece,Females,Total (16 to 74 years)
2015-07,EL,M,TOTAL,21.7,Greece,Males,Total (16 to 74 years)
2015-07,EL,T,TOTAL,24.9,Greece,Total,Total (16 to 74 years)
2015-07,ES,F,TOTAL,23.4,Spain,Females,Total (16 to 74 years)
2015-07,ES,M,TOTAL,20.6,Spain,Males,Total (16 to 74 years)
2015-07,ES,T,TOTAL,21.9,Spain,Total,Total (16 to 74 years)
2015-07,EU27,F,TOTAL,10.2,European Union - 27 countries (from 2020),Females,Total (16 to 74 years)
2015-07,EU27,M,TOTAL,9.9,European Union - 27 countries (from 2020),Males,Total (16 to 74 years)
2015-07,EU27,T,TOTAL,10.1,European Union - 27 countries (from 2020),Total,Total (16 to 74 years)
2015-07,FR,F,TOTAL,9.8,France,Females,Total (16 to 74 years)
2015-07,FR,M,TOTAL,10.8,France,Males,Total (16 to 74 years)
2015-07,FR,T,TOTAL,10.3,France,Total,Total (16 to 74 years)
2015-07,IT,F,TOTAL,12.6,Italy,Females,Total (16 to 74 years)
2015-07,IT,M,TOTAL,11.3,Italy,Males,Total (16 to 74 years)
2015-07,IT,T,TOTAL,11.8,Italy,Total,Total (16 to 74 years)
2015-07,NL,F,TOTAL,8.2,Netherlands,Females,Total (16 to 74 years)
2015-07,NL,M,TOTAL,7.3,Netherlands,Males,Total (16 to 74 years)
2015-07,NL,T,TOTAL,7.7,Netherlands,Total,Total (16 to 74 years)
2015-07,PL,F,TOTAL,7.7,Poland,Females,Total (16 to 74 years)
2015-07,PL,M,TOTAL,7.3,Poland,Males,Total (16 to 74 years)
2015-07,PL,T,TOTAL,7.5,Poland,Total,Total (16 to 74 years)
2015-07,SE,F,TOTAL,7.1,Sweden,Females,Total (16 to 74 years)
2015-07,SE,M,TOTAL,7.3,Sweden,Males,Total (16 to 74 years)
2015-07,SE,T,TOTAL,7.2,Sweden,Total,Total (16 to 74 years)
2015-08,DE,F,TOTAL,3.9,Germany,Females,Total (16 to 74 years)
2015-08,DE,M,TOTAL,4.6,Germany,Males,Total (16 to 74 years)
2015-08,DE,T,TOTAL,4.3,Germany,Total,Total (16 to 74 years)
2015-08,EL,F,TOTAL,28.4,Greece,Females,Total (16 to 74 years)
2015-08,EL,M,TOTAL,21.5,Greece,Males,Total (16 to 74 years)
2015-08,EL,T,TOTAL,24.6,Greece,Total,Total (16 to 74 years)
2015-08,ES,F,TOTAL,23.1,Spain,Females,Total (16 to 74 years)
2015-08,ES,M,TOTAL,20.4,Spain,Males,Total (16 to 74 years)
2015-08,ES,T,TOTAL,21.6,Spain,Total,Total (16 to 74 years)
2015-08,EU27,F,TOTAL,10.2,European Union - 27 countries (from 2020),Females,Total (16 to 74 years)
2015-08,EU27,M,TOTAL,9.8,European Union - 27 countries (from 2020),Males,Total (16 to 74 years)
2015-08,EU27,T,TOTAL,10.0,European Union - 27 countries (from 2020),Total,Total (16 to 74 years)
2015-08,FR,F,TOTAL,9.8,France,Females,Total (16 to 74 years)
2015-08,FR,M,TOTAL,10.8,France,Males,Total (16 to 74 years)
2015-08,FR,T,TOTAL,10.3,France,Total,Total (16 to 74 years)
2015-08,IT,F,TOTAL,12.7,Italy,Females,Total (16 to 74 years)
2015-08,IT,M,TOTAL,11.1,Italy,Males,Total (16 to 74 years)
2015-08,IT,T,TOTAL,11.8,Italy,Total,Total (16 to 74 years)
2015-08,NL,F,TOTAL,8.2,Netherlands,Females,Total (16 to 74 years)
2015-08,NL,M,TOTAL,7.3,Netherlands,Males,Total (16 to 74 years)
2015-08,NL,T,TOTAL,7.7,Netherlands,Total,Total (16 to 74 years)
2015-08,PL,F,TOTAL,7.7,Poland,Females,Total (16 to 74 years)
2015-08,PL,M,TOTAL,7.3,Poland,Males,Total (16 to 74 years)
2015-08,PL,T,TOTAL,7.5,Poland,Total,Total (16 to 74 years)
2015-08,SE,F,TOTAL,6.7,Sweden,Females,Total (16 to 74 years)
2015-08,SE,M,TOTAL,7.4,Sweden,Males,Total (16 to 74 years)
2015-08,SE,T,TOTAL,7.0,Sweden,Total,Total (16 to 74 years)
2015-09,DE,F,TOTAL,3.9,Germany,Females,Total (16 to 74 years)
2015-09,DE,M,TOTAL,4.6,Germany,Males,Total (16 to 74 years)
2015-09,DE,T,TOTAL,4.3,Germany,Total,Total (16 to 74 years)
2015-09,EL,F,TOTAL,29.1,Greece,Females,Total (16 to 74 years)
2015-09,EL,M,TOTAL,21.3,Greece,Males,Total (16 to 74 years)
2015-09,EL,T,TOTAL,24.7,Greece,Total,Total (16 to 74 years)
2015-09,ES,F,TOTAL,22.9,Spain,Females,Total (16 to 74 years)
2015-09,ES,M,TOTAL,20.1,Spain,Males,Total (16 to 74 years)
2015-09,ES,T,TOTAL,21.4,Spain,Total,Total (16 to 74 years)
2015-09,EU27,F,TOTAL,10.1,European Union - 27 countries (from 2020),Females,Total (16 to 74 years)
2015-09,EU27,M,TOTAL,9.8,European Union - 27 countries (from 2020),Males,Total (16 to 74 years)
2015-09,EU27,T,TOTAL,9.9,European Union - 27 countries (from 2020),Total,Total (16 to 74 years)
2015-09,FR,F,TOTAL,9.8,France,Females,Total (16 to 74 years)
2015-09,FR,M,TOTAL,10.7,France,Males,Total (16 to 74 years)
2015-09,FR,T,TOTAL,10.3,France,Total,Total (16 to 74 years)
2015-09,IT,F,TOTAL,12.4,Italy,Females,Total (16 to 74 years)
2015-09,IT,M,TOTAL,11.0,Italy,Males,Total (16 to 74 years)
2015-09,IT,T,TOTAL,11.6,Italy,Total,Total (16 to 74 years)
2015-09,NL,F,TOTAL,8.3,Netherlands,Females,Total (16 to 74 years)
2015-09,NL,M,TOTAL,7.3,Netherlands,Males,Total (16 to 74 years)
2015-09,NL,T,TOTAL,7.8,Netherlands,Total,Total (16 to 74 years)
2015-09,PL,F,TOTAL,7.5,Poland,Females,Total (16 to 74 years)
2015-09,PL,M,TOTAL,7.2,Poland,Males,Total (16 to 74 years)
2015-09,PL,T,TOTAL,7.4,Poland,Total,Total (16 to 74 years)
2015-09,SE,F,TOTAL,7.2,Sweden,Females,Total (16 to 74 years)
2015-09,SE,M,TOTAL,7.7,Sweden,Males,Total (16 to 74 years)
2015-09,SE,T,TOTAL,7.5,Sweden,Total,Total (16 to 74 years)
2015-10,DE,F,TOTAL,3.9,Germany,Females,Total (16 to 74 years)
2015-10,DE,M,TOTAL,4.5,Germany,Males,Total (16 to 74 years)
2015-10,DE,T,TOTAL,4.2,Germany,Total,Total (16 to 74 years)
2015-10,EL,F,TOTAL,28.6,Greece,Females,Total (16 to 74 years)
2015-10,EL,M,TOTAL,21.5,Greece,Males,Total (16 to 74 years)
2015-10,EL,T,TOTAL,24.7,Greece,Total,Total (16 to 74 years)
2015-10,ES,F,TOTAL,22.8,Spain,Females,Total (16 to 74 years)
2015-10,ES,M,TOTAL,19.9,Spain,Males,Total (16 to 74 years)
2015-10,ES,T,TOTAL,21.3,Spain,Total,Total (16 to 74 years)
2015-10,EU27,F,TOTAL,10.1,European Union - 27 countries (from 2020),Females,Total (16 to 74 years)
2015-10,EU27,M,TOTAL,9.7,European Union - 27 countries (from 2020),Males,Total (16 to 74 years)
2015-10,EU27,T,TOTAL,9.9,European Union - 27 countries (from 2020),Total,Total (16 to 74 years)
2015-10,FR,F,TOTAL,9.9,France,Females,Total (16 to 74 years)
2015-10,FR,M,TOTAL,10.7,France,Males,Total (16 to 74 years)
2015-10,FR,T,TOTAL,10.3,France,Total,Total (16 to 74 years)
2015-10,IT,F,TOTAL,12.5,Italy,Females,Total (16 to 74 years)
2015-10,IT,M,TOTAL,11.1,Italy,Males,Total (16 to 74 years)
2015-10,IT,T,TOTAL,11.7,Italy,Total,Total (16 to 74 years)
2015-10,NL,F,TOTAL,8.4,Netherlands,Females,Total (16 to 74 years)
2015-10,NL,M,TOTAL,7.4,Netherlands,Males,Total (16 to 74 years)
2015-10,NL,T,TOTAL,7.9,Netherlands,Total,Total (16 to 74 years)
2015-10,PL,F,TOTAL,7.4,Poland,Females,Total (16 to 74 years)
2015-10,PL,M,TOTAL,7.2,Poland,Males,Total (16 to 74 years)
2015-10,PL,T,TOTAL,7.3,Poland,Total,Total (16 to 74 years)
2015-10,SE,F,TOTAL,7.5,Sweden,Females,Total (16 to 74 years)
2015-10,SE,M,TOTAL,7.1,Sweden,Males,Total (16 to 74 years)
2015-10,SE,T,TOTAL,7.3,Sweden,Total,Total (16 to 74 years)
2015-11,DE,F,TOTAL,4.0,Germany,Females,Total (16 to 74 years)
2015-11,DE,M,TOTAL,4.5,Germany,Males,Total (16 to 74 years)
2015-11,DE,T,TOTAL,4.2,Germany,Total,Total (16 to 74 years)
2015-11,EL,F,TOTAL,28.7,Greece,Females,Total (16 to 74 years)
2015-11,EL,M,TOTAL,21.0,Greece,Males,Total (16 to 74 years)
2015-11,EL,T,TOTAL,24.4,Greece,Total,Total (16 to 74 years)
2015-11,ES,F,TOTAL,22.6,Spain,Females,Total (16 to 74 years)
2015-11,ES,M,TOTAL,19.5,Spain,Males,Total (16 to 74 years)
2015-11,ES,T,TOTAL,20.9,Spain,Total,Total (16 to 74 years)
2015-11,EU27,F,TOTAL,10.0,European Union - 27 countries (from 2020),Females,Total (16 to 74 years)
2015-11,EU27,M,TOTAL,9.6,European Union - 27 countries (from 2020),Males,Total (16 to 74 years)
2015-11,EU27,T,TOTAL,9.8,European Union - 27 countries (from 2020),Total,Total (16 to 74 years)
2015-11,FR,F,TOTAL,9.8,France,Females,Total (16 to 74 years)
2015-11,FR,M,TOTAL,10.7,France,Males,Total (16 to 74 years)
2015-11,FR,T,TOTAL,10.3,France,Total,Total (16 to 74 years)
2015-11,IT,F,TOTAL,12.2,Italy,Females,Total (16 to 74 years)
2015-11,IT,M,TOTAL,10.8,Italy,Males,Total (16 to 74 years)
2015-11,IT,T,TOTAL,11.4,Italy,Total,Total (16 to 74 years)
2015-11,NL,F,TOTAL,8.3,Netherlands,Females,Total (16 to 74 years)
2015-11,NL,M,TOTAL,7.1,Netherlands,Males,Total (16 to 74 years)
2015-11,NL,T,TOTAL,7.7,Netherlands,Total,Total (16 to 74 years)
2015-11,PL,F,TOTAL,7.2,Poland,Females,Total (16 to 74 years)
2015-11,PL,M,TOTAL,7.1,Poland,Males,Total (16 to 74 years)
2015-11,PL,T,TOTAL,7.2,Poland,Total,Total (16 to 74 years)
2015-11,SE,F,TOTAL,6.8,Sweden,Females,Total (16 to 74 years)
2015-11,SE,M,TOTAL,7.1,Sweden,Males,Total (16 to 74 years)
2015-11,SE,T,TOTAL,7.0,Sweden,Total,Total (16 to 74 years)
2015-12,DE,F,TOTAL,3.9,Germany,Females,Total (16 to 74 years)
2015-12,DE,M,TOTAL,4.4,Germany,Males,Total (16 to 74 years)
2015-12,DE,T,TOTAL,4.2,Germany,Total,Total (16 to 74 years)
2015-12,EL,F,TOTAL,28.2,Greece,Females,Total (16 to 74 years)
2015-12,EL,M,TOTAL,20.9,Greece,Males,Total (16 to 74 years)
2015-12,EL,T,TOTAL,24.1,Greece,Total,Total (16 to 74 years)
2015-12,ES,F,TOTAL,22.5,Spain,Females,Total (16 to 74 years)
2015-12,ES,M,TOTAL,19.3,Spain,Males,Total (16 to 74 years)
2015-12,ES,T,TOTAL,20.8,Spain,Total,Total (16 to 74 years)
2015-12,EU27,F,TOTAL,10.0,European Union - 27 countries (from 2020),Females,Total (16 to 74 years)
2015-12,EU27,M,TOTAL,9.6,European Union - 27 countries (from 2020),Males,Total (16 to 74 years)
2015-12,EU27,T,TOTAL,9.8,European Union - 27 countries (from 2020),Total,Total (16 to 74 years)
2015-12,FR,F,TOTAL,9.8,France,Females,Total (16 to 74 years)
2015-12,FR,M,TOTAL,10.7,France,Males,Total (16 to 74 years)
2015-12,FR,T,TOTAL,10.2,France,Total,Total (16 to 74 years)
2015-12,IT,F,TOTAL,12.3,Italy,Females,Total (16 to 74 years)
2015-12,IT,M,TOTAL,11.3,Italy,Males,Total (16 to 74 years)
2015-12,IT,T,TOTAL,11.7,Italy,Total,Total (16 to 74 years)
2015-12,NL,F,TOTAL,8.1,Netherlands,Females,Total (16 to 74 years)
2015-12,NL,M,TOTAL,7.1,Netherlands,Males,Total (16 to 74 years)
2015-12,NL,T,TOTAL,7.6,Netherlands,Total,Total (16 to 74 years)
2015-12,PL,F,TOTAL,7.1,Poland,Females,Total (16 to 74 years)
2015-12,PL,M,TOTAL,7.0,Poland,Males,Total (16 to 74 years)
2015-12,PL,T,TOTAL,7.0,Poland,Total,Total (16 to 74 years)
2015-12,SE,F,TOTAL,7.0,Sweden,Females,Total (16 to 74 years)
2015-12,SE,M,TOTAL,7.6,Sweden,Males,Total (16 to 74 years)
2015-12,SE,T,TOTAL,7.3,Sweden,Total,Total (16 to 74 years)
2016-01,DE,F,TOTAL,3.9,Germany,Females,Total (16 to 74 years)
2016-01,DE,M,TOTAL,4.4,Germany,Males,Total (16 to 74 years)
2016-01,DE,T,TOTAL,4.1,Germany,Total,Total (16 to 74 years)
2016-01,EL,F,TOTAL,28.9,Greece,Females,Total (16 to 74 years)
2016-01,EL,M,TOTAL,21.2,Greece,Males,Total (16 to 74 years)
2016-01,EL,T,TOTAL,24.6,Greece,Total,Total (16 to 74 years)
2016-01,ES,F,TOTAL,22.3,Spain,Females,Total (16 to 74 years)
2016-01,ES,M,TOTAL,19.0,Spain,Males,Total (16 to 74 years)
2016-01,ES,T,TOTAL,20.5,Spain,Total,Total (16 to 74 years)
2016-01,EU27,F,TOTAL,9.8,European Union - 27 countries (from 2020),Females,Total (16 to 74 years)
2016-01,EU27,M,TOTAL,9.5,European Union - 27 countries (from 2020),Males,Total (16 to 74 years)
2016-01,EU27,T,TOTAL,9.6,European Union - 27 countries (from 2020),Total,Total (16 to 74 years)
2016-01,FR,F,TOTAL,9.8,France,Females,Total (16 to 74 years)
2016-01,FR,M,TOTAL,10.8,France,Males,Total (16 to 74 years)
2016-01,FR,T,TOTAL,10.3,France,Total,Total (16 to 74 years)
2016-01,IT,F,TOTAL,12.4,Italy,Females,Total (16 to 74 years)
2016-01,IT,M,TOTAL,10.9,Italy,Males,Total (16 to 74 years)
2016-01,IT,T,TOTAL,11.6,Italy,Total,Total (16 to 74 years)
2016-01,NL,F,TOTAL,8.0,Netherlands,Females,Total (16 to 74 years)
2016-01,NL,M,TOTAL,6.9,Netherlands,Males,Total (16 to 74 years)
2016-01,NL,T,TOTAL,7.4,Netherlands,Total,Total (16 to 74 years)
2016-01,PL,F,TOTAL,7.0,Poland,Females,Total (16 to 74 years)
2016-01,PL,M,TOTAL,6.7,Poland,Males,Total (16 to 74 years)
2016-01,PL,T,TOTAL,6.8,Poland,Total,Total (16 to 74 years)
2016-01,SE,F,TOTAL,6.8,Sweden,Females,Total (16 to 74 years)
2016-01,SE,M,TOTAL,7.4,Sweden,Males,Total (16 to 74 years)
2016-01,SE,T,TOTAL,7.1,Sweden,Total,Total (16 to 74 years)
2016-02,DE,F,TOTAL,3.8,Germany,Females,Total (16 to 74 years)
2016-02,DE,M,TOTAL,4.3,Germany,Males,Total (16 to 74 years)
2016-02,DE,T,TOTAL,4.1,Germany,Total,Total (16 to 74 years)
2016-02,EL,F,TOTAL,28.7,Greece,Females,Total (16 to 74 years)
2016-02,EL,M,TOTAL,20.4,Greece,Males,Total (16 to 74 years)
2016-02,EL,T,TOTAL,24.1,Greece,Total,Total (16 to 74 years)
2016-02,ES,F,TOTAL,22.2,Spain,Females,Total (16 to 74 years)
2016-02,ES,M,TOTAL,18.8,Spain,Males,Total (16 to 74 years)
2016-02,ES,T,TOTAL,20.4,Spain,Total,Total (16 to 74 years)
2016-02,EU27,F,TOTAL,9.8,European Union - 27 countries (from 2020),Females,Total (16 to 74 years)
2016-02,EU27,M,TOTAL,9.4,European Union - 27 countries (from 2020),Males,Total (16 to 74 years)
2016-02,EU27,T,TOTAL,9.6,European Union - 27 countries (from 2020),Total,Total (16 to 74 years)
2016-02,FR,F,TOTAL,9.9,France,Females,Total (16 to 74 years)
2016-02,FR,M,TOTAL,10.8,France,Males,Total (16 to 74 years)
2016-02,FR,T,TOTAL,10.4,France,Total,Total (16 to 74 years)
2016-02,IT,F,TOTAL,12.6,Italy,Females,Total (16 to 74 years)
2016-02,IT,M,TOTAL,11.1,Italy,Males,Total (16 to 74 years)
2016-02,IT,T,TOTAL,11.7,Italy,Total,Total (16 to 74 years)
2016-02,NL,F,TOTAL,8.0,Netherlands,Females,Total (16 to 74 years)
2016-02,NL,M,TOTAL,7.0,Netherlands,Males,Total (16 to 74 years)
2016-02,NL,T,TOTAL,7.5,Netherlands,Total,Total (16 to 74 years)
2016-02,PL,F,TOTAL,6.8,Poland,Females,Total (16 to 74 years)
2016-02,PL,M,TOTAL,6.6,Poland,Males,Total (16 to 74 years)
2016-02,PL,T,TOTAL,6.7,Poland,Total,Total (16 to 74 years)
2016-02,SE,F,TOTAL,7.0,Sweden,Females,Total (16 to 74 years)
2016-02,SE,M,TOTAL,7.4,Sweden,Males,Total (16 to 74 years)
2016-02,SE,T,TOTAL,7.2,Sweden,Total,Total (16 to 74 years)
2016-03,DE,F,TOTAL,3.8,Germany,Females,Total (16 to 74 years)
2016-03,DE,M,TOTAL,4.3,Germany,Males,Total (16 to 74 years)
2016-03,DE,T,TOTAL,4.0,Germany,Total,Total (16 to 74 years)
2016-03,EL,F,TOTAL,29.1,Greece,Females,Total (16 to 74 years)
2016-03,EL,M,TOTAL,20.4,Greece,Males,Total (16 to 74 years)
2016-03,EL,T,TOTAL,24.3,Greece,Total,Total (16 to 74 years)
2016-03,ES,F,TOTAL,22.0,Spain,Females,Total (16 to 74 years)
2016-03,ES,M,TOTAL,18.7,Spain,Males,Total (16 to 74 years)
2016-03,ES,T,TOTAL,20.3,Spain,Total,Total (16 to 74 years)
2016-03,EU27,F,TOTAL,9.7,European Union - 27 countries (from 2020),Females,Total (16 to 74 years)
2016-03,EU27,M,TOTAL,9.3,European Union - 27 countries (from 2020),Males,Total (16 to 74 years)
2016-03,EU27,T,TOTAL,9.5,European Union - 27 countries (from 2020),Total,Total (16 to 74 years)
2016-03,FR,F,TOTAL,9.7,France,Females,Total (16 to 74 years)
2016-03,FR,M,TOTAL,10.7,France,Males,Total (16 to 74 years)
2016-03,FR,T,TOTAL,10.2,France,Total,Total (16 to 74 years)
2016-03,IT,F,TOTAL,12.4,Italy,Females,Total (16 to 74 years)
2016-03,IT,M,TOTAL,10.9,Italy,Males,Total (16 to 74 years)
2016-03,IT,T,TOTAL,11.6,Italy,Total,Total (16 to 74 years)
2016-03,NL,F,TOTAL,7.9,Netherlands,Females,Total (16 to 74 years)
2016-03,NL,M,TOTAL,6.9,Netherlands,Males,Total (16 to 74 years)
2016-03,NL,T,TOTAL,7.4,Netherlands,Total,Total (16 to 74 years)
2016-03,PL,F,TOTAL,6.6,Poland,Females,Total (16 to 74 years)
2016-03,PL,M,TOTAL,6.5,Poland,Males,Total (16 to 74 years)
2016-03,PL,T,TOTAL,6.6,Poland,Total,Total (16 to 74 years)
2016-03,SE,F,TOTAL,6.7,Sweden,Females,Total (16 to 74 years)
2016-03,SE,M,TOTAL,8.1,Sweden,Males,Total (16 to 74 years)
2016-03,SE,T,TOTAL,7.4,Sweden,Total,Total (16 to 74 years)
2016-04,DE,F,TOTAL,3.7,Germany,Females,Total (16 to 74 years)
2016-04,DE,M,TOTAL,4.3,Germany,Males,Total (16 to 74 years)
2016-04,DE,T,TOTAL,4.0,Germany,Total,Total (16 to 74 years)
2016-04,EL,F,TOTAL,28.5,Greece,Females,Total (16 to 74 years)
2016-04,EL,M,TOTAL,19.7,Greece,Males,Total (16 to 74 years)
2016-04,EL,T,TOTAL,23.6,Greece,Total,Total (16 to 74 years)
2016-04,ES,F,TOTAL,22.1,Spain,Females,Total (16 to 74 years)
2016-04,ES,M,TOTAL,18.7,Spain,Males,Total (16 to 74 years)
2016-04,ES,T,TOTAL,20.3,Spain,Total,Total (16 to 74 years)
2016-04,EU27,F,TOTAL,9.7,European Union - 27 countries (from 2020),Females,Total (16 to 74 years)
2016-04,EU27,M,TOTAL,9.2,European Union - 27 countries (from 2020),Males,Total (16 to 74 years)
2016-04,EU27,T,TOTAL,9.4,European Union - 27 countries (from 2020),Total,Total (16 to 74 years)
2016-04,FR,F,TOTAL,9.7,France,Females,Total (16 to 74 years)
2016-04,FR,M,TOTAL,10.5,France,Males,Total (16 to 74 years)
2016-04,FR,T,TOTAL,10.1,France,Total,Total (16 to 74 years)
2016-04,IT,F,TOTAL,12.9,Italy,Females,Total (16 to 74 years)
2016-04,IT,M,TOTAL,11.0,Italy,Males,Total (16 to 74 years)
2016-04,IT,T,TOTAL,11.8,Italy,Total,Total (16 to 74 years)
2016-04,NL,F,TOTAL,7.9,Netherlands,Females,Total (16 to 74 years)
2016-04,NL,M,TOTAL,6.9,Netherlands,Males,Total (16 to 74 years)
2016-04,NL,T,TOTAL,7.4,Netherlands,Total,Total (16 to 74 years)
2016-04,PL,F,TOTAL,6.4,Poland,Females,Total (16 to 74 years)
2016-04,PL,M,TOTAL,6.5,Poland,Males,Total (16 to 74 years)
2016-04,PL,T,TOTAL,6.5,Poland,Total,Total (16 to 74 years)
2016-04,SE,F,TOTAL,6.6,Sweden,Females,Total (16 to 74 years)
2016-04,SE,M,TOTAL,7.1,Sweden,Males,Total (16 to 74 years)
2016-04,SE,T,TOTAL,6.9,Sweden,Total,Total (16 to 74 years)
2016-05,DE,F,TOTAL,3.7,Germany,Females,Total (16 to 74 years)
2016-05,DE,M,TOTAL,4.3,Germany,Males,Total (16 to 74 years)
2016-05,DE,T,TOTAL,4.0,Germany,Total,Total (16 to 74 years)
2016-05,EL,F,TOTAL,28.7,Greece,Females,Total (16 to 74 years)
2016-05,EL,M,TOTAL,20.0,Greece,Males,Total (16 to 74 years)
2016-05,EL,T,TOTAL,23.9,Greece,Total,Total (16 to 74 years)
2016-05,ES,F,TOTAL,22.0,Spain,Females,Total (16 to 74 years)
2016-05,ES,M,TOTAL,18.6,Spain,Males,Total (16 to 74 years)
2016-05,ES,T,TOTAL,20.2,Spain,Total,Total (16 to 74 years)
2016-05,EU27,F,TOTAL,9.7,European Union - 27 countries (from 2020),Females,Total (16 to 74 years)
2016-05,EU27,M,TOTAL,9.1,European Union - 27 countries (from 2020),Males,Total (16 to 74 years)
2016-05,EU27,T,TOTAL,9.4,European Union - 27 countries (from 2020),Total,Total (16 to 74 years)
2016-05,FR,F,TOTAL,9.7,France,Females,Total (16 to 74 years)
2016-05,FR,M,TOTAL,10.3,France,Males,Total (16 to 74 years)
2016-05,FR,T,TOTAL,10.0,France,Total,Total (16 to 74 years)
2016-05,IT,F,TOTAL,12.7,Italy,Females,Total (16 to 74 years)
2016-05,IT,M,TOTAL,10.7,Italy,Males,Total (16 to 74 years)
2016-05,IT,T,TOTAL,11.5,Italy,Total,Total (16 to 74 years)
2016-05,NL,F,TOTAL,7.7,Netherlands,Females,Total (16 to 74 years)
2016-05,NL,M,TOTAL,6.8,Netherlands,Males,Total (16 to 74 years)
2016-05,NL,T,TOTAL,7.2,Netherlands,Total,Total (16 to 74 years)
2016-05,PL,F,TOTAL,6.4,Poland,Females,Total (16 to 74 years)
2016-05,PL,M,TOTAL,6.5,Poland,Males,Total (16 to 74 years)
2016-05,PL,T,TOTAL,6.4,Poland,Total,Total (16 to 74 years)
2016-05,SE,F,TOTAL,7.3,Sweden,Females,Total (16 to 74 years)
2016-05,SE,M,TOTAL,7.3,Sweden,Males,Total (16 to 74 years)
2016-05,SE,T,TOTAL,7.3,Sweden,Total,Total (16 to 74 years)
2016-06,DE,F,TOTAL,3.6,Germany,Females,Total (16 to 74 years)
2016-06,DE,M,TOTAL,4.3,Germany,Males,Total (16 to 74 years)
2016-06,DE,T,TOTAL,4.0,Germany,Total,Total (16 to 74 years)
2016-06,EL,F,TOTAL,28.4,Greece,Females,Total (16 to 74 years)
2016-06,EL,M,TOTAL,20.3,Greece,Males,Total (16 to 74 years)
2016-06,EL,T,TOTAL,23.9,Greece,Total,Total (16 to 74 years)
2016-06,ES,F,TOTAL,21.7,Spain,Females,Total (16 to 74 years)
2016-06,ES,M,TOTAL,18.3,Spain,Males,Total (16 to 74 years)
2016-06,ES,T,TOTAL,19.9,Spain,Total,Total (16 to 74 years)
2016-06,EU27,F,TOTAL,9.6,European Union - 27 countries (from 2020),Females,Total (16 to 74 years)
2016-06,EU27,M,TOTAL,9.1,European Union - 27 countries (from 2020),Males,Total (16 to 74 years)
2016-06,EU27,T,TOTAL,9.3,European Union - 27 countries (from 2020),Total,Total (16 to 74 years)
2016-06,FR,F,TOTAL,9.8,France,Females,Total (16 to 74 years)
2016-06,FR,M,TOTAL,10.1,France,Males,Total (16 to 74 years)
2016-06,FR,T,TOTAL,9.9,France,Total,Total (16 to 74 years)
2016-06,IT,F,TOTAL,12.8,Italy,Females,Total (16 to 74 years)
2016-06,IT,M,TOTAL,10.9,Italy,Males,Total (16 to 74 years)
2016-06,IT,T,TOTAL,11.7,Italy,Total,Total (16 to 74 years)
2016-06,NL,F,TOTAL,7.7,Netherlands,Females,Total (16 to 74 years)
2016-06,NL,M,TOTAL,6.6,Netherlands,Males,Total (16 to 74 years)
2016-06,NL,T,TOTAL,7.1,Netherlands,Total,Total (16 to 74 years)
2016-06,PL,F,TOTAL,6.3,Poland,Females,Total (16 to 74 years)
2016-06,PL,M,TOTAL,6.4,Poland,Males,Total (16 to 74 years)
2016-06,PL,T,TOTAL,6.4,Poland,Total,Total (16 to 74 years)
2016-06,SE,F,TOTAL,6.1,Sweden,Females,Total (16 to 74 years)
2016-06,SE,M,TOTAL,7.5,Sweden,Males,Total (16 to 74 years)
2016-06,SE,T,TOTAL,6.8,Sweden,Total,Total (16 to 74 years)
2016-07,DE,F,TOTAL,3.5,Germany,Females,Total (16 to 74 years)
2016-07,DE,M,TOTAL,4.3,Germany,Males,Total (16 to 74 years)
2016-07,DE,T,TOTAL,3.9,Germany,Total,Total (16 to 74 years)
2016-07,EL,F,TOTAL,28.5,Greece,Females,Total (16 to 74 years)
2016-07,EL,M,TOTAL,19.6,Greece,Males,Total (16 to 74 years)
2016-07,EL,T,TOTAL,23.6,Greece,Total,Total (16 to 74 years)
2016-07,ES,F,TOTAL,21.3,Spain,Females,Total (16 to 74 years)
2016-07,ES,M,TOTAL,18.0,Spain,Males,Total (16 to 74 years)
2016-07,ES,T,TOTAL,19.5,Spain,Total,Total (16 to 74 years)
2016-07,EU27,F,TOTAL,9.5,European Union - 27 countries (from 2020),Females,Total (16 to 74 years)
2016-07,EU27,M,TOTAL,8.9,European Union - 27 countries (from 2020),Males,Total (16 to 74 years)
2016-07,EU27,T,TOTAL,9.2,European Union - 27 countries (from 2020),Total,Total (16 to 74 years)
2016-07,FR,F,TOTAL,9.8,France,Females,Total (16 to 74 years)
2016-07,FR,M,TOTAL,9.8,France,Males,Total (16 to 74 years)
2016-07,FR,T,TOTAL,9.8,France,Total,Total (16 to 74 years)
2016-07,IT,F,TOTAL,12.7,Italy,Females,Total (16 to 74 years)
2016-07,IT,M,TOTAL,10.9,Italy,Males,Total (16 to 74 years)
2016-07,IT,T,TOTAL,11.7,Italy,Total,Total (16 to 74 years)
2016-07,NL,F,TOTAL,7.6,Netherlands,Females,Total (16 to 74 years)
2016-07,NL,M,TOTAL,6.5,Netherlands,Males,Total (16 to 74 years)
2016-07,NL,T,TOTAL,7.0,Netherlands,Total,Total (16 to 74 years)
2016-07,PL,F,TOTAL,6.4,Poland,Females,Total (16 to 74 years)
2016-07,PL,M,TOTAL,6.3,Poland,Males,Total (16 to 74 years)
2016-07,PL,T,TOTAL,6.3,Poland,Total,Total (16 to 74 years)
2016-07,SE,F,TOTAL,6.6,Sweden,Females,Total (16 to 74 years)
2016-07,SE,M,TOTAL,7.2,Sweden,Males,Total (16 to 74 years)
2016-07,SE,T,TOTAL,6.9,Sweden,Total,Total (16 to 74 years)
2016-08,DE,F,TOTAL,3.4,Germany,Females,Total (16 to 74 years)
2016-08,DE,M,TOTAL,4.2,Germany,Males,Total (16 to 74 years)
2016-08,DE,T,TOTAL,3.9,Germany,Total,Total (16 to 74 years)
2016-08,EL,F,TOTAL,28.6,Greece,Females,Total (16 to 74 years)
2016-08,EL,M,TOTAL,20.2,Greece,Males,Total (16 to 74 years)
2016-08,EL,T,TOTAL,23.9,Greece,Total,Total (16 to 74 years)
2016-08,ES,F,TOTAL,21.0,Spain,Females,Total (16 to 74 years)
2016-08,ES,M,TOTAL,17.8,Spain,Males,Total (16 to 74 years)
2016-08,ES,T,TOTAL,19.3,Spain,Total,Total (16 to 74 years)
2016-08,EU27,F,TOTAL,9.5,European Union - 27 countries (from 2020),Females,Total (16 to 74 years)
2016-08,EU27,M,TOTAL,8.8,European Union - 27 countries (from 2020),Males,Total (16 to 74 years)
2016-08,EU27,T,TOTAL,9.1,European Union - 27 countries (from 2020),Total,Total (16 to 74 years)
2016-08,FR,F,TOTAL,10.0,France,Females,Total (16 to 74 years)
2016-08,FR,M,TOTAL,9.8,France,Males,Total (16 to 74 years)
2016-08,FR,T,TOTAL,9.9,France,Total,Total (16 to 74 years)
2016-08,IT,F,TOTAL,12.8,Italy,Females,Total (16 to 74 years)
2016-08,IT,M,TOTAL,10.9,Italy,Males,Total (16 to 74 years)
2016-08,IT,T,TOTAL,11.7,Italy,Total,Total (16 to 74 years)
2016-08,NL,F,TOTAL,7.3,Netherlands,Females,Total (16 to 74 years)
2016-08,NL,M,TOTAL,6.3,Netherlands,Males,Total (16 to 74 years)
2016-08,NL,T,TOTAL,6.8,Netherlands,Total,Total (16 to 74 years)
2016-08,PL,F,TOTAL,6.4,Poland,Females,Total (16 to 74 years)
2016-08,PL,M,TOTAL,6.2,Poland,Males,Total (16 to 74 years)
2016-08,PL,T,TOTAL,6.2,Poland,Total,Total (16 to 74 years)
2016-08,SE,F,TOTAL,7.3,Sweden,Females,Total (16 to 74 years)
2016-08,SE,M,TOTAL,7.2,Sweden,Males,Total (16 to 74 years)
2016-08,SE,T,TOTAL,7.2,Sweden,Total,Total (16 to 74 years)
2016-09,DE,F,TOTAL,3.3,Germany,Females,Total (16 to 74 years)
2016-09,DE,M,TOTAL,4.2,Germany,Males,Total (16 to 74 years)
2016-09,DE,T,TOTAL,3.8,Germany,Total,Total (16 to 74 years)
2016-09,EL,F,TOTAL,28.1,Greece,Females,Total (16 to 74 years)
2016-09,EL,M,TOTAL,20.1,Greece,Males,Total (16 to 74 years)
2016-09,EL,T,TOTAL,23.7,Greece,Total,Total (16 to 74 years)
2016-09,ES,F,TOTAL,20.8,Spain,Females,Total (16 to 74 years)
2016-09,ES,M,TOTAL,17.6,Spain,Males,Total (16 to 74 years)
2016-09,ES,T,TOTAL,19.1,Spain,Total,Total (16 to 74 years)
2016-09,EU27,F,TOTAL,9.3,European Union - 27 countries (from 2020),Females,Total (16 to 74 years)
2016-09,EU27,M,TOTAL,8.8,European Union - 27 countries (from 2020),Males,Total (16 to 74 years)
2016-09,EU27,T,TOTAL,9.1,European Union - 27 countries (from 2020),Total,Total (16 to 74 years)
2016-09,FR,F,TOTAL,9.9,France,Females,Total (16 to 74 years)
2016-09,FR,M,TOTAL,9.8,France,Males,Total (16 to 74 years)
2016-09,FR,T,TOTAL,9.9,France,Total,Total (16 to 74 years)
2016-09,IT,F,TOTAL,12.9,Italy,Females,Total (16 to 74 years)
2016-09,IT,M,TOTAL,11.1,Italy,Males,Total (16 to 74 years)
2016-09,IT,T,TOTAL,11.9,Italy,Total,Total (16 to 74 years)
2016-09,NL,F,TOTAL,7.2,Netherlands,Females,Total (16 to 74 years)
2016-09,NL,M,TOTAL,6.2,Netherlands,Males,Total (16 to 74 years)
2016-09,NL,T,TOTAL,6.7,Netherlands,Total,Total (16 to 74 years)
2016-09,PL,F,TOTAL,6.2,Poland,Females,Total (16 to 74 years)
2016-09,PL,M,TOTAL,6.0,Poland,Males,Total (16 to 74 years)
2016-09,PL,T,TOTAL,6.1,Poland,Total,Total (16 to 74 years)
2016-09,SE,F,TOTAL,6.1,Sweden,Females,Total (16 to 74 years)
2016-09,SE,M,TOTAL,7.3,Sweden,Males,Total (16 to 74 years)
2016-09,SE,T,TOTAL,6.8,Sweden,Total,Total (16 to 74 years)
2016-10,DE,F,TOTAL,3.3,Germany,Females,Total (16 to 74 years)
2016-10,DE,M,TOTAL,4.2,Germany,Males,Total (16 to 74 years)
2016-10,DE,T,TOTAL,3.7,Germany,Total,Total (16 to 74 years)
2016-10,EL,F,TOTAL,28.4,Greece,Females,Total (16 to 74 years)
2016-10,EL,M,TOTAL,19.2,Greece,Males,Total (16 to 74 years)
2016-10,EL,T,TOTAL,23.3,Greece,Total,Total (16 to 74 years)
2016-10,ES,F,TOTAL,20.5,Spain,Females,Total (16 to 74 years)
2016-10,ES,M,TOTAL,17.4,Spain,Males,Total (16 to 74 years)
2016-10,ES,T,TOTAL,18.9,Spain,Total,Total (16 to 74 years)
2016-10,EU27,F,TOTAL,9.3,European Union - 27 countries (from 2020),Females,Total (16 to 74 years)
2016-10,EU27,M,TOTAL,8.8,European Union - 27 countries (from 2020),Males,Total (16 to 74 years)
2016-10,EU27,T,TOTAL,9.0,European Union - 27 countries (from 2020),Total,Total (16 to 74 years)
2016-10,FR,F,TOTAL,10.0,France,Females,Total (16 to 74 years)
2016-10,FR,M,TOTAL,10.2,France,Males,Total (16 to 74 years)
2016-10,FR,T,TOTAL,10.1,France,Total,Total (16 to 74 years)
2016-10,IT,F,TOTAL,12.8,Italy,Females,Total (16 to 74 years)
2016-10,IT,M,TOTAL,10.9,Italy,Males,Total (16 to 74 years)
2016-10,IT,T,TOTAL,11.7,Italy,Total,Total (16 to 74 years)
2016-10,NL,F,TOTAL,7.2,Netherlands,Females,Total (16 to 74 years)
2016-10,NL,M,TOTAL,6.0,Netherlands,Males,Total (16 to 74 years)
2016-10,NL,T,TOTAL,6.6,Netherlands,Total,Total (16 to 74 years)
2016-10,PL,F,TOTAL,6.0,Poland,Females,Total (16 to 74 years)
2016-10,PL,M,TOTAL,5.9,Poland,Males,Total (16 to 74 years)
2016-10,PL,T,TOTAL,5.9,Poland,Total,Total (16 to 74 years)
2016-10,SE,F,TOTAL,6.7,Sweden,Females,Total (16 to 74 years)
2016-10,SE,M,TOTAL,7.3,Sweden,Males,Total (16 to 74 years)
2016-10,SE,T,TOTAL,7.0,Sweden,Total,Total (16 to 74 years)
2016-11,DE,F,TOTAL,3.2,Germany,Females,Total (16 to 74 years)
2016-11,DE,M,TOTAL,4.1,Germany,Males,Total (16 to 74 years)
2016-11,DE,T,TOTAL,3.7,Germany,Total,Total (16 to 74 years)
2016-11,EL,F,TOTAL,28.2,Greece,Females,Total (16 to 74 years)
2016-11,EL,M,TOTAL,20.3,Greece,Males,Total (16 to 74 years)
2016-11,EL,T,TOTAL,23.8,Greece,Total,Total (16 to 74 years)
2016-11,ES,F,TOTAL,20.4,Spain,Females,Total (16 to 74 years)
2016-11,ES,M,TOTAL,17.4,Spain,Males,Total (16 to 74 years)
2016-11,ES,T,TOTAL,18.8,Spain,Total,Total (16 to 74 years)
2016-11,EU27,F,TOTAL,9.2,European Union - 27 countries (from 2020),Females,Total (16 to 74 years)
2016-11,EU27,M,TOTAL,8.7,European Union - 27 countries (from 2020),Males,Total (16 to 74 years)
2016-11,EU27,T,TOTAL,9.0,European Union - 27 countries (from 2020),Total,Total (16 to 74 years)
2016-11,FR,F,TOTAL,9.9,France,Females,Total (16 to 74 years)
2016-11,FR,M,TOTAL,10.2,France,Males,Total (16 to 74 years)
2016-11,FR,T,TOTAL,10.1,France,Total,Total (16 to 74 years)
2016-11,IT,F,TOTAL,13.0,Italy,Females,Total (16 to 74 years)
2016-11,IT,M,TOTAL,11.1,Italy,Males,Total (16 to 74 years)
2016-11,IT,T,TOTAL,11.9,Italy,Total,Total (16 to 74 years)
2016-11,NL,F,TOTAL,7.3,Netherlands,Females,Total (16 to 74 years)
2016-11,NL,M,TOTAL,5.9,Netherlands,Males,Total (16 to 74 years)
2016-11,NL,T,TOTAL,6.6,Netherlands,Total,Total (16 to 74 years)
2016-11,PL,F,TOTAL,5.8,Poland,Females,Total (16 to 74 years)
2016-11,PL,M,TOTAL,5.7,Poland,Males,Total (16 to 74 years)
2016-11,PL,T,TOTAL,5.7,Poland,Total,Total (16 to 74 years)
2016-11,SE,F,TOTAL,6.8,Sweden,Females,Total (16 to 74 years)
2016-11,SE,M,TOTAL,7.1,Sweden,Males,Total (16 to 74 years)
2016-11,SE,T,TOTAL,7.0,Sweden,Total,Total (16 to 74 years)
2016-12,DE,F,TOTAL,3.2,Germany,Females,Total (16 to 74 years)
2016-12,DE,M,TOTAL,4.1,Germany,Males,Total (16 to 74 years)
2016-12,DE,T,TOTAL,3.7,Germany,Total,Total (16 to 74 years)
2016-12,EL,F,TOTAL,28.3,Greece,Females,Total (16 to 74 years)
2016-12,EL,M,TOTAL,20.5,Greece,Males,Total (16 to 74 years)
2016-12,EL,T,TOTAL,24.0,Greece,Total,Total (16 to 74 years)
2016-12,ES,F,TOTAL,20.2,Spain,Females,Total (16 to 74 years)
2016-12,ES,M,TOTAL,17.1,Spain,Males,Total (16 to 74 years)
2016-12,ES,T,TOTAL,18.5,Spain,Total,Total (16 to 74 years)
2016-12,EU27,F,TOTAL,9.1,European Union - 27 countries (from 2020),Females,Total (16 to 74 years)
2016-12,EU27,M,TOTAL,8.6,European Union - 27 countries (from 2020),Males,Total (16 to 74 years)
2016-12,EU27,T,TOTAL,8.9,European Union - 27 countries (from 2020),Total,Total (16 to 74 years)
2016-12,FR,F,TOTAL,9.9,France,Females,Total (16 to 74 years)
2016-12,FR,M,TOTAL,10.1,France,Males,Total (16 to 74 years)
2016-12,FR,T,TOTAL,10.0,France,Total,Total (16 to 74 years)
2016-12,IT,F,TOTAL,13.2,Italy,Females,Total (16 to 74 years)
2016-12,IT,M,TOTAL,10.8,Italy,Males,Total (16 to 74 years)
2016-12,IT,T,TOTAL,11.8,Italy,Total,Total (16 to 74 years)
2016-12,NL,F,TOTAL,7.1,Netherlands,Females,Total (16 to 74 years)
2016-12,NL,M,TOTAL,5.8,Netherlands,Males,Total (16 to 74 years)
2016-12,NL,T,TOTAL,6.4,Netherlands,Total,Total (16 to 74 years)
2016-12,PL,F,TOTAL,5.5,Poland,Females,Total (16 to 74 years)
2016-12,PL,M,TOTAL,5.5,Poland,Males,Total (16 to 74 years)
2016-12,PL,T,TOTAL,5.5,Poland,Total,Total (16 to 74 years)
2016-12,SE,F,TOTAL,6.6,Sweden,Females,Total (16 to 74 years)
2016-12,SE,M,TOTAL,7.5,Sweden,Males,Total (16 to 74 years)
2016-12,SE,T,TOTAL,7.1,Sweden,Total,Total (16 to 74 years)
2017-01,DE,F,TOTAL,3.2,Germany,Females,Total (16 to 74 years)
2017-01,DE,M,TOTAL,4.0,Germany,Males,Total (16 to 74 years)
2017-01,DE,T,TOTAL,3.7,Germany,Total,Total (16 to 74 years)
2017-01,EL,F,TOTAL,27.8,Greece,Females,Total (16 to 74 years)
2017-01,EL,M,TOTAL,19.5,Greece,Males,Total (16 to 74 years)
2017-01,EL,T,TOTAL,23.2,Greece,Total,Total (16 to 74 years)
2017-01,ES,F,TOTAL,20.1,Spain,Females,Total (16 to 74 years)
2017-01,ES,M,TOTAL,16.9,Spain,Males,Total (16 to 74 years)
2017-01,ES,T,TOTAL,18.3,Spain,Total,Total (16 to 74 years)
2017-01,EU27,F,TOTAL,9.0,European Union - 27 countries (from 2020),Females,Total (16 to 74 years)
2017-01,EU27,M,TOTAL,8.5,European Union - 27 countries (from 2020),Males,Total (16 to 74 years)
2017-01,EU27,T,TOTAL,8.7,European Union - 27 countries (from 2020),Total,Total (16 to 74 years)
2017-01,FR,F,TOTAL,9.8,France,Females,Total (16 to 74 years)
2017-01,FR,M,TOTAL,9.7,France,Males,Total (16 to 74 years)
2017-01,FR,T,TOTAL,9.7,France,Total,Total (16 to 74 years)
2017-01,IT,F,TOTAL,12.9,Italy,Females,Total (16 to 74 years)
2017-01,IT,M,TOTAL,10.8,Italy,Males,Total (16 to 74 years)
2017-01,IT,T,TOTAL,11.7,Italy,Total,Total (16 to 74 years)
2017-01,NL,F,TOTAL,7.1,Netherlands,Females,Total (16 to 74 years)
2017-01,NL,M,TOTAL,5.7,Netherlands,Males,Total (16 to 74 years)
2017-01,NL,T,TOTAL,6.4,Netherlands,Total,Total (16 to 74 years)
2017-01,PL,F,TOTAL,5.3,Poland,Females,Total (16 to 74 years)
2017-01,PL,M,TOTAL,5.3,Poland,Males,Total (16 to 74 years)
2017-01,PL,T,TOTAL,5.3,Poland,Total,Total (16 to 74 years)
2017-01,SE,F,TOTAL,6.6,Sweden,Females,Total (16 to 74 years)
2017-01,SE,M,TOTAL,7.3,Sweden,Males,Total (16 to 74 years)
2017-01,SE,T,TOTAL,7.0,Sweden,Total,Total (16 to 74 years)
2017-02,DE,F,TOTAL,3.2,Germany,Females,Total (16 to 74 years)
2017-02,DE,M,TOTAL,4.0,Germany,Males,Total (16 to 74 years)
2017-02,DE,T,TOTAL,3.6,Germany,Total,Total (16 to 74 years)
2017-02,EL,F,TOTAL,27.2,Greece,Females,Total (16 to 74 years)
2017-02,EL,M,TOTAL,19.8,Greece,Males,Total (16 to 74 years)
2017-02,EL,T,TOTAL,23.1,Greece,Total,Total (16 to 74 years)
2017-02,ES,F,TOTAL,19.9,Spain,Females,Total (16 to 74 years)
2017-02,ES,M,TOTAL,16.7,Spain,Males,Total (16 to 74 years)
2017-02,ES,T,TOTAL,18.2,Spain,Total,Total (16 to 74 years)
2017-02,EU27,F,TOTAL,9.0,European Union - 27 countries (from 2020),Females,Total (16 to 74 years)
2017-02,EU27,M,TOTAL,8.4,European Union - 27 countries (from 2020),Males,Total (16 to 74 years)
2017-02,EU27,T,TOTAL,8.7,European Union - 27 countries (from 2020),Total,Total (16 to 74 years)
2017-02,FR,F,TOTAL,9.7,France,Females,Total (16 to 74 years)
2017-02,FR,M,TOTAL,9.5,France,Males,Total (16 to 74 years)
2017-02,FR,T,TOTAL,9.6,France,Total,Total (16 to 74 years)
2017-02,IT,F,TOTAL,12.8,Italy,Females,Total (16 to 74 years)
2017-02,IT,M,TOTAL,10.6,Italy,Males,Total (16 to 74 years)
2017-02,IT,T,TOTAL,11.5,Italy,Total,Total (16 to 74 years)
2017-02,NL,F,TOTAL,6.9,Netherlands,Females,Total (16 to 74 years)
2017-02,NL,M,TOTAL,5.8,Netherlands,Males,Total (16 to 74 years)
2017-02,NL,T,TOTAL,6.3,Netherlands,Total,Total (16 to 74 years)
2017-02,PL,F,TOTAL,5.1,Poland,Females,Total (16 to 74 years)
2017-02,PL,M,TOTAL,5.2,Poland,Males,Total (16 to 74 years)
2017-02,PL,T,TOTAL,5.1,Poland,Total,Total (16 to 74 years)
2017-02,SE,F,TOTAL,6.6,Sweden,Females,Total (16 to 74 years)
2017-02,SE,M,TOTAL,7.4,Sweden,Males,Total (16 to 74 years)
2017-02,SE,T,TOTAL,7.0,Sweden,Total,Total (16 to 74 years)
2017-03,DE,F,TOTAL,3.2,Germany,Females,Total (16 to 74 years)
2017-03,DE,M,TOTAL,4.0,Germany,Males,Total (16 to 74 years)
2017-03,DE,T,TOTAL,3.6,Germany,Total,Total (16 to 74 years)
2017-03,EL,F,TOTAL,26.9,Greece,Females,Total (16 to 74 years)
2017-03,EL,M,TOTAL,19.2,Greece,Males,Total (16 to 74 years)
2017-03,EL,T,TOTAL,22.6,Greece,Total,Total (16 to 74 years)
2017-03,ES,F,TOTAL,19.8,Spain,Females,Total (16 to 74 years)
2017-03,ES,M,TOTAL,16.4,Spain,Males,Total (16 to 74 years)
2017-03,ES,T,TOTAL,18.0,Spain,Total,Total (16 to 74 years)
2017-03,EU27,F,TOTAL,8.9,European Union - 27 countries (from 2020),Females,Total (16 to 74 years)
2017-03,EU27,M,TOTAL,8.3,European Union - 27 countries (from 2020),Males,Total (16 to 74 years)
2017-03,EU27,T,TOTAL,8.6,European Union - 27 countries (from 2020),Total,Total (16 to 74 years)
2017-03,FR,F,TOTAL,9.7,France,Females,Total (16 to 74 years)
2017-03,FR,M,TOTAL,9.5,France,Males,Total (16 to 74 years)
2017-03,FR,T,TOTAL,9.6,France,Total,Total (16 to 74 years)
2017-03,IT,F,TOTAL,12.6,Italy,Females,Total (16 to 74 years)
2017-03,IT,M,TOTAL,10.7,Italy,Males,Total (16 to 74 years)
2017-03,IT,T,TOTAL,11.5,Italy,Total,Total (16 to 74 years)
2017-03,NL,F,TOTAL,6.7,Netherlands,Females,Total (16 to 74 years)
2017-03,NL,M,TOTAL,5.7,Netherlands,Males,Total (16 to 74 years)
2017-03,NL,T,TOTAL,6.2,Netherlands,Total,Total (16 to 74 years)
2017-03,PL,F,TOTAL,5.0,Poland,Females,Total (16 to 74 years)
2017-03,PL,M,TOTAL,5.2,Poland,Males,Total (16 to 74 years)
2017-03,PL,T,TOTAL,5.1,Poland,Total,Total (16 to 74 years)
2017-03,SE,F,TOTAL,6.2,Sweden,Females,Total (16 to 74 years)
2017-03,SE,M,TOTAL,6.7,Sweden,Males,Total (16 to 74 years)
2017-03,SE,T,TOTAL,6.5,Sweden,Total,Total (16 to 74 years)
2017-04,DE,F,TOTAL,3.2,Germany,Females,Total (16 to 74 years)
2017-04,DE,M,TOTAL,3.9,Germany,Males,Total (16 to 74 years)
2017-04,DE,T,TOTAL,3.6,Germany,Total,Total (16 to 74 years)
2017-04,EL,F,TOTAL,26.6,Greece,Females,Total (16 to 74 years)
2017-04,EL,M,TOTAL,17.8,Greece,Males,Total (16 to 74 years)
2017-04,EL,T,TOTAL,21.8,Greece,Total,Total (16 to 74 years)
2017-04,ES,F,TOTAL,19.5,Spain,Females,Total (16 to 74 years)
2017-04,ES,M,TOTAL,16.1,Spain,Males,Total (16 to 74 years)
2017-04,ES,T,TOTAL,17.6,Spain,Total,Total (16 to 74 years)
2017-04,EU27,F,TOTAL,8.7,European Union - 27 countries (from 2020),Females,Total (16 to 74 years)
2017-04,EU27,M,TOTAL,8.2,European Union - 27 countries (from 2020),Males,Total (16 to 74 years)
2017-04,EU27,T,TOTAL,8.4,European Union - 27 countries (from 2020),Total,Total (16 to 74 years)
2017-04,FR,F,TOTAL,9.5,France,Females,Total (16 to 74 years)
2017-04,FR,M,TOTAL,9.6,France,Males,Total (16 to 74 years)
2017-04,FR,T,TOTAL,9.5,France,Total,Total (16 to 74 years)
2017-04,IT,F,TOTAL,12.4,Italy,Females,Total (16 to 74 years)
2017-04,IT,M,TOTAL,10.4,Italy,Males,Total (16 to 74 years)
2017-04,IT,T,TOTAL,11.2,Italy,Total,Total (16 to 74 years)
2017-04,NL,F,TOTAL,6.7,Netherlands,Females,Total (16 to 74 years)
2017-04,NL,M,TOTAL,5.5,Netherlands,Males,Total (16 to 74 years)
2017-04,NL,T,TOTAL,6.1,Netherlands,Total,Total (16 to 74 years)
2017-04,PL,F,TOTAL,5.0,Poland,Females,Total (16 to 74 years)
2017-04,PL,M,TOTAL,5.3,Poland,Males,Total (16 to 74 years)
2017-04,PL,T,TOTAL,5.2,Poland,Total,Total (16 to 74 years)
2017-04,SE,F,TOTAL,6.5,Sweden,Females,Total (16 to 74 years)
2017-04,SE,M,TOTAL,7.3,Sweden,Males,Total (16 to 74 years)
2017-04,SE,T,TOTAL,6.9,Sweden,Total,Total (16 to 74 years)
2017-05,DE,F,TOTAL,3.2,Germany,Females,Total (16 to 74 years)
2017-05,DE,M,TOTAL,3.9,Germany,Males,Total (16 to 74 years)
2017-05,DE,T,TOTAL,3.6,Germany,Total,Total (16 to 74 years)
2017-05,EL,F,TOTAL,26.6,Greece,Females,Total (16 to 74 years)
2017-05,EL,M,TOTAL,18.7,Greece,Males,Total (16 to 74 years)
2017-05,EL,T,TOTAL,22.2,Greece,Total,Total (16 to 74 years)
2017-05,ES,F,TOTAL,19.2,Spain,Females,Total (16 to 74 years)
2017-05,ES,M,TOTAL,15.8,Spain,Males,Total (16 to 74 years)
2017-05,ES,T,TOTAL,17.4,Spain,Total,Total (16 to 74 years)
2017-05,EU27,F,TOTAL,8.7,European Union - 27 countries (from 2020),Females,Total (16 to 74 years)
2017-05,EU27,M,TOTAL,8.1,European Union - 27 countries (from 2020),Males,Total (16 to 74 years)
2017-05,EU27,T,TOTAL,8.4,European Union - 27 countries (from 2020),Total,Total (16 to 74 years)
2017-05,FR,F,TOTAL,9.5,France,Females,Total (16 to 74 years)
2017-05,FR,M,TOTAL,9.6,France,Males,Total (16 to 74 years)
2017-05,FR,T,TOTAL,9.5,France,Total,Total (16 to 74 years)
2017-05,IT,F,TOTAL,12.6,Italy,Females,Total (16 to 74 years)
2017-05,IT,M,TOTAL,10.6,Italy,Males,Total (16 to 74 years)
2017-05,IT,T,TOTAL,11.5,Italy,Total,Total (16 to 74 years)
2017-05,NL,F,TOTAL,6.7,Netherlands,Females,Total (16 to 74 years)
2017-05,NL,M,TOTAL,5.5,Netherlands,Males,Total (16 to 74 years)
2017-05,NL,T,TOTAL,6.1,Netherlands,Total,Total (16 to 74 years)
2017-05,PL,F,TOTAL,5.1,Poland,Females,Total (16 to 74 years)
2017-05,PL,M,TOTAL,5.3,Poland,Males,Total (16 to 74 years)
2017-05,PL,T,TOTAL,5.2,Poland,Total,Total (16 to 74 years)
2017-05,SE,F,TOTAL,6.8,Sweden,Females,Total (16 to 74 years)
2017-05,SE,M,TOTAL,6.9,Sweden,Males,Total (16 to 74 years)
2017-05,SE,T,TOTAL,6.9,Sweden,Total,Total (16 to 74 years)
2017-06,DE,F,TOTAL,3.1,Germany,Females,Total (16 to 74 years)
2017-06,DE,M,TOTAL,3.9,Germany,Males,Total (16 to 74 years)
2017-06,DE,T,TOTAL,3.5,Germany,Total,Total (16 to 74 years)
2017-06,EL,F,TOTAL,25.7,Greece,Females,Total (16 to 74 years)
2017-06,EL,M,TOTAL,18.5,Greece,Males,Total (16 to 74 years)
2017-06,EL,T,TOTAL,21.7,Greece,Total,Total (16 to 74 years)
2017-06,ES,F,TOTAL,18.9,Spain,Females,Total (16 to 74 years)
2017-06,ES,M,TOTAL,15.5,Spain,Males,Total (16 to 74 years)
2017-06,ES,T,TOTAL,17.1,Spain,Total,Total (16 to 74 years)
2017-06,EU27,F,TOTAL,8.5,European Union - 27 countries (from 2020),Females,Total (16 to 74 years)
2017-06,EU27,M,TOTAL,8.0,European Union - 27 countries (from 2020),Males,Total (16 to 74 years)
2017-06,EU27,T,TOTAL,8.3,European Union - 27 countries (from 2020),Total,Total (16 to 74 years)
2017-06,FR,F,TOTAL,9.4,France,Females,Total (16 to 74 years)
2017-06,FR,M,TOTAL,9.6,France,Males,Total (16 to 74 years)
2017-06,FR,T,TOTAL,9.5,France,Total,Total (16 to 74 years)
2017-06,IT,F,TOTAL,12.3,Italy,Females,Total (16 to 74 years)
2017-06,IT,M,TOTAL,10.4,Italy,Males,Total (16 to 74 years)
2017-06,IT,T,TOTAL,11.2,Italy,Total,Total (16 to 74 years)
2017-06,NL,F,TOTAL,6.5,Netherlands,Females,Total (16 to 74 years)
2017-06,NL,M,TOTAL,5.5,Netherlands,Males,Total (16 to 74 years)
2017-06,NL,T,TOTAL,6.0,Netherlands,Total,Total (16 to 74 years)
2017-06,PL,F,TOTAL,5.0,Poland,Females,Total (16 to 74 years)
2017-06,PL,M,TOTAL,5.1,Poland,Males,Total (16 to 74 years)
2017-06,PL,T,TOTAL,5.1,Poland,Total,Total (16 to 74 years)
2017-06,SE,F,TOTAL,6.3,Sweden,Females,Total (16 to 74 years)
2017-06,SE,M,TOTAL,7.0,Sweden,Males,Total (16 to 74 years)
2017-06,SE,T,TOTAL,6.7,Sweden,Total,Total (16 to 74 years)
2017-07,DE,F,TOTAL,3.1,Germany,Females,Total (16 to 74 years)
2017-07,DE,M,TOTAL,3.8,Germany,Males,Total (16 to 74 years)
2017-07,DE,T,TOTAL,3.5,Germany,Total,Total (16 to 74 years)
2017-07,EL,F,TOTAL,25.9,Greece,Females,Total (16 to 74 years)
2017-07,EL,M,TOTAL,17.3,Greece,Males,Total (16 to 74 years)
2017-07,EL,T,TOTAL,21.1,Greece,Total,Total (16 to 74 years)
2017-07,ES,F,TOTAL,18.7,Spain,Females,Total (16 to 74 years)
2017-07,ES,M,TOTAL,15.3,Spain,Males,Total (16 to 74 years)
2017-07,ES,T,TOTAL,16.9,Spain,Total,Total (16 to 74 years)
2017-07,EU27,F,TOTAL,8.6,European Union - 27 countries (from 2020),Females,Total (16 to 74 years)
2017-07,EU27,M,TOTAL,8.0,European Union - 27 countries (from 2020),Males,Total (16 to 74 years)
2017-07,EU27,T,TOTAL,8.2,European Union - 27 countries (from 2020),Total,Total (16 to 74 years)
2017-07,FR,F,TOTAL,9.5,France,Females,Total (16 to 74 years)
2017-07,FR,M,TOTAL,9.7,France,Males,Total (16 to 74 years)
2017-07,FR,T,TOTAL,9.6,France,Total,Total (16 to 74 years)
2017-07,IT,F,TOTAL,12.7,Italy,Females,Total (16 to 74 years)
2017-07,IT,M,TOTAL,10.5,Italy,Males,Total (16 to 74 years)
2017-07,IT,T,TOTAL,11.4,Italy,Total,Total (16 to 74 years)
2017-07,NL,F,TOTAL,6.4,Netherlands,Females,Total (16 to 74 years)
2017-07,NL,M,TOTAL,5.4,Netherlands,Males,Total (16 to 74 years)
2017-07,NL,T,TOTAL,5.9,Netherlands,Total,Total (16 to 74 years)
2017-07,PL,F,TOTAL,5.0,Poland,Females,Total (16 to 74 years)
2017-07,PL,M,TOTAL,4.9,Poland,Males,Total (16 to 74 years)
2017-07,PL,T,TOTAL,4.9,Poland,Total,Total (16 to 74 years)
2017-07,SE,F,TOTAL,6.9,Sweden,Females,Total (16 to 74 years)
2017-07,SE,M,TOTAL,7.1,Sweden,Males,Total (16 to 74 years)
2017-07,SE,T,TOTAL,7.0,Sweden,Total,Total (16 to 74 years)
2017-08,DE,F,TOTAL,3.1,Germany,Females,Total (16 to 74 years)
2017-08,DE,M,TOTAL,3.7,Germany,Males,Total (16 to 74 years)
2017-08,DE,T,TOTAL,3.5,Germany,Total,Total (16 to 74 years)
2017-08,EL,F,TOTAL,25.6,Greece,Females,Total (16 to 74 years)
2017-08,EL,M,TOTAL,17.6,Greece,Males,Total (16 to 74 years)
2017-08,EL,T,TOTAL,21.1,Greece,Total,Total (16 to 74 years)
2017-08,ES,F,TOTAL,18.5,Spain,Females,Total (16 to 74 years)
2017-08,ES,M,TOTAL,15.1,Spain,Males,Total (16 to 74 years)
2017-08,ES,T,TOTAL,16.7,Spain,Total,Total (16 to 74 years)
2017-08,EU27,F,TOTAL,8.5,European Union - 27 countries (from 2020),Females,Total (16 to 74 years)
2017-08,EU27,M,TOTAL,7.9,European Union - 27 countries (from 2020),Males,Total (16 to 74 years)
2017-08,EU27,T,TOTAL,8.2,European Union - 27 countries (from 2020),Total,Total (16 to 74 years)
2017-08,FR,F,TOTAL,9.4,France,Females,Total (16 to 74 years)
2017-08,FR,M,TOTAL,9.7,France,Males,Total (16 to 74 years)
2017-08,FR,T,TOTAL,9.5,France,Total,Total (16 to 74 years)
2017-08,IT,F,TOTAL,12.6,Italy,Females,Total (16 to 74 years)
2017-08,IT,M,TOTAL,10.7,Italy,Males,Total (16 to 74 years)
2017-08,IT,T,TOTAL,11.5,Italy,Total,Total (16 to 74 years)
2017-08,NL,F,TOTAL,6.2,Netherlands,Females,Total (16 to 74 years)
2017-08,NL,M,TOTAL,5.3,Netherlands,Males,Total (16 to 74 years)
2017-08,NL,T,TOTAL,5.7,Netherlands,Total,Total (16 to 74 years)
2017-08,PL,F,TOTAL,5.0,Poland,Females,Total (16 to 74 years)
2017-08,PL,M,TOTAL,4.8,Poland,Males,Total (16 to 74 years)
2017-08,PL,T,TOTAL,4.9,Poland,Total,Total (16 to 74 years)
2017-08,SE,F,TOTAL,6.1,Sweden,Females,Total (16 to 74 years)
2017-08,SE,M,TOTAL,6.9,Sweden,Males,Total (16 to 74 years)
2017-08,SE,T,TOTAL,6.5,Sweden,Total,Total (16 to 74 years)
2017-09,DE,F,TOTAL,3.1,Germany,Females,Total (16 to 74 years)
2017-09,DE,M,TOTAL,3.7,Germany,Males,Total (16 to 74 years)
2017-09,DE,T,TOTAL,3.4,Germany,Total,Total (16 to 74 years)
2017-09,EL,F,TOTAL,26.0,Greece,Females,Total (16 to 74 years)
2017-09,EL,M,TOTAL,17.4,Greece,Males,Total (16 to 74 years)
2017-09,EL,T,TOTAL,21.2,Greece,Total,Total (16 to 74 years)
2017-09,ES,F,TOTAL,18.5,Spain,Females,Total (16 to 74 years)
2017-09,ES,M,TOTAL,15.1,Spain,Males,Total (16 to 74 years)
2017-09,ES,T,TOTAL,16.7,Spain,Total,Total (16 to 74 years)
2017-09,EU27,F,TOTAL,8.4,European Union - 27 countries (from 2020),Females,Total (16 to 74 years)
2017-09,EU27,M,TOTAL,7.8,European Union - 27 countries (from 2020),Males,Total (16 to 74 years)
2017-09,EU27,T,TOTAL,8.1,European Union - 27 countries (from 2020),Total,Total (16 to 74 years)
2017-09,FR,F,TOTAL,9.1,France,Females,Total (16 to 74 years)
2017-09,FR,M,TOTAL,9.4,France,Males,Total (16 to 74 years)
2017-09,FR,T,TOTAL,9.3,France,Total,Total (16 to 74 years)
2017-09,IT,F,TOTAL,12.4,Italy,Females,Total (16 to 74 years)
2017-09,IT,M,TOTAL,10.2,Italy,Males,Total (16 to 74 years)
2017-09,IT,T,TOTAL,11.2,Italy,Total,Total (16 to 74 years)
2017-09,NL,F,TOTAL,6.2,Netherlands,Females,Total (16 to 74 years)
2017-09,NL,M,TOTAL,5.2,Netherlands,Males,Total (16 to 74 years)
2017-09,NL,T,TOTAL,5.7,Netherlands,Total,Total (16 to 74 years)
2017-09,PL,F,TOTAL,4.9,Poland,Females,Total (16 to 74 years)
2017-09,PL,M,TOTAL,4.7,Poland,Males,Total (16 to 74 years)
2017-09,PL,T,TOTAL,4.8,Poland,Total,Total (16 to 74 years)
2017-09,SE,F,TOTAL,6.8,Sweden,Females,Total (16 to 74 years)
2017-09,SE,M,TOTAL,7.1,Sweden,Males,Total (16 to 74 years)
2017-09,SE,T,TOTAL,6.9,Sweden,Total,Total (16 to 74 years)
2017-10,DE,F,TOTAL,3.1,Germany,Females,Total (16 to 74 years)
2017-10,DE,M,TOTAL,3.7,Germany,Males,Total (16 to 74 years)
2017-10,DE,T,TOTAL,3.4,Germany,Total,Total (16 to 74 years)
2017-10,EL,F,TOTAL,26.1,Greece,Females,Total (16 to 74 years)
2017-10,EL,M,TOTAL,17.2,Greece,Males,Total (16 to 74 years)
2017-10,EL,T,TOTAL,21.2,Greece,Total,Total (16 to 74 years)
2017-10,ES,F,TOTAL,18.5,Spain,Females,Total (16 to 74 years)
2017-10,ES,M,TOTAL,15.1,Spain,Males,Total (16 to 74 years)
2017-10,ES,T,TOTAL,16.7,Spain,Total,Total (16 to 74 years)
2017-10,EU27,F,TOTAL,8.3,European Union - 27 countries (from 2020),Females,Total (16 to 74 years)
2017-10,EU27,M,TOTAL,7.7,European Union - 27 countries (from 2020),Males,Total (16 to 74 years)
2017-10,EU27,T,TOTAL,8.0,European Union - 27 countries (from 2020),Total,Total (16 to 74 years)
2017-10,FR,F,TOTAL,8.9,France,Females,Total (16 to 74 years)
2017-10,FR,M,TOTAL,9.2,France,Males,Total (16 to 74 years)
2017-10,FR,T,TOTAL,9.1,France,Total,Total (16 to 74 years)
2017-10,IT,F,TOTAL,12.1,Italy,Females,Total (16 to 74 years)
2017-10,IT,M,TOTAL,10.2,Italy,Males,Total (16 to 74 years)
2017-10,IT,T,TOTAL,11.0,Italy,Total,Total (16 to 74 years)
2017-10,NL,F,TOTAL,5.9,Netherlands,Females,Total (16 to 74 years)
2017-10,NL,M,TOTAL,5.1,Netherlands,Males,Total (16 to 74 years)
2017-10,NL,T,TOTAL,5.5,Netherlands,Total,Total (16 to 74 years)
2017-10,PL,F,TOTAL,4.8,Poland,Females,Total (16 to 74 years)
2017-10,PL,M,TOTAL,4.7,Poland,Males,Total (16 to 74 years)
2017-10,PL,T,TOTAL,4.7,Poland,Total,Total (16 to 74 years)
2017-10,SE,F,TOTAL,6.7,Sweden,Females,Total (16 to 74 years)
2017-10,SE,M,TOTAL,7.2,Sweden,Males,Total (16 to 74 years)
2017-10,SE,T,TOTAL,7.0,Sweden,Total,Total (16 to 74 years)
2017-11,DE,F,TOTAL,3.0,Germany,Females,Total (16 to 74 years)
2017-11,DE,M,TOTAL,3.7,Germany,Males,Total (16 to 74 years)
2017-11,DE,T,TOTAL,3.4,Germany,Total,Total (16 to 74 years)
2017-11,EL,F,TOTAL,26.0,Greece,Females,Total (16 to 74 years)
2017-11,EL,M,TOTAL,17.7,Greece,Males,Total (16 to 74 years)
2017-11,EL,T,TOTAL,21.4,Greece,Total,Total (16 to 74 years)
2017-11,ES,F,TOTAL,18.5,Spain,Females,Total (16 to 74 years)
2017-11,ES,M,TOTAL,15.1,Spain,Males,Total (16 to 74 years)
2017-11,ES,T,TOTAL,16.7,Spain,Total,Total (16 to 74 years)
2017-11,EU27,F,TOTAL,8.2,European Union - 27 countries (from 2020),Females,Total (16 to 74 years)
2017-11,EU27,M,TOTAL,7.6,European Union - 27 countries (from 2020),Males,Total (16 to 74 years)
2017-11,EU27,T,TOTAL,7.9,European Union - 27 countries (from 2020),Total,Total (16 to 74 years)
2017-11,FR,F,TOTAL,8.9,France,Females,Total (16 to 74 years)
2017-11,FR,M,TOTAL,9.1,France,Males,Total (16 to 74 years)
2017-11,FR,T,TOTAL,9.0,France,Total,Total (16 to 74 years)
2017-11,IT,F,TOTAL,12.1,Italy,Females,Total (16 to 74 years)
2017-11,IT,M,TOTAL,10.0,Italy,Males,Total (16 to 74 years)
2017-11,IT,T,TOTAL,10.9,Italy,Total,Total (16 to 74 years)
2017-11,NL,F,TOTAL,5.8,Netherlands,Females,Total (16 to 74 years)
2017-11,NL,M,TOTAL,5.0,Netherlands,Males,Total (16 to 74 years)
2017-11,NL,T,TOTAL,5.4,Netherlands,Total,Total (16 to 74 years)
2017-11,PL,F,TOTAL,4.7,Poland,Females,Total (16 to 74 years)
2017-11,PL,M,TOTAL,4.6,Poland,Males,Total (16 to 74 years)
2017-11,PL,T,TOTAL,4.6,Poland,Total,Total (16 to 74 years)
2017-11,SE,F,TOTAL,6.2,Sweden,Females,Total (16 to 74 years)
2017-11,SE,M,TOTAL,6.8,Sweden,Males,Total (16 to 74 years)
2017-11,SE,T,TOTAL,6.5,Sweden,Total,Total (16 to 74 years)
2017-12,DE,F,TOTAL,2.9,Germany,Females,Total (16 to 74 years)
2017-12,DE,M,TOTAL,3.7,Germany,Males,Total (16 to 74 years)
2017-12,DE,T,TOTAL,3.4,Germany,Total,Total (16 to 74 years)
2017-12,EL,F,TOTAL,26.4,Greece,Females,Total (16 to 74 years)
2017-12,EL,M,TOTAL,17.4,Greece,Males,Total (16 to 74 years)
2017-12,EL,T,TOTAL,21.3,Greece,Total,Total (16 to 74 years)
2017-12,ES,F,TOTAL,18.4,Spain,Females,Total (16 to 74 years)
2017-12,ES,M,TOTAL,15.0,Spain,Males,Total (16 to 74 years)
2017-12,ES,T,TOTAL,16.6,Spain,Total,Total (16 to 74 years)
2017-12,EU27,F,TOTAL,8.2,European Union - 27 countries (from 2020),Females,Total (16 to 74 years)
2017-12,EU27,M,TOTAL,7.6,European Union - 27 countries (from 2020),Males,Total (16 to 74 years)
2017-12,EU27,T,TOTAL,7.9,European Union - 27 countries (from 2020),Total,Total (16 to 74 years)
2017-12,FR,F,TOTAL,9.0,France,Females,Total (16 to 74 years)
2017-12,FR,M,TOTAL,9.1,France,Males,Total (16 to 74 years)
2017-12,FR,T,TOTAL,9.0,France,Total,Total (16 to 74 years)
2017-12,IT,F,TOTAL,11.9,Italy,Females,Total (16 to 74 years)
2017-12,IT,M,TOTAL,10.1,Italy,Males,Total (16 to 74 years)
2017-12,IT,T,TOTAL,10.9,Italy,Total,Total (16 to 74 years)
2017-12,NL,F,TOTAL,5.8,Netherlands,Females,Total (16 to 74 years)
2017-12,NL,M,TOTAL,5.0,Netherlands,Males,Total (16 to 74 years)
2017-12,NL,T,TOTAL,5.4,Netherlands,Total,Total (16 to 74 years)
2017-12,PL,F,TOTAL,4.5,Poland,Females,Total (16 to 74 years)
2017-12,PL,M,TOTAL,4.4,Poland,Males,Total (16 to 74 years)
2017-12,PL,T,TOTAL,4.4,Poland,Total,Total (16 to 74 years)
2017-12,SE,F,TOTAL,6.9,Sweden,Females,Total (16 to 74 years)
2017-12,SE,M,TOTAL,6.5,Sweden,Males,Total (16 to 74 years)
2017-12,SE,T,TOTAL,6.7,Sweden,Total,Total (16 to 74 years)
2018-01,DE,F,TOTAL,2.9,Germany,Females,Total (16 to 74 years)
2018-01,DE,M,TOTAL,3.7,Germany,Males,Total (16 to 74 years)
2018-01,DE,T,TOTAL,3.3,Germany,Total,Total (16 to 74 years)
2018-01,EL,F,TOTAL,25.8,Greece,Females,Total (16 to 74 years)
2018-01,EL,M,TOTAL,16.9,Greece,Males,Total (16 to 74 years)
2018-01,EL,T,TOTAL,20.8,Greece,Total,Total (16 to 74 years)
2018-01,ES,F,TOTAL,18.2,Spain,Females,Total (16 to 74 years)
2018-01,ES,M,TOTAL,14.9,Spain,Males,Total (16 to 74 years)
2018-01,ES,T,TOTAL,16.4,Spain,Total,Total (16 to 74 years)
2018-01,EU27,F,TOTAL,8.1,European Union - 27 countries (from 2020),Females,Total (16 to 74 years)
2018-01,EU27,M,TOTAL,7.5,European Union - 27 countries (from 2020),Males,Total (16 to 74 years)
2018-01,EU27,T,TOTAL,7.8,European Union - 27 countries (from 2020),Total,Total (16 to 74 years)
2018-01,FR,F,TOTAL,9.3,France,Females,Total (16 to 74 years)
2018-01,FR,M,TOTAL,9.2,France,Males,Total (16 to 74 years)
2018-01,FR,T,TOTAL,9.2,France,Total,Total (16 to 74 years)
2018-01,IT,F,TOTAL,12.1,Italy,Females,Total (16 to 74 years)
2018-01,IT,M,TOTAL,10.1,Italy,Males,Total (16 to 74 years)
2018-01,IT,T,TOTAL,11.0,Italy,Total,Total (16 to 74 years)
2018-01,NL,F,TOTAL,5.6,Netherlands,Females,Total (16 to 74 years)
2018-01,NL,M,TOTAL,4.9,Netherlands,Males,Total (16 to 74 years)
2018-01,NL,T,TOTAL,5.2,Netherlands,Total,Total (16 to 74 years)
2018-01,PL,F,TOTAL,4.2,Poland,Females,Total (16 to 74 years)
2018-01,PL,M,TOTAL,4.1,Poland,Males,Total (16 to 74 years)
2018-01,PL,T,TOTAL,4.1,Poland,Total,Total (16 to 74 years)
2018-01,SE,F,TOTAL,6.8,Sweden,Females,Total (16 to 74 years)
2018-01,SE,M,TOTAL,6.7,Sweden,Males,Total (16 to 74 years)
2018-01,SE,T,TOTAL,6.8,Sweden,Total,Total (16 to 74 years)
2018-02,DE,F,TOTAL,2.8,Germany,Females,Total (16 to 74 years)
2018-02,DE,M,TOTAL,3.7,Germany,Males,Total (16 to 74 years)
2018-02,DE,T,TOTAL,3.3,Germany,Total,Total (16 to 74 years)
2018-02,EL,F,TOTAL,26.3,Greece,Females,Total (16 to 74 years)
2018-02,EL,M,TOTAL,16.9,Greece,Males,Total (16 to 74 years)
2018-02,EL,T,TOTAL,21.0,Greece,Total,Total (16 to 74 years)
2018-02,ES,F,TOTAL,18.0,Spain,Females,Total (16 to 74 years)
2018-02,ES,M,TOTAL,14.7,Spain,Males,Total (16 to 74 years)
2018-02,ES,T,TOTAL,16.2,Spain,Total,Total (16 to 74 years)
2018-02,EU27,F,TOTAL,8.0,European Union - 27 countries (from 2020),Females,Total (16 to 74 years)
2018-02,EU27,M,TOTAL,7.4,European Union - 27 countries (from 2020),Males,Total (16 to 74 years)
2018-02,EU27,T,TOTAL,7.7,European Union - 27 countries (from 2020),Total,Total (16 to 74 years)
2018-02,FR,F,TOTAL,9.4,France,Females,Total (16 to 74 years)
2018-02,FR,M,TOTAL,9.2,France,Males,Total (16 to 74 years)
2018-02,FR,T,TOTAL,9.3,France,Total,Total (16 to 74 years)
2018-02,IT,F,TOTAL,11.8,Italy,Females,Total (16 to 74 years)
2018-02,IT,M,TOTAL,10.0,Italy,Males,Total (16 to 74 years)
2018-02,IT,T,TOTAL,10.8,Italy,Total,Total (16 to 74 years)
2018-02,NL,F,TOTAL,5.5,Netherlands,Females,Total (16 to 74 years)
2018-02,NL,M,TOTAL,4.7,Netherlands,Males,Total (16 to 74 years)
2018-02,NL,T,TOTAL,5.1,Netherlands,Total,Total (16 to 74 years)
2018-02,PL,F,TOTAL,4.0,Poland,Females,Total (16 to 74 years)
2018-02,PL,M,TOTAL,3.9,Poland,Males,Total (16 to 74 years)
2018-02,PL,T,TOTAL,3.9,Poland,Total,Total (16 to 74 years)
2018-02,SE,F,TOTAL,5.6,Sweden,Females,Total (16 to 74 years)
2018-02,SE,M,TOTAL,6.1,Sweden,Males,Total (16 to 74 years)
2018-02,SE,T,TOTAL,5.9,Sweden,Total,Total (16 to 74 years)
2018-03,DE,F,TOTAL,2.8,Germany,Females,Total (16 to 74 years)
2018-03,DE,M,TOTAL,3.7,Germany,Males,Total (16 to 74 years)
2018-03,DE,T,TOTAL,3.3,Germany,Total,Total (16 to 74 years)
2018-03,EL,F,TOTAL,25.2,Greece,Females,Total (16 to 74 years)
2018-03,EL,M,TOTAL,17.1,Greece,Males,Total (16 to 74 years)
2018-03,EL,T,TOTAL,20.6,Greece,Total,Total (16 to 74 years)
2018-03,ES,F,TOTAL,17.7,Spain,Females,Total (16 to 74 years)
2018-03,ES,M,TOTAL,14.4,Spain,Males,Total (16 to 74 years)
2018-03,ES,T,TOTAL,15.9,Spain,Total,Total (16 to 74 years)
2018-03,EU27,F,TOTAL,8.0,European Union - 27 countries (from 2020),Females,Total (16 to 74 years)
2018-03,EU27,M,TOTAL,7.3,European Union - 27 countries (from 2020),Males,Total (16 to 74 years)
2018-03,EU27,T,TOTAL,7.6,European Union - 27 countries (from 2020),Total,Total (16 to 74 years)
2018-03,FR,F,TOTAL,9.4,France,Females,Total (16 to 74 years)
2018-03,FR,M,TOTAL,9.2,France,Males,Total (16 to 74 years)
2018-03,FR,T,TOTAL,9.3,France,Total,Total (16 to 74 years)
2018-03,IT,F,TOTAL,12.2,Italy,Females,Total (16 to 74 years)
2018-03,IT,M,TOTAL,9.9,Italy,Males,Total (16 to 74 years)
2018-03,IT,T,TOTAL,10.9,Italy,Total,Total (16 to 74 years)
2018-03,NL,F,TOTAL,5.3,Netherlands,Females,Total (16 to 74 years)
2018-03,NL,M,TOTAL,4.7,Netherlands,Males,Total (16 to 74 years)
2018-03,NL,T,TOTAL,5.0,Netherlands,Total,Total (16 to 74 years)
2018-03,PL,F,TOTAL,3.9,Poland,Females,Total (16 to 74 years)
2018-03,PL,M,TOTAL,3.8,Poland,Males,Total (16 to 74 years)
2018-03,PL,T,TOTAL,3.8,Poland,Total,Total (16 to 74 years)
2018-03,SE,F,TOTAL,6.3,Sweden,Females,Total (16 to 74 years)
2018-03,SE,M,TOTAL,6.1,Sweden,Males,Total (16 to 74 years)
2018-03,SE,T,TOTAL,6.2,Sweden,Total,Total (16 to 74 years)
2018-04,DE,F,TOTAL,2.7,Germany,Females,Total (16 to 74 years)
2018-04,DE,M,TOTAL,3.6,Germany,Males,Total (16 to 74 years)
2018-04,DE,T,TOTAL,3.2,Germany,Total,Total (16 to 74 years)
2018-04,EL,F,TOTAL,25.1,Greece,Females,Total (16 to 74 years)
2018-04,EL,M,TOTAL,16.3,Greece,Males,Total (16 to 74 years)
2018-04,EL,T,TOTAL,20.2,Greece,Total,Total (16 to 74 years)
2018-04,ES,F,TOTAL,17.5,Spain,Females,Total (16 to 74 years)
2018-04,ES,M,TOTAL,14.1,Spain,Males,Total (16 to 74 years)
2018-04,ES,T,TOTAL,15.7,Spain,Total,Total (16 to 74 years)
2018-04,EU27,F,TOTAL,7.8,European Union - 27 countries (from 2020),Females,Total (16 to 74 years)
2018-04,EU27,M,TOTAL,7.3,European Union - 27 countries (from 2020),Males,Total (16 to 74 years)
2018-04,EU27,T,TOTAL,7.5,European Union - 27 countries (from 2020),Total,Total (16 to 74 years)
2018-04,FR,F,TOTAL,9.3,France,Females,Total (16 to 74 years)
2018-04,FR,M,TOTAL,9.1,France,Males,Total (16 to 74 years)
2018-04,FR,T,TOTAL,9.2,France,Total,Total (16 to 74 years)
2018-04,IT,F,TOTAL,12.0,Italy,Females,Total (16 to 74 years)
2018-04,IT,M,TOTAL,10.1,Italy,Males,Total (16 to 74 years)
2018-04,IT,T,TOTAL,10.9,Italy,Total,Total (16 to 74 years)
2018-04,NL,F,TOTAL,5.2,Netherlands,Females,Total (16 to 74 years)
2018-04,NL,M,TOTAL,4.7,Netherlands,Males,Total (16 to 74 years)
2018-04,NL,T,TOTAL,4.9,Netherlands,Total,Total (16 to 74 years)
2018-04,PL,F,TOTAL,3.8,Poland,Females,Total (16 to 74 years)
2018-04,PL,M,TOTAL,3.7,Poland,Males,Total (16 to 74 years)
2018-04,PL,T,TOTAL,3.8,Poland,Total,Total (16 to 74 years)
2018-04,SE,F,TOTAL,6.3,Sweden,Females,Total (16 to 74 years)
2018-04,SE,M,TOTAL,6.7,Sweden,Males,Total (16 to 74 years)
2018-04,SE,T,TOTAL,6.5,Sweden,Total,Total (16 to 74 years)
2018-05,DE,F,TOTAL,2.7,Germany,Females,Total (16 to 74 years)
2018-05,DE,M,TOTAL,3.6,Germany,Males,Total (16 to 74 years)
2018-05,DE,T,TOTAL,3.2,Germany,Total,Total (16 to 74 years)
2018-05,EL,F,TOTAL,24.5,Greece,Females,Total (16 to 74 years)
2018-05,EL,M,TOTAL,15.7,Greece,Males,Total (16 to 74 years)
2018-05,EL,T,TOTAL,19.6,Greece,Total,Total (16 to 74 years)
2018-05,ES,F,TOTAL,17.3,Spain,Females,Total (16 to 74 years)
2018-05,ES,M,TOTAL,13.9,Spain,Males,Total (16 to 74 years)
2018-05,ES,T,TOTAL,15.5,Spain,Total,Total (16 to 74 years)
2018-05,EU27,F,TOTAL,7.7,European Union - 27 countries (from 2020),Females,Total (16 to 74 years)
2018-05,EU27,M,TOTAL,7.2,European Union - 27 countries (from 2020),Males,Total (16 to 74 years)
2018-05,EU27,T,TOTAL,7.4,European Union - 27 countries (from 2020),Total,Total (16 to 74 years)
2018-05,FR,F,TOTAL,9.1,France,Females,Total (16 to 74 years)
2018-05,FR,M,TOTAL,9.1,France,Males,Total (16 to 74 years)
2018-05,FR,T,TOTAL,9.1,France,Total,Total (16 to 74 years)
2018-05,IT,F,TOTAL,11.8,Italy,Females,Total (16 to 74 years)
2018-05,IT,M,TOTAL,9.8,Italy,Males,Total (16 to 74 years)
2018-05,IT,T,TOTAL,10.7,Italy,Total,Total (16 to 74 years)
2018-05,NL,F,TOTAL,5.2,Netherlands,Females,Total (16 to 74 years)
2018-05,NL,M,TOTAL,4.7,Netherlands,Males,Total (16 to 74 years)
2018-05,NL,T,TOTAL,4.9,Netherlands,Total,Total (16 to 74 years)
2018-05,PL,F,TOTAL,3.7,Poland,Females,Total (16 to 74 years)
2018-05,PL,M,TOTAL,3.8,Poland,Males,Total (16 to 74 years)
2018-05,PL,T,TOTAL,3.7,Poland,Total,Total (16 to 74 years)
2018-05,SE,F,TOTAL,5.2,Sweden,Females,Total (16 to 74 years)
2018-05,SE,M,TOTAL,6.7,Sweden,Males,Total (16 to 74 years)
2018-05,SE,T,TOTAL,6.0,Sweden,Total,Total (16 to 74 years)
2018-06,DE,F,TOTAL,2.7,Germany,Females,Total (16 to 74 years)
2018-06,DE,M,TOTAL,3.6,Germany,Males,Total (16 to 74 years)
2018-06,DE,T,TOTAL,3.2,Germany,Total,Total (16 to 74 years)
2018-06,EL,F,TOTAL,24.5,Greece,Females,Total (16 to 74 years)
2018-06,EL,M,TOTAL,15.6,Greece,Males,Total (16 to 74 years)
2018-06,EL,T,TOTAL,19.5,Greece,Total,Total (16 to 74 years)
2018-06,ES,F,TOTAL,17.0,Spain,Females,Total (16 to 74 years)
2018-06,ES,M,TOTAL,13.6,Spain,Males,Total (16 to 74 years)
2018-06,ES,T,TOTAL,15.2,Spain,Total,Total (16 to 74 years)
2018-06,EU27,F,TOTAL,7.7,European Union - 27 countries (from 2020),Females,Total (16 to 74 years)
2018-06,EU27,M,TOTAL,7.1,European Union - 27 countries (from 2020),Males,Total (16 to 74 years)
2018-06,EU27,T,TOTAL,7.4,European Union - 27 countries (from 2020),Total,Total (16 to 74 years)
2018-06,FR,F,TOTAL,9.0,France,Females,Total (16 to 74 years)
2018-06,FR,M,TOTAL,9.1,France,Males,Total (16 to 74 years)
2018-06,FR,T,TOTAL,9.0,France,Total,Total (16 to 74 years)
2018-06,IT,F,TOTAL,12.0,Italy,Females,Total (16 to 74 years)
2018-06,IT,M,TOTAL,9.9,Italy,Males,Total (16 to 74 years)
2018-06,IT,T,TOTAL,10.8,Italy,Total,Total (16 to 74 years)
2018-06,NL,F,TOTAL,5.2,Netherlands,Females,Total (16 to 74 years)
2018-06,NL,M,TOTAL,4.7,Netherlands,Males,Total (16 to 74 years)
2018-06,NL,T,TOTAL,4.9,Netherlands,Total,Total (16 to 74 years)
2018-06,PL,F,TOTAL,3.7,Poland,Females,Total (16 to 74 years)
2018-06,PL,M,TOTAL,3.9,Poland,Males,Total (16 to 74 years)
2018-06,PL,T,TOTAL,3.8,Poland,Total,Total (16 to 74 years)
2018-06,SE,F,TOTAL,6.9,Sweden,Females,Total (16 to 74 years)
2018-06,SE,M,TOTAL,6.2,Sweden,Males,Total (16 to 74 years)
2018-06,SE,T,TOTAL,6.6,Sweden,Total,Total (16 to 74 years)
2018-07,DE,F,TOTAL,2.7,Germany,Females,Total (16 to 74 years)
2018-07,DE,M,TOTAL,3.6,Germany,Males,Total (16 to 74 years)
2018-07,DE,T,TOTAL,3.2,Germany,Total,Total (16 to 74 years)
2018-07,EL,F,TOTAL,24.6,Greece,Females,Total (16 to 74 years)
2018-07,EL,M,TOTAL,15.3,Greece,Males,Total (16 to 74 years)
2018-07,EL,T,TOTAL,19.4,Greece,Total,Total (16 to 74 years)
2018-07,ES,F,TOTAL,16.7,Spain,Females,Total (16 to 74 years)
2018-07,ES,M,TOTAL,13.5,Spain,Males,Total (16 to 74 years)
2018-07,ES,T,TOTAL,15.0,Spain,Total,Total (16 to 74 years)
2018-07,EU27,F,TOTAL,7.5,European Union - 27 countries (from 2020),Females,Total (16 to 74 years)
2018-07,EU27,M,TOTAL,7.1,European Union - 27 countries (from 2020),Males,Total (16 to 74 years)
2018-07,EU27,T,TOTAL,7.3,European Union - 27 countries (from 2020),Total,Total (16 to 74 years)
2018-07,FR,F,TOTAL,8.8,France,Females,Total (16 to 74 years)
2018-07,FR,M,TOTAL,9.1,France,Males,Total (16 to 74 years)
2018-07,FR,T,TOTAL,9.0,France,Total,Total (16 to 74 years)
2018-07,IT,F,TOTAL,11.5,Italy,Females,Total (16 to 74 years)
2018-07,IT,M,TOTAL,9.7,Italy,Males,Total (16 to 74 years)
2018-07,IT,T,TOTAL,10.4,Italy,Total,Total (16 to 74 years)
2018-07,NL,F,TOTAL,5.1,Netherlands,Females,Total (16 to 74 years)
2018-07,NL,M,TOTAL,4.7,Netherlands,Males,Total (16 to 74 years)
2018-07,NL,T,TOTAL,4.9,Netherlands,Total,Total (16 to 74 years)
2018-07,PL,F,TOTAL,3.7,Poland,Females,Total (16 to 74 years)
2018-07,PL,M,TOTAL,4.1,Poland,Males,Total (16 to 74 years)
2018-07,PL,T,TOTAL,3.9,Poland,Total,Total (16 to 74 years)
2018-07,SE,F,TOTAL,6.4,Sweden,Females,Total (16 to 74 years)
2018-07,SE,M,TOTAL,6.5,Sweden,Males,Total (16 to 74 years)
2018-07,SE,T,TOTAL,6.5,Sweden,Total,Total (16 to 74 years)
2018-08,DE,F,TOTAL,2.7,Germany,Females,Total (16 to 74 years)
2018-08,DE,M,TOTAL,3.5,Germany,Males,Total (16 to 74 years)
2018-08,DE,T,TOTAL,3.2,Germany,Total,Total (16 to 74 years)
2018-08,EL,F,TOTAL,24.3,Greece,Females,Total (16 to 74 years)
2018-08,EL,M,TOTAL,15.5,Greece,Males,Total (16 to 74 years)
2018-08,EL,T,TOTAL,19.4,Greece,Total,Total (16 to 74 years)
2018-08,ES,F,TOTAL,16.4,Spain,Females,Total (16 to 74 years)
2018-08,ES,M,TOTAL,13.4,Spain,Males,Total (16 to 74 years)
2018-08,ES,T,TOTAL,14.8,Spain,Total,Total (16 to 74 years)
2018-08,EU27,F,TOTAL,7.5,European Union - 27 countries (from 2020),Females,Total (16 to 74 years)
2018-08,EU27,M,TOTAL,7.0,European Union - 27 countries (from 2020),Males,Total (16 to 74 years)
2018-08,EU27,T,TOTAL,7.3,European Union - 27 countries (from 2020),Total,Total (16 to 74 years)
2018-08,FR,F,TOTAL,8.7,France,Females,Total (16 to 74 years)
2018-08,FR,M,TOTAL,9.1,France,Males,Total (16 to 74 years)
2018-08,FR,T,TOTAL,8.9,France,Total,Total (16 to 74 years)
2018-08,IT,F,TOTAL,11.4,Italy,Females,Total (16 to 74 years)
2018-08,IT,M,TOTAL,9.5,Italy,Males,Total (16 to 74 years)
2018-08,IT,T,TOTAL,10.3,Italy,Total,Total (16 to 74 years)
2018-08,NL,F,TOTAL,5.1,Netherlands,Females,Total (16 to 74 years)
2018-08,NL,M,TOTAL,4.7,Netherlands,Males,Total (16 to 74 years)
2018-08,NL,T,TOTAL,4.9,Netherlands,Total,Total (16 to 74 years)
2018-08,PL,F,TOTAL,3.7,Poland,Females,Total (16 to 74 years)
2018-08,PL,M,TOTAL,4.1,Poland,Males,Total (16 to 74 years)
2018-08,PL,T,TOTAL,3.9,Poland,Total,Total (16 to 74 years)
2018-08,SE,F,TOTAL,6.0,Sweden,Females,Total (16 to 74 years)
2018-08,SE,M,TOTAL,6.9,Sweden,Males,Total (16 to 74 years)
2018-08,SE,T,TOTAL,6.5,Sweden,Total,Total (16 to 74 years)
2018-09,DE,F,TOTAL,2.7,Germany,Females,Total (16 to 74 years)
2018-09,DE,M,TOTAL,3.5,Germany,Males,Total (16 to 74 years)
2018-09,DE,T,TOTAL,3.1,Germany,Total,Total (16 to 74 years)
2018-09,EL,F,TOTAL,24.4,Greece,Females,Total (16 to 74 years)
2018-09,EL,M,TOTAL,15.2,Greece,Males,Total (16 to 74 years)
2018-09,EL,T,TOTAL,19.3,Greece,Total,Total (16 to 74 years)
2018-09,ES,F,TOTAL,16.3,Spain,Females,Total (16 to 74 years)
2018-09,ES,M,TOTAL,13.3,Spain,Males,Total (16 to 74 years)
2018-09,ES,T,TOTAL,14.7,Spain,Total,Total (16 to 74 years)
2018-09,EU27,F,TOTAL,7.5,European Union - 27 countries (from 2020),Females,Total (16 to 74 years)
2018-09,EU27,M,TOTAL,7.0,European Union - 27 countries (from 2020),Males,Total (16 to 74 years)
2018-09,EU27,T,TOTAL,7.2,European Union - 27 countries (from 2020),Total,Total (16 to 74 years)
2018-09,FR,F,TOTAL,8.8,France,Females,Total (16 to 74 years)
2018-09,FR,M,TOTAL,9.0,France,Males,Total (16 to 74 years)
2018-09,FR,T,TOTAL,8.9,France,Total,Total (16 to 74 years)
2018-09,IT,F,TOTAL,11.4,Italy,Females,Total (16 to 74 years)
2018-09,IT,M,TOTAL,9.5,Italy,Males,Total (16 to 74 years)
2018-09,IT,T,TOTAL,10.3,Italy,Total,Total (16 to 74 years)
2018-09,NL,F,TOTAL,5.0,Netherlands,Females,Total (16 to 74 years)
2018-09,NL,M,TOTAL,4.6,Netherlands,Males,Total (16 to 74 years)
2018-09,NL,T,TOTAL,4.8,Netherlands,Total,Total (16 to 74 years)
2018-09,PL,F,TOTAL,3.8,Poland,Females,Total (16 to 74 years)
2018-09,PL,M,TOTAL,4.1,Poland,Males,Total (16 to 74 years)
2018-09,PL,T,TOTAL,4.0,Poland,Total,Total (16 to 74 years)
2018-09,SE,F,TOTAL,7.1,Sweden,Females,Total (16 to 74 years)
2018-09,SE,M,TOTAL,6.2,Sweden,Males,Total (16 to 74 years)
2018-09,SE,T,TOTAL,6.6,Sweden,Total,Total (16 to 74 years)
2018-10,DE,F,TOTAL,2.7,Germany,Females,Total (16 to 74 years)
2018-10,DE,M,TOTAL,3.5,Germany,Males,Total (16 to 74 years)
2018-10,DE,T,TOTAL,3.1,Germany,Total,Total (16 to 74 years)
2018-10,EL,F,TOTAL,24.1,Greece,Females,Total (16 to 74 years)
2018-10,EL,M,TOTAL,15.3,Greece,Males,Total (16 to 74 years)
2018-10,EL,T,TOTAL,19.2,Greece,Total,Total (16 to 74 years)
2018-10,ES,F,TOTAL,16.4,Spain,Females,Total (16 to 74 years)
2018-10,ES,M,TOTAL,13.2,Spain,Males,Total (16 to 74 years)
2018-10,ES,T,TOTAL,14.7,Spain,Total,Total (16 to 74 years)
2018-10,EU27,F,TOTAL,7.5,European Union - 27 countries (from 2020),Females,Total (16 to 74 years)
2018-10,EU27,M,TOTAL,7.0,European Union - 27 countries (from 2020),Males,Total (16 to 74 years)
2018-10,EU27,T,TOTAL,7.2,European Union - 27 countries (from 2020),Total,Total (16 to 74 years)
2018-10,FR,F,TOTAL,8.9,France,Females,Total (16 to 74 years)
2018-10,FR,M,TOTAL,8.7,France,Males,Total (16 to 74 years)
2018-10,FR,T,TOTAL,8.8,France,Total,Total (16 to 74 years)
2018-10,IT,F,TOTAL,11.6,Italy,Females,Total (16 to 74 years)
2018-10,IT,M,TOTAL,9.8,Italy,Males,Total (16 to 74 years)
2018-10,IT,T,TOTAL,10.6,Italy,Total,Total (16 to 74 years)
2018-10,NL,F,TOTAL,4.9,Netherlands,Females,Total (16 to 74 years)
2018-10,NL,M,TOTAL,4.5,Netherlands,Males,Total (16 to 74 years)
2018-10,NL,T,TOTAL,4.7,Netherlands,Total,Total (16 to 74 years)
2018-10,PL,F,TOTAL,3.9,Poland,Females,Total (16 to 74 years)
2018-10,PL,M,TOTAL,4.0,Poland,Males,Total (16 to 74 years)
2018-10,PL,T,TOTAL,4.0,Poland,Total,Total (16 to 74 years)
2018-10,SE,F,TOTAL,6.2,Sweden,Females,Total (16 to 74 years)
2018-10,SE,M,TOTAL,6.8,Sweden,Males,Total (16 to 74 years)
2018-10,SE,T,TOTAL,6.5,Sweden,Total,Total (16 to 74 years)
2018-11,DE,F,TOTAL,2.7,Germany,Females,Total (16 to 74 years)
2018-11,DE,M,TOTAL,3.4,Germany,Males,Total (16 to 74 years)
2018-11,DE,T,TOTAL,3.1,Germany,Total,Total (16 to 74 years)
2018-11,EL,F,TOTAL,24.7,Greece,Females,Total (16 to 74 years)
2018-11,EL,M,TOTAL,14.8,Greece,Males,Total (16 to 74 years)
2018-11,EL,T,TOTAL,19.1,Greece,Total,Total (16 to 74 years)
2018-11,ES,F,TOTAL,16.4,Spain,Females,Total (16 to 74 years)
2018-11,ES,M,TOTAL,13.0,Spain,Males,Total (16 to 74 years)
2018-11,ES,T,TOTAL,14.6,Spain,Total,Total (16 to 74 years)
2018-11,EU27,F,TOTAL,7.5,European Union - 27 countries (from 2020),Females,Total (16 to 74 years)
2018-11,EU27,M,TOTAL,6.8,European Union - 27 countries (from 2020),Males,Total (16 to 74 years)
2018-11,EU27,T,TOTAL,7.1,European Union - 27 countries (from 2020),Total,Total (16 to 74 years)
2018-11,FR,F,TOTAL,8.9,France,Females,Total (16 to 74 years)
2018-11,FR,M,TOTAL,8.6,France,Males,Total (16 to 74 years)
2018-11,FR,T,TOTAL,8.7,France,Total,Total (16 to 74 years)
2018-11,IT,F,TOTAL,11.4,Italy,Females,Total (16 to 74 years)
2018-11,IT,M,TOTAL,9.8,Italy,Males,Total (16 to 74 years)
2018-11,IT,T,TOTAL,10.5,Italy,Total,Total (16 to 74 years)
2018-11,NL,F,TOTAL,4.8,Netherlands,Females,Total (16 to 74 years)
2018-11,NL,M,TOTAL,4.4,Netherlands,Males,Total (16 to 74 years)
2018-11,NL,T,TOTAL,4.6,Netherlands,Total,Total (16 to 74 years)
2018-11,PL,F,TOTAL,4.1,Poland,Females,Total (16 to 74 years)
2018-11,PL,M,TOTAL,3.8,Poland,Males,Total (16 to 74 years)
2018-11,PL,T,TOTAL,3.9,Poland,Total,Total (16 to 74 years)
2018-11,SE,F,TOTAL,6.6,Sweden,Females,Total (16 to 74 years)
2018-11,SE,M,TOTAL,6.7,Sweden,Males,Total (16 to 74 years)
2018-11,SE,T,TOTAL,6.6,Sweden,Total,Total (16 to 74 years)
2018-12,DE,F,TOTAL,2.7,Germany,Females,Total (16 to 74 years)
2018-12,DE,M,TOTAL,3.4,Germany,Males,Total (16 to 74 years)
2018-12,DE,T,TOTAL,3.1,Germany,Total,Total (16 to 74 years)
2018-12,EL,F,TOTAL,24.1,Greece,Females,Total (16 to 74 years)
2018-12,EL,M,TOTAL,15.0,Greece,Males,Total (16 to 74 years)
2018-12,EL,T,TOTAL,19.0,Greece,Total,Total (16 to 74 years)
2018-12,ES,F,TOTAL,16.3,Spain,Females,Total (16 to 74 years)
2018-12,ES,M,TOTAL,12.7,Spain,Males,Total (16 to 74 years)
2018-12,ES,T,TOTAL,14.4,Spain,Total,Total (16 to 74 years)
2018-12,EU27,F,TOTAL,7.5,European Union - 27 countries (from 2020),Females,Total (16 to 74 years)
2018-12,EU27,M,TOTAL,6.7,European Union - 27 countries (from 2020),Males,Total (16 to 74 years)
2018-12,EU27,T,TOTAL,7.1,European Union - 27 countries (from 2020),Total,Total (16 to 74 years)
2018-12,FR,F,TOTAL,9.0,France,Females,Total (16 to 74 years)
2018-12,FR,M,TOTAL,8.7,France,Males,Total (16 to 74 years)
2018-12,FR,T,TOTAL,8.8,France,Total,Total (16 to 74 years)
2018-12,IT,F,TOTAL,11.6,Italy,Females,Total (16 to 74 years)
2018-12,IT,M,TOTAL,9.4,Italy,Males,Total (16 to 74 years)
2018-12,IT,T,TOTAL,10.3,Italy,Total,Total (16 to 74 years)
2018-12,NL,F,TOTAL,4.9,Netherlands,Females,Total (16 to 74 years)
2018-12,NL,M,TOTAL,4.4,Netherlands,Males,Total (16 to 74 years)
2018-12,NL,T,TOTAL,4.6,Netherlands,Total,Total (16 to 74 years)
2018-12,PL,F,TOTAL,4.2,Poland,Females,Total (16 to 74 years)
2018-12,PL,M,TOTAL,3.6,Poland,Males,Total (16 to 74 years)
2018-12,PL,T,TOTAL,3.9,Poland,Total,Total (16 to 74 years)
2018-12,SE,F,TOTAL,6.7,Sweden,Females,Total (16 to 74 years)
2018-12,SE,M,TOTAL,6.8,Sweden,Males,Total (16 to 74 years)
2018-12,SE,T,TOTAL,6.8,Sweden,Total,Total (16 to 74 years)
2019-01,DE,F,TOTAL,2.7,Germany,Females,Total (16 to 74 years)
2019-01,DE,M,TOTAL,3.4,Germany,Males,Total (16 to 74 years)
2019-01,DE,T,TOTAL,3.0,Germany,Total,Total (16 to 74 years)
2019-01,EL,F,TOTAL,24.4,Greece,Females,Total (16 to 74 years)
2019-01,EL,M,TOTAL,15.7,Greece,Males,Total (16 to 74 years)
2019-01,EL,T,TOTAL,19.5,Greece,Total,Total (16 to 74 years)
2019-01,ES,F,TOTAL,16.3,Spain,Females,Total (16 to 74 years)
2019-01,ES,M,TOTAL,12.5,Spain,Males,Total (16 to 74 years)
2019-01,ES,T,TOTAL,14.3,Spain,Total,Total (16 to 74 years)
2019-01,EU27,F,TOTAL,7.5,European Union - 27 countries (from 2020),Females,Total (16 to 74 years)
2019-01,EU27,M,TOTAL,6.7,European Union - 27 countries (from 2020),Males,Total (16 to 74 years)
2019-01,EU27,T,TOTAL,7.1,European Union - 27 countries (from 2020),Total,Total (16 to 74 years)
2019-01,FR,F,TOTAL,8.8,France,Females,Total (16 to 74 years)
2019-01,FR,M,TOTAL,8.7,France,Males,Total (16 to 74 years)
2019-01,FR,T,TOTAL,8.8,France,Total,Total (16 to 74 years)
2019-01,IT,F,TOTAL,11.2,Italy,Females,Total (16 to 74 years)
2019-01,IT,M,TOTAL,9.6,Italy,Males,Total (16 to 74 years)
2019-01,IT,T,TOTAL,10.3,Italy,Total,Total (16 to 74 years)
2019-01,NL,F,TOTAL,4.9,Netherlands,Females,Total (16 to 74 years)
2019-01,NL,M,TOTAL,4.4,Netherlands,Males,Total (16 to 74 years)
2019-01,NL,T,TOTAL,4.6,Netherlands,Total,Total (16 to 74 years)
2019-01,PL,F,TOTAL,4.3,Poland,Females,Total (16 to 74 years)
2019-01,PL,M,TOTAL,3.3,Poland,Males,Total (16 to 74 years)
2019-01,PL,T,TOTAL,3.7,Poland,Total,Total (16 to 74 years)
2019-01,SE,F,TOTAL,6.7,Sweden,Females,Total (16 to 74 years)
2019-01,SE,M,TOTAL,6.0,Sweden,Males,Total (16 to 74 years)
2019-01,SE,T,TOTAL,6.3,Sweden,Total,Total (16 to 74 years)
2019-02,DE,F,TOTAL,2.7,Germany,Females,Total (16 to 74 years)
2019-02,DE,M,TOTAL,3.3,Germany,Males,Total (16 to 74 years)
2019-02,DE,T,TOTAL,3.0,Germany,Total,Total (16 to 74 years)
2019-02,EL,F,TOTAL,23.9,Greece,Females,Total (16 to 74 years)
2019-02,EL,M,TOTAL,15.3,Greece,Males,Total (16 to 74 years)
2019-02,EL,T,TOTAL,19.1,Greece,Total,Total (16 to 74 years)
2019-02,ES,F,TOTAL,16.2,Spain,Females,Total (16 to 74 years)
2019-02,ES,M,TOTAL,12.4,Spain,Males,Total (16 to 74 years)
2019-02,ES,T,TOTAL,14.2,Spain,Total,Total (16 to 74 years)
2019-02,EU27,F,TOTAL,7.4,European Union - 27 countries (from 2020),Females,Total (16 to 74 years)
2019-02,EU27,M,TOTAL,6.7,European Union - 27 countries (from 2020),Males,Total (16 to 74 years)
2019-02,EU27,T,TOTAL,7.0,European Union - 27 countries (from 2020),Total,Total (16 to 74 years)
2019-02,FR,F,TOTAL,8.8,France,Females,Total (16 to 74 years)
2019-02,FR,M,TOTAL,8.7,France,Males,Total (16 to 74 years)
2019-02,FR,T,TOTAL,8.7,France,Total,Total (16 to 74 years)
2019-02,IT,F,TOTAL,11.6,Italy,Females,Total (16 to 74 years)
2019-02,IT,M,TOTAL,9.5,Italy,Males,Total (16 to 74 years)
2019-02,IT,T,TOTAL,10.4,Italy,Total,Total (16 to 74 years)
2019-02,NL,F,TOTAL,4.7,Netherlands,Females,Total (16 to 74 years)
2019-02,NL,M,TOTAL,4.2,Netherlands,Males,Total (16 to 74 years)
2019-02,NL,T,TOTAL,4.4,Netherlands,Total,Total (16 to 74 years)
2019-02,PL,F,TOTAL,4.2,Poland,Females,Total (16 to 74 years)
2019-02,PL,M,TOTAL,3.1,Poland,Males,Total (16 to 74 years)
2019-02,PL,T,TOTAL,3.6,Poland,Total,Total (16 to 74 years)
2019-02,SE,F,TOTAL,6.9,Sweden,Females,Total (16 to 74 years)
2019-02,SE,M,TOTAL,6.9,Sweden,Males,Total (16 to 74 years)
2019-02,SE,T,TOTAL,6.9,Sweden,Total,Total (16 to 74 years)
2019-03,DE,F,TOTAL,2.6,Germany,Females,Total (16 to 74 years)
2019-03,DE,M,TOTAL,3.3,Germany,Males,Total (16 to 74 years)
2019-03,DE,T,TOTAL,3.0,Germany,Total,Total (16 to 74 years)
2019-03,EL,F,TOTAL,23.3,Greece,Females,Total (16 to 74 years)
2019-03,EL,M,TOTAL,14.5,Greece,Males,Total (16 to 74 years)
2019-03,EL,T,TOTAL,18.4,Greece,Total,Total (16 to 74 years)
2019-03,ES,F,TOTAL,16.2,Spain,Females,Total (16 to 74 years)
2019-03,ES,M,TOTAL,12.4,Spain,Males,Total (16 to 74 years)
2019-03,ES,T,TOTAL,14.2,Spain,Total,Total (16 to 74 years)
2019-03,EU27,F,TOTAL,7.3,European Union - 27 countries (from 2020),Females,Total (16 to 74 years)
2019-03,EU27,M,TOTAL,6.6,European Union - 27 countries (from 2020),Males,Total (16 to 74 years)
2019-03,EU27,T,TOTAL,6.9,European Union - 27 countries (from 2020),Total,Total (16 to 74 years)
2019-03,FR,F,TOTAL,8.7,France,Females,Total (16 to 74 years)
2019-03,FR,M,TOTAL,8.7,France,Males,Total (16 to 74 years)
2019-03,FR,T,TOTAL,8.7,France,Total,Total (16 to 74 years)
2019-03,IT,F,TOTAL,11.0,Italy,Females,Total (16 to 74 years)
2019-03,IT,M,TOTAL,9.5,Italy,Males,Total (16 to 74 years)
2019-03,IT,T,TOTAL,10.2,Italy,Total,Total (16 to 74 years)
2019-03,NL,F,TOTAL,4.6,Netherlands,Females,Total (16 to 74 years)
2019-03,NL,M,TOTAL,4.2,Netherlands,Males,Total (16 to 74 years)
2019-03,NL,T,TOTAL,4.4,Netherlands,Total,Total (16 to 74 years)
2019-03,PL,F,TOTAL,4.0,Poland,Females,Total (16 to 74 years)
2019-03,PL,M,TOTAL,3.1,Poland,Males,Total (16 to 74 years)
2019-03,PL,T,TOTAL,3.5,Poland,Total,Total (16 to 74 years)
2019-03,SE,F,TOTAL,7.5,Sweden,Females,Total (16 to 74 years)
2019-03,SE,M,TOTAL,7.2,Sweden,Males,Total (16 to 74 years)
2019-03,SE,T,TOTAL,7.4,Sweden,Total,Total (16 to 74 years)
2019-04,DE,F,TOTAL,2.6,Germany,Females,Total (16 to 74 years)
2019-04,DE,M,TOTAL,3.2,Germany,Males,Total (16 to 74 years)
2019-04,DE,T,TOTAL,2.9,Germany,Total,Total (16 to 74 years)
2019-04,EL,F,TOTAL,22.6,Greece,Females,Total (16 to 74 years)
2019-04,EL,M,TOTAL,15.2,Greece,Males,Total (16 to 74 years)
2019-04,EL,T,TOTAL,18.5,Greece,Total,Total (16 to 74 years)
2019-04,ES,F,TOTAL,16.1,Spain,Females,Total (16 to 74 years)
2019-04,ES,M,TOTAL,12.6,Spain,Males,Total (16 to 74 years)
2019-04,ES,T,TOTAL,14.2,Spain,Total,Total (16 to 74 years)
2019-04,EU27,F,TOTAL,7.3,European Union - 27 countries (from 2020),Females,Total (16 to 74 years)
2019-04,EU27,M,TOTAL,6.6,European Union - 27 countries (from 2020),Males,Total (16 to 74 years)
2019-04,EU27,T,TOTAL,6.9,European Union - 27 countries (from 2020),Total,Total (16 to 74 years)
2019-04,FR,F,TOTAL,8.5,France,Females,Total (16 to 74 years)
2019-04,FR,M,TOTAL,8.6,France,Males,Total (16 to 74 years)
2019-04,FR,T,TOTAL,8.5,France,Total,Total (16 to 74 years)
2019-04,IT,F,TOTAL,11.5,Italy,Females,Total (16 to 74 years)
2019-04,IT,M,TOTAL,9.5,Italy,Males,Total (16 to 74 years)
2019-04,IT,T,TOTAL,10.4,Italy,Total,Total (16 to 74 years)
2019-04,NL,F,TOTAL,4.4,Netherlands,Females,Total (16 to 74 years)
2019-04,NL,M,TOTAL,4.2,Netherlands,Males,Total (16 to 74 years)
2019-04,NL,T,TOTAL,4.3,Netherlands,Total,Total (16 to 74 years)
2019-04,PL,F,TOTAL,3.6,Poland,Females,Total (16 to 74 years)
2019-04,PL,M,TOTAL,3.1,Poland,Males,Total (16 to 74 years)
2019-04,PL,T,TOTAL,3.4,Poland,Total,Total (16 to 74 years)
2019-04,SE,F,TOTAL,7.0,Sweden,Females,Total (16 to 74 years)
2019-04,SE,M,TOTAL,6.1,Sweden,Males,Total (16 to 74 years)
2019-04,SE,T,TOTAL,6.6,Sweden,Total,Total (16 to 74 years)
2019-05,DE,F,TOTAL,2.5,Germany,Females,Total (16 to 74 years)
2019-05,DE,M,TOTAL,3.2,Germany,Males,Total (16 to 74 years)
2019-05,DE,T,TOTAL,2.9,Germany,Total,Total (16 to 74 years)
2019-05,EL,F,TOTAL,22.1,Greece,Females,Total (16 to 74 years)
2019-05,EL,M,TOTAL,13.9,Greece,Males,Total (16 to 74 years)
2019-05,EL,T,TOTAL,17.5,Greece,Total,Total (16 to 74 years)
2019-05,ES,F,TOTAL,16.1,Spain,Females,Total (16 to 74 years)
2019-05,ES,M,TOTAL,12.7,Spain,Males,Total (16 to 74 years)
2019-05,ES,T,TOTAL,14.3,Spain,Total,Total (16 to 74 years)
2019-05,EU27,F,TOTAL,7.1,European Union - 27 countries (from 2020),Females,Total (16 to 74 years)
2019-05,EU27,M,TOTAL,6.5,European Union - 27 countries (from 2020),Males,Total (16 to 74 years)
2019-05,EU27,T,TOTAL,6.8,European Union - 27 countries (from 2020),Total,Total (16 to 74 years)
2019-05,FR,F,TOTAL,8.4,France,Females,Total (16 to 74 years)
2019-05,FR,M,TOTAL,8.5,France,Males,Total (16 to 74 years)
2019-05,FR,T,TOTAL,8.5,France,Total,Total (16 to 74 years)
2019-05,IT,F,TOTAL,11.0,Italy,Females,Total (16 to 74 years)
2019-05,IT,M,TOTAL,9.3,Italy,Males,Total (16 to 74 years)
2019-05,IT,T,TOTAL,10.0,Italy,Total,Total (16 to 74 years)
2019-05,NL,F,TOTAL,4.4,Netherlands,Females,Total (16 to 74 years)
2019-05,NL,M,TOTAL,4.2,Netherlands,Males,Total (16 to 74 years)
2019-05,NL,T,TOTAL,4.3,Netherlands,Total,Total (16 to 74 years)
2019-05,PL,F,TOTAL,3.4,Poland,Females,Total (16 to 74 years)
2019-05,PL,M,TOTAL,3.1,Poland,Males,Total (16 to 74 years)
2019-05,PL,T,TOTAL,3.3,Poland,Total,Total (16 to 74 years)
2019-05,SE,F,TOTAL,6.9,Sweden,Females,Total (16 to 74 years)
2019-05,SE,M,TOTAL,6.4,Sweden,Males,Total (16 to 74 years)
2019-05,SE,T,TOTAL,6.6,Sweden,Total,Total (16 to 74 years)
2019-06,DE,F,TOTAL,2.5,Germany,Females,Total (16 to 74 years)
2019-06,DE,M,TOTAL,3.2,Germany,Males,Total (16 to 74 years)
2019-06,DE,T,TOTAL,2.9,Germany,Total,Total (16 to 74 years)
2019-06,EL,F,TOTAL,21.9,Greece,Females,Total (16 to 74 years)
2019-06,EL,M,TOTAL,13.8,Greece,Males,Total (16 to 74 years)
2019-06,EL,T,TOTAL,17.4,Greece,Total,Total (16 to 74 years)
2019-06,ES,F,TOTAL,16.1,Spain,Females,Total (16 to 74 years)
2019-06,ES,M,TOTAL,12.6,Spain,Males,Total (16 to 74 years)
2019-06,ES,T,TOTAL,14.2,Spain,Total,Total (16 to 74 years)
2019-06,EU27,F,TOTAL,7.0,European Union - 27 countries (from 2020),Females,Total (16 to 74 years)
2019-06,EU27,M,TOTAL,6.4,European Union - 27 countries (from 2020),Males,Total (16 to 74 years)
2019-06,EU27,T,TOTAL,6.7,European Union - 27 countries (from 2020),Total,Total (16 to 74 years)
2019-06,FR,F,TOTAL,8.4,France,Females,Total (16 to 74 years)
2019-06,FR,M,TOTAL,8.5,France,Males,Total (16 to 74 years)
2019-06,FR,T,TOTAL,8.5,France,Total,Total (16 to 74 years)
2019-06,IT,F,TOTAL,10.7,Italy,Females,Total (16 to 74 years)
2019-06,IT,M,TOTAL,8.8,Italy,Males,Total (16 to 74 years)
2019-06,IT,T,TOTAL,9.6,Italy,Total,Total (16 to 74 years)
2019-06,NL,F,TOTAL,4.5,Netherlands,Females,Total (16 to 74 years)
2019-06,NL,M,TOTAL,4.3,Netherlands,Males,Total (16 to 74 years)
2019-06,NL,T,TOTAL,4.4,Netherlands,Total,Total (16 to 74 years)
2019-06,PL,F,TOTAL,3.3,Poland,Females,Total (16 to 74 years)
2019-06,PL,M,TOTAL,3.1,Poland,Males,Total (16 to 74 years)
2019-06,PL,T,TOTAL,3.2,Poland,Total,Total (16 to 74 years)
2019-06,SE,F,TOTAL,6.4,Sweden,Females,Total (16 to 74 years)
2019-06,SE,M,TOTAL,6.4,Sweden,Males,Total (16 to 74 years)
2019-06,SE,T,TOTAL,6.4,Sweden,Total,Total (16 to 74 years)
2019-07,DE,F,TOTAL,2.4,Germany,Females,Total (16 to 74 years)
2019-07,DE,M,TOTAL,3.2,Germany,Males,Total (16 to 74 years)
2019-07,DE,T,TOTAL,2.9,Germany,Total,Total (16 to 74 years)
2019-07,EL,F,TOTAL,22.2,Greece,Females,Total (16 to 74 years)
2019-07,EL,M,TOTAL,14.5,Greece,Males,Total (16 to 74 years)
2019-07,EL,T,TOTAL,17.9,Greece,Total,Total (16 to 74 years)
2019-07,ES,F,TOTAL,16.1,Spain,Females,Total (16 to 74 years)
2019-07,ES,M,TOTAL,12.5,Spain,Males,Total (16 to 74 years)
2019-07,ES,T,TOTAL,14.2,Spain,Total,Total (16 to 74 years)
2019-07,EU27,F,TOTAL,7.1,European Union - 27 countries (from 2020),Females,Total (16 to 74 years)
2019-07,EU27,M,TOTAL,6.4,European Union - 27 countries (from 2020),Males,Total (16 to 74 years)
2019-07,EU27,T,TOTAL,6.7,European Union - 27 countries (from 2020),Total,Total (16 to 74 years)
2019-07,FR,F,TOTAL,8.3,France,Females,Total (16 to 74 years)
2019-07,FR,M,TOTAL,8.5,France,Males,Total (16 to 74 years)
2019-07,FR,T,TOTAL,8.4,France,Total,Total (16 to 74 years)
2019-07,IT,F,TOTAL,10.7,Italy,Females,Total (16 to 74 years)
2019-07,IT,M,TOTAL,8.7,Italy,Males,Total (16 to 74 years)
2019-07,IT,T,TOTAL,9.6,Italy,Total,Total (16 to 74 years)
2019-07,NL,F,TOTAL,4.6,Netherlands,Females,Total (16 to 74 years)
2019-07,NL,M,TOTAL,4.3,Netherlands,Males,Total (16 to 74 years)
2019-07,NL,T,TOTAL,4.4,Netherlands,Total,Total (16 to 74 years)
2019-07,PL,F,TOTAL,3.3,Poland,Females,Total (16 to 74 years)
2019-07,PL,M,TOTAL,3.0,Poland,Males,Total (16 to 74 years)
2019-07,PL,T,TOTAL,3.2,Poland,Total,Total (16 to 74 years)
2019-07,SE,F,TOTAL,7.5,Sweden,Females,Total (16 to 74 years)
2019-07,SE,M,TOTAL,7.0,Sweden,Males,Total (16 to 74 years)
2019-07,SE,T,TOTAL,7.3,Sweden,Total,Total (16 to 74 years)
2019-08,DE,F,TOTAL,2.4,Germany,Females,Total (16 to 74 years)
2019-08,DE,M,TOTAL,3.3,Germany,Males,Total (16 to 74 years)
2019-08,DE,T,TOTAL,2.9,Germany,Total,Total (16 to 74 years)
2019-08,EL,F,TOTAL,21.9,Greece,Females,Total (16 to 74 years)
2019-08,EL,M,TOTAL,13.9,Greece,Males,Total (16 to 74 years)
2019-08,EL,T,TOTAL,17.4,Greece,Total,Total (16 to 74 years)
2019-08,ES,F,TOTAL,16.0,Spain,Females,Total (16 to 74 years)
2019-08,ES,M,TOTAL,12.4,Spain,Males,Total (16 to 74 years)
2019-08,ES,T,TOTAL,14.1,Spain,Total,Total (16 to 74 years)
2019-08,EU27,F,TOTAL,7.0,European Union - 27 countries (from 2020),Females,Total (16 to 74 years)
2019-08,EU27,M,TOTAL,6.4,European Union - 27 countries (from 2020),Males,Total (16 to 74 years)
2019-08,EU27,T,TOTAL,6.7,European Union - 27 countries (from 2020),Total,Total (16 to 74 years)
2019-08,FR,F,TOTAL,8.1,France,Females,Total (16 to 74 years)
2019-08,FR,M,TOTAL,8.5,France,Males,Total (16 to 74 years)
2019-08,FR,T,TOTAL,8.3,France,Total,Total (16 to 74 years)
2019-08,IT,F,TOTAL,10.6,Italy,Females,Total (16 to 74 years)
2019-08,IT,M,TOTAL,8.7,Italy,Males,Total (16 to 74 years)
2019-08,IT,T,TOTAL,9.5,Italy,Total,Total (16 to 74 years)
2019-08,NL,F,TOTAL,4.7,Netherlands,Females,Total (16 to 74 years)
2019-08,NL,M,TOTAL,4.4,Netherlands,Males,Total (16 to 74 years)
2019-08,NL,T,TOTAL,4.5,Netherlands,Total,Total (16 to 74 years)
2019-08,PL,F,TOTAL,3.3,Poland,Females,Total (16 to 74 years)
2019-08,PL,M,TOTAL,3.0,Poland,Males,Total (16 to 74 years)
2019-08,PL,T,TOTAL,3.1,Poland,Total,Total (16 to 74 years)
2019-08,SE,F,TOTAL,7.7,Sweden,Females,Total (16 to 74 years)
2019-08,SE,M,TOTAL,6.9,Sweden,Males,Total (16 to 74 years)
2019-08,SE,T,TOTAL,7.3,Sweden,Total,Total (16 to 74 years)
2019-09,DE,F,TOTAL,2.5,Germany,Females,Total (16 to 74 years)
2019-09,DE,M,TOTAL,3.3,Germany,Males,Total (16 to 74 years)
2019-09,DE,T,TOTAL,2.9,Germany,Total,Total (16 to 74 years)
2019-09,EL,F,TOTAL,21.7,Greece,Females,Total (16 to 74 years)
2019-09,EL,M,TOTAL,14.1,Greece,Males,Total (16 to 74 years)
2019-09,EL,T,TOTAL,17.4,Greece,Total,Total (16 to 74 years)
2019-09,ES,F,TOTAL,15.9,Spain,Females,Total (16 to 74 years)
2019-09,ES,M,TOTAL,12.3,Spain,Males,Total (16 to 74 years)
2019-09,ES,T,TOTAL,14.0,Spain,Total,Total (16 to 74 years)
2019-09,EU27,F,TOTAL,7.0,European Union - 27 countries (from 2020),Females,Total (16 to 74 years)
2019-09,EU27,M,TOTAL,6.4,European Union - 27 countries (from 2020),Males,Total (16 to 74 years)
2019-09,EU27,T,TOTAL,6.7,European Union - 27 countries (from 2020),Total,Total (16 to 74 years)
2019-09,FR,F,TOTAL,8.0,France,Females,Total (16 to 74 years)
2019-09,FR,M,TOTAL,8.3,France,Males,Total (16 to 74 years)
2019-09,FR,T,TOTAL,8.2,France,Total,Total (16 to 74 years)
2019-09,IT,F,TOTAL,10.9,Italy,Females,Total (16 to 74 years)
2019-09,IT,M,TOTAL,9.0,Italy,Males,Total (16 to 74 years)
2019-09,IT,T,TOTAL,9.8,Italy,Total,Total (16 to 74 years)
2019-09,NL,F,TOTAL,4.6,Netherlands,Females,Total (16 to 74 years)
2019-09,NL,M,TOTAL,4.4,Netherlands,Males,Total (16 to 74 years)
2019-09,NL,T,TOTAL,4.5,Netherlands,Total,Total (16 to 74 years)
2019-09,PL,F,TOTAL,3.3,Poland,Females,Total (16 to 74 years)
2019-09,PL,M,TOTAL,2.9,Poland,Males,Total (16 to 74 years)
2019-09,PL,T,TOTAL,3.1,Poland,Total,Total (16 to 74 years)
2019-09,SE,F,TOTAL,6.8,Sweden,Females,Total (16 to 74 years)
2019-09,SE,M,TOTAL,6.7,Sweden,Males,Total (16 to 74 years)
2019-09,SE,T,TOTAL,6.8,Sweden,Total,Total (16 to 74 years)
2019-10,DE,F,TOTAL,2.5,Germany,Females,Total (16 to 74 years)
2019-10,DE,M,TOTAL,3.3,Germany,Males,Total (16 to 74 years)
2019-10,DE,T,TOTAL,2.9,Germany,Total,Total (16 to 74 years)
2019-10,EL,F,TOTAL,21.3,Greece,Females,Total (16 to 74 years)
2019-10,EL,M,TOTAL,14.3,Greece,Males,Total (16 to 74 years)
2019-10,EL,T,TOTAL,17.4,Greece,Total,Total (16 to 74 years)
2019-10,ES,F,TOTAL,15.8,Spain,Females,Total (16 to 74 years)
2019-10,ES,M,TOTAL,12.4,Spain,Males,Total (16 to 74 years)
2019-10,ES,T,TOTAL,14.0,Spain,Total,Total (16 to 74 years)
2019-10,EU27,F,TOTAL,7.0,European Union - 27 countries (from 2020),Females,Total (16 to 74 years)
2019-10,EU27,M,TOTAL,6.4,European Union - 27 countries (from 2020),Males,Total (16 to 74 years)
2019-10,EU27,T,TOTAL,6.7,European Union - 27 countries (from 2020),Total,Total (16 to 74 years)
2019-10,FR,F,TOTAL,8.0,France,Females,Total (16 to 74 years)
2019-10,FR,M,TOTAL,8.3,France,Males,Total (16 to 74 years)
2019-10,FR,T,TOTAL,8.2,France,Total,Total (16 to 74 years)
2019-10,IT,F,TOTAL,11.0,Italy,Females,Total (16 to 74 years)
2019-10,IT,M,TOTAL,8.3,Italy,Males,Total (16 to 74 years)
2019-10,IT,T,TOTAL,9.5,Italy,Total,Total (16 to 74 years)
2019-10,NL,F,TOTAL,4.5,Netherlands,Females,Total (16 to 74 years)
2019-10,NL,M,TOTAL,4.5,Netherlands,Males,Total (16 to 74 years)
2019-10,NL,T,TOTAL,4.5,Netherlands,Total,Total (16 to 74 years)
2019-10,PL,F,TOTAL,3.3,Poland,Females,Total (16 to 74 years)
2019-10,PL,M,TOTAL,2.8,Poland,Males,Total (16 to 74 years)
2019-10,PL,T,TOTAL,3.0,Poland,Total,Total (16 to 74 years)
2019-10,SE,F,TOTAL,7.1,Sweden,Females,Total (16 to 74 years)
2019-10,SE,M,TOTAL,6.8,Sweden,Males,Total (16 to 74 years)
2019-10,SE,T,TOTAL,6.9,Sweden,Total,Total (16 to 74 years)
2019-11,DE,F,TOTAL,2.6,Germany,Females,Total (16 to 74 years)
2019-11,DE,M,TOTAL,3.3,Germany,Males,Total (16 to 74 years)
2019-11,DE,T,TOTAL,3.0,Germany,Total,Total (16 to 74 years)
2019-11,EL,F,TOTAL,21.3,Greece,Females,Total (16 to 74 years)
2019-11,EL,M,TOTAL,13.6,Greece,Males,Total (16 to 74 years)
2019-11,EL,T,TOTAL,17.0,Greece,Total,Total (16 to 74 years)
2019-11,ES,F,TOTAL,15.7,Spain,Females,Total (16 to 74 years)
2019-11,ES,M,TOTAL,12.4,Spain,Males,Total (16 to 74 years)
2019-11,ES,T,TOTAL,13.9,Spain,Total,Total (16 to 74 years)
2019-11,EU27,F,TOTAL,7.1,European Union - 27 countries (from 2020),Females,Total (16 to 74 years)
2019-11,EU27,M,TOTAL,6.4,European Union - 27 countries (from 2020),Males,Total (16 to 74 years)
2019-11,EU27,T,TOTAL,6.7,European Union - 27 countries (from 2020),Total,Total (16 to 74 years)
2019-11,FR,F,TOTAL,8.1,France,Females,Total (16 to 74 years)
2019-11,FR,M,TOTAL,8.3,France,Males,Total (16 to 74 years)
2019-11,FR,T,TOTAL,8.2,France,Total,Total (16 to 74 years)
2019-11,IT,F,TOTAL,11.3,Italy,Females,Total (16 to 74 years)
2019-11,IT,M,TOTAL,8.7,Italy,Males,Total (16 to 74 years)
2019-11,IT,T,TOTAL,9.8,Italy,Total,Total (16 to 74 years)
2019-11,NL,F,TOTAL,4.5,Netherlands,Females,Total (16 to 74 years)
2019-11,NL,M,TOTAL,4.6,Netherlands,Males,Total (16 to 74 years)
2019-11,NL,T,TOTAL,4.5,Netherlands,Total,Total (16 to 74 years)
2019-11,PL,F,TOTAL,3.2,Poland,Females,Total (16 to 74 years)
2019-11,PL,M,TOTAL,2.7,Poland,Males,Total (16 to 74 years)
2019-11,PL,T,TOTAL,3.0,Poland,Total,Total (16 to 74 years)
2019-11,SE,F,TOTAL,8.0,Sweden,Females,Total (16 to 74 years)
2019-11,SE,M,TOTAL,7.4,Sweden,Males,Total (16 to 74 years)
2019-11,SE,T,TOTAL,7.7,Sweden,Total,Total (16 to 74 years)
2019-12,DE,F,TOTAL,2.7,Germany,Females,Total (16 to 74 years)
2019-12,DE,M,TOTAL,3.4,Germany,Males,Total (16 to 74 years)
2019-12,DE,T,TOTAL,3.1,Germany,Total,Total (16 to 74 years)
2019-12,EL,F,TOTAL,21.1,Greece,Females,Total (16 to 74 years)
2019-12,EL,M,TOTAL,13.5,Greece,Males,Total (16 to 74 years)
2019-12,EL,T,TOTAL,16.9,Greece,Total,Total (16 to 74 years)
2019-12,ES,F,TOTAL,15.6,Spain,Females,Total (16 to 74 years)
2019-12,ES,M,TOTAL,12.3,Spain,Males,Total (16 to 74 years)
2019-12,ES,T,TOTAL,13.8,Spain,Total,Total (16 to 74 years)
2019-12,EU27,F,TOTAL,7.0,European Union - 27 countries (from 2020),Females,Total (16 to 74 years)
2019-12,EU27,M,TOTAL,6.4,European Union - 27 countries (from 2020),Males,Total (16 to 74 years)
2019-12,EU27,T,TOTAL,6.7,European Union - 27 countries (from 2020),Total,Total (16 to 74 years)
2019-12,FR,F,TOTAL,8.2,France,Females,Total (16 to 74 years)
2019-12,FR,M,TOTAL,8.2,France,Males,Total (16 to 74 years)
2019-12,FR,T,TOTAL,8.2,France,Total,Total (16 to 74 years)
2019-12,IT,F,TOTAL,10.9,Italy,Females,Total (16 to 74 years)
2019-12,IT,M,TOTAL,8.9,Italy,Males,Total (16 to 74 years)
2019-12,IT,T,TOTAL,9.8,Italy,Total,Total (16 to 74 years)
2019-12,NL,F,TOTAL,4.3,Netherlands,Females,Total (16 to 74 years)
2019-12,NL,M,TOTAL,4.3,Netherlands,Males,Total (16 to 74 years)
2019-12,NL,T,TOTAL,4.3,Netherlands,Total,Total (16 to 74 years)
2019-12,PL,F,TOTAL,3.2,Poland,Females,Total (16 to 74 years)
2019-12,PL,M,TOTAL,2.7,Poland,Males,Total (16 to 74 years)
2019-12,PL,T,TOTAL,2.9,Poland,Total,Total (16 to 74 years)
2019-12,SE,F,TOTAL,6.8,Sweden,Females,Total (16 to 74 years)
2019-12,SE,M,TOTAL,6.8,Sweden,Males,Total (16 to 74 years)
2019-12,SE,T,TOTAL,6.8,Sweden,Total,Total (16 to 74 years)
2020-01,DE,F,TOTAL,2.8,Germany,Females,Total (16 to 74 years)
2020-01,DE,M,TOTAL,3.5,Germany,Males,Total (16 to 74 years)
2020-01,DE,T,TOTAL,3.2,Germany,Total,Total (16 to 74 years)
2020-01,EL,F,TOTAL,20.3,Greece,Females,Total (16 to 74 years)
2020-01,EL,M,TOTAL,13.8,Greece,Males,Total (16 to 74 years)
2020-01,EL,T,TOTAL,16.6,Greece,Total,Total (16 to 74 years)
2020-01,ES,F,TOTAL,15.7,Spain,Females,Total (16 to 74 years)
2020-01,ES,M,TOTAL,12.2,Spain,Males,Total (16 to 74 years)
2020-01,ES,T,TOTAL,13.8,Spain,Total,Total (16 to 74 years)
2020-01,EU27,F,TOTAL,7.1,European Union - 27 countries (from 2020),Females,Total (16 to 74 years)
2020-01,EU27,M,TOTAL,6.3,European Union - 27 countries (from 2020),Males,Total (16 to 74 years)
2020-01,EU27,T,TOTAL,6.7,European Union - 27 countries (from 2020),Total,Total (16 to 74 years)
2020-01,FR,F,TOTAL,8.4,France,Females,Total (16 to 74 years)
2020-01,FR,M,TOTAL,8.1,France,Males,Total (16 to 74 years)
2020-01,FR,T,TOTAL,8.2,France,Total,Total (16 to 74 years)
2020-01,IT,F,TOTAL,11.3,Italy,Females,Total (16 to 74 years)
2020-01,IT,M,TOTAL,8.3,Italy,Males,Total (16 to 74 years)
2020-01,IT,T,TOTAL,9.6,Italy,Total,Total (16 to 74 years)
2020-01,NL,F,TOTAL,4.1,Netherlands,Females,Total (16 to 74 years)
2020-01,NL,M,TOTAL,4.0,Netherlands,Males,Total (16 to 74 years)
2020-01,NL,T,TOTAL,4.1,Netherlands,Total,Total (16 to 74 years)
2020-01,PL,F,TOTAL,3.1,Poland,Females,Total (16 to 74 years)
2020-01,PL,M,TOTAL,2.7,Poland,Males,Total (16 to 74 years)
2020-01,PL,T,TOTAL,2.9,Poland,Total,Total (16 to 74 years)
2020-01,SE,F,TOTAL,6.9,Sweden,Females,Total (16 to 74 years)
2020-01,SE,M,TOTAL,7.8,Sweden,Males,Total (16 to 74 years)
2020-01,SE,T,TOTAL,7.4,Sweden,Total,Total (16 to 74 years)
2020-02,DE,F,TOTAL,2.9,Germany,Females,Total (16 to 74 years)
2020-02,DE,M,TOTAL,3.6,Germany,Males,Total (16 to 74 years)
2020-02,DE,T,TOTAL,3.3,Germany,Total,Total (16 to 74 years)
2020-02,EL,F,TOTAL,19.6,Greece,Females,Total (16 to 74 years)
2020-02,EL,M,TOTAL,12.9,Greece,Males,Total (16 to 74 years)
2020-02,EL,T,TOTAL,15.8,Greece,Total,Total (16 to 74 years)
2020-02,ES,F,TOTAL,15.5,Spain,Females,Total (16 to 74 years)
2020-02,ES,M,TOTAL,11.9,Spain,Males,Total (16 to 74 years)
2020-02,ES,T,TOTAL,13.6,Spain,Total,Total (16 to 74 years)
2020-02,EU27,F,TOTAL,6.9,European Union - 27 countries (from 2020),Females,Total (16 to 74 years)
2020-02,EU27,M,TOTAL,6.3,European Union - 27 countries (from 2020),Males,Total (16 to 74 years)
2020-02,EU27,T,TOTAL,6.6,European Union - 27 countries (from 2020),Total,Total (16 to 74 years)
2020-02,FR,F,TOTAL,8.1,France,Females,Total (16 to 74 years)
2020-02,FR,M,TOTAL,7.6,France,Males,Total (16 to 74 years)
2020-02,FR,T,TOTAL,7.8,France,Total,Total (16 to 74 years)
2020-02,IT,F,TOTAL,10.6,Italy,Females,Total (16 to 74 years)
2020-02,IT,M,TOTAL,8.6,Italy,Males,Total (16 to 74 years)
2020-02,IT,T,TOTAL,9.5,Italy,Total,Total (16 to 74 years)
2020-02,NL,F,TOTAL,4.2,Netherlands,Females,Total (16 to 74 years)
2020-02,NL,M,TOTAL,3.8,Netherlands,Males,Total (16 to 74 years)
2020-02,NL,T,TOTAL,4.0,Netherlands,Total,Total (16 to 74 years)
2020-02,PL,F,TOTAL,3.0,Poland,Females,Total (16 to 74 years)
2020-02,PL,M,TOTAL,2.7,Poland,Males,Total (16 to 74 years)
2020-02,PL,T,TOTAL,2.8,Poland,Total,Total (16 to 74 years)
2020-02,SE,F,TOTAL,8.2,Sweden,Females,Total (16 to 74 years)
2020-02,SE,M,TOTAL,7.4,Sweden,Males,Total (16 to 74 years)
2020-02,SE,T,TOTAL,7.8,Sweden,Total,Total (16 to 74 years)
2020-03,DE,F,TOTAL,3.0,Germany,Females,Total (16 to 74 years)
2020-03,DE,M,TOTAL,3.7,Germany,Males,Total (16 to 74 years)
2020-03,DE,T,TOTAL,3.4,Germany,Total,Total (16 to 74 years)
2020-03,EL,F,TOTAL,19.5,Greece,Females,Total (16 to 74 years)
2020-03,EL,M,TOTAL,14.5,Greece,Males,Total (16 to 74 years)
2020-03,EL,T,TOTAL,16.7,Greece,Total,Total (16 to 74 years)
2020-03,ES,F,TOTAL,16.2,Spain,Females,Total (16 to 74 years)
2020-03,ES,M,TOTAL,13.0,Spain,Males,Total (16 to 74 years)
2020-03,ES,T,TOTAL,14.5,Spain,Total,Total (16 to 74 years)
2020-03,EU27,F,TOTAL,6.7,European Union - 27 countries (from 2020),Females,Total (16 to 74 years)
2020-03,EU27,M,TOTAL,6.3,European Union - 27 countries (from 2020),Males,Total (16 to 74 years)
2020-03,EU27,T,TOTAL,6.5,European Union - 27 countries (from 2020),Total,Total (16 to 74 years)
2020-03,FR,F,TOTAL,7.6,France,Females,Total (16 to 74 years)
2020-03,FR,M,TOTAL,7.5,France,Males,Total (16 to 74 years)
2020-03,FR,T,TOTAL,7.6,France,Total,Total (16 to 74 years)
2020-03,IT,F,TOTAL,8.0,Italy,Females,Total (16 to 74 years)
2020-03,IT,M,TOTAL,7.2,Italy,Males,Total (16 to 74 years)
2020-03,IT,T,TOTAL,7.6,Italy,Total,Total (16 to 74 years)
2020-03,NL,F,TOTAL,4.2,Netherlands,Females,Total (16 to 74 years)
2020-03,NL,M,TOTAL,3.9,Netherlands,Males,Total (16 to 74 years)
2020-03,NL,T,TOTAL,4.1,Netherlands,Total,Total (16 to 74 years)
2020-03,PL,F,TOTAL,2.9,Poland,Females,Total (16 to 74 years)
2020-03,PL,M,TOTAL,2.8,Poland,Males,Total (16 to 74 years)
2020-03,PL,T,TOTAL,2.9,Poland,Total,Total (16 to 74 years)
2020-03,SE,F,TOTAL,7.0,Sweden,Females,Total (16 to 74 years)
2020-03,SE,M,TOTAL,6.6,Sweden,Males,Total (16 to 74 years)
2020-03,SE,T,TOTAL,6.8,Sweden,Total,Total (16 to 74 years)
2020-04,DE,F,TOTAL,3.2,Germany,Females,Total (16 to 74 years)
2020-04,DE,M,TOTAL,3.9,Germany,Males,Total (16 to 74 years)
2020-04,DE,T,TOTAL,3.5,Germany,Total,Total (16 to 74 years)
2020-04,EL,F,TOTAL,22.5,Greece,Females,Total (16 to 74 years)
2020-04,EL,M,TOTAL,15.4,Greece,Males,Total (16 to 74 years)
2020-04,EL,T,TOTAL,18.5,Greece,Total,Total (16 to 74 years)
2020-04,ES,F,TOTAL,16.7,Spain,Females,Total (16 to 74 years)
2020-04,ES,M,TOTAL,14.1,Spain,Males,Total (16 to 74 years)
2020-04,ES,T,TOTAL,15.3,Spain,Total,Total (16 to 74 years)
2020-04,EU27,F,TOTAL,6.9,European Union - 27 countries (from 2020),Females,Total (16 to 74 years)
2020-04,EU27,M,TOTAL,6.7,European Union - 27 countries (from 2020),Males,Total (16 to 74 years)
2020-04,EU27,T,TOTAL,6.8,European Union - 27 countries (from 2020),Total,Total (16 to 74 years)
2020-04,FR,F,TOTAL,7.3,France,Females,Total (16 to 74 years)
2020-04,FR,M,TOTAL,7.8,France,Males,Total (16 to 74 years)
2020-04,FR,T,TOTAL,7.6,France,Total,Total (16 to 74 years)
2020-04,IT,F,TOTAL,8.1,Italy,Females,Total (16 to 74 years)
2020-04,IT,M,TOTAL,7.4,Italy,Males,Total (16 to 74 years)
2020-04,IT,T,TOTAL,7.7,Italy,Total,Total (16 to 74 years)
2020-04,NL,F,TOTAL,4.5,Netherlands,Females,Total (16 to 74 years)
2020-04,NL,M,TOTAL,4.5,Netherlands,Males,Total (16 to 74 years)
2020-04,NL,T,TOTAL,4.5,Netherlands,Total,Total (16 to 74 years)
2020-04,PL,F,TOTAL,3.1,Poland,Females,Total (16 to 74 years)
2020-04,PL,M,TOTAL,3.1,Poland,Males,Total (16 to 74 years)
2020-04,PL,T,TOTAL,3.1,Poland,Total,Total (16 to 74 years)
2020-04,SE,F,TOTAL,7.8,Sweden,Females,Total (16 to 74 years)
2020-04,SE,M,TOTAL,8.5,Sweden,Males,Total (16 to 74 years)
2020-04,SE,T,TOTAL,8.2,Sweden,Total,Total (16 to 74 years)
2020-05,DE,F,TOTAL,3.3,Germany,Females,Total (16 to 74 years)
2020-05,DE,M,TOTAL,4.0,Germany,Males,Total (16 to 74 years)
2020-05,DE,T,TOTAL,3.7,Germany,Total,Total (16 to 74 years)
2020-05,EL,F,TOTAL,24.2,Greece,Females,Total (16 to 74 years)
2020-05,EL,M,TOTAL,16.2,Greece,Males,Total (16 to 74 years)
2020-05,EL,T,TOTAL,19.7,Greece,Total,Total (16 to 74 years)
2020-05,ES,F,TOTAL,17.0,Spain,Females,Total (16 to 74 years)
2020-05,ES,M,TOTAL,14.2,Spain,Males,Total (16 to 74 years)
2020-05,ES,T,TOTAL,15.5,Spain,Total,Total (16 to 74 years)
2020-05,EU27,F,TOTAL,7.3,European Union - 27 countries (from 2020),Females,Total (16 to 74 years)
2020-05,EU27,M,TOTAL,6.8,European Union - 27 countries (from 2020),Males,Total (16 to 74 years)
2020-05,EU27,T,TOTAL,7.0,European Union - 27 countries (from 2020),Total,Total (16 to 74 years)
2020-05,FR,F,TOTAL,6.6,France,Females,Total (16 to 74 years)
2020-05,FR,M,TOTAL,7.2,France,Males,Total (16 to 74 years)
2020-05,FR,T,TOTAL,6.9,France,Total,Total (16 to 74 years)
2020-05,IT,F,TOTAL,9.8,Italy,Females,Total (16 to 74 years)
2020-05,IT,M,TOTAL,8.0,Italy,Males,Total (16 to 74 years)
2020-05,IT,T,TOTAL,8.8,Italy,Total,Total (16 to 74 years)
2020-05,NL,F,TOTAL,4.8,Netherlands,Females,Total (16 to 74 years)
2020-05,NL,M,TOTAL,4.5,Netherlands,Males,Total (16 to 74 years)
2020-05,NL,T,TOTAL,4.6,Netherlands,Total,Total (16 to 74 years)
2020-05,PL,F,TOTAL,3.3,Poland,Females,Total (16 to 74 years)
2020-05,PL,M,TOTAL,3.2,Poland,Males,Total (16 to 74 years)
2020-05,PL,T,TOTAL,3.3,Poland,Total,Total (16 to 74 years)
2020-05,SE,F,TOTAL,9.3,Sweden,Females,Total (16 to 74 years)
2020-05,SE,M,TOTAL,7.9,Sweden,Males,Total (16 to 74 years)
2020-05,SE,T,TOTAL,8.5,Sweden,Total,Total (16 to 74 years)
2020-06,DE,F,TOTAL,3.4,Germany,Females,Total (16 to 74 years)
2020-06,DE,M,TOTAL,4.1,Germany,Males,Total (16 to 74 years)
2020-06,DE,T,TOTAL,3.8,Germany,Total,Total (16 to 74 years)
2020-06,EL,F,TOTAL,23.6,Greece,Females,Total (16 to 74 years)
2020-06,EL,M,TOTAL,17.8,Greece,Males,Total (16 to 74 years)
2020-06,EL,T,TOTAL,20.3,Greece,Total,Total (16 to 74 years)
2020-06,ES,F,TOTAL,17.7,Spain,Females,Total (16 to 74 years)
2020-06,ES,M,TOTAL,14.5,Spain,Males,Total (16 to 74 years)
2020-06,ES,T,TOTAL,16.0,Spain,Total,Total (16 to 74 years)
2020-06,EU27,F,TOTAL,7.6,European Union - 27 countries (from 2020),Females,Total (16 to 74 years)
2020-06,EU27,M,TOTAL,7.2,European Union - 27 countries (from 2020),Males,Total (16 to 74 years)
2020-06,EU27,T,TOTAL,7.4,European Union - 27 countries (from 2020),Total,Total (16 to 74 years)
2020-06,FR,F,TOTAL,7.1,France,Females,Total (16 to 74 years)
2020-06,FR,M,TOTAL,7.6,France,Males,Total (16 to 74 years)
2020-06,FR,T,TOTAL,7.4,France,Total,Total (16 to 74 years)
2020-06,IT,F,TOTAL,10.4,Italy,Females,Total (16 to 74 years)
2020-06,IT,M,TOTAL,8.9,Italy,Males,Total (16 to 74 years)
2020-06,IT,T,TOTAL,9.5,Italy,Total,Total (16 to 74 years)
2020-06,NL,F,TOTAL,5.6,Netherlands,Females,Total (16 to 74 years)
2020-06,NL,M,TOTAL,5.1,Netherlands,Males,Total (16 to 74 years)
2020-06,NL,T,TOTAL,5.4,Netherlands,Total,Total (16 to 74 years)
2020-06,PL,F,TOTAL,3.5,Poland,Females,Total (16 to 74 years)
2020-06,PL,M,TOTAL,3.3,Poland,Males,Total (16 to 74 years)
2020-06,PL,T,TOTAL,3.4,Poland,Total,Total (16 to 74 years)
2020-06,SE,F,TOTAL,8.9,Sweden,Females,Total (16 to 74 years)
2020-06,SE,M,TOTAL,9.3,Sweden,Males,Total (16 to 74 years)
2020-06,SE,T,TOTAL,9.1,Sweden,Total,Total (16 to 74 years)
2020-07,DE,F,TOTAL,3.5,Germany,Females,Total (16 to 74 years)
2020-07,DE,M,TOTAL,4.2,Germany,Males,Total (16 to 74 years)
2020-07,DE,T,TOTAL,3.8,Germany,Total,Total (16 to 74 years)
2020-07,EL,F,TOTAL,22.0,Greece,Females,Total (16 to 74 years)
2020-07,EL,M,TOTAL,14.4,Greece,Males,Total (16 to 74 years)
2020-07,EL,T,TOTAL,17.7,Greece,Total,Total (16 to 74 years)
2020-07,ES,F,TOTAL,18.1,Spain,Females,Total (16 to 74 years)
2020-07,ES,M,TOTAL,14.6,Spain,Males,Total (16 to 74 years)
2020-07,ES,T,TOTAL,16.2,Spain,Total,Total (16 to 74 years)
2020-07,EU27,F,TOTAL,8.1,European Union - 27 countries (from 2020),Females,Total (16 to 74 years)
2020-07,EU27,M,TOTAL,7.4,European Union - 27 countries (from 2020),Males,Total (16 to 74 years)
2020-07,EU27,T,TOTAL,7.7,European Union - 27 countries (from 2020),Total,Total (16 to 74 years)
2020-07,FR,F,TOTAL,8.5,France,Females,Total (16 to 74 years)
2020-07,FR,M,TOTAL,8.7,France,Males,Total (16 to 74 years)
2020-07,FR,T,TOTAL,8.6,France,Total,Total (16 to 74 years)
2020-07,IT,F,TOTAL,11.2,Italy,Females,Total (16 to 74 years)
2020-07,IT,M,TOTAL,9.4,Italy,Males,Total (16 to 74 years)
2020-07,IT,T,TOTAL,10.2,Italy,Total,Total (16 to 74 years)
2020-07,NL,F,TOTAL,6.0,Netherlands,Females,Total (16 to 74 years)
2020-07,NL,M,TOTAL,5.1,Netherlands,Males,Total (16 to 74 years)
2020-07,NL,T,TOTAL,5.5,Netherlands,Total,Total (16 to 74 years)
2020-07,PL,F,TOTAL,3.7,Poland,Females,Total (16 to 74 years)
2020-07,PL,M,TOTAL,3.2,Poland,Males,Total (16 to 74 years)
2020-07,PL,T,TOTAL,3.4,Poland,Total,Total (16 to 74 years)
2020-07,SE,F,TOTAL,9.2,Sweden,Females,Total (16 to 74 years)
2020-07,SE,M,TOTAL,9.9,Sweden,Males,Total (16 to 74 years)
2020-07,SE,T,TOTAL,9.6,Sweden,Total,Total (16 to 74 years)
2020-08,DE,F,TOTAL,3.5,Germany,Females,Total (16 to 74 years)
2020-08,DE,M,TOTAL,4.2,Germany,Males,Total (16 to 74 years)
2020-08,DE,T,TOTAL,3.9,Germany,Total,Total (16 to 74 years)
2020-08,EL,F,TOTAL,21.2,Greece,Females,Total (16 to 74 years)
2020-08,EL,M,TOTAL,13.7,Greece,Males,Total (16 to 74 years)
2020-08,EL,T,TOTAL,17.0,Greece,Total,Total (16 to 74 years)
2020-08,ES,F,TOTAL,18.5,Spain,Females,Total (16 to 74 years)
2020-08,ES,M,TOTAL,14.7,Spain,Males,Total (16 to 74 years)
2020-08,ES,T,TOTAL,16.5,Spain,Total,Total (16 to 74 years)
2020-08,EU27,F,TOTAL,8.2,European Union - 27 countries (from 2020),Females,Total (16 to 74 years)
2020-08,EU27,M,TOTAL,7.5,European Union - 27 countries (from 2020),Males,Total (16 to 74 years)
2020-08,EU27,T,TOTAL,7.8,European Union - 27 countries (from 2020),Total,Total (16 to 74 years)
2020-08,FR,F,TOTAL,9.0,France,Females,Total (16 to 74 years)
2020-08,FR,M,TOTAL,9.1,France,Males,Total (16 to 74 years)
2020-08,FR,T,TOTAL,9.1,France,Total,Total (16 to 74 years)
2020-08,IT,F,TOTAL,11.3,Italy,Females,Total (16 to 74 years)
2020-08,IT,M,TOTAL,9.3,Italy,Males,Total (16 to 74 years)
2020-08,IT,T,TOTAL,10.1,Italy,Total,Total (16 to 74 years)
2020-08,NL,F,TOTAL,6.1,Netherlands,Females,Total (16 to 74 years)
2020-08,NL,M,TOTAL,5.1,Netherlands,Males,Total (16 to 74 years)
2020-08,NL,T,TOTAL,5.5,Netherlands,Total,Total (16 to 74 years)
2020-08,PL,F,TOTAL,3.7,Poland,Females,Total (16 to 74 years)
2020-08,PL,M,TOTAL,3.1,Poland,Males,Total (16 to 74 years)
2020-08,PL,T,TOTAL,3.4,Poland,Total,Total (16 to 74 years)
2020-08,SE,F,TOTAL,10.1,Sweden,Females,Total (16 to 74 years)
2020-08,SE,M,TOTAL,8.5,Sweden,Males,Total (16 to 74 years)
2020-08,SE,T,TOTAL,9.3,Sweden,Total,Total (16 to 74 years)
2020-09,DE,F,TOTAL,3.5,Germany,Females,Total (16 to 74 years)
2020-09,DE,M,TOTAL,4.2,Germany,Males,Total (16 to 74 years)
2020-09,DE,T,TOTAL,3.8,Germany,Total,Total (16 to 74 years)
2020-09,EL,F,TOTAL,21.2,Greece,Females,Total (16 to 74 years)
2020-09,EL,M,TOTAL,13.7,Greece,Males,Total (16 to 74 years)
2020-09,EL,T,TOTAL,17.0,Greece,Total,Total (16 to 74 years)
2020-09,ES,F,TOTAL,18.5,Spain,Females,Total (16 to 74 years)
2020-09,ES,M,TOTAL,14.5,Spain,Males,Total (16 to 74 years)
2020-09,ES,T,TOTAL,16.4,Spain,Total,Total (16 to 74 years)
2020-09,EU27,F,TOTAL,8.1,European Union - 27 countries (from 2020),Females,Total (16 to 74 years)
2020-09,EU27,M,TOTAL,7.4,European Union - 27 countries (from 2020),Males,Total (16 to 74 years)
2020-09,EU27,T,TOTAL,7.7,European Union - 27 countries (from 2020),Total,Total (16 to 74 years)
2020-09,FR,F,TOTAL,8.9,France,Females,Total (16 to 74 years)
2020-09,FR,M,TOTAL,9.1,France,Males,Total (16 to 74 years)
2020-09,FR,T,TOTAL,9.0,France,Total,Total (16 to 74 years)
2020-09,IT,F,TOTAL,11.2,Italy,Females,Total (16 to 74 years)
2020-09,IT,M,TOTAL,9.1,Italy,Males,Total (16 to 74 years)
2020-09,IT,T,TOTAL,10.0,Italy,Total,Total (16 to 74 years)
2020-09,NL,F,TOTAL,5.8,Netherlands,Females,Total (16 to 74 years)
2020-09,NL,M,TOTAL,5.0,Netherlands,Males,Total (16 to 74 years)
2020-09,NL,T,TOTAL,5.4,Netherlands,Total,Total (16 to 74 years)
2020-09,PL,F,TOTAL,3.6,Poland,Females,Total (16 to 74 years)
2020-09,PL,M,TOTAL,3.0,Poland,Males,Total (16 to 74 years)
2020-09,PL,T,TOTAL,3.3,Poland,Total,Total (16 to 74 years)
2020-09,SE,F,TOTAL,8.5,Sweden,Females,Total (16 to 74 years)
2020-09,SE,M,TOTAL,9.5,Sweden,Males,Total (16 to 74 years)
2020-09,SE,T,TOTAL,9.0,Sweden,Total,Total (16 to 74 years)
2020-10,DE,F,TOTAL,3.4,Germany,Females,Total (16 to 74 years)
2020-10,DE,M,TOTAL,4.2,Germany,Males,Total (16 to 74 years)
2020-10,DE,T,TOTAL,3.8,Germany,Total,Total (16 to 74 years)
2020-10,EL,F,TOTAL,22.1,Greece,Females,Total (16 to 74 years)
2020-10,EL,M,TOTAL,14.4,Greece,Males,Total (16 to 74 years)
2020-10,EL,T,TOTAL,17.8,Greece,Total,Total (16 to 74 years)
2020-10,ES,F,TOTAL,18.5,Spain,Females,Total (16 to 74 years)
2020-10,ES,M,TOTAL,14.4,Spain,Males,Total (16 to 74 years)
2020-10,ES,T,TOTAL,16.3,Spain,Total,Total (16 to 74 years)
2020-10,EU27,F,TOTAL,8.0,European Union - 27 countries (from 2020),Females,Total (16 to 74 years)
2020-10,EU27,M,TOTAL,7.3,European Union - 27 countries (from 2020),Males,Total (16 to 74 years)
2020-10,EU27,T,TOTAL,7.6,European Union - 27 countries (from 2020),Total,Total (16 to 74 years)
2020-10,FR,F,TOTAL,8.3,France,Females,Total (16 to 74 years)
2020-10,FR,M,TOTAL,8.3,France,Males,Total (16 to 74 years)
2020-10,FR,T,TOTAL,8.3,France,Total,Total (16 to 74 years)
2020-10,IT,F,TOTAL,10.9,Italy,Females,Total (16 to 74 years)
2020-10,IT,M,TOTAL,9.3,Italy,Males,Total (16 to 74 years)
2020-10,IT,T,TOTAL,10.0,Italy,Total,Total (16 to 74 years)
2020-10,NL,F,TOTAL,5.8,Netherlands,Females,Total (16 to 74 years)
2020-10,NL,M,TOTAL,4.9,Netherlands,Males,Total (16 to 74 years)
2020-10,NL,T,TOTAL,5.3,Netherlands,Total,Total (16 to 74 years)
2020-10,PL,F,TOTAL,3.3,Poland,Females,Total (16 to 74 years)
2020-10,PL,M,TOTAL,3.1,Poland,Males,Total (16 to 74 years)
2020-10,PL,T,TOTAL,3.2,Poland,Total,Total (16 to 74 years)
2020-10,SE,F,TOTAL,8.7,Sweden,Females,Total (16 to 74 years)
2020-10,SE,M,TOTAL,8.8,Sweden,Males,Total (16 to 74 years)
2020-10,SE,T,TOTAL,8.8,Sweden,Total,Total (16 to 74 years)
2020-11,DE,F,TOTAL,3.4,Germany,Females,Total (16 to 74 years)
2020-11,DE,M,TOTAL,4.2,Germany,Males,Total (16 to 74 years)
2020-11,DE,T,TOTAL,3.8,Germany,Total,Total (16 to 74 years)
2020-11,EL,F,TOTAL,21.4,Greece,Females,Total (16 to 74 years)
2020-11,EL,M,TOTAL,14.5,Greece,Males,Total (16 to 74 years)
2020-11,EL,T,TOTAL,17.5,Greece,Total,Total (16 to 74 years)
2020-11,ES,F,TOTAL,18.4,Spain,Females,Total (16 to 74 years)
2020-11,ES,M,TOTAL,14.2,Spain,Males,Total (16 to 74 years)
2020-11,ES,T,TOTAL,16.2,Spain,Total,Total (16 to 74 years)
2020-11,EU27,F,TOTAL,7.8,European Union - 27 countries (from 2020),Females,Total (16 to 74 years)
2020-11,EU27,M,TOTAL,7.1,European Union - 27 countries (from 2020),Males,Total (16 to 74 years)
2020-11,EU27,T,TOTAL,7.4,European Union - 27 countries (from 2020),Total,Total (16 to 74 years)
2020-11,FR,F,TOTAL,8.0,France,Females,Total (16 to 74 years)
2020-11,FR,M,TOTAL,8.1,France,Males,Total (16 to 74 years)
2020-11,FR,T,TOTAL,8.1,France,Total,Total (16 to 74 years)
2020-11,IT,F,TOTAL,10.5,Italy,Females,Total (16 to 74 years)
2020-11,IT,M,TOTAL,8.8,Italy,Males,Total (16 to 74 years)
2020-11,IT,T,TOTAL,9.5,Italy,Total,Total (16 to 74 years)
2020-11,NL,F,TOTAL,5.3,Netherlands,Females,Total (16 to 74 years)
2020-11,NL,M,TOTAL,4.8,Netherlands,Males,Total (16 to 74 years)
2020-11,NL,T,TOTAL,5.0,Netherlands,Total,Total (16 to 74 years)
2020-11,PL,F,TOTAL,3.1,Poland,Females,Total (16 to 74 years)
2020-11,PL,M,TOTAL,3.2,Poland,Males,Total (16 to 74 years)
2020-11,PL,T,TOTAL,3.2,Poland,Total,Total (16 to 74 years)
2020-11,SE,F,TOTAL,8.8,Sweden,Females,Total (16 to 74 years)
2020-11,SE,M,TOTAL,8.5,Sweden,Males,Total (16 to 74 years)
2020-11,SE,T,TOTAL,8.6,Sweden,Total,Total (16 to 74 years)
2020-12,DE,F,TOTAL,3.4,Germany,Females,Total (16 to 74 years)
2020-12,DE,M,TOTAL,4.2,Germany,Males,Total (16 to 74 years)
2020-12,DE,T,TOTAL,3.8,Germany,Total,Total (16 to 74 years)
2020-12,EL,F,TOTAL,20.7,Greece,Females,Total (16 to 74 years)
2020-12,EL,M,TOTAL,13.6,Greece,Males,Total (16 to 74 years)
2020-12,EL,T,TOTAL,16.7,Greece,Total,Total (16 to 74 years)
2020-12,ES,F,TOTAL,18.4,Spain,Females,Total (16 to 74 years)
2020-12,ES,M,TOTAL,14.2,Spain,Males,Total (16 to 74 years)
2020-12,ES,T,TOTAL,16.2,Spain,Total,Total (16 to 74 years)
2020-12,EU27,F,TOTAL,7.8,European Union - 27 countries (from 2020),Females,Total (16 to 74 years)
2020-12,EU27,M,TOTAL,7.1,European Union - 27 countries (from 2020),Males,Total (16 to 74 years)
2020-12,EU27,T,TOTAL,7.5,European Union - 27 countries (from 2020),Total,Total (16 to 74 years)
2020-12,FR,F,TOTAL,7.8,France,Females,Total (16 to 74 years)
2020-12,FR,M,TOTAL,8.1,France,Males,Total (16 to 74 years)
2020-12,FR,T,TOTAL,7.9,France,Total,Total (16 to 74 years)
2020-12,IT,F,TOTAL,11.0,Italy,Females,Total (16 to 74 years)
2020-12,IT,M,TOTAL,8.8,Italy,Males,Total (16 to 74 years)
2020-12,IT,T,TOTAL,9.8,Italy,Total,Total (16 to 74 years)
2020-12,NL,F,TOTAL,5.1,Netherlands,Females,Total (16 to 74 years)
2020-12,NL,M,TOTAL,4.8,Netherlands,Males,Total (16 to 74 years)
2020-12,NL,T,TOTAL,4.9,Netherlands,Total,Total (16 to 74 years)
2020-12,PL,F,TOTAL,3.2,Poland,Females,Total (16 to 74 years)
2020-12,PL,M,TOTAL,3.4,Poland,Males,Total (16 to 74 years)
2020-12,PL,T,TOTAL,3.3,Poland,Total,Total (16 to 74 years)
2020-12,SE,F,TOTAL,9.3,Sweden,Females,Total (16 to 74 years)
2020-12,SE,M,TOTAL,9.1,Sweden,Males,Total (16 to 74 years)
2020-12,SE,T,TOTAL,9.2,Sweden,Total,Total (16 to 74 years)
2021-01,DE,F,TOTAL,3.4,Germany,Females,Total (16 to 74 years)
2021-01,DE,M,TOTAL,4.2,Germany,Males,Total (16 to 74 years)
2021-01,DE,T,TOTAL,3.9,Germany,Total,Total (16 to 74 years)
2021-01,EL,F,TOTAL,19.6,Greece,Females,Total (16 to 74 years)
2021-01,EL,M,TOTAL,13.1,Greece,Males,Total (16 to 74 years)
2021-01,EL,T,TOTAL,16.0,Greece,Total,Total (16 to 74 years)
2021-01,ES,F,TOTAL,18.0,Spain,Females,Total (16 to 74 years)
2021-01,ES,M,TOTAL,14.0,Spain,Males,Total (16 to 74 years)
2021-01,ES,T,TOTAL,15.9,Spain,Total,Total (16 to 74 years)
2021-01,EU27,F,TOTAL,7.8,European Union - 27 countries (from 2020),Females,Total (16 to 74 years)
2021-01,EU27,M,TOTAL,7.3,European Union - 27 countries (from 2020),Males,Total (16 to 74 years)
2021-01,EU27,T,TOTAL,7.5,European Union - 27 countries (from 2020),Total,Total (16 to 74 years)
2021-01,FR,F,TOTAL,7.8,France,Females,Total (16 to 74 years)
2021-01,FR,M,TOTAL,8.3,France,Males,Total (16 to 74 years)
2021-01,FR,T,TOTAL,8.1,France,Total,Total (16 to 74 years)
2021-01,IT,F,TOTAL,11.0,Italy,Females,Total (16 to 74 years)
2021-01,IT,M,TOTAL,9.5,Italy,Males,Total (16 to 74 years)
2021-01,IT,T,TOTAL,10.1,Italy,Total,Total (16 to 74 years)
2021-01,NL,F,TOTAL,4.9,Netherlands,Females,Total (16 to 74 years)
2021-01,NL,M,TOTAL,4.5,Netherlands,Males,Total (16 to 74 years)
2021-01,NL,T,TOTAL,4.7,Netherlands,Total,Total (16 to 74 years)
2021-01,PL,F,TOTAL,3.5,Poland,Females,Total (16 to 74 years)
2021-01,PL,M,TOTAL,3.6,Poland,Males,Total (16 to 74 years)
2021-01,PL,T,TOTAL,3.6,Poland,Total,Total (16 to 74 years)
2021-01,SE,F,TOTAL,9.0,Sweden,Females,Total (16 to 74 years)
2021-01,SE,M,TOTAL,9.0,Sweden,Males,Total (16 to 74 years)
2021-01,SE,T,TOTAL,9.0,Sweden,Total,Total (16 to 74 years)
2021-02,DE,F,TOTAL,3.5,Germany,Females,Total (16 to 74 years)
2021-02,DE,M,TOTAL,4.3,Germany,Males,Total (16 to 74 years)
2021-02,DE,T,TOTAL,3.9,Germany,Total,Total (16 to 74 years)
2021-02,EL,F,TOTAL,19.2,Greece,Females,Total (16 to 74 years)
2021-02,EL,M,TOTAL,13.3,Greece,Males,Total (16 to 74 years)
2021-02,EL,T,TOTAL,15.9,Greece,Total,Total (16 to 74 years)
2021-02,ES,F,TOTAL,17.8,Spain,Females,Total (16 to 74 years)
2021-02,ES,M,TOTAL,13.8,Spain,Males,Total (16 to 74 years)
2021-02,ES,T,TOTAL,15.7,Spain,Total,Total (16 to 74 years)
2021-02,EU27,F,TOTAL,7.9,European Union - 27 countries (from 2020),Females,Total (16 to 74 years)
2021-02,EU27,M,TOTAL,7.3,European Union - 27 countries (from 2020),Males,Total (16 to 74 years)
2021-02,EU27,T,TOTAL,7.5,European Union - 27 countries (from 2020),Total,Total (16 to 74 years)
2021-02,FR,F,TOTAL,7.9,France,Females,Total (16 to 74 years)
2021-02,FR,M,TOTAL,8.5,France,Males,Total (16 to 74 years)
2021-02,FR,T,TOTAL,8.2,France,Total,Total (16 to 74 years)
2021-02,IT,F,TOTAL,11.2,Italy,Females,Total (16 to 74 years)
2021-02,IT,M,TOTAL,9.3,Italy,Males,Total (16 to 74 years)
2021-02,IT,T,TOTAL,10.2,Italy,Total,Total (16 to 74 years)
2021-02,NL,F,TOTAL,4.9,Netherlands,Females,Total (16 to 74 years)
2021-02,NL,M,TOTAL,4.5,Netherlands,Males,Total (16 to 74 years)
2021-02,NL,T,TOTAL,4.7,Netherlands,Total,Total (16 to 74 years)
2021-02,PL,F,TOTAL,3.8,Poland,Females,Total (16 to 74 years)
2021-02,PL,M,TOTAL,3.8,Poland,Males,Total (16 to 74 years)
2021-02,PL,T,TOTAL,3.8,Poland,Total,Total (16 to 74 years)
2021-02,SE,F,TOTAL,9.9,Sweden,Females,Total (16 to 74 years)
2021-02,SE,M,TOTAL,8.5,Sweden,Males,Total (16 to 74 years)
2021-02,SE,T,TOTAL,9.1,Sweden,Total,Total (16 to 74 years)
2021-03,DE,F,TOTAL,3.4,Germany,Females,Total (16 to 74 years)
2021-03,DE,M,TOTAL,4.2,Germany,Males,Total (16 to 74 years)
2021-03,DE,T,TOTAL,3.9,Germany,Total,Total (16 to 74 years)
2021-03,EL,F,TOTAL,21.8,Greece,Females,Total (16 to 74 years)
2021-03,EL,M,TOTAL,12.2,Greece,Males,Total (16 to 74 years)
2021-03,EL,T,TOTAL,16.5,Greece,Total,Total (16 to 74 years)
2021-03,ES,F,TOTAL,17.7,Spain,Females,Total (16 to 74 years)
2021-03,ES,M,TOTAL,13.6,Spain,Males,Total (16 to 74 years)
2021-03,ES,T,TOTAL,15.5,Spain,Total,Total (16 to 74 years)
2021-03,EU27,F,TOTAL,7.9,European Union - 27 countries (from 2020),Females,Total (16 to 74 years)
2021-03,EU27,M,TOTAL,7.2,European Union - 27 countries (from 2020),Males,Total (16 to 74 years)
2021-03,EU27,T,TOTAL,7.5,European Union - 27 countries (from 2020),Total,Total (16 to 74 years)
2021-03,FR,F,TOTAL,7.9,France,Females,Total (16 to 74 years)
2021-03,FR,M,TOTAL,8.4,France,Males,Total (16 to 74 years)
2021-03,FR,T,TOTAL,8.2,France,Total,Total (16 to 74 years)
2021-03,IT,F,TOTAL,11.2,Italy,Females,Total (16 to 74 years)
2021-03,IT,M,TOTAL,9.3,Italy,Males,Total (16 to 74 years)
2021-03,IT,T,TOTAL,10.1,Italy,Total,Total (16 to 74 years)
2021-03,NL,F,TOTAL,4.8,Netherlands,Females,Total (16 to 74 years)
2021-03,NL,M,TOTAL,4.3,Netherlands,Males,Total (16 to 74 years)
2021-03,NL,T,TOTAL,4.6,Netherlands,Total,Total (16 to 74 years)
2021-03,PL,F,TOTAL,3.8,Poland,Females,Total (16 to 74 years)
2021-03,PL,M,TOTAL,3.9,Poland,Males,Total (16 to 74 years)
2021-03,PL,T,TOTAL,3.9,Poland,Total,Total (16 to 74 years)
2021-03,SE,F,TOTAL,9.5,Sweden,Females,Total (16 to 74 years)
2021-03,SE,M,TOTAL,9.7,Sweden,Males,Total (16 to 74 years)
2021-03,SE,T,TOTAL,9.6,Sweden,Total,Total (16 to 74 years)
2021-04,DE,F,TOTAL,3.4,Germany,Females,Total (16 to 74 years)
2021-04,DE,M,TOTAL,4.1,Germany,Males,Total (16 to 74 years)
2021-04,DE,T,TOTAL,3.8,Germany,Total,Total (16 to 74 years)
2021-04,EL,F,TOTAL,21.6,Greece,Females,Total (16 to 74 years)
2021-04,EL,M,TOTAL,13.6,Greece,Males,Total (16 to 74 years)
2021-04,EL,T,TOTAL,17.1,Greece,Total,Total (16 to 74 years)
2021-04,ES,F,TOTAL,18.0,Spain,Females,Total (16 to 74 years)
2021-04,ES,M,TOTAL,13.7,Spain,Males,Total (16 to 74 years)
2021-04,ES,T,TOTAL,15.7,Spain,Total,Total (16 to 74 years)
2021-04,EU27,F,TOTAL,7.9,European Union - 27 countries (from 2020),Females,Total (16 to 74 years)
2021-04,EU27,M,TOTAL,7.2,European Union - 27 countries (from 2020),Males,Total (16 to 74 years)
2021-04,EU27,T,TOTAL,7.5,European Union - 27 countries (from 2020),Total,Total (16 to 74 years)
2021-04,FR,F,TOTAL,8.1,France,Females,Total (16 to 74 years)
2021-04,FR,M,TOTAL,8.3,France,Males,Total (16 to 74 years)
2021-04,FR,T,TOTAL,8.2,France,Total,Total (16 to 74 years)
2021-04,IT,F,TOTAL,11.5,Italy,Females,Total (16 to 74 years)
2021-04,IT,M,TOTAL,9.4,Italy,Males,Total (16 to 74 years)
2021-04,IT,T,TOTAL,10.3,Italy,Total,Total (16 to 74 years)
2021-04,NL,F,TOTAL,4.8,Netherlands,Females,Total (16 to 74 years)
2021-04,NL,M,TOTAL,4.2,Netherlands,Males,Total (16 to 74 years)
2021-04,NL,T,TOTAL,4.5,Netherlands,Total,Total (16 to 74 years)
2021-04,PL,F,TOTAL,3.8,Poland,Females,Total (16 to 74 years)
2021-04,PL,M,TOTAL,3.8,Poland,Males,Total (16 to 74 years)
2021-04,PL,T,TOTAL,3.8,Poland,Total,Total (16 to 74 years)
2021-04,SE,F,TOTAL,9.2,Sweden,Females,Total (16 to 74 years)
2021-04,SE,M,TOTAL,9.0,Sweden,Males,Total (16 to 74 years)
2021-04,SE,T,TOTAL,9.1,Sweden,Total,Total (16 to 74 years)
2021-05,DE,F,TOTAL,3.3,Germany,Females,Total (16 to 74 years)
2021-05,DE,M,TOTAL,4.0,Germany,Males,Total (16 to 74 years)
2021-05,DE,T,TOTAL,3.7,Germany,Total,Total (16 to 74 years)
2021-05,EL,F,TOTAL,20.3,Greece,Females,Total (16 to 74 years)
2021-05,EL,M,TOTAL,12.5,Greece,Males,Total (16 to 74 years)
2021-05,EL,T,TOTAL,16.0,Greece,Total,Total (16 to 74 years)
2021-05,ES,F,TOTAL,17.9,Spain,Females,Total (16 to 74 years)
2021-05,ES,M,TOTAL,13.7,Spain,Males,Total (16 to 74 years)
2021-05,ES,T,TOTAL,15.7,Spain,Total,Total (16 to 74 years)
2021-05,EU27,F,TOTAL,7.8,European Union - 27 countries (from 2020),Females,Total (16 to 74 years)
2021-05,EU27,M,TOTAL,7.0,European Union - 27 countries (from 2020),Males,Total (16 to 74 years)
2021-05,EU27,T,TOTAL,7.4,European Union - 27 countries (from 2020),Total,Total (16 to 74 years)
2021-05,FR,F,TOTAL,8.0,France,Females,Total (16 to 74 years)
2021-05,FR,M,TOTAL,8.0,France,Males,Total (16 to 74 years)
2021-05,FR,T,TOTAL,8.0,France,Total,Total (16 to 74 years)
2021-05,IT,F,TOTAL,10.8,Italy,Females,Total (16 to 74 years)
2021-05,IT,M,TOTAL,9.2,Italy,Males,Total (16 to 74 years)
2021-05,IT,T,TOTAL,9.9,Italy,Total,Total (16 to 74 years)
2021-05,NL,F,TOTAL,4.7,Netherlands,Females,Total (16 to 74 years)
2021-05,NL,M,TOTAL,4.1,Netherlands,Males,Total (16 to 74 years)
2021-05,NL,T,TOTAL,4.4,Netherlands,Total,Total (16 to 74 years)
2021-05,PL,F,TOTAL,3.7,Poland,Females,Total (16 to 74 years)
2021-05,PL,M,TOTAL,3.6,Poland,Males,Total (16 to 74 years)
2021-05,PL,T,TOTAL,3.7,Poland,Total,Total (16 to 74 years)
2021-05,SE,F,TOTAL,9.6,Sweden,Females,Total (16 to 74 years)
2021-05,SE,M,TOTAL,8.6,Sweden,Males,Total (16 to 74 years)
2021-05,SE,T,TOTAL,9.1,Sweden,Total,Total (16 to 74 years)
2021-06,DE,F,TOTAL,3.2,Germany,Females,Total (16 to 74 years)
2021-06,DE,M,TOTAL,3.9,Germany,Males,Total (16 to 74 years)
2021-06,DE,T,TOTAL,3.6,Germany,Total,Total (16 to 74 years)
2021-06,EL,F,TOTAL,19.4,Greece,Females,Total (16 to 74 years)
2021-06,EL,M,TOTAL,11.7,Greece,Males,Total (16 to 74 years)
2021-06,EL,T,TOTAL,15.1,Greece,Total,Total (16 to 74 years)
2021-06,ES,F,TOTAL,17.6,Spain,Females,Total (16 to 74 years)
2021-06,ES,M,TOTAL,13.8,Spain,Males,Total (16 to 74 years)
2021-06,ES,T,TOTAL,15.6,Spain,Total,Total (16 to 74 years)
2021-06,EU27,F,TOTAL,7.6,European Union - 27 countries (from 2020),Females,Total (16 to 74 years)
2021-06,EU27,M,TOTAL,6.8,European Union - 27 countries (from 2020),Males,Total (16 to 74 years)
2021-06,EU27,T,TOTAL,7.2,European Union - 27 countries (from 2020),Total,Total (16 to 74 years)
2021-06,FR,F,TOTAL,7.9,France,Females,Total (16 to 74 years)
2021-06,FR,M,TOTAL,7.9,France,Males,Total (16 to 74 years)
2021-06,FR,T,TOTAL,7.9,France,Total,Total (16 to 74 years)
2021-06,IT,F,TOTAL,10.7,Italy,Females,Total (16 to 74 years)
2021-06,IT,M,TOTAL,8.6,Italy,Males,Total (16 to 74 years)
2021-06,IT,T,TOTAL,9.5,Italy,Total,Total (16 to 74 years)
2021-06,NL,F,TOTAL,4.5,Netherlands,Females,Total (16 to 74 years)
2021-06,NL,M,TOTAL,3.9,Netherlands,Males,Total (16 to 74 years)
2021-06,NL,T,TOTAL,4.2,Netherlands,Total,Total (16 to 74 years)
2021-06,PL,F,TOTAL,3.5,Poland,Females,Total (16 to 74 years)
2021-06,PL,M,TOTAL,3.5,Poland,Males,Total (16 to 74 years)
2021-06,PL,T,TOTAL,3.5,Poland,Total,Total (16 to 74 years)
2021-06,SE,F,TOTAL,9.6,Sweden,Females,Total (16 to 74 years)
2021-06,SE,M,TOTAL,9.3,Sweden,Males,Total (16 to 74 years)
2021-06,SE,T,TOTAL,9.4,Sweden,Total,Total (16 to 74 years)
2021-07,DE,F,TOTAL,3.1,Germany,Females,Total (16 to 74 years)
2021-07,DE,M,TOTAL,3.8,Germany,Males,Total (16 to 74 years)
2021-07,DE,T,TOTAL,3.5,Germany,Total,Total (16 to 74 years)
2021-07,EL,F,TOTAL,18.7,Greece,Females,Total (16 to 74 years)
2021-07,EL,M,TOTAL,10.4,Greece,Males,Total (16 to 74 years)
2021-07,EL,T,TOTAL,14.1,Greece,Total,Total (16 to 74 years)
2021-07,ES,F,TOTAL,17.0,Spain,Females,Total (16 to 74 years)
2021-07,ES,M,TOTAL,13.7,Spain,Males,Total (16 to 74 years)
2021-07,ES,T,TOTAL,15.2,Spain,Total,Total (16 to 74 years)
2021-07,EU27,F,TOTAL,7.3,European Union - 27 countries (from 2020),Females,Total (16 to 74 years)
2021-07,EU27,M,TOTAL,6.6,European Union - 27 countries (from 2020),Males,Total (16 to 74 years)
2021-07,EU27,T,TOTAL,7.0,European Union - 27 countries (from 2020),Total,Total (16 to 74 years)
2021-07,FR,F,TOTAL,8.0,France,Females,Total (16 to 74 years)
2021-07,FR,M,TOTAL,7.9,France,Males,Total (16 to 74 years)
2021-07,FR,T,TOTAL,8.0,France,Total,Total (16 to 74 years)
2021-07,IT,F,TOTAL,10.3,Italy,Females,Total (16 to 74 years)
2021-07,IT,M,TOTAL,8.2,Italy,Males,Total (16 to 74 years)
2021-07,IT,T,TOTAL,9.1,Italy,Total,Total (16 to 74 years)
2021-07,NL,F,TOTAL,4.4,Netherlands,Females,Total (16 to 74 years)
2021-07,NL,M,TOTAL,3.8,Netherlands,Males,Total (16 to 74 years)
2021-07,NL,T,TOTAL,4.1,Netherlands,Total,Total (16 to 74 years)
2021-07,PL,F,TOTAL,3.3,Poland,Females,Total (16 to 74 years)
2021-07,PL,M,TOTAL,3.2,Poland,Males,Total (16 to 74 years)
2021-07,PL,T,TOTAL,3.3,Poland,Total,Total (16 to 74 years)
2021-07,SE,F,TOTAL,8.9,Sweden,Females,Total (16 to 74 years)
2021-07,SE,M,TOTAL,8.4,Sweden,Males,Total (16 to 74 years)
2021-07,SE,T,TOTAL,8.7,Sweden,Total,Total (16 to 74 years)
2021-08,DE,F,TOTAL,3.0,Germany,Females,Total (16 to 74 years)
2021-08,DE,M,TOTAL,3.8,Germany,Males,Total (16 to 74 years)
2021-08,DE,T,TOTAL,3.4,Germany,Total,Total (16 to 74 years)
2021-08,EL,F,TOTAL,17.8,Greece,Females,Total (16 to 74 years)
2021-08,EL,M,TOTAL,11.2,Greece,Males,Total (16 to 74 years)
2021-08,EL,T,TOTAL,14.1,Greece,Total,Total (16 to 74 years)
2021-08,ES,F,TOTAL,16.4,Spain,Females,Total (16 to 74 years)
2021-08,ES,M,TOTAL,13.4,Spain,Males,Total (16 to 74 years)
2021-08,ES,T,TOTAL,14.8,Spain,Total,Total (16 to 74 years)
2021-08,EU27,F,TOTAL,7.2,European Union - 27 countries (from 2020),Females,Total (16 to 74 years)
2021-08,EU27,M,TOTAL,6.6,European Union - 27 countries (from 2020),Males,Total (16 to 74 years)
2021-08,EU27,T,TOTAL,6.9,European Union - 27 countries (from 2020),Total,Total (16 to 74 years)
2021-08,FR,F,TOTAL,7.9,France,Females,Total (16 to 74 years)
2021-08,FR,M,TOTAL,7.9,France,Males,Total (16 to 74 years)
2021-08,FR,T,TOTAL,7.9,France,Total,Total (16 to 74 years)
2021-08,IT,F,TOTAL,10.4,Italy,Females,Total (16 to 74 years)
2021-08,IT,M,TOTAL,8.2,Italy,Males,Total (16 to 74 years)
2021-08,IT,T,TOTAL,9.1,Italy,Total,Total (16 to 74 years)
2021-08,NL,F,TOTAL,4.5,Netherlands,Females,Total (16 to 74 years)
2021-08,NL,M,TOTAL,3.9,Netherlands,Males,Total (16 to 74 years)
2021-08,NL,T,TOTAL,4.2,Netherlands,Total,Total (16 to 74 years)
2021-08,PL,F,TOTAL,3.2,Poland,Females,Total (16 to 74 years)
2021-08,PL,M,TOTAL,3.1,Poland,Males,Total (16 to 74 years)
2021-08,PL,T,TOTAL,3.1,Poland,Total,Total (16 to 74 years)
2021-08,SE,F,TOTAL,8.7,Sweden,Females,Total (16 to 74 years)
2021-08,SE,M,TOTAL,9.1,Sweden,Males,Total (16 to 74 years)
2021-08,SE,T,TOTAL,8.9,Sweden,Total,Total (16 to 74 years)
2021-09,DE,F,TOTAL,3.0,Germany,Females,Total (16 to 74 years)
2021-09,DE,M,TOTAL,3.8,Germany,Males,Total (16 to 74 years)
2021-09,DE,T,TOTAL,3.4,Germany,Total,Total (16 to 74 years)
2021-09,EL,F,TOTAL,17.9,Greece,Females,Total (16 to 74 years)
2021-09,EL,M,TOTAL,9.6,Greece,Males,Total (16 to 74 years)
2021-09,EL,T,TOTAL,13.3,Greece,Total,Total (16 to 74 years)
2021-09,ES,F,TOTAL,15.9,Spain,Females,Total (16 to 74 years)
2021-09,ES,M,TOTAL,12.9,Spain,Males,Total (16 to 74 years)
2021-09,ES,T,TOTAL,14.4,Spain,Total,Total (16 to 74 years)
2021-09,EU27,F,TOTAL,7.0,European Union - 27 countries (from 2020),Females,Total (16 to 74 years)
2021-09,EU27,M,TOTAL,6.5,European Union - 27 countries (from 2020),Males,Total (16 to 74 years)
2021-09,EU27,T,TOTAL,6.7,European Union - 27 countries (from 2020),Total,Total (16 to 74 years)
2021-09,FR,F,TOTAL,7.7,France,Females,Total (16 to 74 years)
2021-09,FR,M,TOTAL,7.8,France,Males,Total (16 to 74 years)
2021-09,FR,T,TOTAL,7.7,France,Total,Total (16 to 74 years)
2021-09,IT,F,TOTAL,10.3,Italy,Females,Total (16 to 74 years)
2021-09,IT,M,TOTAL,8.2,Italy,Males,Total (16 to 74 years)
2021-09,IT,T,TOTAL,9.1,Italy,Total,Total (16 to 74 years)
2021-09,NL,F,TOTAL,4.4,Netherlands,Females,Total (16 to 74 years)
2021-09,NL,M,TOTAL,3.8,Netherlands,Males,Total (16 to 74 years)
2021-09,NL,T,TOTAL,4.1,Netherlands,Total,Total (16 to 74 years)
2021-09,PL,F,TOTAL,3.1,Poland,Females,Total (16 to 74 years)
2021-09,PL,M,TOTAL,2.9,Poland,Males,Total (16 to 74 years)
2021-09,PL,T,TOTAL,3.0,Poland,Total,Total (16 to 74 years)
2021-09,SE,F,TOTAL,9.5,Sweden,Females,Total (16 to 74 years)
2021-09,SE,M,TOTAL,8.3,Sweden,Males,Total (16 to 74 years)
2021-09,SE,T,TOTAL,8.9,Sweden,Total,Total (16 to 74 years)
2021-10,DE,F,TOTAL,3.0,Germany,Females,Total (16 to 74 years)
2021-10,DE,M,TOTAL,3.8,Germany,Males,Total (16 to 74 years)
2021-10,DE,T,TOTAL,3.4,Germany,Total,Total (16 to 74 years)
2021-10,EL,F,TOTAL,17.6,Greece,Females,Total (16 to 74 years)
2021-10,EL,M,TOTAL,9.6,Greece,Males,Total (16 to 74 years)
2021-10,EL,T,TOTAL,13.2,Greece,Total,Total (16 to 74 years)
2021-10,ES,F,TOTAL,15.6,Spain,Females,Total (16 to 74 years)
2021-10,ES,M,TOTAL,12.4,Spain,Males,Total (16 to 74 years)
2021-10,ES,T,TOTAL,13.9,Spain,Total,Total (16 to 74 years)
2021-10,EU27,F,TOTAL,6.9,European Union - 27 countries (from 2020),Females,Total (16 to 74 years)
2021-10,EU27,M,TOTAL,6.4,European Union - 27 countries (from 2020),Males,Total (16 to 74 years)
2021-10,EU27,T,TOTAL,6.6,European Union - 27 countries (from 2020),Total,Total (16 to 74 years)
2021-10,FR,F,TOTAL,7.4,France,Females,Total (16 to 74 years)
2021-10,FR,M,TOTAL,7.6,France,Males,Total (16 to 74 years)
2021-10,FR,T,TOTAL,7.5,France,Total,Total (16 to 74 years)
2021-10,IT,F,TOTAL,10.3,Italy,Females,Total (16 to 74 years)
2021-10,IT,M,TOTAL,8.2,Italy,Males,Total (16 to 74 years)
2021-10,IT,T,TOTAL,9.1,Italy,Total,Total (16 to 74 years)
2021-10,NL,F,TOTAL,4.3,Netherlands,Females,Total (16 to 74 years)
2021-10,NL,M,TOTAL,3.6,Netherlands,Males,Total (16 to 74 years)
2021-10,NL,T,TOTAL,3.9,Netherlands,Total,Total (16 to 74 years)
2021-10,PL,F,TOTAL,3.1,Poland,Females,Total (16 to 74 years)
2021-10,PL,M,TOTAL,2.9,Poland,Males,Total (16 to 74 years)
2021-10,PL,T,TOTAL,3.0,Poland,Total,Total (16 to 74 years)
2021-10,SE,F,TOTAL,9.0,Sweden,Females,Total (16 to 74 years)
2021-10,SE,M,TOTAL,7.8,Sweden,Males,Total (16 to 74 years)
2021-10,SE,T,TOTAL,8.4,Sweden,Total,Total (16 to 74 years)
2021-11,DE,F,TOTAL,2.9,Germany,Females,Total (16 to 74 years)
2021-11,DE,M,TOTAL,3.8,Germany,Males,Total (16 to 74 years)
2021-11,DE,T,TOTAL,3.4,Germany,Total,Total (16 to 74 years)
2021-11,EL,F,TOTAL,17.6,Greece,Females,Total (16 to 74 years)
2021-11,EL,M,TOTAL,9.7,Greece,Males,Total (16 to 74 years)
2021-11,EL,T,TOTAL,13.2,Greece,Total,Total (16 to 74 years)
2021-11,ES,F,TOTAL,15.3,Spain,Females,Total (16 to 74 years)
2021-11,ES,M,TOTAL,12.0,Spain,Males,Total (16 to 74 years)
2021-11,ES,T,TOTAL,13.5,Spain,Total,Total (16 to 74 years)
2021-11,EU27,F,TOTAL,6.8,European Union - 27 countries (from 2020),Females,Total (16 to 74 years)
2021-11,EU27,M,TOTAL,6.3,European Union - 27 countries (from 2020),Males,Total (16 to 74 years)
2021-11,EU27,T,TOTAL,6.5,European Union - 27 countries (from 2020),Total,Total (16 to 74 years)
2021-11,FR,F,TOTAL,7.3,France,Females,Total (16 to 74 years)
2021-11,FR,M,TOTAL,7.6,France,Males,Total (16 to 74 years)
2021-11,FR,T,TOTAL,7.4,France,Total,Total (16 to 74 years)
2021-11,IT,F,TOTAL,10.2,Italy,Females,Total (16 to 74 years)
2021-11,IT,M,TOTAL,8.2,Italy,Males,Total (16 to 74 years)
2021-11,IT,T,TOTAL,9.1,Italy,Total,Total (16 to 74 years)
2021-11,NL,F,TOTAL,3.9,Netherlands,Females,Total (16 to 74 years)
2021-11,NL,M,TOTAL,3.5,Netherlands,Males,Total (16 to 74 years)
2021-11,NL,T,TOTAL,3.7,Netherlands,Total,Total (16 to 74 years)
2021-11,PL,F,TOTAL,3.0,Poland,Females,Total (16 to 74 years)
2021-11,PL,M,TOTAL,2.9,Poland,Males,Total (16 to 74 years)
2021-11,PL,T,TOTAL,3.0,Poland,Total,Total (16 to 74 years)
2021-11,SE,F,TOTAL,8.7,Sweden,Females,Total (16 to 74 years)
2021-11,SE,M,TOTAL,8.2,Sweden,Males,Total (16 to 74 years)
2021-11,SE,T,TOTAL,8.4,Sweden,Total,Total (16 to 74 years)
2021-12,DE,F,TOTAL,2.9,Germany,Females,Total (16 to 74 years)
2021-12,DE,M,TOTAL,3.7,Germany,Males,Total (16 to 74 years)
2021-12,DE,T,TOTAL,3.3,Germany,Total,Total (16 to 74 years)
2021-12,EL,F,TOTAL,17.0,Greece,Females,Total (16 to 74 years)
2021-12,EL,M,TOTAL,9.7,Greece,Males,Total (16 to 74 years)
2021-12,EL,T,TOTAL,13.0,Greece,Total,Total (16 to 74 years)
2021-12,ES,F,TOTAL,15.1,Spain,Females,Total (16 to 74 years)
2021-12,ES,M,TOTAL,11.8,Spain,Males,Total (16 to 74 years)
2021-12,ES,T,TOTAL,13.3,Spain,Total,Total (16 to 74 years)
2021-12,EU27,F,TOTAL,6.7,European Union - 27 countries (from 2020),Females,Total (16 to 74 years)
2021-12,EU27,M,TOTAL,6.2,European Union - 27 countries (from 2020),Males,Total (16 to 74 years)
2021-12,EU27,T,TOTAL,6.4,European Union - 27 countries (from 2020),Total,Total (16 to 74 years)
2021-12,FR,F,TOTAL,7.3,France,Females,Total (16 to 74 years)
2021-12,FR,M,TOTAL,7.5,France,Males,Total (16 to 74 years)
2021-12,FR,T,TOTAL,7.4,France,Total,Total (16 to 74 years)
2021-12,IT,F,TOTAL,9.9,Italy,Females,Total (16 to 74 years)
2021-12,IT,M,TOTAL,8.2,Italy,Males,Total (16 to 74 years)
2021-12,IT,T,TOTAL,8.9,Italy,Total,Total (16 to 74 years)
2021-12,NL,F,TOTAL,4.0,Netherlands,Females,Total (16 to 74 years)
2021-12,NL,M,TOTAL,3.6,Netherlands,Males,Total (16 to 74 years)
2021-12,NL,T,TOTAL,3.8,Netherlands,Total,Total (16 to 74 years)
2021-12,PL,F,TOTAL,2.9,Poland,Females,Total (16 to 74 years)
2021-12,PL,M,TOTAL,2.9,Poland,Males,Total (16 to 74 years)
2021-12,PL,T,TOTAL,2.9,Poland,Total,Total (16 to 74 years)
2021-12,SE,F,TOTAL,8.5,Sweden,Females,Total (16 to 74 years)
2021-12,SE,M,TOTAL,7.5,Sweden,Males,Total (16 to 74 years)
2021-12,SE,T,TOTAL,8.0,Sweden,Total,Total (16 to 74 years)
2022-01,DE,F,TOTAL,2.9,Germany,Females,Total (16 to 74 years)
2022-01,DE,M,TOTAL,3.7,Germany,Males,Total (16 to 74 years)
2022-01,DE,T,TOTAL,3.3,Germany,Total,Total (16 to 74 years)
2022-01,EL,F,TOTAL,17.5,Greece,Females,Total (16 to 74 years)
2022-01,EL,M,TOTAL,9.7,Greece,Males,Total (16 to 74 years)
2022-01,EL,T,TOTAL,13.1,Greece,Total,Total (16 to 74 years)
2022-01,ES,F,TOTAL,15.0,Spain,Females,Total (16 to 74 years)
2022-01,ES,M,TOTAL,11.7,Spain,Males,Total (16 to 74 years)
2022-01,ES,T,TOTAL,13.3,Spain,Total,Total (16 to 74 years)
2022-01,EU27,F,TOTAL,6.7,European Union - 27 countries (from 2020),Females,Total (16 to 74 years)
2022-01,EU27,M,TOTAL,6.1,European Union - 27 countries (from 2020),Males,Total (16 to 74 years)
2022-01,EU27,T,TOTAL,6.4,European Union - 27 countries (from 2020),Total,Total (16 to 74 years)
2022-01,FR,F,TOTAL,7.3,France,Females,Total (16 to 74 years)
2022-01,FR,M,TOTAL,7.3,France,Males,Total (16 to 74 years)
2022-01,FR,T,TOTAL,7.3,France,Total,Total (16 to 74 years)
2022-01,IT,F,TOTAL,9.7,Italy,Females,Total (16 to 74 years)
2022-01,IT,M,TOTAL,7.7,Italy,Males,Total (16 to 74 years)
2022-01,IT,T,TOTAL,8.5,Italy,Total,Total (16 to 74 years)
2022-01,NL,F,TOTAL,3.9,Netherlands,Females,Total (16 to 74 years)
2022-01,NL,M,TOTAL,3.4,Netherlands,Males,Total (16 to 74 years)
2022-01,NL,T,TOTAL,3.6,Netherlands,Total,Total (16 to 74 years)
2022-01,PL,F,TOTAL,2.7,Poland,Females,Total (16 to 74 years)
2022-01,PL,M,TOTAL,3.0,Poland,Males,Total (16 to 74 years)
2022-01,PL,T,TOTAL,2.9,Poland,Total,Total (16 to 74 years)
2022-01,SE,F,TOTAL,9.0,Sweden,Females,Total (16 to 74 years)
2022-01,SE,M,TOTAL,7.2,Sweden,Males,Total (16 to 74 years)
2022-01,SE,T,TOTAL,8.0,Sweden,Total,Total (16 to 74 years)
2022-02,DE,F,TOTAL,2.9,Germany,Females,Total (16 to 74 years)
2022-02,DE,M,TOTAL,3.6,Germany,Males,Total (16 to 74 years)
2022-02,DE,T,TOTAL,3.2,Germany,Total,Total (16 to 74 years)
2022-02,EL,F,TOTAL,16.2,Greece,Females,Total (16 to 74 years)
2022-02,EL,M,TOTAL,10.3,Greece,Males,Total (16 to 74 years)
2022-02,EL,T,TOTAL,12.9,Greece,Total,Total (16 to 74 years)
2022-02,ES,F,TOTAL,15.0,Spain,Females,Total (16 to 74 years)
2022-02,ES,M,TOTAL,11.7,Spain,Males,Total (16 to 74 years)
2022-02,ES,T,TOTAL,13.2,Spain,Total,Total (16 to 74 years)
2022-02,EU27,F,TOTAL,6.6,European Union - 27 countries (from 2020),Females,Total (16 to 74 years)
2022-02,EU27,M,TOTAL,6.0,European Union - 27 countries (from 2020),Males,Total (16 to 74 years)
2022-02,EU27,T,TOTAL,6.3,European Union - 27 countries (from 2020),Total,Total (16 to 74 years)
2022-02,FR,F,TOTAL,7.4,France,Females,Total (16 to 74 years)
2022-02,FR,M,TOTAL,7.3,France,Males,Total (16 to 74 years)
2022-02,FR,T,TOTAL,7.3,France,Total,Total (16 to 74 years)
2022-02,IT,F,TOTAL,9.8,Italy,Females,Total (16 to 74 years)
2022-02,IT,M,TOTAL,7.3,Italy,Males,Total (16 to 74 years)
2022-02,IT,T,TOTAL,8.3,Italy,Total,Total (16 to 74 years)
2022-02,NL,F,TOTAL,3.6,Netherlands,Females,Total (16 to 74 years)
2022-02,NL,M,TOTAL,3.3,Netherlands,Males,Total (16 to 74 years)
2022-02,NL,T,TOTAL,3.4,Netherlands,Total,Total (16 to 74 years)
2022-02,PL,F,TOTAL,2.8,Poland,Females,Total (16 to 74 years)
2022-02,PL,M,TOTAL,2.9,Poland,Males,Total (16 to 74 years)
2022-02,PL,T,TOTAL,2.8,Poland,Total,Total (16 to 74 years)
2022-02,SE,F,TOTAL,7.4,Sweden,Females,Total (16 to 74 years)
2022-02,SE,M,TOTAL,7.3,Sweden,Males,Total (16 to 74 years)
2022-02,SE,T,TOTAL,7.3,Sweden,Total,Total (16 to 74 years)
2022-03,DE,F,TOTAL,2.8,Germany,Females,Total (16 to 74 years)
2022-03,DE,M,TOTAL,3.5,Germany,Males,Total (16 to 74 years)
2022-03,DE,T,TOTAL,3.2,Germany,Total,Total (16 to 74 years)
2022-03,EL,F,TOTAL,16.5,Greece,Females,Total (16 to 74 years)
2022-03,EL,M,TOTAL,9.3,Greece,Males,Total (16 to 74 years)
2022-03,EL,T,TOTAL,12.5,Greece,Total,Total (16 to 74 years)
2022-03,ES,F,TOTAL,15.0,Spain,Females,Total (16 to 74 years)
2022-03,ES,M,TOTAL,11.8,Spain,Males,Total (16 to 74 years)
2022-03,ES,T,TOTAL,13.3,Spain,Total,Total (16 to 74 years)
2022-03,EU27,F,TOTAL,6.6,European Union - 27 countries (from 2020),Females,Total (16 to 74 years)
2022-03,EU27,M,TOTAL,5.9,European Union - 27 countries (from 2020),Males,Total (16 to 74 years)
2022-03,EU27,T,TOTAL,6.2,European Union - 27 countries (from 2020),Total,Total (16 to 74 years)
2022-03,FR,F,TOTAL,7.4,France,Females,Total (16 to 74 years)
2022-03,FR,M,TOTAL,7.4,France,Males,Total (16 to 74 years)
2022-03,FR,T,TOTAL,7.4,France,Total,Total (16 to 74 years)
2022-03,IT,F,TOTAL,9.4,Italy,Females,Total (16 to 74 years)
2022-03,IT,M,TOTAL,7.4,Italy,Males,Total (16 to 74 years)
2022-03,IT,T,TOTAL,8.3,Italy,Total,Total (16 to 74 years)
2022-03,NL,F,TOTAL,3.6,Netherlands,Females,Total (16 to 74 years)
2022-03,NL,M,TOTAL,3.1,Netherlands,Males,Total (16 to 74 years)
2022-03,NL,T,TOTAL,3.3,Netherlands,Total,Total (16 to 74 years)
2022-03,PL,F,TOTAL,2.9,Poland,Females,Total (16 to 74 years)
2022-03,PL,M,TOTAL,2.7,Poland,Males,Total (16 to 74 years)
2022-03,PL,T,TOTAL,2.8,Poland,Total,Total (16 to 74 years)
2022-03,SE,F,TOTAL,8.6,Sweden,Females,Total (16 to 74 years)
2022-03,SE,M,TOTAL,6.9,Sweden,Males,Total (16 to 74 years)
2022-03,SE,T,TOTAL,7.7,Sweden,Total,Total (16 to 74 years)
2022-04,DE,F,TOTAL,2.8,Germany,Females,Total (16 to 74 years)
2022-04,DE,M,TOTAL,3.4,Germany,Males,Total (16 to 74 years)
2022-04,DE,T,TOTAL,3.1,Germany,Total,Total (16 to 74 years)
2022-04,EL,F,TOTAL,16.4,Greece,Females,Total (16 to 74 years)
2022-04,EL,M,TOTAL,9.4,Greece,Males,Total (16 to 74 years)
2022-04,EL,T,TOTAL,12.5,Greece,Total,Total (16 to 74 years)
2022-04,ES,F,TOTAL,14.9,Spain,Females,Total (16 to 74 years)
2022-04,ES,M,TOTAL,11.6,Spain,Males,Total (16 to 74 years)
2022-04,ES,T,TOTAL,13.2,Spain,Total,Total (16 to 74 years)
2022-04,EU27,F,TOTAL,6.6,European Union - 27 countries (from 2020),Females,Total (16 to 74 years)
2022-04,EU27,M,TOTAL,5.9,European Union - 27 countries (from 2020),Males,Total (16 to 74 years)
2022-04,EU27,T,TOTAL,6.2,European Union - 27 countries (from 2020),Total,Total (16 to 74 years)
2022-04,FR,F,TOTAL,7.4,France,Females,Total (16 to 74 years)
2022-04,FR,M,TOTAL,7.6,France,Males,Total (16 to 74 years)
2022-04,FR,T,TOTAL,7.5,France,Total,Total (16 to 74 years)
2022-04,IT,F,TOTAL,9.5,Italy,Females,Total (16 to 74 years)
2022-04,IT,M,TOTAL,7.1,Italy,Males,Total (16 to 74 years)
2022-04,IT,T,TOTAL,8.1,Italy,Total,Total (16 to 74 years)
2022-04,NL,F,TOTAL,3.4,Netherlands,Females,Total (16 to 74 years)
2022-04,NL,M,TOTAL,3.0,Netherlands,Males,Total (16 to 74 years)
2022-04,NL,T,TOTAL,3.2,Netherlands,Total,Total (16 to 74 years)
2022-04,PL,F,TOTAL,3.2,Poland,Females,Total (16 to 74 years)
2022-04,PL,M,TOTAL,2.4,Poland,Males,Total (16 to 74 years)
2022-04,PL,T,TOTAL,2.8,Poland,Total,Total (16 to 74 years)
2022-04,SE,F,TOTAL,8.7,Sweden,Females,Total (16 to 74 years)
2022-04,SE,M,TOTAL,7.0,Sweden,Males,Total (16 to 74 years)
2022-04,SE,T,TOTAL,7.8,Sweden,Total,Total (16 to 74 years)
2022-05,DE,F,TOTAL,2.8,Germany,Females,Total (16 to 74 years)
2022-05,DE,M,TOTAL,3.4,Germany,Males,Total (16 to 74 years)
2022-05,DE,T,TOTAL,3.1,Germany,Total,Total (16 to 74 years)
2022-05,EL,F,TOTAL,17.0,Greece,Females,Total (16 to 74 years)
2022-05,EL,M,TOTAL,9.8,Greece,Males,Total (16 to 74 years)
2022-05,EL,T,TOTAL,12.9,Greece,Total,Total (16 to 74 years)
2022-05,ES,F,TOTAL,14.7,Spain,Females,Total (16 to 74 years)
2022-05,ES,M,TOTAL,11.3,Spain,Males,Total (16 to 74 years)
2022-05,ES,T,TOTAL,12.9,Spain,Total,Total (16 to 74 years)
2022-05,EU27,F,TOTAL,6.6,European Union - 27 countries (from 2020),Females,Total (16 to 74 years)
2022-05,EU27,M,TOTAL,5.9,European Union - 27 countries (from 2020),Males,Total (16 to 74 years)
2022-05,EU27,T,TOTAL,6.2,European Union - 27 countries (from 2020),Total,Total (16 to 74 years)
2022-05,FR,F,TOTAL,7.3,France,Females,Total (16 to 74 years)
2022-05,FR,M,TOTAL,7.7,France,Males,Total (16 to 74 years)
2022-05,FR,T,TOTAL,7.5,France,Total,Total (16 to 74 years)
2022-05,IT,F,TOTAL,9.4,Italy,Females,Total (16 to 74 years)
2022-05,IT,M,TOTAL,7.1,Italy,Males,Total (16 to 74 years)
2022-05,IT,T,TOTAL,8.1,Italy,Total,Total (16 to 74 years)
2022-05,NL,F,TOTAL,3.6,Netherlands,Females,Total (16 to 74 years)
2022-05,NL,M,TOTAL,3.0,Netherlands,Males,Total (16 to 74 years)
2022-05,NL,T,TOTAL,3.3,Netherlands,Total,Total (16 to 74 years)
2022-05,PL,F,TOTAL,3.2,Poland,Females,Total (16 to 74 years)
2022-05,PL,M,TOTAL,2.4,Poland,Males,Total (16 to 74 years)
2022-05,PL,T,TOTAL,2.8,Poland,Total,Total (16 to 74 years)
2022-05,SE,F,TOTAL,7.5,Sweden,Females,Total (16 to 74 years)
2022-05,SE,M,TOTAL,8.1,Sweden,Males,Total (16 to 74 years)
2022-05,SE,T,TOTAL,7.8,Sweden,Total,Total (16 to 74 years)
2022-06,DE,F,TOTAL,2.8,Germany,Females,Total (16 to 74 years)
2022-06,DE,M,TOTAL,3.4,Germany,Males,Total (16 to 74 years)
2022-06,DE,T,TOTAL,3.1,Germany,Total,Total (16 to 74 years)
2022-06,EL,F,TOTAL,17.2,Greece,Females,Total (16 to 74 years)
2022-06,EL,M,TOTAL,8.8,Greece,Males,Total (16 to 74 years)
2022-06,EL,T,TOTAL,12.5,Greece,Total,Total (16 to 74 years)
2022-06,ES,F,TOTAL,14.8,Spain,Females,Total (16 to 74 years)
2022-06,ES,M,TOTAL,11.1,Spain,Males,Total (16 to 74 years)
2022-06,ES,T,TOTAL,12.9,Spain,Total,Total (16 to 74 years)
2022-06,EU27,F,TOTAL,6.6,European Union - 27 countries (from 2020),Females,Total (16 to 74 years)
2022-06,EU27,M,TOTAL,5.8,European Union - 27 countries (from 2020),Males,Total (16 to 74 years)
2022-06,EU27,T,TOTAL,6.2,European Union - 27 countries (from 2020),Total,Total (16 to 74 years)
2022-06,FR,F,TOTAL,7.2,France,Females,Total (16 to 74 years)
2022-06,FR,M,TOTAL,7.7,France,Males,Total (16 to 74 years)
2022-06,FR,T,TOTAL,7.5,France,Total,Total (16 to 74 years)
2022-06,IT,F,TOTAL,9.4,Italy,Females,Total (16 to 74 years)
2022-06,IT,M,TOTAL,7.3,Italy,Males,Total (16 to 74 years)
2022-06,IT,T,TOTAL,8.2,Italy,Total,Total (16 to 74 years)
2022-06,NL,F,TOTAL,3.6,Netherlands,Females,Total (16 to 74 years)
2022-06,NL,M,TOTAL,3.3,Netherlands,Males,Total (16 to 74 years)
2022-06,NL,T,TOTAL,3.4,Netherlands,Total,Total (16 to 74 years)
2022-06,PL,F,TOTAL,3.2,Poland,Females,Total (16 to 74 years)
2022-06,PL,M,TOTAL,2.5,Poland,Males,Total (16 to 74 years)
2022-06,PL,T,TOTAL,2.8,Poland,Total,Total (16 to 74 years)
2022-06,SE,F,TOTAL,8.5,Sweden,Females,Total (16 to 74 years)
2022-06,SE,M,TOTAL,6.5,Sweden,Males,Total (16 to 74 years)
2022-06,SE,T,TOTAL,7.5,Sweden,Total,Total (16 to 74 years)
2022-07,DE,F,TOTAL,2.8,Germany,Females,Total (16 to 74 years)
2022-07,DE,M,TOTAL,3.4,Germany,Males,Total (16 to 74 years)
2022-07,DE,T,TOTAL,3.1,Germany,Total,Total (16 to 74 years)
2022-07,EL,F,TOTAL,16.5,Greece,Females,Total (16 to 74 years)
2022-07,EL,M,TOTAL,9.9,Greece,Males,Total (16 to 74 years)
2022-07,EL,T,TOTAL,12.8,Greece,Total,Total (16 to 74 years)
2022-07,ES,F,TOTAL,14.8,Spain,Females,Total (16 to 74 years)
2022-07,ES,M,TOTAL,10.9,Spain,Males,Total (16 to 74 years)
2022-07,ES,T,TOTAL,12.7,Spain,Total,Total (16 to 74 years)
2022-07,EU27,F,TOTAL,6.5,European Union - 27 countries (from 2020),Females,Total (16 to 74 years)
2022-07,EU27,M,TOTAL,5.8,European Union - 27 countries (from 2020),Males,Total (16 to 74 years)
2022-07,EU27,T,TOTAL,6.1,European Union - 27 countries (from 2020),Total,Total (16 to 74 years)
2022-07,FR,F,TOTAL,7.0,France,Females,Total (16 to 74 years)
2022-07,FR,M,TOTAL,7.7,France,Males,Total (16 to 74 years)
2022-07,FR,T,TOTAL,7.4,France,Total,Total (16 to 74 years)
2022-07,IT,F,TOTAL,9.2,Italy,Females,Total (16 to 74 years)
2022-07,IT,M,TOTAL,7.1,Italy,Males,Total (16 to 74 years)
2022-07,IT,T,TOTAL,8.0,Italy,Total,Total (16 to 74 years)
2022-07,NL,F,TOTAL,3.8,Netherlands,Females,Total (16 to 74 years)
2022-07,NL,M,TOTAL,3.4,Netherlands,Males,Total (16 to 74 years)
2022-07,NL,T,TOTAL,3.6,Netherlands,Total,Total (16 to 74 years)
2022-07,PL,F,TOTAL,3.0,Poland,Females,Total (16 to 74 years)
2022-07,PL,M,TOTAL,2.9,Poland,Males,Total (16 to 74 years)
2022-07,PL,T,TOTAL,2.9,Poland,Total,Total (16 to 74 years)
2022-07,SE,F,TOTAL,8.1,Sweden,Females,Total (16 to 74 years)
2022-07,SE,M,TOTAL,6.5,Sweden,Males,Total (16 to 74 years)
2022-07,SE,T,TOTAL,7.3,Sweden,Total,Total (16 to 74 years)
2022-08,DE,F,TOTAL,2.9,Germany,Females,Total (16 to 74 years)
2022-08,DE,M,TOTAL,3.4,Germany,Males,Total (16 to 74 years)
2022-08,DE,T,TOTAL,3.1,Germany,Total,Total (16 to 74 years)
2022-08,EL,F,TOTAL,16.7,Greece,Females,Total (16 to 74 years)
2022-08,EL,M,TOTAL,8.9,Greece,Males,Total (16 to 74 years)
2022-08,EL,T,TOTAL,12.4,Greece,Total,Total (16 to 74 years)
2022-08,ES,F,TOTAL,14.9,Spain,Females,Total (16 to 74 years)
2022-08,ES,M,TOTAL,10.9,Spain,Males,Total (16 to 74 years)
2022-08,ES,T,TOTAL,12.8,Spain,Total,Total (16 to 74 years)
2022-08,EU27,F,TOTAL,6.5,European Union - 27 countries (from 2020),Females,Total (16 to 74 years)
2022-08,EU27,M,TOTAL,5.8,European Union - 27 countries (from 2020),Males,Total (16 to 74 years)
2022-08,EU27,T,TOTAL,6.2,European Union - 27 countries (from 2020),Total,Total (16 to 74 years)
2022-08,FR,F,TOTAL,6.9,France,Females,Total (16 to 74 years)
2022-08,FR,M,TOTAL,7.6,France,Males,Total (16 to 74 years)
2022-08,FR,T,TOTAL,7.2,France,Total,Total (16 to 74 years)
2022-08,IT,F,TOTAL,9.5,Italy,Females,Total (16 to 74 years)
2022-08,IT,M,TOTAL,7.1,Italy,Males,Total (16 to 74 years)
2022-08,IT,T,TOTAL,8.1,Italy,Total,Total (16 to 74 years)
2022-08,NL,F,TOTAL,4.1,Netherlands,Females,Total (16 to 74 years)
2022-08,NL,M,TOTAL,3.6,Netherlands,Males,Total (16 to 74 years)
2022-08,NL,T,TOTAL,3.8,Netherlands,Total,Total (16 to 74 years)
2022-08,PL,F,TOTAL,2.8,Poland,Females,Total (16 to 74 years)
2022-08,PL,M,TOTAL,3.0,Poland,Males,Total (16 to 74 years)
2022-08,PL,T,TOTAL,3.0,Poland,Total,Total (16 to 74 years)
2022-08,SE,F,TOTAL,6.8,Sweden,Females,Total (16 to 74 years)
2022-08,SE,M,TOTAL,7.0,Sweden,Males,Total (16 to 74 years)
2022-08,SE,T,TOTAL,6.9,Sweden,Total,Total (16 to 74 years)
2022-09,DE,F,TOTAL,2.9,Germany,Females,Total (16 to 74 years)
2022-09,DE,M,TOTAL,3.4,Germany,Males,Total (16 to 74 years)
2022-09,DE,T,TOTAL,3.1,Germany,Total,Total (16 to 74 years)
2022-09,EL,F,TOTAL,15.5,Greece,Females,Total (16 to 74 years)
2022-09,EL,M,TOTAL,9.5,Greece,Males,Total (16 to 74 years)
2022-09,EL,T,TOTAL,12.1,Greece,Total,Total (16 to 74 years)
2022-09,ES,F,TOTAL,15.0,Spain,Females,Total (16 to 74 years)
2022-09,ES,M,TOTAL,11.2,Spain,Males,Total (16 to 74 years)
2022-09,ES,T,TOTAL,13.0,Spain,Total,Total (16 to 74 years)
2022-09,EU27,F,TOTAL,6.4,European Union - 27 countries (from 2020),Females,Total (16 to 74 years)
2022-09,EU27,M,TOTAL,5.9,European Union - 27 countries (from 2020),Males,Total (16 to 74 years)
2022-09,EU27,T,TOTAL,6.1,European Union - 27 countries (from 2020),Total,Total (16 to 74 years)
2022-09,FR,F,TOTAL,6.8,France,Females,Total (16 to 74 years)
2022-09,FR,M,TOTAL,7.4,France,Males,Total (16 to 74 years)
2022-09,FR,T,TOTAL,7.1,France,Total,Total (16 to 74 years)
2022-09,IT,F,TOTAL,9.1,Italy,Females,Total (16 to 74 years)
2022-09,IT,M,TOTAL,7.1,Italy,Males,Total (16 to 74 years)
2022-09,IT,T,TOTAL,8.0,Italy,Total,Total (16 to 74 years)
2022-09,NL,F,TOTAL,4.1,Netherlands,Females,Total (16 to 74 years)
2022-09,NL,M,TOTAL,3.6,Netherlands,Males,Total (16 to 74 years)
2022-09,NL,T,TOTAL,3.8,Netherlands,Total,Total (16 to 74 years)
2022-09,PL,F,TOTAL,2.8,Poland,Females,Total (16 to 74 years)
2022-09,PL,M,TOTAL,3.2,Poland,Males,Total (16 to 74 years)
2022-09,PL,T,TOTAL,3.0,Poland,Total,Total (16 to 74 years)
2022-09,SE,F,TOTAL,7.1,Sweden,Females,Total (16 to 74 years)
2022-09,SE,M,TOTAL,6.9,Sweden,Males,Total (16 to 74 years)
2022-09,SE,T,TOTAL,7.0,Sweden,Total,Total (16 to 74 years)
2022-10,DE,F,TOTAL,2.9,Germany,Females,Total (16 to 74 years)
2022-10,DE,M,TOTAL,3.4,Germany,Males,Total (16 to 74 years)
2022-10,DE,T,TOTAL,3.1,Germany,Total,Total (16 to 74 years)
2022-10,EL,F,TOTAL,15.9,Greece,Females,Total (16 to 74 years)
2022-10,EL,M,TOTAL,8.6,Greece,Males,Total (16 to 74 years)
2022-10,EL,T,TOTAL,11.8,Greece,Total,Total (16 to 74 years)
2022-10,ES,F,TOTAL,14.9,Spain,Females,Total (16 to 74 years)
2022-10,ES,M,TOTAL,11.4,Spain,Males,Total (16 to 74 years)
2022-10,ES,T,TOTAL,13.1,Spain,Total,Total (16 to 74 years)
2022-10,EU27,F,TOTAL,6.4,European Union - 27 countries (from 2020),Females,Total (16 to 74 years)
2022-10,EU27,M,TOTAL,5.8,European Union - 27 countries (from 2020),Males,Total (16 to 74 years)
2022-10,EU27,T,TOTAL,6.1,European Union - 27 countries (from 2020),Total,Total (16 to 74 years)
2022-10,FR,F,TOTAL,7.0,France,Females,Total (16 to 74 years)
2022-10,FR,M,TOTAL,7.4,France,Males,Total (16 to 74 years)
2022-10,FR,T,TOTAL,7.2,France,Total,Total (16 to 74 years)
2022-10,IT,F,TOTAL,9.0,Italy,Females,Total (16 to 74 years)
2022-10,IT,M,TOTAL,6.9,Italy,Males,Total (16 to 74 years)
2022-10,IT,T,TOTAL,7.8,Italy,Total,Total (16 to 74 years)
2022-10,NL,F,TOTAL,4.0,Netherlands,Females,Total (16 to 74 years)
2022-10,NL,M,TOTAL,3.4,Netherlands,Males,Total (16 to 74 years)
2022-10,NL,T,TOTAL,3.7,Netherlands,Total,Total (16 to 74 years)
2022-10,PL,F,TOTAL,2.9,Poland,Females,Total (16 to 74 years)
2022-10,PL,M,TOTAL,3.1,Poland,Males,Total (16 to 74 years)
2022-10,PL,T,TOTAL,3.0,Poland,Total,Total (16 to 74 years)
2022-10,SE,F,TOTAL,8.1,Sweden,Females,Total (16 to 74 years)
2022-10,SE,M,TOTAL,7.4,Sweden,Males,Total (16 to 74 years)
2022-10,SE,T,TOTAL,7.7,Sweden,Total,Total (16 to 74 years)
2022-11,DE,F,TOTAL,2.9,Germany,Females,Total (16 to 74 years)
2022-11,DE,M,TOTAL,3.3,Germany,Males,Total (16 to 74 years)
2022-11,DE,T,TOTAL,3.1,Germany,Total,Total (16 to 74 years)
2022-11,EL,F,TOTAL,15.2,Greece,Females,Total (16 to 74 years)
2022-11,EL,M,TOTAL,8.7,Greece,Males,Total (16 to 74 years)
2022-11,EL,T,TOTAL,11.6,Greece,Total,Total (16 to 74 years)
2022-11,ES,F,TOTAL,14.9,Spain,Females,Total (16 to 74 years)
2022-11,ES,M,TOTAL,11.6,Spain,Males,Total (16 to 74 years)
2022-11,ES,T,TOTAL,13.2,Spain,Total,Total (16 to 74 years)
2022-11,EU27,F,TOTAL,6.5,European Union - 27 countries (from 2020),Females,Total (16 to 74 years)
2022-11,EU27,M,TOTAL,5.9,European Union - 27 countries (from 2020),Males,Total (16 to 74 years)
2022-11,EU27,T,TOTAL,6.2,European Union - 27 countries (from 2020),Total,Total (16 to 74 years)
2022-11,FR,F,TOTAL,7.0,France,Females,Total (16 to 74 years)
2022-11,FR,M,TOTAL,7.3,France,Males,Total (16 to 74 years)
2022-11,FR,T,TOTAL,7.1,France,Total,Total (16 to 74 years)
2022-11,IT,F,TOTAL,9.1,Italy,Females,Total (16 to 74 years)
2022-11,IT,M,TOTAL,6.9,Italy,Males,Total (16 to 74 years)
2022-11,IT,T,TOTAL,7.8,Italy,Total,Total (16 to 74 years)
2022-11,NL,F,TOTAL,4.0,Netherlands,Females,Total (16 to 74 years)
2022-11,NL,M,TOTAL,3.3,Netherlands,Males,Total (16 to 74 years)
2022-11,NL,T,TOTAL,3.6,Netherlands,Total,Total (16 to 74 years)
2022-11,PL,F,TOTAL,2.8,Poland,Females,Total (16 to 74 years)
2022-11,PL,M,TOTAL,3.0,Poland,Males,Total (16 to 74 years)
2022-11,PL,T,TOTAL,2.9,Poland,Total,Total (16 to 74 years)
2022-11,SE,F,TOTAL,7.6,Sweden,Females,Total (16 to 74 years)
2022-11,SE,M,TOTAL,7.0,Sweden,Males,Total (16 to 74 years)
2022-11,SE,T,TOTAL,7.3,Sweden,Total,Total (16 to 74 years)
2022-12,DE,F,TOTAL,2.9,Germany,Females,Total (16 to 74 years)
2022-12,DE,M,TOTAL,3.3,Germany,Males,Total (16 to 74 years)
2022-12,DE,T,TOTAL,3.1,Germany,Total,Total (16 to 74 years)
2022-12,EL,F,TOTAL,16.1,Greece,Females,Total (16 to 74 years)
2022-12,EL,M,TOTAL,8.8,Greece,Males,Total (16 to 74 years)
2022-12,EL,T,TOTAL,12.1,Greece,Total,Total (16 to 74 years)
2022-12,ES,F,TOTAL,14.9,Spain,Females,Total (16 to 74 years)
2022-12,ES,M,TOTAL,11.6,Spain,Males,Total (16 to 74 years)
2022-12,ES,T,TOTAL,13.2,Spain,Total,Total (16 to 74 years)
2022-12,EU27,F,TOTAL,6.5,European Union - 27 countries (from 2020),Females,Total (16 to 74 years)
2022-12,EU27,M,TOTAL,5.9,European Union - 27 countries (from 2020),Males,Total (16 to 74 years)
2022-12,EU27,T,TOTAL,6.2,European Union - 27 countries (from 2020),Total,Total (16 to 74 years)
2022-12,FR,F,TOTAL,7.0,France,Females,Total (16 to 74 years)
2022-12,FR,M,TOTAL,7.4,France,Males,Total (16 to 74 years)
2022-12,FR,T,TOTAL,7.2,France,Total,Total (16 to 74 years)
2022-12,IT,F,TOTAL,9.2,Italy,Females,Total (16 to 74 years)
2022-12,IT,M,TOTAL,6.9,Italy,Males,Total (16 to 74 years)
2022-12,IT,T,TOTAL,7.9,Italy,Total,Total (16 to 74 years)
2022-12,NL,F,TOTAL,3.9,Netherlands,Females,Total (16 to 74 years)
2022-12,NL,M,TOTAL,3.2,Netherlands,Males,Total (16 to 74 years)
2022-12,NL,T,TOTAL,3.5,Netherlands,Total,Total (16 to 74 years)
2022-12,PL,F,TOTAL,2.7,Poland,Females,Total (16 to 74 years)
2022-12,PL,M,TOTAL,2.9,Poland,Males,Total (16 to 74 years)
2022-12,PL,T,TOTAL,2.8,Poland,Total,Total (16 to 74 years)
2022-12,SE,F,TOTAL,7.7,Sweden,Females,Total (16 to 74 years)
2022-12,SE,M,TOTAL,7.3,Sweden,Males,Total (16 to 74 years)
2022-12,SE,T,TOTAL,7.5,Sweden,Total,Total (16 to 74 years)
2023-01,DE,F,TOTAL,2.8,Germany,Females,Total (16 to 74 years)
2023-01,DE,M,TOTAL,3.2,Germany,Males,Total (16 to 74 years)
2023-01,DE,T,TOTAL,3.1,Germany,Total,Total (16 to 74 years)
2023-01,EL,F,TOTAL,13.1,Greece,Females,Total (16 to 74 years)
2023-01,EL,M,TOTAL,8.6,Greece,Males,Total (16 to 74 years)
2023-01,EL,T,TOTAL,10.5,Greece,Total,Total (16 to 74 years)
2023-01,ES,F,TOTAL,14.9,Spain,Females,Total (16 to 74 years)
2023-01,ES,M,TOTAL,11.5,Spain,Males,Total (16 to 74 years)
2023-01,ES,T,TOTAL,13.1,Spain,Total,Total (16 to 74 years)
2023-01,EU27,F,TOTAL,6.4,European Union - 27 countries (from 2020),Females,Total (16 to 74 years)
2023-01,EU27,M,TOTAL,5.8,European Union - 27 countries (from 2020),Males,Total (16 to 74 years)
2023-01,EU27,T,TOTAL,6.1,European Union - 27 countries (from 2020),Total,Total (16 to 74 years)
2023-01,FR,F,TOTAL,6.8,France,Females,Total (16 to 74 years)
2023-01,FR,M,TOTAL,7.4,France,Males,Total (16 to 74 years)
2023-01,FR,T,TOTAL,7.1,France,Total,Total (16 to 74 years)
2023-01,IT,F,TOTAL,9.3,Italy,Females,Total (16 to 74 years)
2023-01,IT,M,TOTAL,6.8,Italy,Males,Total (16 to 74 years)
2023-01,IT,T,TOTAL,7.9,Italy,Total,Total (16 to 74 years)
2023-01,NL,F,TOTAL,3.9,Netherlands,Females,Total (16 to 74 years)
2023-01,NL,M,TOTAL,3.2,Netherlands,Males,Total (16 to 74 years)
2023-01,NL,T,TOTAL,3.6,Netherlands,Total,Total (16 to 74 years)
2023-01,PL,F,TOTAL,2.5,Poland,Females,Total (16 to 74 years)
2023-01,PL,M,TOTAL,2.8,Poland,Males,Total (16 to 74 years)
2023-01,PL,T,TOTAL,2.7,Poland,Total,Total (16 to 74 years)
2023-01,SE,F,TOTAL,7.3,Sweden,Females,Total (16 to 74 years)
2023-01,SE,M,TOTAL,6.9,Sweden,Males,Total (16 to 74 years)
2023-01,SE,T,TOTAL,7.1,Sweden,Total,Total (16 to 74 years)
2023-02,DE,F,TOTAL,2.8,Germany,Females,Total (16 to 74 years)
2023-02,DE,M,TOTAL,3.2,Germany,Males,Total (16 to 74 years)
2023-02,DE,T,TOTAL,3.0,Germany,Total,Total (16 to 74 years)
2023-02,EL,F,TOTAL,15.2,Greece,Females,Total (16 to 74 years)
2023-02,EL,M,TOTAL,7.7,Greece,Males,Total (16 to 74 years)
2023-02,EL,T,TOTAL,11.1,Greece,Total,Total (16 to 74 years)
2023-02,ES,F,TOTAL,14.8,Spain,Females,Total (16 to 74 years)
2023-02,ES,M,TOTAL,11.2,Spain,Males,Total (16 to 74 years)
2023-02,ES,T,TOTAL,12.9,Spain,Total,Total (16 to 74 years)
2023-02,EU27,F,TOTAL,6.4,European Union - 27 countries (from 2020),Females,Total (16 to 74 years)
2023-02,EU27,M,TOTAL,5.8,European Union - 27 countries (from 2020),Males,Total (16 to 74 years)
2023-02,EU27,T,TOTAL,6.1,European Union - 27 countries (from 2020),Total,Total (16 to 74 years)
2023-02,FR,F,TOTAL,6.8,France,Females,Total (16 to 74 years)
2023-02,FR,M,TOTAL,7.3,France,Males,Total (16 to 74 years)
2023-02,FR,T,TOTAL,7.1,France,Total,Total (16 to 74 years)
2023-02,IT,F,TOTAL,8.9,Italy,Females,Total (16 to 74 years)
2023-02,IT,M,TOTAL,7.0,Italy,Males,Total (16 to 74 years)
2023-02,IT,T,TOTAL,7.8,Italy,Total,Total (16 to 74 years)
2023-02,NL,F,TOTAL,3.8,Netherlands,Females,Total (16 to 74 years)
2023-02,NL,M,TOTAL,3.3,Netherlands,Males,Total (16 to 74 years)
2023-02,NL,T,TOTAL,3.5,Netherlands,Total,Total (16 to 74 years)
2023-02,PL,F,TOTAL,2.5,Poland,Females,Total (16 to 74 years)
2023-02,PL,M,TOTAL,2.7,Poland,Males,Total (16 to 74 years)
2023-02,PL,T,TOTAL,2.6,Poland,Total,Total (16 to 74 years)
2023-02,SE,F,TOTAL,8.0,Sweden,Females,Total (16 to 74 years)
2023-02,SE,M,TOTAL,7.4,Sweden,Males,Total (16 to 74 years)
2023-02,SE,T,TOTAL,7.7,Sweden,Total,Total (16 to 74 years)
2023-03,DE,F,TOTAL,2.8,Germany,Females,Total (16 to 74 years)
2023-03,DE,M,TOTAL,3.2,Germany,Males,Total (16 to 74 years)
2023-03,DE,T,TOTAL,3.0,Germany,Total,Total (16 to 74 years)
2023-03,EL,F,TOTAL,14.9,Greece,Females,Total (16 to 74 years)
2023-03,EL,M,TOTAL,8.5,Greece,Males,Total (16 to 74 years)
2023-03,EL,T,TOTAL,11.4,Greece,Total,Total (16 to 74 years)
2023-03,ES,F,TOTAL,14.4,Spain,Females,Total (16 to 74 years)
2023-03,ES,M,TOTAL,10.9,Spain,Males,Total (16 to 74 years)
2023-03,ES,T,TOTAL,12.5,Spain,Total,Total (16 to 74 years)
2023-03,EU27,F,TOTAL,6.3,European Union - 27 countries (from 2020),Females,Total (16 to 74 years)
2023-03,EU27,M,TOTAL,5.8,European Union - 27 countries (from 2020),Males,Total (16 to 74 years)
2023-03,EU27,T,TOTAL,6.0,European Union - 27 countries (from 2020),Total,Total (16 to 74 years)
2023-03,FR,F,TOTAL,6.9,France,Females,Total (16 to 74 years)
2023-03,FR,M,TOTAL,7.3,France,Males,Total (16 to 74 years)
2023-03,FR,T,TOTAL,7.1,France,Total,Total (16 to 74 years)
2023-03,IT,F,TOTAL,8.9,Italy,Females,Total (16 to 74 years)
2023-03,IT,M,TOTAL,7.1,Italy,Males,Total (16 to 74 years)
2023-03,IT,T,TOTAL,7.9,Italy,Total,Total (16 to 74 years)
2023-03,NL,F,TOTAL,3.9,Netherlands,Females,Total (16 to 74 years)
2023-03,NL,M,TOTAL,3.3,Netherlands,Males,Total (16 to 74 years)
2023-03,NL,T,TOTAL,3.5,Netherlands,Total,Total (16 to 74 years)
2023-03,PL,F,TOTAL,2.6,Poland,Females,Total (16 to 74 years)
2023-03,PL,M,TOTAL,2.7,Poland,Males,Total (16 to 74 years)
2023-03,PL,T,TOTAL,2.7,Poland,Total,Total (16 to 74 years)
2023-03,SE,F,TOTAL,7.2,Sweden,Females,Total (16 to 74 years)
2023-03,SE,M,TOTAL,7.2,Sweden,Males,Total (16 to 74 years)
2023-03,SE,T,TOTAL,7.2,Sweden,Total,Total (16 to 74 years)
2023-04,DE,F,TOTAL,2.7,Germany,Females,Total (16 to 74 years)
2023-04,DE,M,TOTAL,3.2,Germany,Males,Total (16 to 74 years)
2023-04,DE,T,TOTAL,3.0,Germany,Total,Total (16 to 74 years)
2023-04,EL,F,TOTAL,14.9,Greece,Females,Total (16 to 74 years)
2023-04,EL,M,TOTAL,8.6,Greece,Males,Total (16 to 74 years)
2023-04,EL,T,TOTAL,11.4,Greece,Total,Total (16 to 74 years)
2023-04,ES,F,TOTAL,13.9,Spain,Females,Total (16 to 74 years)
2023-04,ES,M,TOTAL,10.5,Spain,Males,Total (16 to 74 years)
2023-04,ES,T,TOTAL,12.1,Spain,Total,Total (16 to 74 years)
2023-04,EU27,F,TOTAL,6.3,European Union - 27 countries (from 2020),Females,Total (16 to 74 years)
2023-04,EU27,M,TOTAL,5.7,European Union - 27 countries (from 2020),Males,Total (16 to 74 years)
2023-04,EU27,T,TOTAL,6.0,European Union - 27 countries (from 2020),Total,Total (16 to 74 years)
2023-04,FR,F,TOTAL,7.1,France,Females,Total (16 to 74 years)
2023-04,FR,M,TOTAL,7.4,France,Males,Total (16 to 74 years)
2023-04,FR,T,TOTAL,7.3,France,Total,Total (16 to 74 years)
2023-04,IT,F,TOTAL,8.8,Italy,Females,Total (16 to 74 years)
2023-04,IT,M,TOTAL,7.1,Italy,Males,Total (16 to 74 years)
2023-04,IT,T,TOTAL,7.9,Italy,Total,Total (16 to 74 years)
2023-04,NL,F,TOTAL,3.7,Netherlands,Females,Total (16 to 74 years)
2023-04,NL,M,TOTAL,3.1,Netherlands,Males,Total (16 to 74 years)
2023-04,NL,T,TOTAL,3.4,Netherlands,Total,Total (16 to 74 years)
2023-04,PL,F,TOTAL,2.8,Poland,Females,Total (16 to 74 years)
2023-04,PL,M,TOTAL,2.6,Poland,Males,Total (16 to 74 years)
2023-04,PL,T,TOTAL,2.7,Poland,Total,Total (16 to 74 years)
2023-04,SE,F,TOTAL,7.4,Sweden,Females,Total (16 to 74 years)
2023-04,SE,M,TOTAL,7.0,Sweden,Males,Total (16 to 74 years)
2023-04,SE,T,TOTAL,7.2,Sweden,Total,Total (16 to 74 years)
2023-05,DE,F,TOTAL,2.7,Germany,Females,Total (16 to 74 years)
2023-05,DE,M,TOTAL,3.2,Germany,Males,Total (16 to 74 years)
2023-05,DE,T,TOTAL,3.0,Germany,Total,Total (16 to 74 years)
2023-05,EL,F,TOTAL,14.9,Greece,Females,Total (16 to 74 years)
2023-05,EL,M,TOTAL,8.4,Greece,Males,Total (16 to 74 years)
2023-05,EL,T,TOTAL,11.3,Greece,Total,Total (16 to 74 years)
2023-05,ES,F,TOTAL,13.7,Spain,Females,Total (16 to 74 years)
2023-05,ES,M,TOTAL,10.4,Spain,Males,Total (16 to 74 years)
2023-05,ES,T,TOTAL,12.0,Spain,Total,Total (16 to 74 years)
2023-05,EU27,F,TOTAL,6.3,European Union - 27 countries (from 2020),Females,Total (16 to 74 years)
2023-05,EU27,M,TOTAL,5.7,European Union - 27 countries (from 2020),Males,Total (16 to 74 years)
2023-05,EU27,T,TOTAL,6.0,European Union - 27 countries (from 2020),Total,Total (16 to 74 years)
2023-05,FR,F,TOTAL,7.2,France,Females,Total (16 to 74 years)
2023-05,FR,M,TOTAL,7.4,France,Males,Total (16 to 74 years)
2023-05,FR,T,TOTAL,7.3,France,Total,Total (16 to 74 years)
2023-05,IT,F,TOTAL,9.0,Italy,Females,Total (16 to 74 years)
2023-05,IT,M,TOTAL,6.9,Italy,Males,Total (16 to 74 years)
2023-05,IT,T,TOTAL,7.8,Italy,Total,Total (16 to 74 years)
2023-05,NL,F,TOTAL,3.8,Netherlands,Females,Total (16 to 74 years)
2023-05,NL,M,TOTAL,3.2,Netherlands,Males,Total (16 to 74 years)
2023-05,NL,T,TOTAL,3.5,Netherlands,Total,Total (16 to 74 years)
2023-05,PL,F,TOTAL,2.9,Poland,Females,Total (16 to 74 years)
2023-05,PL,M,TOTAL,2.6,Poland,Males,Total (16 to 74 years)
2023-05,PL,T,TOTAL,2.8,Poland,Total,Total (16 to 74 years)
2023-05,SE,F,TOTAL,7.0,Sweden,Females,Total (16 to 74 years)
2023-05,SE,M,TOTAL,7.4,Sweden,Males,Total (16 to 74 years)
2023-05,SE,T,TOTAL,7.2,Sweden,Total,Total (16 to 74 years)
2023-06,DE,F,TOTAL,2.8,Germany,Females,Total (16 to 74 years)
2023-06,DE,M,TOTAL,3.2,Germany,Males,Total (16 to 74 years)
2023-06,DE,T,TOTAL,3.0,Germany,Total,Total (16 to 74 years)
2023-06,EL,F,TOTAL,15.1,Greece,Females,Total (16 to 74 years)
2023-06,EL,M,TOTAL,8.9,Greece,Males,Total (16 to 74 years)
2023-06,EL,T,TOTAL,11.7,Greece,Total,Total (16 to 74 years)
2023-06,ES,F,TOTAL,13.5,Spain,Females,Total (16 to 74 years)
2023-06,ES,M,TOTAL,10.4,Spain,Males,Total (16 to 74 years)
2023-06,ES,T,TOTAL,11.9,Spain,Total,Total (16 to 74 years)
2023-06,EU27,F,TOTAL,6.3,European Union - 27 countries (from 2020),Females,Total (16 to 74 years)
2023-06,EU27,M,TOTAL,5.7,European Union - 27 countries (from 2020),Males,Total (16 to 74 years)
2023-06,EU27,T,TOTAL,6.0,European Union - 27 countries (from 2020),Total,Total (16 to 74 years)
2023-06,FR,F,TOTAL,7.3,France,Females,Total (16 to 74 years)
2023-06,FR,M,TOTAL,7.4,France,Males,Total (16 to 74 years)
2023-06,FR,T,TOTAL,7.3,France,Total,Total (16 to 74 years)
2023-06,IT,F,TOTAL,8.6,Italy,Females,Total (16 to 74 years)
2023-06,IT,M,TOTAL,6.7,Italy,Males,Total (16 to 74 years)
2023-06,IT,T,TOTAL,7.5,Italy,Total,Total (16 to 74 years)
2023-06,NL,F,TOTAL,3.7,Netherlands,Females,Total (16 to 74 years)
2023-06,NL,M,TOTAL,3.3,Netherlands,Males,Total (16 to 74 years)
2023-06,NL,T,TOTAL,3.5,Netherlands,Total,Total (16 to 74 years)
2023-06,PL,F,TOTAL,2.9,Poland,Females,Total (16 to 74 years)
2023-06,PL,M,TOTAL,2.7,Poland,Males,Total (16 to 74 years)
2023-06,PL,T,TOTAL,2.8,Poland,Total,Total (16 to 74 years)
2023-06,SE,F,TOTAL,8.2,Sweden,Females,Total (16 to 74 years)
2023-06,SE,M,TOTAL,7.9,Sweden,Males,Total (16 to 74 years)
2023-06,SE,T,TOTAL,8.1,Sweden,Total,Total (16 to 74 years)
2023-07,DE,F,TOTAL,2.8,Germany,Females,Total (16 to 74 years)
2023-07,DE,M,TOTAL,3.3,Germany,Males,Total (16 to 74 years)
2023-07,DE,T,TOTAL,3.0,Germany,Total,Total (16 to 74 years)
2023-07,EL,F,TOTAL,15.0,Greece,Females,Total (16 to 74 years)
2023-07,EL,M,TOTAL,9.0,Greece,Males,Total (16 to 74 years)
2023-07,EL,T,TOTAL,11.7,Greece,Total,Total (16 to 74 years)
2023-07,ES,F,TOTAL,13.6,Spain,Females,Total (16 to 74 years)
2023-07,ES,M,TOTAL,10.5,Spain,Males,Total (16 to 74 years)
2023-07,ES,T,TOTAL,12.0,Spain,Total,Total (16 to 74 years)
2023-07,EU27,F,TOTAL,6.4,European Union - 27 countries (from 2020),Females,Total (16 to 74 years)
2023-07,EU27,M,TOTAL,5.8,European Union - 27 countries (from 2020),Males,Total (16 to 74 years)
2023-07,EU27,T,TOTAL,6.1,European Union - 27 countries (from 2020),Total,Total (16 to 74 years)
2023-07,FR,F,TOTAL,7.4,France,Females,Total (16 to 74 years)
2023-07,FR,M,TOTAL,7.5,France,Males,Total (16 to 74 years)
2023-07,FR,T,TOTAL,7.4,France,Total,Total (16 to 74 years)
2023-07,IT,F,TOTAL,9.1,Italy,Females,Total (16 to 74 years)
2023-07,IT,M,TOTAL,6.8,Italy,Males,Total (16 to 74 years)
2023-07,IT,T,TOTAL,7.8,Italy,Total,Total (16 to 74 years)
2023-07,NL,F,TOTAL,3.7,Netherlands,Females,Total (16 to 74 years)
2023-07,NL,M,TOTAL,3.5,Netherlands,Males,Total (16 to 74 years)
2023-07,NL,T,TOTAL,3.6,Netherlands,Total,Total (16 to 74 years)
2023-07,PL,F,TOTAL,2.8,Poland,Females,Total (16 to 74 years)
2023-07,PL,M,TOTAL,2.7,Poland,Males,Total (16 to 74 years)
2023-07,PL,T,TOTAL,2.7,Poland,Total,Total (16 to 74 years)
2023-07,SE,F,TOTAL,7.5,Sweden,Females,Total (16 to 74 years)
2023-07,SE,M,TOTAL,6.7,Sweden,Males,Total (16 to 74 years)
2023-07,SE,T,TOTAL,7.1,Sweden,Total,Total (16 to 74 years)
2023-08,DE,F,TOTAL,2.8,Germany,Females,Total (16 to 74 years)
2023-08,DE,M,TOTAL,3.3,Germany,Males,Total (16 to 74 years)
2023-08,DE,T,TOTAL,3.1,Germany,Total,Total (16 to 74 years)
2023-08,EL,F,TOTAL,15.2,Greece,Females,Total (16 to 74 years)
2023-08,EL,M,TOTAL,8.5,Greece,Males,Total (16 to 74 years)
2023-08,EL,T,TOTAL,11.5,Greece,Total,Total (16 to 74 years)
2023-08,ES,F,TOTAL,13.6,Spain,Females,Total (16 to 74 years)
2023-08,ES,M,TOTAL,10.5,Spain,Males,Total (16 to 74 years)
2023-08,ES,T,TOTAL,12.0,Spain,Total,Total (16 to 74 years)
2023-08,EU27,F,TOTAL,6.4,European Union - 27 countries (from 2020),Females,Total (16 to 74 years)
2023-08,EU27,M,TOTAL,5.8,European Union - 27 countries (from 2020),Males,Total (16 to 74 years)
2023-08,EU27,T,TOTAL,6.0,European Union - 27 countries (from 2020),Total,Total (16 to 74 years)
2023-08,FR,F,TOTAL,7.4,France,Females,Total (16 to 74 years)
2023-08,FR,M,TOTAL,7.5,France,Males,Total (16 to 74 years)
2023-08,FR,T,TOTAL,7.4,France,Total,Total (16 to 74 years)
2023-08,IT,F,TOTAL,8.7,Italy,Females,Total (16 to 74 years)
2023-08,IT,M,TOTAL,6.8,Italy,Males,Total (16 to 74 years)
2023-08,IT,T,TOTAL,7.6,Italy,Total,Total (16 to 74 years)
2023-08,NL,F,TOTAL,3.7,Netherlands,Females,Total (16 to 74 years)
2023-08,NL,M,TOTAL,3.5,Netherlands,Males,Total (16 to 74 years)
2023-08,NL,T,TOTAL,3.6,Netherlands,Total,Total (16 to 74 years)
2023-08,PL,F,TOTAL,2.7,Poland,Females,Total (16 to 74 years)
2023-08,PL,M,TOTAL,2.8,Poland,Males,Total (16 to 74 years)
2023-08,PL,T,TOTAL,2.8,Poland,Total,Total (16 to 74 years)
2023-08,SE,F,TOTAL,8.5,Sweden,Females,Total (16 to 74 years)
2023-08,SE,M,TOTAL,7.8,Sweden,Males,Total (16 to 74 years)
2023-08,SE,T,TOTAL,8.1,Sweden,Total,Total (16 to 74 years)
2023-09,DE,F,TOTAL,2.8,Germany,Females,Total (16 to 74 years)
2023-09,DE,M,TOTAL,3.4,Germany,Males,Total (16 to 74 years)
2023-09,DE,T,TOTAL,3.1,Germany,Total,Total (16 to 74 years)
2023-09,EL,F,TOTAL,13.9,Greece,Females,Total (16 to 74 years)
2023-09,EL,M,TOTAL,8.5,Greece,Males,Total (16 to 74 years)
2023-09,EL,T,TOTAL,10.9,Greece,Total,Total (16 to 74 years)
2023-09,ES,F,TOTAL,13.7,Spain,Females,Total (16 to 74 years)
2023-09,ES,M,TOTAL,10.5,Spain,Males,Total (16 to 74 years)
2023-09,ES,T,TOTAL,12.0,Spain,Total,Total (16 to 74 years)
2023-09,EU27,F,TOTAL,6.4,European Union - 27 countries (from 2020),Females,Total (16 to 74 years)
2023-09,EU27,M,TOTAL,5.8,European Union - 27 countries (from 2020),Males,Total (16 to 74 years)
2023-09,EU27,T,TOTAL,6.1,European Union - 27 countries (from 2020),Total,Total (16 to 74 years)
2023-09,FR,F,TOTAL,7.3,France,Females,Total (16 to 74 years)
2023-09,FR,M,TOTAL,7.5,France,Males,Total (16 to 74 years)
2023-09,FR,T,TOTAL,7.4,France,Total,Total (16 to 74 years)
2023-09,IT,F,TOTAL,8.9,Italy,Females,Total (16 to 74 years)
2023-09,IT,M,TOTAL,6.8,Italy,Males,Total (16 to 74 years)
2023-09,IT,T,TOTAL,7.7,Italy,Total,Total (16 to 74 years)
2023-09,NL,F,TOTAL,3.8,Netherlands,Females,Total (16 to 74 years)
2023-09,NL,M,TOTAL,3.6,Netherlands,Males,Total (16 to 74 years)
2023-09,NL,T,TOTAL,3.7,Netherlands,Total,Total (16 to 74 years)
2023-09,PL,F,TOTAL,2.9,Poland,Females,Total (16 to 74 years)
2023-09,PL,M,TOTAL,2.9,Poland,Males,Total (16 to 74 years)
2023-09,PL,T,TOTAL,2.9,Poland,Total,Total (16 to 74 years)
2023-09,SE,F,TOTAL,8.7,Sweden,Females,Total (16 to 74 years)
2023-09,SE,M,TOTAL,7.6,Sweden,Males,Total (16 to 74 years)
2023-09,SE,T,TOTAL,8.1,Sweden,Total,Total (16 to 74 years)
2023-10,DE,F,TOTAL,2.9,Germany,Females,Total (16 to 74 years)
2023-10,DE,M,TOTAL,3.4,Germany,Males,Total (16 to 74 years)
2023-10,DE,T,TOTAL,3.1,Germany,Total,Total (16 to 74 years)
2023-10,EL,F,TOTAL,13.8,Greece,Females,Total (16 to 74 years)
2023-10,EL,M,TOTAL,8.4,Greece,Males,Total (16 to 74 years)
2023-10,EL,T,TOTAL,10.8,Greece,Total,Total (16 to 74 years)
2023-10,ES,F,TOTAL,13.7,Spain,Females,Total (16 to 74 years)
2023-10,ES,M,TOTAL,10.6,Spain,Males,Total (16 to 74 years)
2023-10,ES,T,TOTAL,12.0,Spain,Total,Total (16 to 74 years)
2023-10,EU27,F,TOTAL,6.5,European Union - 27 countries (from 2020),Females,Total (16 to 74 years)
2023-10,EU27,M,TOTAL,5.8,European Union - 27 countries (from 2020),Males,Total (16 to 74 years)
2023-10,EU27,T,TOTAL,6.1,European Union - 27 countries (from 2020),Total,Total (16 to 74 years)
2023-10,FR,F,TOTAL,7.4,France,Females,Total (16 to 74 years)
2023-10,FR,M,TOTAL,7.6,France,Males,Total (16 to 74 years)
2023-10,FR,T,TOTAL,7.5,France,Total,Total (16 to 74 years)
2023-10,IT,F,TOTAL,8.9,Italy,Females,Total (16 to 74 years)
2023-10,IT,M,TOTAL,6.8,Italy,Males,Total (16 to 74 years)
2023-10,IT,T,TOTAL,7.7,Italy,Total,Total (16 to 74 years)
2023-10,NL,F,TOTAL,3.6,Netherlands,Females,Total (16 to 74 years)
2023-10,NL,M,TOTAL,3.5,Netherlands,Males,Total (16 to 74 years)
2023-10,NL,T,TOTAL,3.6,Netherlands,Total,Total (16 to 74 years)
2023-10,PL,F,TOTAL,3.1,Poland,Females,Total (16 to 74 years)
2023-10,PL,M,TOTAL,3.0,Poland,Males,Total (16 to 74 years)
2023-10,PL,T,TOTAL,3.0,Poland,Total,Total (16 to 74 years)
2023-10,SE,F,TOTAL,7.8,Sweden,Females,Total (16 to 74 years)
2023-10,SE,M,TOTAL,7.9,Sweden,Males,Total (16 to 74 years)
2023-10,SE,T,TOTAL,7.9,Sweden,Total,Total (16 to 74 years)
2023-11,DE,F,TOTAL,2.9,Germany,Females,Total (16 to 74 years)
2023-11,DE,M,TOTAL,3.4,Germany,Males,Total (16 to 74 years)
2023-11,DE,T,TOTAL,3.2,Germany,Total,Total (16 to 74 years)
2023-11,EL,F,TOTAL,11.9,Greece,Females,Total (16 to 74 years)
2023-11,EL,M,TOTAL,8.6,Greece,Males,Total (16 to 74 years)
2023-11,EL,T,TOTAL,10.1,Greece,Total,Total (16 to 74 years)
2023-11,ES,F,TOTAL,13.6,Spain,Females,Total (16 to 74 years)
2023-11,ES,M,TOTAL,10.5,Spain,Males,Total (16 to 74 years)
2023-11,ES,T,TOTAL,12.0,Spain,Total,Total (16 to 74 years)
2023-11,EU27,F,TOTAL,6.4,European Union - 27 countries (from 2020),Females,Total (16 to 74 years)
2023-11,EU27,M,TOTAL,5.9,European Union - 27 countries (from 2020),Males,Total (16 to 74 years)
2023-11,EU27,T,TOTAL,6.1,European Union - 27 countries (from 2020),Total,Total (16 to 74 years)
2023-11,FR,F,TOTAL,7.5,France,Females,Total (16 to 74 years)
2023-11,FR,M,TOTAL,7.7,France,Males,Total (16 to 74 years)
2023-11,FR,T,TOTAL,7.6,France,Total,Total (16 to 74 years)
2023-11,IT,F,TOTAL,8.6,Italy,Females,Total (16 to 74 years)
2023-11,IT,M,TOTAL,6.7,Italy,Males,Total (16 to 74 years)
2023-11,IT,T,TOTAL,7.5,Italy,Total,Total (16 to 74 years)
2023-11,NL,F,TOTAL,3.6,Netherlands,Females,Total (16 to 74 years)
2023-11,NL,M,TOTAL,3.5,Netherlands,Males,Total (16 to 74 years)
2023-11,NL,T,TOTAL,3.5,Netherlands,Total,Total (16 to 74 years)
2023-11,PL,F,TOTAL,3.2,Poland,Females,Total (16 to 74 years)
2023-11,PL,M,TOTAL,3.0,Poland,Males,Total (16 to 74 years)
2023-11,PL,T,TOTAL,3.1,Poland,Total,Total (16 to 74 years)
2023-11,SE,F,TOTAL,7.9,Sweden,Females,Total (16 to 74 years)
2023-11,SE,M,TOTAL,8.0,Sweden,Males,Total (16 to 74 years)
2023-11,SE,T,TOTAL,8.0,Sweden,Total,Total (16 to 74 years)
2023-12,DE,F,TOTAL,2.9,Germany,Females,Total (16 to 74 years)
2023-12,DE,M,TOTAL,3.4,Germany,Males,Total (16 to 74 years)
2023-12,DE,T,TOTAL,3.2,Germany,Total,Total (16 to 74 years)
2023-12,EL,F,TOTAL,13.3,Greece,Females,Total (16 to 74 years)
2023-12,EL,M,TOTAL,8.1,Greece,Males,Total (16 to 74 years)
2023-12,EL,T,TOTAL,10.4,Greece,Total,Total (16 to 74 years)
2023-12,ES,F,TOTAL,13.4,Spain,Females,Total (16 to 74 years)
2023-12,ES,M,TOTAL,10.5,Spain,Males,Total (16 to 74 years)
2023-12,ES,T,TOTAL,11.9,Spain,Total,Total (16 to 74 years)
2023-12,EU27,F,TOTAL,6.4,European Union - 27 countries (from 2020),Females,Total (16 to 74 years)
2023-12,EU27,M,TOTAL,5.8,European Union - 27 countries (from 2020),Males,Total (16 to 74 years)
2023-12,EU27,T,TOTAL,6.1,European Union - 27 countries (from 2020),Total,Total (16 to 74 years)
2023-12,FR,F,TOTAL,7.5,France,Females,Total (16 to 74 years)
2023-12,FR,M,TOTAL,7.8,France,Males,Total (16 to 74 years)
2023-12,FR,T,TOTAL,7.6,France,Total,Total (16 to 74 years)
2023-12,IT,F,TOTAL,8.1,Italy,Females,Total (16 to 74 years)
2023-12,IT,M,TOTAL,6.3,Italy,Males,Total (16 to 74 years)
2023-12,IT,T,TOTAL,7.1,Italy,Total,Total (16 to 74 years)
2023-12,NL,F,TOTAL,3.6,Netherlands,Females,Total (16 to 74 years)
2023-12,NL,M,TOTAL,3.5,Netherlands,Males,Total (16 to 74 years)
2023-12,NL,T,TOTAL,3.6,Netherlands,Total,Total (16 to 74 years)
2023-12,PL,F,TOTAL,3.3,Poland,Females,Total (16 to 74 years)
2023-12,PL,M,TOTAL,2.9,Poland,Males,Total (16 to 74 years)
2023-12,PL,T,TOTAL,3.1,Poland,Total,Total (16 to 74 years)
2023-12,SE,F,TOTAL,8.7,Sweden,Females,Total (16 to 74 years)
2023-12,SE,M,TOTAL,7.7,Sweden,Males,Total (16 to 74 years)
2023-12,SE,T,TOTAL,8.2,Sweden,Total,Total (16 to 74 years)
2024-01,DE,F,TOTAL,3.0,Germany,Females,Total (16 to 74 years)
2024-01,DE,M,TOTAL,3.4,Germany,Males,Total (16 to 74 years)
2024-01,DE,T,TOTAL,3.2,Germany,Total,Total (16 to 74 years)
2024-01,EL,F,TOTAL,14.1,Greece,Females,Total (16 to 74 years)
2024-01,EL,M,TOTAL,9.7,Greece,Males,Total (16 to 74 years)
2024-01,EL,T,TOTAL,11.7,Greece,Total,Total (16 to 74 years)
2024-01,ES,F,TOTAL,13.3,Spain,Females,Total (16 to 74 years)
2024-01,ES,M,TOTAL,10.6,Spain,Males,Total (16 to 74 years)
2024-01,ES,T,TOTAL,11.9,Spain,Total,Total (16 to 74 years)
2024-01,EU27,F,TOTAL,6.4,European Union - 27 countries (from 2020),Females,Total (16 to 74 years)
2024-01,EU27,M,TOTAL,5.9,European Union - 27 countries (from 2020),Males,Total (16 to 74 years)
2024-01,EU27,T,TOTAL,6.1,European Union - 27 countries (from 2020),Total,Total (16 to 74 years)
2024-01,FR,F,TOTAL,7.4,France,Females,Total (16 to 74 years)
2024-01,FR,M,TOTAL,7.8,France,Males,Total (16 to 74 years)
2024-01,FR,T,TOTAL,7.6,France,Total,Total (16 to 74 years)
2024-01,IT,F,TOTAL,8.0,Italy,Females,Total (16 to 74 years)
2024-01,IT,M,TOTAL,6.4,Italy,Males,Total (16 to 74 years)
2024-01,IT,T,TOTAL,7.1,Italy,Total,Total (16 to 74 years)
2024-01,NL,F,TOTAL,3.8,Netherlands,Females,Total (16 to 74 years)
2024-01,NL,M,TOTAL,3.5,Netherlands,Males,Total (16 to 74 years)
2024-01,NL,T,TOTAL,3.6,Netherlands,Total,Total (16 to 74 years)
2024-01,PL,F,TOTAL,3.2,Poland,Females,Total (16 to 74 years)
2024-01,PL,M,TOTAL,2.8,Poland,Males,Total (16 to 74 years)
2024-01,PL,T,TOTAL,3.0,Poland,Total,Total (16 to 74 years)
2024-01,SE,F,TOTAL,7.9,Sweden,Females,Total (16 to 74 years)
2024-01,SE,M,TOTAL,8.0,Sweden,Males,Total (16 to 74 years)
2024-01,SE,T,TOTAL,8.0,Sweden,Total,Total (16 to 74 years)
2024-02,DE,F,TOTAL,3.0,Germany,Females,Total (16 to 74 years)
2024-02,DE,M,TOTAL,3.5,Germany,Males,Total (16 to 74 years)
2024-02,DE,T,TOTAL,3.2,Germany,Total,Total (16 to 74 years)
2024-02,EL,F,TOTAL,14.1,Greece,Females,Total (16 to 74 years)
2024-02,EL,M,TOTAL,9.3,Greece,Males,Total (16 to 74 years)
2024-02,EL,T,TOTAL,11.4,Greece,Total,Total (16 to 74 years)
2024-02,ES,F,TOTAL,13.1,Spain,Females,Total (16 to 74 years)
2024-02,ES,M,TOTAL,10.5,Spain,Males,Total (16 to 74 years)
2024-02,ES,T,TOTAL,11.8,Spain,Total,Total (16 to 74 years)
2024-02,EU27,F,TOTAL,6.3,European Union - 27 countries (from 2020),Females,Total (16 to 74 years)
2024-02,EU27,M,TOTAL,5.8,European Union - 27 countries (from 2020),Males,Total (16 to 74 years)
2024-02,EU27,T,TOTAL,6.1,European Union - 27 countries (from 2020),Total,Total (16 to 74 years)
2024-02,FR,F,TOTAL,7.4,France,Females,Total (16 to 74 years)
2024-02,FR,M,TOTAL,7.6,France,Males,Total (16 to 74 years)
2024-02,FR,T,TOTAL,7.5,France,Total,Total (16 to 74 years)
2024-02,IT,F,TOTAL,8.3,Italy,Females,Total (16 to 74 years)
2024-02,IT,M,TOTAL,6.5,Italy,Males,Total (16 to 74 years)
2024-02,IT,T,TOTAL,7.3,Italy,Total,Total (16 to 74 years)
2024-02,NL,F,TOTAL,3.9,Netherlands,Females,Total (16 to 74 years)
2024-02,NL,M,TOTAL,3.6,Netherlands,Males,Total (16 to 74 years)
2024-02,NL,T,TOTAL,3.7,Netherlands,Total,Total (16 to 74 years)
2024-02,PL,F,TOTAL,3.2,Poland,Females,Total (16 to 74 years)
2024-02,PL,M,TOTAL,2.7,Poland,Males,Total (16 to 74 years)
2024-02,PL,T,TOTAL,2.9,Poland,Total,Total (16 to 74 years)
2024-02,SE,F,TOTAL,7.7,Sweden,Females,Total (16 to 74 years)
2024-02,SE,M,TOTAL,8.4,Sweden,Males,Total (16 to 74 years)
2024-02,SE,T,TOTAL,8.1,Sweden,Total,Total (16 to 74 years)
2024-03,DE,F,TOTAL,3.1,Germany,Females,Total (16 to 74 years)
2024-03,DE,M,TOTAL,3.5,Germany,Males,Total (16 to 74 years)
2024-03,DE,T,TOTAL,3.3,Germany,Total,Total (16 to 74 years)
2024-03,EL,F,TOTAL,14.1,Greece,Females,Total (16 to 74 years)
2024-03,EL,M,TOTAL,7.8,Greece,Males,Total (16 to 74 years)
2024-03,EL,T,TOTAL,10.6,Greece,Total,Total (16 to 74 years)
2024-03,ES,F,TOTAL,13.0,Spain,Females,Total (16 to 74 years)
2024-03,ES,M,TOTAL,10.4,Spain,Males,Total (16 to 74 years)
2024-03,ES,T,TOTAL,11.6,Spain,Total,Total (16 to 74 years)
2024-03,EU27,F,TOTAL,6.3,European Union - 27 countries (from 2020),Females,Total (16 to 74 years)
2024-03,EU27,M,TOTAL,5.7,European Union - 27 countries (from 2020),Males,Total (16 to 74 years)
2024-03,EU27,T,TOTAL,6.0,European Union - 27 countries (from 2020),Total,Total (16 to 74 years)
2024-03,FR,F,TOTAL,7.3,France,Females,Total (16 to 74 years)
2024-03,FR,M,TOTAL,7.5,France,Males,Total (16 to 74 years)
2024-03,FR,T,TOTAL,7.4,France,Total,Total (16 to 74 years)
2024-03,IT,F,TOTAL,8.1,Italy,Females,Total (16 to 74 years)
2024-03,IT,M,TOTAL,6.0,Italy,Males,Total (16 to 74 years)
2024-03,IT,T,TOTAL,6.9,Italy,Total,Total (16 to 74 years)
2024-03,NL,F,TOTAL,3.8,Netherlands,Females,Total (16 to 74 years)
2024-03,NL,M,TOTAL,3.5,Netherlands,Males,Total (16 to 74 years)
2024-03,NL,T,TOTAL,3.6,Netherlands,Total,Total (16 to 74 years)
2024-03,PL,F,TOTAL,3.0,Poland,Females,Total (16 to 74 years)
2024-03,PL,M,TOTAL,2.7,Poland,Males,Total (16 to 74 years)
2024-03,PL,T,TOTAL,2.8,Poland,Total,Total (16 to 74 years)
2024-03,SE,F,TOTAL,8.7,Sweden,Females,Total (16 to 74 years)
2024-03,SE,M,TOTAL,8.6,Sweden,Males,Total (16 to 74 years)
2024-03,SE,T,TOTAL,8.7,Sweden,Total,Total (16 to 74 years)
2024-04,DE,F,TOTAL,3.1,Germany,Females,Total (16 to 74 years)
2024-04,DE,M,TOTAL,3.6,Germany,Males,Total (16 to 74 years)
2024-04,DE,T,TOTAL,3.4,Germany,Total,Total (16 to 74 years)
2024-04,EL,F,TOTAL,13.6,Greece,Females,Total (16 to 74 years)
2024-04,EL,M,TOTAL,8.5,Greece,Males,Total (16 to 74 years)
2024-04,EL,T,TOTAL,10.8,Greece,Total,Total (16 to 74 years)
2024-04,ES,F,TOTAL,13.1,Spain,Females,Total (16 to 74 years)
2024-04,ES,M,TOTAL,10.3,Spain,Males,Total (16 to 74 years)
2024-04,ES,T,TOTAL,11.6,Spain,Total,Total (16 to 74 years)
2024-04,EU27,F,TOTAL,6.3,European Union - 27 countries (from 2020),Females,Total (16 to 74 years)
2024-04,EU27,M,TOTAL,5.7,European Union - 27 countries (from 2020),Males,Total (16 to 74 years)
2024-04,EU27,T,TOTAL,6.0,European Union - 27 countries (from 2020),Total,Total (16 to 74 years)
2024-04,FR,F,TOTAL,7.4,France,Females,Total (16 to 74 years)
2024-04,FR,M,TOTAL,7.3,France,Males,Total (16 to 74 years)
2024-04,FR,T,TOTAL,7.3,France,Total,Total (16 to 74 years)
2024-04,IT,F,TOTAL,7.7,Italy,Females,Total (16 to 74 years)
2024-04,IT,M,TOTAL,6.1,Italy,Males,Total (16 to 74 years)
2024-04,IT,T,TOTAL,6.8,Italy,Total,Total (16 to 74 years)
2024-04,NL,F,TOTAL,3.8,Netherlands,Females,Total (16 to 74 years)
2024-04,NL,M,TOTAL,3.6,Netherlands,Males,Total (16 to 74 years)
2024-04,NL,T,TOTAL,3.7,Netherlands,Total,Total (16 to 74 years)
2024-04,PL,F,TOTAL,2.8,Poland,Females,Total (16 to 74 years)
2024-04,PL,M,TOTAL,2.8,Poland,Males,Total (16 to 74 years)
2024-04,PL,T,TOTAL,2.8,Poland,Total,Total (16 to 74 years)
2024-04,SE,F,TOTAL,8.5,Sweden,Females,Total (16 to 74 years)
2024-04,SE,M,TOTAL,8.7,Sweden,Males,Total (16 to 74 years)
2024-04,SE,T,TOTAL,8.6,Sweden,Total,Total (16 to 74 years)
2024-05,DE,F,TOTAL,3.2,Germany,Females,Total (16 to 74 years)
2024-05,DE,M,TOTAL,3.6,Germany,Males,Total (16 to 74 years)
2024-05,DE,T,TOTAL,3.4,Germany,Total,Total (16 to 74 years)
2024-05,EL,F,TOTAL,13.7,Greece,Females,Total (16 to 74 years)
2024-05,EL,M,TOTAL,8.0,Greece,Males,Total (16 to 74 years)
2024-05,EL,T,TOTAL,10.5,Greece,Total,Total (16 to 74 years)
2024-05,ES,F,TOTAL,13.0,Spain,Females,Total (16 to 74 years)
2024-05,ES,M,TOTAL,10.3,Spain,Males,Total (16 to 74 years)
2024-05,ES,T,TOTAL,11.6,Spain,Total,Total (16 to 74 years)
2024-05,EU27,F,TOTAL,6.2,European Union - 27 countries (from 2020),Females,Total (16 to 74 years)
2024-05,EU27,M,TOTAL,5.7,European Union - 27 countries (from 2020),Males,Total (16 to 74 years)
2024-05,EU27,T,TOTAL,6.0,European Union - 27 countries (from 2020),Total,Total (16 to 74 years)
2024-05,FR,F,TOTAL,7.5,France,Females,Total (16 to 74 years)
2024-05,FR,M,TOTAL,7.3,France,Males,Total (16 to 74 years)
2024-05,FR,T,TOTAL,7.4,France,Total,Total (16 to 74 years)
2024-05,IT,F,TOTAL,7.5,Italy,Females,Total (16 to 74 years)
2024-05,IT,M,TOTAL,5.8,Italy,Males,Total (16 to 74 years)
2024-05,IT,T,TOTAL,6.5,Italy,Total,Total (16 to 74 years)
2024-05,NL,F,TOTAL,3.7,Netherlands,Females,Total (16 to 74 years)
2024-05,NL,M,TOTAL,3.5,Netherlands,Males,Total (16 to 74 years)
2024-05,NL,T,TOTAL,3.6,Netherlands,Total,Total (16 to 74 years)
2024-05,PL,F,TOTAL,2.8,Poland,Females,Total (16 to 74 years)
2024-05,PL,M,TOTAL,2.8,Poland,Males,Total (16 to 74 years)
2024-05,PL,T,TOTAL,2.8,Poland,Total,Total (16 to 74 years)
2024-05,SE,F,TOTAL,7.9,Sweden,Females,Total (16 to 74 years)
2024-05,SE,M,TOTAL,8.2,Sweden,Males,Total (16 to 74 years)
2024-05,SE,T,TOTAL,8.1,Sweden,Total,Total (16 to 74 years)
2024-06,DE,F,TOTAL,3.2,Germany,Females,Total (16 to 74 years)
2024-06,DE,M,TOTAL,3.6,Germany,Males,Total (16 to 74 years)
2024-06,DE,T,TOTAL,3.4,Germany,Total,Total (16 to 74 years)
2024-06,EL,F,TOTAL,11.1,Greece,Females,Total (16 to 74 years)
2024-06,EL,M,TOTAL,7.3,Greece,Males,Total (16 to 74 years)
2024-06,EL,T,TOTAL,9.0,Greece,Total,Total (16 to 74 years)
2024-06,ES,F,TOTAL,12.9,Spain,Females,Total (16 to 74 years)
2024-06,ES,M,TOTAL,10.3,Spain,Males,Total (16 to 74 years)
2024-06,ES,T,TOTAL,11.5,Spain,Total,Total (16 to 74 years)
2024-06,EU27,F,TOTAL,6.2,European Union - 27 countries (from 2020),Females,Total (16 to 74 years)
2024-06,EU27,M,TOTAL,5.7,European Union - 27 countries (from 2020),Males,Total (16 to 74 years)
2024-06,EU27,T,TOTAL,6.0,European Union - 27 countries (from 2020),Total,Total (16 to 74 years)
2024-06,FR,F,TOTAL,7.5,France,Females,Total (16 to 74 years)
2024-06,FR,M,TOTAL,7.5,France,Males,Total (16 to 74 years)
2024-06,FR,T,TOTAL,7.5,France,Total,Total (16 to 74 years)
2024-06,IT,F,TOTAL,7.6,Italy,Females,Total (16 to 74 years)
2024-06,IT,M,TOTAL,6.0,Italy,Males,Total (16 to 74 years)
2024-06,IT,T,TOTAL,6.7,Italy,Total,Total (16 to 74 years)
2024-06,NL,F,TOTAL,3.8,Netherlands,Females,Total (16 to 74 years)
2024-06,NL,M,TOTAL,3.5,Netherlands,Males,Total (16 to 74 years)
2024-06,NL,T,TOTAL,3.6,Netherlands,Total,Total (16 to 74 years)
2024-06,PL,F,TOTAL,3.0,Poland,Females,Total (16 to 74 years)
2024-06,PL,M,TOTAL,2.8,Poland,Males,Total (16 to 74 years)
2024-06,PL,T,TOTAL,2.9,Poland,Total,Total (16 to 74 years)
2024-06,SE,F,TOTAL,8.9,Sweden,Females,Total (16 to 74 years)
2024-06,SE,M,TOTAL,7.8,Sweden,Males,Total (16 to 74 years)
2024-06,SE,T,TOTAL,8.3,Sweden,Total,Total (16 to 74 years)
2024-07,DE,F,TOTAL,3.2,Germany,Females,Total (16 to 74 years)
2024-07,DE,M,TOTAL,3.6,Germany,Males,Total (16 to 74 years)
2024-07,DE,T,TOTAL,3.4,Germany,Total,Total (16 to 74 years)
2024-07,EL,F,TOTAL,12.6,Greece,Females,Total (16 to 74 years)
2024-07,EL,M,TOTAL,7.4,Greece,Males,Total (16 to 74 years)
2024-07,EL,T,TOTAL,9.8,Greece,Total,Total (16 to 74 years)
2024-07,ES,F,TOTAL,12.7,Spain,Females,Total (16 to 74 years)
2024-07,ES,M,TOTAL,10.3,Spain,Males,Total (16 to 74 years)
2024-07,ES,T,TOTAL,11.4,Spain,Total,Total (16 to 74 years)
2024-07,EU27,F,TOTAL,6.2,European Union - 27 countries (from 2020),Females,Total (16 to 74 years)
2024-07,EU27,M,TOTAL,5.8,European Union - 27 countries (from 2020),Males,Total (16 to 74 years)
2024-07,EU27,T,TOTAL,6.0,European Union - 27 countries (from 2020),Total,Total (16 to 74 years)
2024-07,FR,F,TOTAL,7.3,France,Females,Total (16 to 74 years)
2024-07,FR,M,TOTAL,7.7,France,Males,Total (16 to 74 years)
2024-07,FR,T,TOTAL,7.5,France,Total,Total (16 to 74 years)
2024-07,IT,F,TOTAL,6.9,Italy,Females,Total (16 to 74 years)
2024-07,IT,M,TOTAL,6.0,Italy,Males,Total (16 to 74 years)
2024-07,IT,T,TOTAL,6.4,Italy,Total,Total (16 to 74 years)
2024-07,NL,F,TOTAL,3.8,Netherlands,Females,Total (16 to 74 years)
2024-07,NL,M,TOTAL,3.5,Netherlands,Males,Total (16 to 74 years)
2024-07,NL,T,TOTAL,3.6,Netherlands,Total,Total (16 to 74 years)
2024-07,PL,F,TOTAL,3.2,Poland,Females,Total (16 to 74 years)
2024-07,PL,M,TOTAL,2.8,Poland,Males,Total (16 to 74 years)
2024-07,PL,T,TOTAL,3.0,Poland,Total,Total (16 to 74 years)
2024-07,SE,F,TOTAL,8.4,Sweden,Females,Total (16 to 74 years)
2024-07,SE,M,TOTAL,8.9,Sweden,Males,Total (16 to 74 years)
2024-07,SE,T,TOTAL,8.6,Sweden,Total,Total (16 to 74 years)
2024-08,DE,F,TOTAL,3.2,Germany,Females,Total (16 to 74 years)
2024-08,DE,M,TOTAL,3.6,Germany,Males,Total (16 to 74 years)
2024-08,DE,T,TOTAL,3.4,Germany,Total,Total (16 to 74 years)
2024-08,EL,F,TOTAL,11.6,Greece,Females,Total (16 to 74 years)
2024-08,EL,M,TOTAL,8.0,Greece,Males,Total (16 to 74 years)
2024-08,EL,T,TOTAL,9.6,Greece,Total,Total (16 to 74 years)
2024-08,ES,F,TOTAL,12.5,Spain,Females,Total (16 to 74 years)
2024-08,ES,M,TOTAL,10.2,Spain,Males,Total (16 to 74 years)
2024-08,ES,T,TOTAL,11.3,Spain,Total,Total (16 to 74 years)
2024-08,EU27,F,TOTAL,6.1,European Union - 27 countries (from 2020),Females,Total (16 to 74 years)
2024-08,EU27,M,TOTAL,5.8,European Union - 27 countries (from 2020),Males,Total (16 to 74 years)
2024-08,EU27,T,TOTAL,5.9,European Union - 27 countries (from 2020),Total,Total (16 to 74 years)
2024-08,FR,F,TOTAL,7.2,France,Females,Total (16 to 74 years)
2024-08,FR,M,TOTAL,7.8,France,Males,Total (16 to 74 years)
2024-08,FR,T,TOTAL,7.5,France,Total,Total (16 to 74 years)
2024-08,IT,F,TOTAL,7.1,Italy,Females,Total (16 to 74 years)
2024-08,IT,M,TOTAL,5.8,Italy,Males,Total (16 to 74 years)
2024-08,IT,T,TOTAL,6.4,Italy,Total,Total (16 to 74 years)
2024-08,NL,F,TOTAL,3.9,Netherlands,Females,Total (16 to 74 years)
2024-08,NL,M,TOTAL,3.5,Netherlands,Males,Total (16 to 74 years)
2024-08,NL,T,TOTAL,3.7,Netherlands,Total,Total (16 to 74 years)
2024-08,PL,F,TOTAL,3.3,Poland,Females,Total (16 to 74 years)
2024-08,PL,M,TOTAL,2.8,Poland,Males,Total (16 to 74 years)
2024-08,PL,T,TOTAL,3.0,Poland,Total,Total (16 to 74 years)
2024-08,SE,F,TOTAL,8.4,Sweden,Females,Total (16 to 74 years)
2024-08,SE,M,TOTAL,8.2,Sweden,Males,Total (16 to 74 years)
2024-08,SE,T,TOTAL,8.3,Sweden,Total,Total (16 to 74 years)
2024-09,DE,F,TOTAL,3.2,Germany,Females,Total (16 to 74 years)
2024-09,DE,M,TOTAL,3.6,Germany,Males,Total (16 to 74 years)
2024-09,DE,T,TOTAL,3.4,Germany,Total,Total (16 to 74 years)
2024-09,EL,F,TOTAL,11.9,Greece,Females,Total (16 to 74 years)
2024-09,EL,M,TOTAL,7.8,Greece,Males,Total (16 to 74 years)
2024-09,EL,T,TOTAL,9.7,Greece,Total,Total (16 to 74 years)
2024-09,ES,F,TOTAL,12.3,Spain,Females,Total (16 to 74 years)
2024-09,ES,M,TOTAL,10.0,Spain,Males,Total (16 to 74 years)
2024-09,ES,T,TOTAL,11.1,Spain,Total,Total (16 to 74 years)
2024-09,EU27,F,TOTAL,6.1,European Union - 27 countries (from 2020),Females,Total (16 to 74 years)
2024-09,EU27,M,TOTAL,5.7,European Union - 27 countries (from 2020),Males,Total (16 to 74 years)
2024-09,EU27,T,TOTAL,5.9,European Union - 27 countries (from 2020),Total,Total (16 to 74 years)
2024-09,FR,F,TOTAL,7.1,France,Females,Total (16 to 74 years)
2024-09,FR,M,TOTAL,7.8,France,Males,Total (16 to 74 years)
2024-09,FR,T,TOTAL,7.5,France,Total,Total (16 to 74 years)
2024-09,IT,F,TOTAL,6.8,Italy,Females,Total (16 to 74 years)
2024-09,IT,M,TOTAL,5.5,Italy,Males,Total (16 to 74 years)
2024-09,IT,T,TOTAL,6.1,Italy,Total,Total (16 to 74 years)
2024-09,NL,F,TOTAL,3.9,Netherlands,Females,Total (16 to 74 years)
2024-09,NL,M,TOTAL,3.5,Netherlands,Males,Total (16 to 74 years)
2024-09,NL,T,TOTAL,3.7,Netherlands,Total,Total (16 to 74 years)
2024-09,PL,F,TOTAL,3.3,Poland,Females,Total (16 to 74 years)
2024-09,PL,M,TOTAL,2.7,Poland,Males,Total (16 to 74 years)
2024-09,PL,T,TOTAL,3.0,Poland,Total,Total (16 to 74 years)
2024-09,SE,F,TOTAL,9.2,Sweden,Females,Total (16 to 74 years)
2024-09,SE,M,TOTAL,8.1,Sweden,Males,Total (16 to 74 years)
2024-09,SE,T,TOTAL,8.6,Sweden,Total,Total (16 to 74 years)
2024-10,DE,F,TOTAL,3.2,Germany,Females,Total (16 to 74 years)
2024-10,DE,M,TOTAL,3.6,Germany,Males,Total (16 to 74 years)
2024-10,DE,T,TOTAL,3.4,Germany,Total,Total (16 to 74 years)
2024-10,EL,F,TOTAL,12.0,Greece,Females,Total (16 to 74 years)
2024-10,EL,M,TOTAL,7.9,Greece,Males,Total (16 to 74 years)
2024-10,EL,T,TOTAL,9.7,Greece,Total,Total (16 to 74 years)
2024-10,ES,F,TOTAL,12.2,Spain,Females,Total (16 to 74 years)
2024-10,ES,M,TOTAL,9.8,Spain,Males,Total (16 to 74 years)
2024-10,ES,T,TOTAL,10.9,Spain,Total,Total (16 to 74 years)
2024-10,EU27,F,TOTAL,6.1,European Union - 27 countries (from 2020),Females,Total (16 to 74 years)
2024-10,EU27,M,TOTAL,5.6,European Union - 27 countries (from 2020),Males,Total (16 to 74 years)
2024-10,EU27,T,TOTAL,5.8,European Union - 27 countries (from 2020),Total,Total (16 to 74 years)
2024-10,FR,F,TOTAL,7.2,France,Females,Total (16 to 74 years)
2024-10,FR,M,TOTAL,7.6,France,Males,Total (16 to 74 years)
2024-10,FR,T,TOTAL,7.4,France,Total,Total (16 to 74 years)
2024-10,IT,F,TOTAL,6.8,Italy,Females,Total (16 to 74 years)
2024-10,IT,M,TOTAL,5.5,Italy,Males,Total (16 to 74 years)
2024-10,IT,T,TOTAL,6.1,Italy,Total,Total (16 to 74 years)
2024-10,NL,F,TOTAL,3.9,Netherlands,Females,Total (16 to 74 years)
2024-10,NL,M,TOTAL,3.5,Netherlands,Males,Total (16 to 74 years)
2024-10,NL,T,TOTAL,3.7,Netherlands,Total,Total (16 to 74 years)
2024-10,PL,F,TOTAL,3.2,Poland,Females,Total (16 to 74 years)
2024-10,PL,M,TOTAL,2.5,Poland,Males,Total (16 to 74 years)
2024-10,PL,T,TOTAL,2.8,Poland,Total,Total (16 to 74 years)
2024-10,SE,F,TOTAL,8.4,Sweden,Females,Total (16 to 74 years)
2024-10,SE,M,TOTAL,8.1,Sweden,Males,Total (16 to 74 years)
2024-10,SE,T,TOTAL,8.2,Sweden,Total,Total (16 to 74 years)
2024-11,DE,F,TOTAL,3.2,Germany,Females,Total (16 to 74 years)
2024-11,DE,M,TOTAL,3.6,Germany,Males,Total (16 to 74 years)
2024-11,DE,T,TOTAL,3.4,Germany,Total,Total (16 to 74 years)
2024-11,EL,F,TOTAL,12.4,Greece,Females,Total (16 to 74 years)
2024-11,EL,M,TOTAL,7.5,Greece,Males,Total (16 to 74 years)
2024-11,EL,T,TOTAL,9.7,Greece,Total,Total (16 to 74 years)
2024-11,ES,F,TOTAL,12.1,Spain,Females,Total (16 to 74 years)
2024-11,ES,M,TOTAL,9.6,Spain,Males,Total (16 to 74 years)
2024-11,ES,T,TOTAL,10.8,Spain,Total,Total (16 to 74 years)
2024-11,EU27,F,TOTAL,6.1,European Union - 27 countries (from 2020),Females,Total (16 to 74 years)
2024-11,EU27,M,TOTAL,5.6,European Union - 27 countries (from 2020),Males,Total (16 to 74 years)
2024-11,EU27,T,TOTAL,5.9,European Union - 27 countries (from 2020),Total,Total (16 to 74 years)
2024-11,FR,F,TOTAL,7.2,France,Females,Total (16 to 74 years)
2024-11,FR,M,TOTAL,7.5,France,Males,Total (16 to 74 years)
2024-11,FR,T,TOTAL,7.4,France,Total,Total (16 to 74 years)
2024-11,IT,F,TOTAL,6.9,Italy,Females,Total (16 to 74 years)
2024-11,IT,M,TOTAL,5.7,Italy,Males,Total (16 to 74 years)
2024-11,IT,T,TOTAL,6.2,Italy,Total,Total (16 to 74 years)
2024-11,NL,F,TOTAL,3.9,Netherlands,Females,Total (16 to 74 years)
2024-11,NL,M,TOTAL,3.4,Netherlands,Males,Total (16 to 74 years)
2024-11,NL,T,TOTAL,3.7,Netherlands,Total,Total (16 to 74 years)
2024-11,PL,F,TOTAL,3.1,Poland,Females,Total (16 to 74 years)
2024-11,PL,M,TOTAL,2.5,Poland,Males,Total (16 to 74 years)
2024-11,PL,T,TOTAL,2.8,Poland,Total,Total (16 to 74 years)
2024-11,SE,F,TOTAL,8.6,Sweden,Females,Total (16 to 74 years)
2024-11,SE,M,TOTAL,8.0,Sweden,Males,Total (16 to 74 years)
2024-11,SE,T,TOTAL,8.3,Sweden,Total,Total (16 to 74 years)
2024-12,DE,F,TOTAL,3.2,Germany,Females,Total (16 to 74 years)
2024-12,DE,M,TOTAL,3.7,Germany,Males,Total (16 to 74 years)
2024-12,DE,T,TOTAL,3.5,Germany,Total,Total (16 to 74 years)
2024-12,EL,F,TOTAL,11.6,Greece,Females,Total (16 to 74 years)
2024-12,EL,M,TOTAL,7.6,Greece,Males,Total (16 to 74 years)
2024-12,EL,T,TOTAL,9.4,Greece,Total,Total (16 to 74 years)
2024-12,ES,F,TOTAL,12.1,Spain,Females,Total (16 to 74 years)
2024-12,ES,M,TOTAL,9.6,Spain,Males,Total (16 to 74 years)
2024-12,ES,T,TOTAL,10.8,Spain,Total,Total (16 to 74 years)
2024-12,EU27,F,TOTAL,6.1,European Union - 27 countries (from 2020),Females,Total (16 to 74 years)
2024-12,EU27,M,TOTAL,5.7,European Union - 27 countries (from 2020),Males,Total (16 to 74 years)
2024-12,EU27,T,TOTAL,5.9,European Union - 27 countries (from 2020),Total,Total (16 to 74 years)
2024-12,FR,F,TOTAL,7.3,France,Females,Total (16 to 74 years)
2024-12,FR,M,TOTAL,7.4,France,Males,Total (16 to 74 years)
2024-12,FR,T,TOTAL,7.3,France,Total,Total (16 to 74 years)
2024-12,IT,F,TOTAL,7.3,Italy,Females,Total (16 to 74 years)
2024-12,IT,M,TOTAL,5.7,Italy,Males,Total (16 to 74 years)
2024-12,IT,T,TOTAL,6.4,Italy,Total,Total (16 to 74 years)
2024-12,NL,F,TOTAL,3.9,Netherlands,Females,Total (16 to 74 years)
2024-12,NL,M,TOTAL,3.5,Netherlands,Males,Total (16 to 74 years)
2024-12,NL,T,TOTAL,3.7,Netherlands,Total,Total (16 to 74 years)
2024-12,PL,F,TOTAL,3.2,Poland,Females,Total (16 to 74 years)
2024-12,PL,M,TOTAL,2.6,Poland,Males,Total (16 to 74 years)
2024-12,PL,T,TOTAL,2.9,Poland,Total,Total (16 to 74 years)
2024-12,SE,F,TOTAL,9.0,Sweden,Females,Total (16 to 74 years)
2024-12,SE,M,TOTAL,8.1,Sweden,Males,Total (16 to 74 years)
2024-12,SE,T,TOTAL,8.5,Sweden,Total,Total (16 to 74 years)
2025-01,DE,F,TOTAL,3.3,Germany,Females,Total (16 to 74 years)
2025-01,DE,M,TOTAL,3.8,Germany,Males,Total (16 to 74 years)
2025-01,DE,T,TOTAL,3.5,Germany,Total,Total (16 to 74 years)
2025-01,EL,F,TOTAL,11.8,Greece,Females,Total (16 to 74 years)
2025-01,EL,M,TOTAL,8.1,Greece,Males,Total (16 to 74 years)
2025-01,EL,T,TOTAL,9.7,Greece,Total,Total (16 to 74 years)
2025-01,ES,F,TOTAL,12.1,Spain,Females,Total (16 to 74 years)
2025-01,ES,M,TOTAL,9.7,Spain,Males,Total (16 to 74 years)
2025-01,ES,T,TOTAL,10.8,Spain,Total,Total (16 to 74 years)
2025-01,EU27,F,TOTAL,6.2,European Union - 27 countries (from 2020),Females,Total (16 to 74 years)
2025-01,EU27,M,TOTAL,5.8,European Union - 27 countries (from 2020),Males,Total (16 to 74 years)
2025-01,EU27,T,TOTAL,6.0,European Union - 27 countries (from 2020),Total,Total (16 to 74 years)
2025-01,FR,F,TOTAL,7.4,France,Females,Total (16 to 74 years)
2025-01,FR,M,TOTAL,7.3,France,Males,Total (16 to 74 years)
2025-01,FR,T,TOTAL,7.3,France,Total,Total (16 to 74 years)
2025-01,IT,F,TOTAL,7.3,Italy,Females,Total (16 to 74 years)
2025-01,IT,M,TOTAL,5.9,Italy,Males,Total (16 to 74 years)
2025-01,IT,T,TOTAL,6.5,Italy,Total,Total (16 to 74 years)
2025-01,NL,F,TOTAL,4.0,Netherlands,Females,Total (16 to 74 years)
2025-01,NL,M,TOTAL,3.6,Netherlands,Males,Total (16 to 74 years)
2025-01,NL,T,TOTAL,3.8,Netherlands,Total,Total (16 to 74 years)
2025-01,PL,F,TOTAL,3.3,Poland,Females,Total (16 to 74 years)
2025-01,PL,M,TOTAL,2.9,Poland,Males,Total (16 to 74 years)
2025-01,PL,T,TOTAL,3.1,Poland,Total,Total (16 to 74 years)
2025-01,SE,F,TOTAL,10.1,Sweden,Females,Total (16 to 74 years)
2025-01,SE,M,TOTAL,9.6,Sweden,Males,Total (16 to 74 years)
2025-01,SE,T,TOTAL,9.8,Sweden,Total,Total (16 to 74 years)
2025-02,DE,F,TOTAL,3.3,Germany,Females,Total (16 to 74 years)
2025-02,DE,M,TOTAL,3.9,Germany,Males,Total (16 to 74 years)
2025-02,DE,T,TOTAL,3.6,Germany,Total,Total (16 to 74 years)
2025-02,EL,F,TOTAL,11.8,Greece,Females,Total (16 to 74 years)
2025-02,EL,M,TOTAL,7.0,Greece,Males,Total (16 to 74 years)
2025-02,EL,T,TOTAL,9.1,Greece,Total,Total (16 to 74 years)
2025-02,ES,F,TOTAL,12.1,Spain,Females,Total (16 to 74 years)
2025-02,ES,M,TOTAL,9.7,Spain,Males,Total (16 to 74 years)
2025-02,ES,T,TOTAL,10.8,Spain,Total,Total (16 to 74 years)
2025-02,EU27,F,TOTAL,6.2,European Union - 27 countries (from 2020),Females,Total (16 to 74 years)
2025-02,EU27,M,TOTAL,5.7,European Union - 27 countries (from 2020),Males,Total (16 to 74 years)
2025-02,EU27,T,TOTAL,6.0,European Union - 27 countries (from 2020),Total,Total (16 to 74 years)
2025-02,FR,F,TOTAL,7.6,France,Females,Total (16 to 74 years)
2025-02,FR,M,TOTAL,7.5,France,Males,Total (16 to 74 years)
2025-02,FR,T,TOTAL,7.5,France,Total,Total (16 to 74 years)
2025-02,IT,F,TOTAL,6.9,Italy,Females,Total (16 to 74 years)
2025-02,IT,M,TOTAL,5.5,Italy,Males,Total (16 to 74 years)
2025-02,IT,T,TOTAL,6.1,Italy,Total,Total (16 to 74 years)
2025-02,NL,F,TOTAL,4.0,Netherlands,Females,Total (16 to 74 years)
2025-02,NL,M,TOTAL,3.7,Netherlands,Males,Total (16 to 74 years)
2025-02,NL,T,TOTAL,3.8,Netherlands,Total,Total (16 to 74 years)
2025-02,PL,F,TOTAL,3.4,Poland,Females,Total (16 to 74 years)
2025-02,PL,M,TOTAL,3.0,Poland,Males,Total (16 to 74 years)
2025-02,PL,T,TOTAL,3.2,Poland,Total,Total (16 to 74 years)
2025-02,SE,F,TOTAL,9.0,Sweden,Females,Total (16 to 74 years)
2025-02,SE,M,TOTAL,8.9,Sweden,Males,Total (16 to 74 years)
2025-02,SE,T,TOTAL,9.0,Sweden,Total,Total (16 to 74 years)
2025-03,DE,F,TOTAL,3.3,Germany,Females,Total (16 to 74 years)
2025-03,DE,M,TOTAL,3.9,Germany,Males,Total (16 to 74 years)
2025-03,DE,T,TOTAL,3.6,Germany,Total,Total (16 to 74 years)
2025-03,EL,F,TOTAL,11.6,Greece,Females,Total (16 to 74 years)
2025-03,EL,M,TOTAL,7.3,Greece,Males,Total (16 to 74 years)
2025-03,EL,T,TOTAL,9.2,Greece,Total,Total (16 to 74 years)
2025-03,ES,F,TOTAL,12.1,Spain,Females,Total (16 to 74 years)
2025-03,ES,M,TOTAL,9.6,Spain,Males,Total (16 to 74 years)
2025-03,ES,T,TOTAL,10.8,Spain,Total,Total (16 to 74 years)
2025-03,EU27,F,TOTAL,6.2,European Union - 27 countries (from 2020),Females,Total (16 to 74 years)
2025-03,EU27,M,TOTAL,5.8,European Union - 27 countries (from 2020),Males,Total (16 to 74 years)
2025-03,EU27,T,TOTAL,6.0,European Union - 27 countries (from 2020),Total,Total (16 to 74 years)
2025-03,FR,F,TOTAL,7.6,France,Females,Total (16 to 74 years)
2025-03,FR,M,TOTAL,7.6,France,Males,Total (16 to 74 years)
2025-03,FR,T,TOTAL,7.6,France,Total,Total (16 to 74 years)
2025-03,IT,F,TOTAL,6.8,Italy,Females,Total (16 to 74 years)
2025-03,IT,M,TOTAL,5.9,Italy,Males,Total (16 to 74 years)
2025-03,IT,T,TOTAL,6.3,Italy,Total,Total (16 to 74 years)
2025-03,NL,F,TOTAL,4.1,Netherlands,Females,Total (16 to 74 years)
2025-03,NL,M,TOTAL,3.7,Netherlands,Males,Total (16 to 74 years)
2025-03,NL,T,TOTAL,3.9,Netherlands,Total,Total (16 to 74 years)
2025-03,PL,F,TOTAL,3.4,Poland,Females,Total (16 to 74 years)
2025-03,PL,M,TOTAL,3.0,Poland,Males,Total (16 to 74 years)
2025-03,PL,T,TOTAL,3.2,Poland,Total,Total (16 to 74 years)
2025-03,SE,F,TOTAL,8.3,Sweden,Females,Total (16 to 74 years)
2025-03,SE,M,TOTAL,7.7,Sweden,Males,Total (16 to 74 years)
2025-03,SE,T,TOTAL,8.0,Sweden,Total,Total (16 to 74 years)
2025-04,DE,F,TOTAL,3.3,Germany,Females,Total (16 to 74 years)
2025-04,DE,M,TOTAL,4.0,Germany,Males,Total (16 to 74 years)
2025-04,DE,T,TOTAL,3.7,Germany,Total,Total (16 to 74 years)
2025-04,EL,F,TOTAL,10.9,Greece,Females,Total (16 to 74 years)
2025-04,EL,M,TOTAL,7.2,Greece,Males,Total (16 to 74 years)
2025-04,EL,T,TOTAL,8.9,Greece,Total,Total (16 to 74 years)
2025-04,ES,F,TOTAL,11.9,Spain,Females,Total (16 to 74 years)
2025-04,ES,M,TOTAL,9.5,Spain,Males,Total (16 to 74 years)
2025-04,ES,T,TOTAL,10.6,Spain,Total,Total (16 to 74 years)
2025-04,EU27,F,TOTAL,6.1,European Union - 27 countries (from 2020),Females,Total (16 to 74 years)
2025-04,EU27,M,TOTAL,5.8,European Union - 27 countries (from 2020),Males,Total (16 to 74 years)
2025-04,EU27,T,TOTAL,5.9,European Union - 27 countries (from 2020),Total,Total (16 to 74 years)
2025-04,FR,F,TOTAL,7.4,France,Females,Total (16 to 74 years)
2025-04,FR,M,TOTAL,7.6,France,Males,Total (16 to 74 years)
2025-04,FR,T,TOTAL,7.5,France,Total,Total (16 to 74 years)
2025-04,IT,F,TOTAL,6.9,Italy,Females,Total (16 to 74 years)
2025-04,IT,M,TOTAL,5.7,Italy,Males,Total (16 to 74 years)
2025-04,IT,T,TOTAL,6.2,Italy,Total,Total (16 to 74 years)
2025-04,NL,F,TOTAL,4.0,Netherlands,Females,Total (16 to 74 years)
2025-04,NL,M,TOTAL,3.6,Netherlands,Males,Total (16 to 74 years)
2025-04,NL,T,TOTAL,3.8,Netherlands,Total,Total (16 to 74 years)
2025-04,PL,F,TOTAL,3.3,Poland,Females,Total (16 to 74 years)
2025-04,PL,M,TOTAL,2.8,Poland,Males,Total (16 to 74 years)
2025-04,PL,T,TOTAL,3.0,Poland,Total,Total (16 to 74 years)
2025-04,SE,F,TOTAL,8.7,Sweden,Females,Total (16 to 74 years)
2025-04,SE,M,TOTAL,8.5,Sweden,Males,Total (16 to 74 years)
2025-04,SE,T,TOTAL,8.6,Sweden,Total,Total (16 to 74 years)
2025-05,DE,F,TOTAL,3.3,Germany,Females,Total (16 to 74 years)
2025-05,DE,M,TOTAL,4.0,Germany,Males,Total (16 to 74 years)
2025-05,DE,T,TOTAL,3.7,Germany,Total,Total (16 to 74 years)
2025-05,EL,F,TOTAL,10.5,Greece,Females,Total (16 to 74 years)
2025-05,EL,M,TOTAL,7.2,Greece,Males,Total (16 to 74 years)
2025-05,EL,T,TOTAL,8.7,Greece,Total,Total (16 to 74 years)
2025-05,ES,F,TOTAL,11.9,Spain,Females,Total (16 to 74 years)
2025-05,ES,M,TOTAL,9.4,Spain,Males,Total (16 to 74 years)
2025-05,ES,T,TOTAL,10.6,Spain,Total,Total (16 to 74 years)
2025-05,EU27,F,TOTAL,6.2,European Union - 27 countries (from 2020),Females,Total (16 to 74 years)
2025-05,EU27,M,TOTAL,5.8,European Union - 27 countries (from 2020),Males,Total (16 to 74 years)
2025-05,EU27,T,TOTAL,6.0,European Union - 27 countries (from 2020),Total,Total (16 to 74 years)
2025-05,FR,F,TOTAL,7.4,France,Females,Total (16 to 74 years)
2025-05,FR,M,TOTAL,7.8,France,Males,Total (16 to 74 years)
2025-05,FR,T,TOTAL,7.6,France,Total,Total (16 to 74 years)
2025-05,IT,F,TOTAL,7.1,Italy,Females,Total (16 to 74 years)
2025-05,IT,M,TOTAL,6.0,Italy,Males,Total (16 to 74 years)
2025-05,IT,T,TOTAL,6.4,Italy,Total,Total (16 to 74 years)
2025-05,NL,F,TOTAL,3.9,Netherlands,Females,Total (16 to 74 years)
2025-05,NL,M,TOTAL,3.6,Netherlands,Males,Total (16 to 74 years)
2025-05,NL,T,TOTAL,3.8,Netherlands,Total,Total (16 to 74 years)
2025-05,PL,F,TOTAL,3.2,Poland,Females,Total (16 to 74 years)
2025-05,PL,M,TOTAL,2.7,Poland,Males,Total (16 to 74 years)
2025-05,PL,T,TOTAL,3.0,Poland,Total,Total (16 to 74 years)
2025-05,SE,F,TOTAL,9.8,Sweden,Females,Total (16 to 74 years)
2025-05,SE,M,TOTAL,8.4,Sweden,Males,Total (16 to 74 years)
2025-05,SE,T,TOTAL,9.1,Sweden,Total,Total (16 to 74 years)
2025-06,DE,F,TOTAL,3.3,Germany,Females,Total (16 to 74 years)
2025-06,DE,M,TOTAL,4.1,Germany,Males,Total (16 to 74 years)
2025-06,DE,T,TOTAL,3.7,Germany,Total,Total (16 to 74 years)
2025-06,EL,F,TOTAL,11.2,Greece,Females,Total (16 to 74 years)
2025-06,EL,M,TOTAL,7.6,Greece,Males,Total (16 to 74 years)
2025-06,EL,T,TOTAL,9.2,Greece,Total,Total (16 to 74 years)
2025-06,ES,F,TOTAL,11.9,Spain,Females,Total (16 to 74 years)
2025-06,ES,M,TOTAL,9.3,Spain,Males,Total (16 to 74 years)
2025-06,ES,T,TOTAL,10.5,Spain,Total,Total (16 to 74 years)
2025-06,EU27,F,TOTAL,6.1,European Union - 27 countries (from 2020),Females,Total (16 to 74 years)
2025-06,EU27,M,TOTAL,5.8,European Union - 27 countries (from 2020),Males,Total (16 to 74 years)
2025-06,EU27,T,TOTAL,6.0,European Union - 27 countries (from 2020),Total,Total (16 to 74 years)
2025-06,FR,F,TOTAL,7.5,France,Females,Total (16 to 74 years)
2025-06,FR,M,TOTAL,7.8,France,Males,Total (16 to 74 years)
2025-06,FR,T,TOTAL,7.7,France,Total,Total (16 to 74 years)
2025-06,IT,F,TOTAL,6.6,Italy,Females,Total (16 to 74 years)
2025-06,IT,M,TOTAL,5.4,Italy,Males,Total (16 to 74 years)
2025-06,IT,T,TOTAL,5.9,Italy,Total,Total (16 to 74 years)
2025-06,NL,F,TOTAL,3.9,Netherlands,Females,Total (16 to 74 years)
2025-06,NL,M,TOTAL,3.7,Netherlands,Males,Total (16 to 74 years)
2025-06,NL,T,TOTAL,3.8,Netherlands,Total,Total (16 to 74 years)
2025-06,PL,F,TOTAL,3.4,Poland,Females,Total (16 to 74 years)
2025-06,PL,M,TOTAL,2.7,Poland,Males,Total (16 to 74 years)
2025-06,PL,T,TOTAL,3.0,Poland,Total,Total (16 to 74 years)
2025-06,SE,F,TOTAL,7.7,Sweden,Females,Total (16 to 74 years)
2025-06,SE,M,TOTAL,8.9,Sweden,Males,Total (16 to 74 years)
2025-06,SE,T,TOTAL,8.3,Sweden,Total,Total (16 to 74 years)
2025-07,DE,F,TOTAL,3.4,Germany,Females,Total (16 to 74 years)
2025-07,DE,M,TOTAL,4.1,Germany,Males,Total (16 to 74 years)
2025-07,DE,T,TOTAL,3.8,Germany,Total,Total (16 to 74 years)
2025-07,EL,F,TOTAL,11.0,Greece,Females,Total (16 to 74 years)
2025-07,EL,M,TOTAL,7.1,Greece,Males,Total (16 to 74 years)
2025-07,EL,T,TOTAL,8.9,Greece,Total,Total (16 to 74 years)
2025-07,ES,F,TOTAL,12.1,Spain,Females,Total (16 to 74 years)
2025-07,ES,M,TOTAL,9.2,Spain,Males,Total (16 to 74 years)
2025-07,ES,T,TOTAL,10.6,Spain,Total,Total (16 to 74 years)
2025-07,EU27,F,TOTAL,6.2,European Union - 27 countries (from 2020),Females,Total (16 to 74 years)
2025-07,EU27,M,TOTAL,5.8,European Union - 27 countries (from 2020),Males,Total (16 to 74 years)
2025-07,EU27,T,TOTAL,6.0,European Union - 27 countries (from 2020),Total,Total (16 to 74 years)
2025-07,FR,F,TOTAL,7.7,France,Females,Total (16 to 74 years)
2025-07,FR,M,TOTAL,7.8,France,Males,Total (16 to 74 years)
2025-07,FR,T,TOTAL,7.7,France,Total,Total (16 to 74 years)
2025-07,IT,F,TOTAL,6.5,Italy,Females,Total (16 to 74 years)
2025-07,IT,M,TOTAL,5.4,Italy,Males,Total (16 to 74 years)
2025-07,IT,T,TOTAL,5.9,Italy,Total,Total (16 to 74 years)
2025-07,NL,F,TOTAL,3.9,Netherlands,Females,Total (16 to 74 years)
2025-07,NL,M,TOTAL,3.7,Netherlands,Males,Total (16 to 74 years)
2025-07,NL,T,TOTAL,3.8,Netherlands,Total,Total (16 to 74 years)
2025-07,PL,F,TOTAL,3.5,Poland,Females,Total (16 to 74 years)
2025-07,PL,M,TOTAL,2.8,Poland,Males,Total (16 to 74 years)
2025-07,PL,T,TOTAL,3.1,Poland,Total,Total (16 to 74 years)
2025-07,SE,F,TOTAL,8.6,Sweden,Females,Total (16 to 74 years)
2025-07,SE,M,TOTAL,9.2,Sweden,Males,Total (16 to 74 years)
2025-07,SE,T,TOTAL,8.9,Sweden,Total,Total (16 to 74 years)
2025-08,DE,F,TOTAL,3.4,Germany,Females,Total (16 to 74 years)
2025-08,DE,M,TOTAL,4.1,Germany,Males,Total (16 to 74 years)
2025-08,DE,T,TOTAL,3.8,Germany,Total,Total (16 to 74 years)
2025-08,EL,F,TOTAL,11.2,Greece,Females,Total (16 to 74 years)
2025-08,EL,M,TOTAL,6.8,Greece,Males,Total (16 to 74 years)
2025-08,EL,T,TOTAL,8.8,Greece,Total,Total (16 to 74 years)
2025-08,ES,F,TOTAL,12.0,Spain,Females,Total (16 to 74 years)
2025-08,ES,M,TOTAL,9.1,Spain,Males,Total (16 to 74 years)
2025-08,ES,T,TOTAL,10.5,Spain,Total,Total (16 to 74 years)
2025-08,EU27,F,TOTAL,6.2,European Union - 27 countries (from 2020),Females,Total (16 to 74 years)
2025-08,EU27,M,TOTAL,5.8,European Union - 27 countries (from 2020),Males,Total (16 to 74 years)
2025-08,EU27,T,TOTAL,6.0,European Union - 27 countries (from 2020),Total,Total (16 to 74 years)
2025-08,FR,F,TOTAL,7.7,France,Females,Total (16 to 74 years)
2025-08,FR,M,TOTAL,7.8,France,Males,Total (16 to 74 years)
2025-08,FR,T,TOTAL,7.8,France,Total,Total (16 to 74 years)
2025-08,IT,F,TOTAL,6.5,Italy,Females,Total (16 to 74 years)
2025-08,IT,M,TOTAL,5.5,Italy,Males,Total (16 to 74 years)
2025-08,IT,T,TOTAL,5.9,Italy,Total,Total (16 to 74 years)
2025-08,NL,F,TOTAL,4.0,Netherlands,Females,Total (16 to 74 years)
2025-08,NL,M,TOTAL,3.8,Netherlands,Males,Total (16 to 74 years)
2025-08,NL,T,TOTAL,3.9,Netherlands,Total,Total (16 to 74 years)
2025-08,PL,F,TOTAL,3.6,Poland,Females,Total (16 to 74 years)
2025-08,PL,M,TOTAL,2.8,Poland,Males,Total (16 to 74 years)
2025-08,PL,T,TOTAL,3.2,Poland,Total,Total (16 to 74 years)
2025-08,SE,F,TOTAL,9.1,Sweden,Females,Total (16 to 74 years)
2025-08,SE,M,TOTAL,8.6,Sweden,Males,Total (16 to 74 years)
2025-08,SE,T,TOTAL,8.8,Sweden,Total,Total (16 to 74 years)
2025-09,DE,F,TOTAL,3.4,Germany,Females,Total (16 to 74 years)
2025-09,DE,M,TOTAL,4.2,Germany,Males,Total (16 to 74 years)
2025-09,DE,T,TOTAL,3.8,Germany,Total,Total (16 to 74 years)
2025-09,EL,F,TOTAL,11.4,Greece,Females,Total (16 to 74 years)
2025-09,EL,M,TOTAL,6.6,Greece,Males,Total (16 to 74 years)
2025-09,EL,T,TOTAL,8.7,Greece,Total,Total (16 to 74 years)
2025-09,ES,F,TOTAL,11.9,Spain,Females,Total (16 to 74 years)
2025-09,ES,M,TOTAL,9.0,Spain,Males,Total (16 to 74 years)
2025-09,ES,T,TOTAL,10.4,Spain,Total,Total (16 to 74 years)
2025-09,EU27,F,TOTAL,6.2,European Union - 27 countries (from 2020),Females,Total (16 to 74 years)
2025-09,EU27,M,TOTAL,5.8,European Union - 27 countries (from 2020),Males,Total (16 to 74 years)
2025-09,EU27,T,TOTAL,6.0,European Union - 27 countries (from 2020),Total,Total (16 to 74 years)
2025-09,FR,F,TOTAL,7.9,France,Females,Total (16 to 74 years)
2025-09,FR,M,TOTAL,7.9,France,Males,Total (16 to 74 years)
2025-09,FR,T,TOTAL,7.9,France,Total,Total (16 to 74 years)
2025-09,IT,F,TOTAL,6.5,Italy,Females,Total (16 to 74 years)
2025-09,IT,M,TOTAL,5.6,Italy,Males,Total (16 to 74 years)
2025-09,IT,T,TOTAL,6.0,Italy,Total,Total (16 to 74 years)
2025-09,NL,F,TOTAL,4.2,Netherlands,Females,Total (16 to 74 years)
2025-09,NL,M,TOTAL,3.8,Netherlands,Males,Total (16 to 74 years)
2025-09,NL,T,TOTAL,4.0,Netherlands,Total,Total (16 to 74 years)
2025-09,PL,F,TOTAL,3.6,Poland,Females,Total (16 to 74 years)
2025-09,PL,M,TOTAL,2.9,Poland,Males,Total (16 to 74 years)
2025-09,PL,T,TOTAL,3.2,Poland,Total,Total (16 to 74 years)
2025-09,SE,F,TOTAL,8.3,Sweden,Females,Total (16 to 74 years)
2025-09,SE,M,TOTAL,9.1,Sweden,Males,Total (16 to 74 years)
2025-09,SE,T,TOTAL,8.7,Sweden,Total,Total (16 to 74 years)
2025-10,DE,F,TOTAL,3.5,Germany,Females,Total (16 to 74 years)
2025-10,DE,M,TOTAL,4.2,Germany,Males,Total (16 to 74 years)
2025-10,DE,T,TOTAL,3.8,Germany,Total,Total (16 to 74 years)
2025-10,EL,F,TOTAL,11.1,Greece,Females,Total (16 to 74 years)
2025-10,EL,M,TOTAL,7.0,Greece,Males,Total (16 to 74 years)
2025-10,EL,T,TOTAL,8.9,Greece,Total,Total (16 to 74 years)
2025-10,ES,F,TOTAL,11.7,Spain,Females,Total (16 to 74 years)
2025-10,ES,M,TOTAL,8.9,Spain,Males,Total (16 to 74 years)
2025-10,ES,T,TOTAL,10.2,Spain,Total,Total (16 to 74 years)
2025-10,EU27,F,TOTAL,6.2,European Union - 27 countries (from 2020),Females,Total (16 to 74 years)
2025-10,EU27,M,TOTAL,5.9,European Union - 27 countries (from 2020),Males,Total (16 to 74 years)
2025-10,EU27,T,TOTAL,6.0,European Union - 27 countries (from 2020),Total,Total (16 to 74 years)
2025-10,FR,F,TOTAL,7.9,France,Females,Total (16 to 74 years)
2025-10,FR,M,TOTAL,8.1,France,Males,Total (16 to 74 years)
2025-10,FR,T,TOTAL,8.0,France,Total,Total (16 to 74 years)
2025-10,IT,F,TOTAL,6.3,Italy,Females,Total (16 to 74 years)
2025-10,IT,M,TOTAL,5.5,Italy,Males,Total (16 to 74 years)
2025-10,IT,T,TOTAL,5.8,Italy,Total,Total (16 to 74 years)
2025-10,NL,F,TOTAL,4.1,Netherlands,Females,Total (16 to 74 years)
2025-10,NL,M,TOTAL,3.9,Netherlands,Males,Total (16 to 74 years)
2025-10,NL,T,TOTAL,4.0,Netherlands,Total,Total (16 to 74 years)
2025-10,PL,F,TOTAL,3.6,Poland,Females,Total (16 to 74 years)
2025-10,PL,M,TOTAL,3.0,Poland,Males,Total (16 to 74 years)
2025-10,PL,T,TOTAL,3.3,Poland,Total,Total (16 to 74 years)
2025-10,SE,F,TOTAL,9.4,Sweden,Females,Total (16 to 74 years)
2025-10,SE,M,TOTAL,9.2,Sweden,Males,Total (16 to 74 years)
2025-10,SE,T,TOTAL,9.3,Sweden,Total,Total (16 to 74 years)
2025-11,DE,F,TOTAL,3.5,Germany,Females,Total (16 to 74 years)
2025-11,DE,M,TOTAL,4.2,Germany,Males,Total (16 to 74 years)
2025-11,DE,T,TOTAL,3.9,Germany,Total,Total (16 to 74 years)
2025-11,EL,F,TOTAL,10.9,Greece,Females,Total (16 to 74 years)
2025-11,EL,M,TOTAL,6.6,Greece,Males,Total (16 to 74 years)
2025-11,EL,T,TOTAL,8.5,Greece,Total,Total (16 to 74 years)
2025-11,ES,F,TOTAL,11.5,Spain,Females,Total (16 to 74 years)
2025-11,ES,M,TOTAL,8.9,Spain,Males,Total (16 to 74 years)
2025-11,ES,T,TOTAL,10.1,Spain,Total,Total (16 to 74 years)
2025-11,EU27,F,TOTAL,6.2,European Union - 27 countries (from 2020),Females,Total (16 to 74 years)
2025-11,EU27,M,TOTAL,5.9,European Union - 27 countries (from 2020),Males,Total (16 to 74 years)
2025-11,EU27,T,TOTAL,6.0,European Union - 27 countries (from 2020),Total,Total (16 to 74 years)
2025-11,FR,F,TOTAL,7.7,France,Females,Total (16 to 74 years)
2025-11,FR,M,TOTAL,8.2,France,Males,Total (16 to 74 years)
2025-11,FR,T,TOTAL,8.0,France,Total,Total (16 to 74 years)
2025-11,IT,F,TOTAL,6.2,Italy,Females,Total (16 to 74 years)
2025-11,IT,M,TOTAL,5.4,Italy,Males,Total (16 to 74 years)
2025-11,IT,T,TOTAL,5.7,Italy,Total,Total (16 to 74 years)
2025-11,NL,F,TOTAL,4.1,Netherlands,Females,Total (16 to 74 years)
2025-11,NL,M,TOTAL,3.9,Netherlands,Males,Total (16 to 74 years)
2025-11,NL,T,TOTAL,4.0,Netherlands,Total,Total (16 to 74 years)
2025-11,PL,F,TOTAL,3.4,Poland,Females,Total (16 to 74 years)
2025-11,PL,M,TOTAL,3.1,Poland,Males,Total (16 to 74 years)
2025-11,PL,T,TOTAL,3.2,Poland,Total,Total (16 to 74 years)
2025-11,SE,F,TOTAL,8.9,Sweden,Females,Total (16 to 74 years)
2025-11,SE,M,TOTAL,9.1,Sweden,Males,Total (16 to 74 years)
2025-11,SE,T,TOTAL,9.0,Sweden,Total,Total (16 to 74 years)
2025-12,DE,F,TOTAL,3.5,Germany,Females,Total (16 to 74 years)
2025-12,DE,M,TOTAL,4.2,Germany,Males,Total (16 to 74 years)
2025-12,DE,T,TOTAL,3.9,Germany,Total,Total (16 to 74 years)
2025-12,EL,F,TOTAL,11.1,Greece,Females,Total (16 to 74 years)
2025-12,EL,M,TOTAL,5.7,Greece,Males,Total (16 to 74 years)
2025-12,EL,T,TOTAL,8.1,Greece,Total,Total (16 to 74 years)
2025-12,ES,F,TOTAL,11.6,Spain,Females,Total (16 to 74 years)
2025-12,ES,M,TOTAL,9.0,Spain,Males,Total (16 to 74 years)
2025-12,ES,T,TOTAL,10.2,Spain,Total,Total (16 to 74 years)
2025-12,EU27,F,TOTAL,6.1,European Union - 27 countries (from 2020),Females,Total (16 to 74 years)
2025-12,EU27,M,TOTAL,5.8,European Union - 27 countries (from 2020),Males,Total (16 to 74 years)
2025-12,EU27,T,TOTAL,6.0,European Union - 27 countries (from 2020),Total,Total (16 to 74 years)
2025-12,FR,F,TOTAL,7.7,France,Females,Total (16 to 74 years)
2025-12,FR,M,TOTAL,8.3,France,Males,Total (16 to 74 years)
2025-12,FR,T,TOTAL,8.0,France,Total,Total (16 to 74 years)
2025-12,IT,F,TOTAL,6.1,Italy,Females,Total (16 to 74 years)
2025-12,IT,M,TOTAL,5.3,Italy,Males,Total (16 to 74 years)
2025-12,IT,T,TOTAL,5.7,Italy,Total,Total (16 to 74 years)
2025-12,NL,F,TOTAL,4.1,Netherlands,Females,Total (16 to 74 years)
2025-12,NL,M,TOTAL,3.9,Netherlands,Males,Total (16 to 74 years)
2025-12,NL,T,TOTAL,4.0,Netherlands,Total,Total (16 to 74 years)
2025-12,PL,F,TOTAL,3.3,Poland,Females,Total (16 to 74 years)
2025-12,PL,M,TOTAL,3.0,Poland,Males,Total (16 to 74 years)
2025-12,PL,T,TOTAL,3.1,Poland,Total,Total (16 to 74 years)
2025-12,SE,F,TOTAL,8.2,Sweden,Females,Total (16 to 74 years)
2025-12,SE,M,TOTAL,9.4,Sweden,Males,Total (16 to 74 years)
2025-12,SE,T,TOTAL,8.8,Sweden,Total,Total (16 to 74 years)
2026-01,DE,F,TOTAL,3.5,Germany,Females,Total (16 to 74 years)
2026-01,DE,M,TOTAL,4.2,Germany,Males,Total (16 to 74 years)
2026-01,DE,T,TOTAL,3.9,Germany,Total,Total (16 to 74 years)
2026-01,EL,F,TOTAL,12.0,Greece,Females,Total (16 to 74 years)
2026-01,EL,M,TOTAL,6.3,Greece,Males,Total (16 to 74 years)
2026-01,EL,T,TOTAL,8.9,Greece,Total,Total (16 to 74 years)
2026-01,ES,F,TOTAL,11.7,Spain,Females,Total (16 to 74 years)
2026-01,ES,M,TOTAL,9.0,Spain,Males,Total (16 to 74 years)
2026-01,ES,T,TOTAL,10.3,Spain,Total,Total (16 to 74 years)
2026-01,EU27,F,TOTAL,6.2,European Union - 27 countries (from 2020),Females,Total (16 to 74 years)
2026-01,EU27,M,TOTAL,5.8,European Union - 27 countries (from 2020),Males,Total (16 to 74 years)
2026-01,EU27,T,TOTAL,6.0,European Union - 27 countries (from 2020),Total,Total (16 to 74 years)
2026-01,FR,F,TOTAL,7.7,France,Females,Total (16 to 74 years)
2026-01,FR,M,TOTAL,8.4,France,Males,Total (16 to 74 years)
2026-01,FR,T,TOTAL,8.1,France,Total,Total (16 to 74 years)
2026-01,IT,F,TOTAL,6.0,Italy,Females,Total (16 to 74 years)
2026-01,IT,M,TOTAL,5.1,Italy,Males,Total (16 to 74 years)
2026-01,IT,T,TOTAL,5.5,Italy,Total,Total (16 to 74 years)
2026-01,NL,F,TOTAL,4.1,Netherlands,Females,Total (16 to 74 years)
2026-01,NL,M,TOTAL,4.0,Netherlands,Males,Total (16 to 74 years)
2026-01,NL,T,TOTAL,4.0,Netherlands,Total,Total (16 to 74 years)
2026-01,PL,F,TOTAL,3.1,Poland,Females,Total (16 to 74 years)
2026-01,PL,M,TOTAL,2.9,Poland,Males,Total (16 to 74 years)
2026-01,PL,T,TOTAL,3.0,Poland,Total,Total (16 to 74 years)
2026-01,SE,F,TOTAL,7.8,Sweden,Females,Total (16 to 74 years)
2026-01,SE,M,TOTAL,8.3,Sweden,Males,Total (16 to 74 years)
2026-01,SE,T,TOTAL,8.1,Sweden,Total,Total (16 to 74 years)
2026-02,DE,F,TOTAL,3.5,Germany,Females,Total (16 to 74 years)
2026-02,DE,M,TOTAL,4.2,Germany,Males,Total (16 to 74 years)
2026-02,DE,T,TOTAL,3.9,Germany,Total,Total (16 to 74 years)
2026-02,EL,F,TOTAL,13.3,Greece,Females,Total (16 to 74 years)
2026-02,EL,M,TOTAL,7.1,Greece,Males,Total (16 to 74 years)
2026-02,EL,T,TOTAL,9.9,Greece,Total,Total (16 to 74 years)
2026-02,ES,F,TOTAL,11.8,Spain,Females,Total (16 to 74 years)
2026-02,ES,M,TOTAL,9.0,Spain,Males,Total (16 to 74 years)
2026-02,ES,T,TOTAL,10.3,Spain,Total,Total (16 to 74 years)
2026-02,EU27,F,TOTAL,6.3,European Union - 27 countries (from 2020),Females,Total (16 to 74 years)
2026-02,EU27,M,TOTAL,5.9,European Union - 27 countries (from 2020),Males,Total (16 to 74 years)
2026-02,EU27,T,TOTAL,6.1,European Union - 27 countries (from 2020),Total,Total (16 to 74 years)
2026-02,FR,F,TOTAL,7.8,France,Females,Total (16 to 74 years)
2026-02,FR,M,TOTAL,8.5,France,Males,Total (16 to 74 years)
2026-02,FR,T,TOTAL,8.2,France,Total,Total (16 to 74 years)
2026-02,IT,F,TOTAL,6.0,Italy,Females,Total (16 to 74 years)
2026-02,IT,M,TOTAL,5.2,Italy,Males,Total (16 to 74 years)
2026-02,IT,T,TOTAL,5.6,Italy,Total,Total (16 to 74 years)
2026-02,NL,F,TOTAL,4.2,Netherlands,Females,Total (16 to 74 years)
2026-02,NL,M,TOTAL,3.9,Netherlands,Males,Total (16 to 74 years)
2026-02,NL,T,TOTAL,4.1,Netherlands,Total,Total (16 to 74 years)
2026-02,PL,F,TOTAL,3.1,Poland,Females,Total (16 to 74 years)
2026-02,PL,M,TOTAL,2.9,Poland,Males,Total (16 to 74 years)
2026-02,PL,T,TOTAL,3.0,Poland,Total,Total (16 to 74 years)
2026-02,SE,F,TOTAL,8.5,Sweden,Females,Total (16 to 74 years)
2026-02,SE,M,TOTAL,8.3,Sweden,Males,Total (16 to 74 years)
2026-02,SE,T,TOTAL,8.4,Sweden,Total,Total (16 to 74 years)
2026-03,DE,F,TOTAL,3.6,Germany,Females,Total (16 to 74 years)
2026-03,DE,M,TOTAL,4.2,Germany,Males,Total (16 to 74 years)
2026-03,DE,T,TOTAL,3.9,Germany,Total,Total (16 to 74 years)
2026-03,EL,F,TOTAL,13.3,Greece,Females,Total (16 to 74 years)
2026-03,EL,M,TOTAL,7.7,Greece,Males,Total (16 to 74 years)
2026-03,EL,T,TOTAL,10.3,Greece,Total,Total (16 to 74 years)
2026-03,ES,F,TOTAL,11.7,Spain,Females,Total (16 to 74 years)
2026-03,ES,M,TOTAL,9.0,Spain,Males,Total (16 to 74 years)
2026-03,ES,T,TOTAL,10.3,Spain,Total,Total (16 to 74 years)
2026-03,EU27,F,TOTAL,6.3,European Union - 27 countries (from 2020),Females,Total (16 to 74 years)
2026-03,EU27,M,TOTAL,5.9,European Union - 27 countries (from 2020),Males,Total (16 to 74 years)
2026-03,EU27,T,TOTAL,6.1,European Union - 27 countries (from 2020),Total,Total (16 to 74 years)
2026-03,FR,F,TOTAL,7.9,France,Females,Total (16 to 74 years)
2026-03,FR,M,TOTAL,8.5,France,Males,Total (16 to 74 years)
2026-03,FR,T,TOTAL,8.2,France,Total,Total (16 to 74 years)
2026-03,IT,F,TOTAL,6.1,Italy,Females,Total (16 to 74 years)
2026-03,IT,M,TOTAL,5.1,Italy,Males,Total (16 to 74 years)
2026-03,IT,T,TOTAL,5.5,Italy,Total,Total (16 to 74 years)
2026-03,NL,F,TOTAL,4.1,Netherlands,Females,Total (16 to 74 years)
2026-03,NL,M,TOTAL,3.8,Netherlands,Males,Total (16 to 74 years)
2026-03,NL,T,TOTAL,4.0,Netherlands,Total,Total (16 to 74 years)
2026-03,PL,F,TOTAL,3.2,Poland,Females,Total (16 to 74 years)
2026-03,PL,M,TOTAL,3.0,Poland,Males,Total (16 to 74 years)
2026-03,PL,T,TOTAL,3.1,Poland,Total,Total (16 to 74 years)
2026-03,SE,F,TOTAL,9.1,Sweden,Females,Total (16 to 74 years)
2026-03,SE,M,TOTAL,9.4,Sweden,Males,Total (16 to 74 years)
2026-03,SE,T,TOTAL,9.3,Sweden,Total,Total (16 to 74 years)
2026-04,DE,F,TOTAL,3.6,Germany,Females,Total (16 to 74 years)
2026-04,DE,M,TOTAL,4.2,Germany,Males,Total (16 to 74 years)
2026-04,DE,T,TOTAL,3.9,Germany,Total,Total (16 to 74 years)
2026-04,EL,F,TOTAL,12.6,Greece,Females,Total (16 to 74 years)
2026-04,EL,M,TOTAL,6.1,Greece,Males,Total (16 to 74 years)
2026-04,EL,T,TOTAL,9.0,Greece,Total,Total (16 to 74 years)
2026-04,ES,F,TOTAL,11.5,Spain,Females,Total (16 to 74 years)
2026-04,ES,M,TOTAL,9.0,Spain,Males,Total (16 to 74 years)
2026-04,ES,T,TOTAL,10.2,Spain,Total,Total (16 to 74 years)
2026-04,EU27,F,TOTAL,6.3,European Union - 27 countries (from 2020),Females,Total (16 to 74 years)
2026-04,EU27,M,TOTAL,5.9,European Union - 27 countries (from 2020),Males,Total (16 to 74 years)
2026-04,EU27,T,TOTAL,6.1,European Union - 27 countries (from 2020),Total,Total (16 to 74 years)
2026-04,FR,F,TOTAL,8.1,France,Females,Total (16 to 74 years)
2026-04,FR,M,TOTAL,8.6,France,Males,Total (16 to 74 years)
2026-04,FR,T,TOTAL,8.3,France,Total,Total (16 to 74 years)
2026-04,IT,F,TOTAL,6.1,Italy,Females,Total (16 to 74 years)
2026-04,IT,M,TOTAL,5.1,Italy,Males,Total (16 to 74 years)
2026-04,IT,T,TOTAL,5.5,Italy,Total,Total (16 to 74 years)
2026-04,NL,F,TOTAL,4.0,Netherlands,Females,Total (16 to 74 years)
2026-04,NL,M,TOTAL,3.8,Netherlands,Males,Total (16 to 74 years)
2026-04,NL,T,TOTAL,3.9,Netherlands,Total,Total (16 to 74 years)
2026-04,PL,F,TOTAL,3.4,Poland,Females,Total (16 to 74 years)
2026-04,PL,M,TOTAL,3.2,Poland,Males,Total (16 to 74 years)
2026-04,PL,T,TOTAL,3.3,Poland,Total,Total (16 to 74 years)
2026-04,SE,F,TOTAL,8.2,Sweden,Females,Total (16 to 74 years)
2026-04,SE,M,TOTAL,8.7,Sweden,Males,Total (16 to 74 years)
2026-04,SE,T,TOTAL,8.5,Sweden,Total,Total (16 to 74 years)
2026-05,DE,F,TOTAL,3.6,Germany,Females,Total (16 to 74 years)
2026-05,DE,M,TOTAL,4.2,Germany,Males,Total (16 to 74 years)
2026-05,DE,T,TOTAL,3.9,Germany,Total,Total (16 to 74 years)
2026-05,EL,F,TOTAL,10.9,Greece,Females,Total (16 to 74 years)
2026-05,EL,M,TOTAL,5.3,Greece,Males,Total (16 to 74 years)
2026-05,EL,T,TOTAL,7.8,Greece,Total,Total (16 to 74 years)
2026-05,ES,F,TOTAL,11.4,Spain,Females,Total (16 to 74 years)
2026-05,ES,M,TOTAL,9.1,Spain,Males,Total (16 to 74 years)
2026-05,ES,T,TOTAL,10.2,Spain,Total,Total (16 to 74 years)
2026-05,EU27,F,TOTAL,6.3,European Union - 27 countries (from 2020),Females,Total (16 to 74 years)
2026-05,EU27,M,TOTAL,5.9,European Union - 27 countries (from 2020),Males,Total (16 to 74 years)
2026-05,EU27,T,TOTAL,6.1,European Union - 27 countries (from 2020),Total,Total (16 to 74 years)
2026-05,FR,F,TOTAL,8.2,France,Females,Total (16 to 74 years)
2026-05,FR,M,TOTAL,8.6,France,Males,Total (16 to 74 years)
2026-05,FR,T,TOTAL,8.4,France,Total,Total (16 to 74 years)
2026-05,IT,F,TOTAL,6.0,Italy,Females,Total (16 to 74 years)
2026-05,IT,M,TOTAL,5.1,Italy,Males,Total (16 to 74 years)
2026-05,IT,T,TOTAL,5.4,Italy,Total,Total (16 to 74 years)
2026-05,NL,F,TOTAL,4.0,Netherlands,Females,Total (16 to 74 years)
2026-05,NL,M,TOTAL,3.8,Netherlands,Males,Total (16 to 74 years)
2026-05,NL,T,TOTAL,3.9,Netherlands,Total,Total (16 to 74 years)
2026-05,PL,F,TOTAL,3.4,Poland,Females,Total (16 to 74 years)
2026-05,PL,M,TOTAL,3.4,Poland,Males,Total (16 to 74 years)
2026-05,PL,T,TOTAL,3.4,Poland,Total,Total (16 to 74 years)
2026-05,SE,F,TOTAL,9.1,Sweden,Females,Total (16 to 74 years)
2026-05,SE,M,TOTAL,8.4,Sweden,Males,Total (16 to 74 years)
2026-05,SE,T,TOTAL,8.8,Sweden,Total,Total (16 to 74 years)
2026-06,DE,F,TOTAL,3.6,Germany,Females,Total (16 to 74 years)
2026-06,DE,M,TOTAL,4.2,Germany,Males,Total (16 to 74 years)
2026-06,DE,T,TOTAL,4.0,Germany,Total,Total (16 to 74 years)
2026-06,EL,F,TOTAL,10.2,Greece,Females,Total (16 to 74 years)
2026-06,EL,M,TOTAL,6.3,Greece,Males,Total (16 to 74 years)
2026-06,EL,T,TOTAL,8.1,Greece,Total,Total (16 to 74 years)
2026-06,ES,F,TOTAL,11.3,Spain,Females,Total (16 to 74 years)
2026-06,ES,M,TOTAL,9.0,Spain,Males,Total (16 to 74 years)
2026-06,ES,T,TOTAL,10.1,Spain,Total,Total (16 to 74 years)
2026-06,EU27,F,TOTAL,6.3,European Union - 27 countries (from 2020),Females,Total (16 to 74 years)
2026-06,EU27,M,TOTAL,5.9,European Union - 27 countries (from 2020),Males,Total (16 to 74 years)
2026-06,EU27,T,TOTAL,6.1,European Union - 27 countries (from 2020),Total,Total (16 to 74 years)
2026-06,FR,F,TOTAL,8.2,France,Females,Total (16 to 74 years)
2026-06,FR,M,TOTAL,8.4,France,Males,Total (16 to 74 years)
2026-06,FR,T,TOTAL,8.3,France,Total,Total (16 to 74 years)
2026-06,IT,F,TOTAL,6.4,Italy,Females,Total (16 to 74 years)
2026-06,IT,M,TOTAL,5.4,Italy,Males,Total (16 to 74 years)
2026-06,IT,T,TOTAL,5.8,Italy,Total,Total (16 to 74 years)
2026-06,NL,F,TOTAL,4.0,Netherlands,Females,Total (16 to 74 years)
2026-06,NL,M,TOTAL,3.8,Netherlands,Males,Total (16 to 74 years)
2026-06,NL,T,TOTAL,3.8,Netherlands,Total,Total (16 to 74 years)
2026-06,PL,F,TOTAL,3.5,Poland,Females,Total (16 to 74 years)
2026-06,PL,M,TOTAL,3.4,Poland,Males,Total (16 to 74 years)
2026-06,PL,T,TOTAL,3.4,Poland,Total,Total (16 to 74 years)
2026-06,SE,F,TOTAL,8.4,Sweden,Females,Total (16 to 74 years)
2026-06,SE,M,TOTAL,9.3,Sweden,Males,Total (16 to 74 years)
2026-06,SE,T,TOTAL,8.9,Sweden,Total,Total (16 to 74 years)
2026-07,DE,F,TOTAL,3.7,Germany,Females,Total (16 to 74 years)
2026-07,DE,M,TOTAL,4.3,Germany,Males,Total (16 to 74 years)
2026-07,DE,T,TOTAL,4.0,Germany,Total,Total (16 to 74 years)
2026-07,EL,F,TOTAL,10.4,Greece,Females,Total (16 to 74 years)
2026-07,EL,M,TOTAL,5.9,Greece,Males,Total (16 to 74 years)
2026-07,EL,T,TOTAL,7.9,Greece,Total,Total (16 to 74 years)
2026-07,ES,F,TOTAL,11.2,Spain,Females,Total (16 to 74 years)
2026-07,ES,M,TOTAL,8.9,Spain,Males,Total (16 to 74 years)
2026-07,ES,T,TOTAL,10.0,Spain,Total,Total (16 to 74 years)
2026-07,EU27,F,TOTAL,6.3,European Union - 27 countries (from 2020),Females,Total (16 to 74 years)
2026-07,EU27,M,TOTAL,5.9,European Union - 27 countries (from 2020),Males,Total (16 to 74 years)
2026-07,EU27,T,TOTAL,6.1,European Union - 27 countries (from 2020),Total,Total (16 to 74 years)
2026-07,FR,F,TOTAL,8.2,France,Females,Total (16 to 74 years)
2026-07,FR,M,TOTAL,8.4,France,Males,Total (16 to 74 years)
2026-07,FR,T,TOTAL,8.3,France,Total,Total (16 to 74 years)
2026-07,IT,F,TOTAL,6.6,Italy,Females,Total (16 to 74 years)
2026-07,IT,M,TOTAL,5.2,Italy,Males,Total (16 to 74 years)
2026-07,IT,T,TOTAL,5.8,Italy,Total,Total (16 to 74 years)
2026-07,NL,F,TOTAL,3.9,Netherlands,Females,Total (16 to 74 years)
2026-07,NL,M,TOTAL,4.0,Netherlands,Males,Total (16 to 74 years)
2026-07,NL,T,TOTAL,4.0,Netherlands,Total,Total (16 to 74 years)
2026-07,PL,F,TOTAL,3.4,Poland,Females,Total (16 to 74 years)
2026-07,PL,M,TOTAL,3.3,Poland,Males,Total (16 to 74 years)
2026-07,PL,T,TOTAL,3.4,Poland,Total,Total (16 to 74 years)
2026-07,SE,F,TOTAL,9.0,Sweden,Females,Total (16 to 74 years)
2026-07,SE,M,TOTAL,8.3,Sweden,Males,Total (16 to 74 years)
2026-07,SE,T,TOTAL,8.6,Sweden,Total,Total (16 to 74 years)
